subject_id,photo_id,height_cm,gender,weight_kg,true_chest,pred_chest,abs_error_chest,true_waist,pred_waist,abs_error_waist,true_hip,pred_hip,abs_error_hip,true_thigh,pred_thigh,abs_error_thigh,true_calf,pred_calf,abs_error_calf,true_ankle,pred_ankle,abs_error_ankle,true_arm-length,pred_arm-length,abs_error_arm-length,true_forearm,pred_forearm,abs_error_forearm,true_wrist,pred_wrist,abs_error_wrist,true_bicep,pred_bicep,abs_error_bicep,true_shoulder-breadth,pred_shoulder-breadth,abs_error_shoulder-breadth,true_leg-length,pred_leg-length,abs_error_leg-length,true_shoulder-to-crotch,pred_shoulder-to-crotch,abs_error_shoulder-to-crotch,lower_chest,upper_chest,lower_waist,upper_waist,lower_hip,upper_hip,lower_thigh,upper_thigh,lower_calf,upper_calf,lower_ankle,upper_ankle,lower_arm-length,upper_arm-length,lower_forearm,upper_forearm,lower_wrist,upper_wrist,lower_bicep,upper_bicep,lower_shoulder-breadth,upper_shoulder-breadth,lower_leg-length,upper_leg-length,lower_shoulder-to-crotch,upper_shoulder-to-crotch
E8tDQ5IgdBwbjLIXu7GwcupEHYbi0eB18YNcsgsSbP8,30a300251e6a75efbfaf7d257c48a66a,175.75,0,102.8,114.319115,116.16106,1.8419418,110.02166,108.72065,1.3010101,123.125084,122.41047,0.71461487,67.98038,64.505615,3.474762,42.416393,41.60575,0.81064224,25.233662,25.409378,0.1757164,53.050766,50.786026,2.26474,29.861279,28.09165,1.7696285,17.28145,17.452894,0.17144394,39.3896,34.846687,4.5429115,36.19196,36.01806,0.1739006,84.51344,81.609245,2.9041977,65.48489,66.700645,1.2157516,110.451485,121.87063,102.46232,114.97898,118.40256,126.41838,61.20236,67.80887,39.040462,44.17104,23.882215,26.93654,48.785625,52.786427,26.361998,29.821302,16.34965,18.556139,32.091167,37.602207,34.447342,37.588776,78.85101,84.36748,64.69828,68.70301
E8tDQ5IgdBwbjLIXu7GwcupEHYbi0eB18YNcsgsSbP8,68d9b6e77a491f83a4b5c0cc2f262a75,175.75,0,102.8,114.319115,116.79055,2.4714355,110.02166,108.19728,1.824379,123.125084,122.233574,0.89151,67.98038,64.49495,3.4854279,42.416393,40.92533,1.4910622,25.233662,25.165844,0.06781769,53.050766,51.61378,1.436985,29.861279,28.252554,1.6087246,17.28145,17.499527,0.2180767,39.3896,35.180912,4.208687,36.19196,36.116108,0.07585144,84.51344,83.0984,1.4150467,65.48489,66.27565,0.7907562,111.08098,122.50012,101.93895,114.45561,118.22566,126.241486,61.191692,67.7982,38.360043,43.49062,23.638681,26.693007,49.61338,53.61418,26.522902,29.982206,16.396282,18.602772,32.425392,37.93643,34.54539,37.686825,80.340164,85.85663,64.273285,68.278015
E8tDQ5IgdBwbjLIXu7GwcupEHYbi0eB18YNcsgsSbP8,d13b37c0613ea9a13930b87637513b86,175.75,0,102.8,114.319115,117.06033,2.7412186,110.02166,108.18419,1.837471,123.125084,123.963196,0.8381119,67.98038,65.76885,2.211525,42.416393,40.909866,1.506527,25.233662,25.154816,0.07884598,53.050766,51.33236,1.7184067,29.861279,28.302584,1.5586948,17.28145,17.314093,0.032642365,39.3896,35.70214,3.687458,36.19196,36.152977,0.03898239,84.51344,82.69004,1.8234024,65.48489,66.74583,1.2609329,111.35076,122.769905,101.92586,114.44252,119.955284,127.97111,62.465595,69.07211,38.344578,43.475155,23.627653,26.681978,49.33196,53.33276,26.572931,30.032236,16.210848,18.417337,32.94662,38.45766,34.58226,37.723694,79.93181,85.44827,64.74346,68.74819
E8tDQ5IgdBwbjLIXu7GwcupEHYbi0eB18YNcsgsSbP8,1e33eb6c8679e50628f6f208283807fb,175.75,0,102.8,114.319115,117.02661,2.7074966,110.02166,108.72065,1.3010101,123.125084,124.33663,1.2115479,67.98038,65.65159,2.3287888,42.416393,41.070694,1.3456993,25.233662,25.278881,0.04521942,53.050766,51.1492,1.9015656,29.861279,28.283653,1.5776253,17.28145,17.481901,0.2004509,39.3896,35.67429,3.7153091,36.19196,35.939285,0.2526741,84.51344,82.47486,2.0385818,65.48489,66.51135,1.0264587,111.31704,122.73618,102.46232,114.97898,120.32872,128.34454,62.34833,68.95485,38.505405,43.635983,23.751719,26.806044,49.1488,53.1496,26.554,30.013306,16.378656,18.585146,32.91877,38.42981,34.36857,37.510002,79.71663,85.23309,64.50899,68.51372
E8tDQ5IgdBwbjLIXu7GwcupEHYbi0eB18YNcsgsSbP8,bdb4752e62e30b7fb2f425cfc37904cd,175.75,0,102.8,114.319115,115.756386,1.4372711,110.02166,104.926186,5.0954742,123.125084,120.36638,2.7587051,67.98038,64.56957,3.4108047,42.416393,41.237705,1.178688,25.233662,25.359753,0.126091,53.050766,51.68453,1.3662376,29.861279,29.027334,0.8339443,17.28145,17.784472,0.50302124,39.3896,35.964745,3.4248543,36.19196,36.523212,0.33125305,84.51344,83.10329,1.4101562,65.48489,66.05033,0.5654373,110.046814,121.46596,98.667854,111.18452,116.35847,124.37429,61.266315,67.87283,38.672417,43.802994,23.83259,26.886915,49.684128,53.68493,27.297682,30.756987,16.681227,18.887716,33.209225,38.720264,34.952496,38.09393,80.345055,85.86152,64.047966,68.0527
E8tDQ5IgdBwbjLIXu7GwcupEHYbi0eB18YNcsgsSbP8,3a1c538986f44d1f842ad789518127c7,175.75,0,102.8,114.319115,116.970406,2.651291,110.02166,107.09819,2.9234695,123.125084,120.788956,2.3361282,67.98038,64.13251,3.8478699,42.416393,41.123272,1.2931213,25.233662,25.254066,0.020404816,53.050766,51.59649,1.454277,29.861279,28.644678,1.2166004,17.28145,17.584717,0.30326653,39.3896,35.49524,3.8943596,36.19196,36.459858,0.26789856,84.51344,83.03971,1.473732,65.48489,66.29153,0.806633,111.26083,122.67998,100.83986,113.35652,116.781044,124.79687,60.82925,67.43576,38.557983,43.68856,23.726904,26.781229,49.59609,53.59689,26.915026,30.37433,16.481472,18.687962,32.73972,38.25076,34.88914,38.030575,80.28148,85.79794,64.28916,68.29389
E8tDQ5IgdBwbjLIXu7GwcupEHYbi0eB18YNcsgsSbP8,d29d842fbfb63d05b3c8ea4b8e2e6d9f,175.75,0,102.8,114.319115,117.93712,3.6180038,110.02166,109.66273,0.3589325,123.125084,120.42534,2.6997452,67.98038,63.01851,4.9618683,42.416393,41.392345,1.0240479,25.233662,25.470032,0.23637009,53.050766,51.79301,1.2577553,29.861279,28.543266,1.3180122,17.28145,17.874802,0.59335136,39.3896,34.954117,4.435482,36.19196,36.52656,0.33460236,84.51344,83.36004,1.1534042,65.48489,66.47105,0.98615265,112.22755,123.64669,103.404396,115.92106,116.41743,124.43325,59.715252,66.32176,38.827057,43.957634,23.94287,26.997194,49.79261,53.79341,26.813614,30.272919,16.771557,18.978046,32.198597,37.709637,34.955845,38.09728,80.60181,86.11827,64.46868,68.47341
E8tDQ5IgdBwbjLIXu7GwcupEHYbi0eB18YNcsgsSbP8,0d8c4ca2910d54ef3c8e07a7db775714,175.75,0,102.8,114.319115,114.76719,0.44807434,110.02166,104.90002,5.121643,123.125084,120.435165,2.6899185,67.98038,64.740135,3.240242,42.416393,42.434628,0.018234253,25.233662,25.734703,0.5010414,53.050766,51.162563,1.8882027,29.861279,28.746088,1.1151905,17.28145,17.722782,0.44133186,39.3896,35.38383,4.005768,36.19196,36.253708,0.061748505,84.51344,82.394165,2.119278,65.48489,66.173676,0.68878174,109.05762,120.47676,98.641685,111.15835,116.42725,124.44308,61.43688,68.043396,39.86934,44.999916,24.20754,27.261866,49.162163,53.162964,27.016436,30.47574,16.619537,18.826027,32.62831,38.13935,34.68299,37.824425,79.63593,85.1524,64.17131,68.17604
fkq68ww6bdyKT16FavI1x_G-u7YZ9SoT1GNMUTSJUek,1f11532ef71507e4b2da104e4cb6df23,161.6,0,93.0,109.65218,115.39668,5.744499,96.10684,105.26638,9.159538,122.02288,124.80834,2.7854614,71.169304,66.941475,4.227829,39.964336,41.1542,1.1898651,23.286049,24.716454,1.4304047,46.116558,46.243195,0.1266365,29.167526,27.70561,1.461916,17.549261,17.029333,0.519928,39.6502,36.62921,3.0209885,35.913807,34.63166,1.2821465,76.09846,73.334526,2.7639313,60.1927,62.075768,1.8830681,109.68711,121.106255,99.00805,111.52471,120.80043,128.81625,63.638218,70.244736,38.588913,43.71949,23.189291,26.243616,44.242794,48.243595,25.975958,29.435263,15.926088,18.132578,33.87369,39.38473,33.060944,36.202377,70.576294,76.09276,60.073402,64.07813
fkq68ww6bdyKT16FavI1x_G-u7YZ9SoT1GNMUTSJUek,df1b66cbd6104743d4991689f70bb1e9,161.6,0,93.0,109.65218,114.75595,5.1037674,96.10684,103.401855,7.2950134,122.02288,123.746994,1.7241135,71.169304,66.95213,4.2171707,39.964336,41.36142,1.3970833,23.286049,24.752295,1.4662457,46.116558,46.60637,0.48981094,29.167526,27.90911,1.2584171,17.549261,17.080925,0.4683361,39.6502,36.748577,2.9016228,35.913807,34.63568,1.2781258,76.09846,74.22704,1.8714142,60.1927,61.59215,1.3994522,109.04638,120.46552,97.143524,109.66019,119.73908,127.754906,63.648876,70.25539,38.79613,43.92671,23.225132,26.279457,44.60597,48.60677,26.179457,29.638762,15.97768,18.18417,33.993057,39.504097,33.064964,36.206398,71.46881,76.985275,59.589787,63.594517
nV9DFb-Q2_nOAvjVsdQfU8k4fFb7czvAhHHP-qkAxFY,fa6c58a5d850bac5de5dd1d25bf779c0,180.0,1,110.3,122.040245,120.061646,1.9785995,110.920006,113.98057,3.0605621,117.5633,119.73743,2.1741257,64.54122,63.11978,1.4214401,45.22301,42.62638,2.59663,27.674414,26.774088,0.9003258,52.324284,52.219074,0.10520935,31.024563,30.883833,0.1407299,18.449713,18.86109,0.41137695,36.96816,36.478016,0.49014282,40.058727,39.898373,0.16035461,81.28307,81.457634,0.17456055,71.849785,72.23657,0.3867874,114.35207,125.77122,107.72224,120.2389,115.729515,123.74534,59.816525,66.423035,40.061092,45.19167,25.246925,28.30125,50.218674,54.219475,29.15418,32.613487,17.757845,19.964334,33.722496,39.233536,38.327656,41.46909,78.6994,84.215866,70.23421,74.23894
nV9DFb-Q2_nOAvjVsdQfU8k4fFb7czvAhHHP-qkAxFY,3565213ed9b2cc9bc34b76c1cff0df9c,180.0,1,110.3,122.040245,120.477554,1.5626907,110.920006,112.54129,1.6212845,117.5633,117.93902,0.37571716,64.54122,62.57611,1.9651108,45.22301,43.012985,2.2100258,27.674414,27.02957,0.64484406,52.324284,52.365288,0.04100418,31.024563,31.687008,0.66244507,18.449713,19.3311,0.8813877,36.96816,37.142483,0.17432404,40.058727,40.322067,0.26334,81.28307,81.85377,0.57069397,71.849785,71.98256,0.13277435,114.76798,126.187126,106.28296,118.79962,113.93111,121.94693,59.272854,65.879364,40.447697,45.578274,25.502407,28.556732,50.364887,54.36569,29.957355,33.41666,18.227856,20.434345,34.386963,39.898003,38.75135,41.892784,79.095535,84.612,69.980194,73.984924
SDeiJFKVmRceC3qDqcpQTyDnNDOrSB2SriupQya166k,d3d00e3be61f35ae3f2bb81e012507e5,161.2,0,92.45,121.01269,119.499596,1.513092,111.99921,108.60289,3.3963165,123.88969,120.759476,3.1302109,64.86902,63.332985,1.5360336,41.40548,40.20316,1.2023201,24.384863,24.37562,0.0092430115,45.056553,46.126854,1.070301,27.131647,28.295824,1.164177,17.70024,17.442612,0.2576275,35.362404,36.46608,1.1036758,35.497135,35.4995,0.0023651123,71.45198,73.27584,1.8238602,60.19866,62.02203,1.8233681,113.79002,125.20917,102.34456,114.86122,116.751564,124.76739,60.029728,66.636246,37.63787,42.768448,22.848457,25.902782,44.126453,48.127254,26.566172,30.025476,16.339367,18.545856,33.71056,39.2216,33.928783,37.070217,70.51761,76.03407,60.019665,64.0244
SDeiJFKVmRceC3qDqcpQTyDnNDOrSB2SriupQya166k,e31a6b86ad37a7192937c68dc6593e00,161.2,0,92.45,121.01269,121.32062,0.30793,111.99921,110.3562,1.6430054,123.88969,119.855354,4.0343323,64.86902,62.18168,2.6873398,41.40548,40.549553,0.8559265,24.384863,24.731617,0.34675407,45.056553,45.32504,0.26848602,27.131647,28.843443,1.7117958,17.70024,17.977615,0.27737617,35.362404,36.836113,1.4737091,35.497135,35.894913,0.39777756,71.45198,71.98475,0.53276825,60.19866,62.18812,1.98946,115.611046,127.03019,104.09787,116.61453,115.84744,123.863266,58.87842,65.48494,37.984264,43.11484,23.204454,26.25878,43.32464,47.32544,27.11379,30.573095,16.87437,19.08086,34.080593,39.591633,34.324196,37.46563,69.22652,74.74298,60.185757,64.19049
HYLKMpRR-ZZA0GvRtRs5stQ0mPS1AmH92glIqg1DLpo,e0e63ed157ac0096aee981beaafd8ec2,158.7,0,90.6,124.32279,116.1161,8.206696,109.44416,104.63833,4.805832,117.40195,120.74965,3.347702,63.0382,64.308395,1.270195,39.476437,40.996468,1.520031,23.004866,24.83087,1.826004,44.599438,45.916183,1.3167458,27.379797,28.48242,1.102623,17.28764,17.805035,0.517395,35.99024,36.67298,0.6827431,35.537624,35.150555,0.3870697,71.28448,72.57161,1.2871323,61.780914,61.448044,0.33287048,110.406525,121.82567,98.38,110.89666,116.74174,124.75756,61.00514,67.61165,38.43118,43.561756,23.303707,26.358032,43.915783,47.916584,26.752768,30.212072,16.70179,18.90828,33.91746,39.4285,33.579838,36.72127,69.81338,75.32984,59.44568,63.45041
59bc2770681516389ccf4907,5540f1749d1ce1d2537a26b56e59868c,183.5,1,112.3,121.41436,121.163246,0.2511139,121.445724,118.11523,3.3304977,119.46222,120.47448,1.0122604,64.99778,61.73928,3.2584991,42.165157,43.27897,1.1138115,26.709352,27.281376,0.5720234,54.411743,53.402927,1.0088158,28.95426,30.061728,1.1074677,19.352383,19.007967,0.34441566,34.129513,34.77507,0.6455574,38.734177,39.654343,0.920166,85.55694,83.93712,1.6198196,74.52387,73.32593,1.1979446,115.453674,126.87282,111.856895,124.37356,116.46657,124.48239,58.436024,65.04254,40.71368,45.844257,25.754213,28.808538,51.402527,55.403328,28.332075,31.79138,17.904722,20.111212,32.01955,37.53059,38.083626,41.22506,81.17889,86.69535,71.32356,75.32829
59bc2770681516389ccf4907,cd5f86238c1f063166c6a6c8eb127f6d,183.5,1,112.3,121.41436,122.87186,1.4574966,121.445724,119.1358,2.3099213,119.46222,120.32707,0.8648529,64.99778,61.035706,3.9620743,42.165157,41.237705,0.9274521,26.709352,26.667484,0.04186821,54.411743,53.997215,0.4145279,28.95426,30.429512,1.4752522,19.352383,19.069656,0.2827263,34.129513,35.471367,1.3418541,38.734177,40.236256,1.502079,85.55694,84.582664,0.9742737,74.52387,73.68254,0.8413315,117.162285,128.58142,112.87747,125.394135,116.31916,124.334984,57.73245,64.33896,38.672417,43.802994,25.140322,28.194647,51.996815,55.997616,28.69986,32.159164,17.966412,20.172901,32.715847,38.226887,38.66554,41.806973,81.82443,87.3409,71.680176,75.684906
59bc2770681516389ccf4907,ab7a54c0b53983bbef1babf238267d12,183.5,1,112.3,121.41436,121.084564,0.32979584,121.445724,116.37501,5.070717,119.46222,120.28776,0.82553864,64.99778,61.70197,3.2958107,42.165157,41.138737,1.0264206,26.709352,26.417519,0.29183388,54.411743,54.19531,0.21643448,28.95426,29.91299,0.9587307,19.352383,18.639303,0.71307945,34.129513,35.04563,0.9161186,38.734177,39.69725,0.96307373,85.55694,85.11572,0.44121552,74.52387,73.05726,1.4666138,115.37499,126.794136,110.11668,122.63334,116.27985,124.29567,58.398712,65.005226,38.57345,43.704025,24.890356,27.944681,52.19491,56.19571,28.183338,31.642643,17.536058,19.742548,32.29011,37.80115,38.126534,41.267967,82.35749,87.873955,71.05489,75.05962
59bc2770681516389ccf4907,853b8450c93daaa572acea9910b8c024,183.5,1,112.3,121.41436,122.36602,0.95166016,121.445724,118.5601,2.8856277,119.46222,119.78656,0.32434082,64.99778,60.710567,4.2872124,42.165157,41.027393,1.137764,26.709352,26.340322,0.36903,54.411743,53.799118,0.6126251,28.95426,29.799412,0.8451519,19.352383,18.687773,0.6646099,34.129513,34.818836,0.6893234,38.734177,39.69725,0.96307373,85.55694,84.57288,0.98405457,74.52387,72.88139,1.642479,116.65645,128.07559,112.301765,124.81843,115.77865,123.79447,57.40731,64.013824,38.462105,43.59268,24.81316,27.867485,51.798717,55.79952,28.06976,31.529064,17.584528,19.791018,32.063316,37.574356,38.126534,41.267967,81.81465,87.331116,70.87903,74.88376
59bc2770681516389ccf4907,5335ae6f8d5a9e24a639a1f6b017c9ef,183.5,1,112.3,121.41436,121.893906,0.4795456,121.445724,118.6386,2.8071213,119.46222,120.82826,1.3660431,64.99778,61.835224,3.1625557,42.165157,42.75628,0.5911217,26.709352,27.209694,0.5003414,54.411743,54.170155,0.24158859,28.95426,30.345678,1.3914185,19.352383,19.148972,0.2034111,34.129513,35.10929,0.9797783,38.734177,40.083405,1.3492279,85.55694,84.97879,0.5781479,74.52387,73.83397,0.68990326,116.18433,127.60348,112.38027,124.896935,116.82035,124.836174,58.531967,65.13848,40.19099,45.321568,25.682531,28.736856,52.169754,56.170555,28.616026,32.075333,18.045727,20.252216,32.35377,37.86481,38.512688,41.65412,82.22056,87.73702,71.831604,75.836334
59bc2770681516389ccf4907,5393096c8e55ac7f6ac76e3724dc2ebe,183.5,1,112.3,121.41436,120.41011,1.0042496,121.445724,116.924545,4.521179,119.46222,121.24101,1.7787933,64.99778,62.139038,2.8587418,42.165157,42.094418,0.070739746,26.709352,26.768574,0.059221268,54.411743,54.23933,0.17241287,28.95426,29.693943,0.73968315,19.352383,18.819963,0.5324192,34.129513,34.63183,0.5023155,38.734177,39.31646,0.582283,85.55694,85.41894,0.13800049,74.52387,73.00841,1.5154648,114.70054,126.11968,110.666214,123.18288,117.2331,125.248924,58.83578,65.44229,39.52913,44.659706,25.241411,28.295736,52.23893,56.23973,27.96429,31.423595,17.716719,19.923208,31.876308,37.38735,37.745743,40.887177,82.660706,88.17717,71.00604,75.01077
59bc2770681516389ccf4907,dcc63b4fd6d2f6562ab0aeafbc9035d2,183.5,1,112.3,121.41436,120.94967,0.46469116,121.445724,117.225494,4.22023,119.46222,121.732376,2.2701569,64.99778,62.426865,2.5709152,42.165157,41.53462,0.63053894,26.709352,26.610508,0.09884453,54.411743,54.15129,0.26045227,28.95426,30.080658,1.1263981,19.352383,18.950686,0.40169716,34.129513,35.264465,1.1349525,38.734177,39.587303,0.8531265,85.55694,85.10105,0.45588684,74.52387,73.21846,1.3054123,115.2401,126.65924,110.96716,123.483826,117.724464,125.74029,59.123608,65.73012,38.96933,44.099907,25.083345,28.13767,52.15089,56.15169,28.351006,31.81031,17.84744,20.05393,32.508945,38.019985,38.016586,41.15802,82.34282,87.85928,71.216095,75.220825
RmX_Gxh2RmFdRfFMJEwqaRRoqhcuFpqhG-ZjiKprUmM,f4591ee39a7d92d25e05bbc180e097cb,172.0,1,103.0,118.68711,120.308945,1.6218338,114.14238,114.21609,0.07370758,114.92448,115.86545,0.9409714,60.342422,60.198875,0.14354706,41.933434,41.893383,0.040050507,27.026812,26.025106,1.0017052,48.640778,48.888397,0.24761963,29.276325,30.002234,0.7259083,18.319006,18.363173,0.044166565,33.60262,35.48728,1.8846626,39.583427,39.21724,0.36618805,75.55713,75.87881,0.32167816,71.07929,69.63776,1.441536,114.59937,126.01852,107.957756,120.47442,111.85754,119.87336,56.89562,63.502132,39.328094,44.45867,24.497944,27.552269,46.887997,50.888798,28.272581,31.731886,17.259928,19.466417,32.731762,38.2428,37.646523,40.787956,73.120575,78.63704,67.63539,71.64012
RmX_Gxh2RmFdRfFMJEwqaRRoqhcuFpqhG-ZjiKprUmM,f90f131b2a9bb92a653064d54c079618,172.0,1,103.0,118.68711,122.433464,3.7463531,114.14238,115.79929,1.6569138,114.92448,115.492004,0.5675278,60.342422,59.19415,1.1482735,41.933434,41.030487,0.9029465,27.026812,25.960775,1.0660362,48.640778,49.40899,0.76821136,29.276325,30.689125,1.4127998,18.319006,18.888996,0.56999016,33.60262,36.239285,2.6366653,39.583427,39.673115,0.08968735,75.55713,76.82389,1.2667618,71.07929,69.5254,1.553894,116.72389,128.14304,109.54096,122.057625,111.48409,119.499916,55.890892,62.497406,38.4652,43.595776,24.433613,27.487938,47.40859,51.40939,28.959473,32.418777,17.785751,19.99224,33.483765,38.994804,38.102398,41.24383,74.06566,79.58212,67.52303,71.52776
P1aEQqvvzL2pKMO4Pq17rpAPVgluY9Op1dqv_caiRJM,d96cea71ec239f73f6cd8c5d3bfecd60,173.0,1,103.2,122.815125,121.118286,1.6968384,108.40144,114.39927,5.9978256,109.71744,115.22667,5.5092316,60.60732,59.740486,0.86683273,43.2759,41.52843,1.7474709,25.512667,26.046242,0.53357506,50.488796,49.84684,0.6419563,28.654713,30.594475,1.9397621,18.018183,18.764149,0.74596596,34.072277,35.917,1.8447227,40.739315,39.72943,1.0098839,75.01778,77.3918,2.3740234,71.09838,69.89422,1.2041626,115.408714,126.82786,108.14094,120.6576,111.21876,119.23458,56.43723,63.043743,38.963142,44.09372,24.51908,27.573404,47.84644,51.84724,28.864822,32.324127,17.660904,19.867393,33.16148,38.67252,38.158714,41.300148,74.63357,80.15003,67.89185,71.89658
P1aEQqvvzL2pKMO4Pq17rpAPVgluY9Op1dqv_caiRJM,a17d8cc8e7dff217b35a6c327ced669c,173.0,1,103.2,122.815125,122.36602,0.4491043,108.40144,118.2199,9.818459,109.71744,117.27076,7.553322,60.60732,59.8844,0.72291946,43.2759,41.983074,1.2928276,25.512667,26.046242,0.53357506,50.488796,49.62277,0.86602783,28.654713,29.583067,0.92835426,18.018183,18.332327,0.31414413,34.072277,34.94218,0.86990356,40.739315,39.13679,1.6025238,75.01778,77.32639,2.3086166,71.09838,69.92352,1.1748581,116.65645,128.07559,111.96157,124.47823,113.26285,121.27867,56.581142,63.187656,39.417786,44.548363,24.51908,27.573404,47.622368,51.62317,27.853415,31.31272,17.229082,19.435572,32.18666,37.6977,37.566074,40.707508,74.56816,80.084625,67.92116,71.92589
uOvuHjwJCj0pqWmNVTjcbprS1h6pPRfNxdFvEVCkxfE,1aaab97b315858cdbd0e86af9c6673f3,188.45,1,114.55,131.93246,121.91638,10.016083,128.87277,118.612434,10.260338,118.1751,118.45987,0.28476715,59.664654,59.32207,0.3425827,43.252693,41.744926,1.5077667,26.715261,27.035084,0.3198223,55.342686,54.506603,0.83608246,30.042955,29.780481,0.26247406,20.198866,19.02853,1.1703358,32.708004,33.93354,1.2255363,41.055183,40.02441,1.0307732,84.77448,85.88353,1.1090469,76.288216,74.30293,1.9852829,116.20681,127.62595,112.3541,124.870766,114.45196,122.46778,56.018814,62.625328,39.179638,44.310215,25.507921,28.562246,52.506203,56.507004,28.050829,31.510134,17.925285,20.131775,31.17802,36.68906,38.453693,41.595127,83.1253,88.64176,72.30057,76.3053
uOvuHjwJCj0pqWmNVTjcbprS1h6pPRfNxdFvEVCkxfE,14861c06aef6d4a4a20ddfb113cfa529,188.45,1,114.55,131.93246,122.141205,9.79126,128.87277,118.76945,10.103325,118.1751,118.88245,0.70734406,59.664654,59.86841,0.20375443,43.252693,42.125343,1.1273499,26.715261,27.138012,0.42275047,55.342686,54.40284,0.93984604,30.042955,29.988712,0.054243088,20.198866,19.06525,1.1336155,32.708004,34.2797,1.5716972,41.055183,40.09145,0.9637337,84.77448,85.73682,0.9623337,76.288216,74.29316,1.9950562,116.43163,127.85078,112.511116,125.02778,114.874535,122.89036,56.56515,63.171665,39.560055,44.69063,25.61085,28.665174,52.40244,56.40324,28.25906,31.718365,17.962006,20.168495,31.524181,37.03522,38.520733,41.662167,82.978584,88.49505,72.290794,76.295525
KkcKYV7B1vYaAU3rhnwuJURVMpt_DsVVfOjKhQWyIUY,9192d4582d9c7509c6832c7b5bb6ab95,162.1,0,90.6,116.850136,119.39843,2.548294,108.21609,110.513214,2.2971268,119.597664,120.818436,1.2207718,66.15388,62.12838,4.0254974,39.18963,38.34128,0.8483467,23.562922,23.719341,0.15641975,48.94536,47.631435,1.3139229,26.579412,27.064018,0.4846058,15.707434,16.96544,1.258007,35.366055,34.91831,0.44774628,34.64256,34.983624,0.34106445,76.11406,75.87514,0.23892212,63.05346,61.82663,1.2268295,113.68886,125.108,104.25488,116.771545,116.810524,124.82635,58.825123,65.43164,35.775993,40.90657,22.192179,25.246504,45.631035,49.631836,25.334366,28.79367,15.862196,18.068686,32.16279,37.67383,33.412907,36.55434,73.116905,78.63337,59.824265,63.828995
W81GbQDdBYQMT5l7mDPGD9UkM1szFi6brOnMm0QZT18,b7104b80702d9270e892fc114e85a10b,161.5,0,90.1,112.60908,112.805664,0.19658661,100.322784,101.125175,0.80239105,115.81205,119.35416,3.5421066,67.681755,64.79877,2.882988,42.20867,40.71502,1.4936523,24.61205,24.494057,0.1179924,45.741974,46.818615,1.0766411,27.702436,27.780655,0.07821846,15.94878,16.874468,0.9256878,35.07473,35.749886,0.67515564,35.52964,35.08083,0.44881058,73.21024,74.04365,0.83340454,62.617817,61.899906,0.71791077,107.09609,118.515236,94.866844,107.38351,115.346245,123.36207,61.49551,68.10202,38.14973,43.280308,22.966894,26.02122,44.818214,48.819016,26.051003,29.510307,15.771223,17.977713,32.994366,38.505405,33.510113,36.651546,71.285416,76.80188,59.89754,63.90227
W81GbQDdBYQMT5l7mDPGD9UkM1szFi6brOnMm0QZT18,3ea93db2a2288a89f3c0ae0f8f090759,161.5,0,90.1,112.60908,115.08194,2.4728622,100.322784,105.070114,4.7473297,115.81205,118.32229,2.5102386,67.681755,63.332985,4.34877,42.20867,41.107807,1.1008644,24.61205,24.498652,0.1133976,45.741974,46.365826,0.6238518,27.702436,27.673836,0.028600693,15.94878,16.853355,0.90457535,35.07473,35.14112,0.06639099,35.52964,35.40028,0.1293602,73.21024,73.27584,0.065597534,62.617817,62.18812,0.42969513,109.37237,120.79151,98.81178,111.328445,114.31438,122.3302,60.029728,66.636246,38.54252,43.673096,22.971489,26.025814,44.365425,48.366226,25.944183,29.403488,15.750111,17.9566,32.3856,37.89664,33.829563,36.970997,70.51761,76.03407,60.185757,64.19049
W81GbQDdBYQMT5l7mDPGD9UkM1szFi6brOnMm0QZT18,ca2266c4540a746e0f18b49f115e2846,161.5,0,90.1,112.60908,113.0642,0.4551239,100.322784,102.62334,2.3005524,115.81205,120.88723,5.07518,67.681755,65.74753,1.934227,42.20867,41.729465,0.4792061,24.61205,24.70221,0.09016037,45.741974,45.988503,0.24652863,27.702436,27.502789,0.1996479,15.94878,16.59384,0.6450596,35.07473,35.7101,0.63536835,35.52964,34.9139,0.6157417,73.21024,72.6792,0.531044,62.617817,62.141712,0.47610474,107.35463,118.77377,96.365005,108.88167,116.87932,124.89514,62.44427,69.05078,39.164177,44.294754,23.175047,26.229372,43.988102,47.988903,25.773136,29.23244,15.490595,17.697084,32.95458,38.46562,33.34318,36.484615,69.92097,75.43743,60.139347,64.14407
W81GbQDdBYQMT5l7mDPGD9UkM1szFi6brOnMm0QZT18,4bf0300c4baf2a7d33d1562fe5c386eb,161.5,0,90.1,112.60908,114.6323,2.0232239,100.322784,102.17847,1.8556824,115.81205,116.700775,0.8887253,67.681755,63.12511,4.5566444,42.20867,41.225334,0.9833374,24.61205,24.70221,0.09016037,45.741974,45.887882,0.14590836,27.702436,28.234978,0.5325413,15.94878,16.99757,1.04879,35.07473,35.8414,0.7666702,35.52964,35.728107,0.19846725,73.21024,72.5765,0.6337433,62.617817,62.373753,0.24406433,108.92273,120.34187,95.920135,108.4368,112.69286,120.70869,59.821854,66.42837,38.660046,43.790623,23.175047,26.229372,43.88748,47.888283,26.505325,29.96463,15.894325,18.100815,33.08588,38.59692,34.15739,37.298824,69.81827,75.33473,60.371387,64.376114
W81GbQDdBYQMT5l7mDPGD9UkM1szFi6brOnMm0QZT18,75bd8b6778fdd57ec420d9aaf65661a6,161.5,0,90.1,112.60908,114.81216,2.2030792,100.322784,101.8579,1.5351181,115.81205,115.48218,0.32987213,67.681755,62.94922,4.7325363,42.20867,42.205757,0.0029144287,24.61205,25.007317,0.3952675,45.741974,45.94448,0.20250702,27.702436,28.618986,0.9165497,15.94878,17.314093,1.3653126,35.07473,35.936893,0.86216354,35.52964,35.965263,0.43562317,73.21024,72.48358,0.7266617,62.617817,61.70939,0.9084282,109.102585,120.52173,95.59957,108.116234,111.474266,119.49009,59.64596,66.25247,39.64047,44.771046,23.480154,26.53448,43.94408,47.94488,26.889334,30.348639,16.210848,18.417337,33.181374,38.692413,34.394547,37.53598,69.72535,75.24181,59.707024,63.711754
W81GbQDdBYQMT5l7mDPGD9UkM1szFi6brOnMm0QZT18,2c1f7275a3d047046a8e8949d073e715,161.5,0,90.1,112.60908,115.554054,2.9449768,100.322784,104.84768,4.5248947,115.81205,118.469696,2.6576462,67.681755,63.44492,4.2368355,42.20867,40.916054,1.2926178,24.61205,24.459135,0.15291405,45.741974,45.856438,0.114463806,27.702436,27.83001,0.12757301,15.94878,16.861433,0.91265297,35.07473,35.59869,0.5239601,35.52964,35.41436,0.11528015,73.21024,72.54716,0.66308594,62.617817,61.99272,0.62509537,109.84448,121.263626,98.58935,111.10601,114.461784,122.47761,60.141663,66.74818,38.350765,43.481342,22.931973,25.986298,43.856037,47.85684,26.100357,29.559662,15.758188,17.964678,32.84317,38.35421,33.843643,36.985077,69.788925,75.30539,59.990356,63.995087
W81GbQDdBYQMT5l7mDPGD9UkM1szFi6brOnMm0QZT18,aaee93d016f2d31904046ab94684f037,161.5,0,90.1,112.60908,115.554054,2.9449768,100.322784,104.84768,4.5248947,115.81205,118.469696,2.6576462,67.681755,63.44492,4.2368355,42.20867,40.916054,1.2926178,24.61205,24.459135,0.15291405,45.741974,45.856438,0.114463806,27.702436,27.83001,0.12757301,15.94878,16.861433,0.91265297,35.07473,35.59869,0.5239601,35.52964,35.41436,0.11528015,73.21024,72.54716,0.66308594,62.617817,61.99272,0.62509537,109.84448,121.263626,98.58935,111.10601,114.461784,122.47761,60.141663,66.74818,38.350765,43.481342,22.931973,25.986298,43.856037,47.85684,26.100357,29.559662,15.758188,17.964678,32.84317,38.35421,33.843643,36.985077,69.788925,75.30539,59.990356,63.995087
W81GbQDdBYQMT5l7mDPGD9UkM1szFi6brOnMm0QZT18,8fe4dee2eaf6e10fe56db9b3c38b40d1,161.5,0,90.1,112.60908,116.59946,3.9903793,100.322784,107.346794,7.0240097,115.81205,121.98789,6.1758423,67.681755,64.38835,3.2934036,42.20867,39.66037,2.5483017,24.61205,23.953917,0.65813255,45.741974,46.28093,0.5389557,27.702436,27.078215,0.6242218,15.94878,16.49433,0.5455494,35.07473,35.38383,0.3091011,35.52964,34.86295,0.6666908,73.21024,73.329636,0.119392395,62.617817,62.293148,0.32466888,110.889885,122.30903,101.08846,113.605125,117.97998,125.995804,61.085094,67.691605,37.09508,42.22566,22.426754,25.48108,44.28053,48.28133,25.348562,28.807867,15.391085,17.597574,32.62831,38.13935,33.292233,36.433666,70.5714,76.08787,60.290783,64.29552
W81GbQDdBYQMT5l7mDPGD9UkM1szFi6brOnMm0QZT18,da30f9ff9b11a504c00fc93a7672daae,161.5,0,90.1,112.60908,113.0923,0.48322296,100.322784,100.29432,0.028465271,115.81205,117.73264,1.9205933,67.681755,64.35637,3.325386,42.20867,41.72637,0.4822998,24.61205,24.842815,0.2307663,45.741974,46.089123,0.3471489,27.702436,28.285006,0.5825691,15.94878,17.075783,1.1270027,35.07473,36.14379,1.0690613,35.52964,35.38352,0.14612198,73.21024,73.090004,0.12023926,62.617817,62.112404,0.50541306,107.38273,118.80187,94.03599,106.55265,113.72473,121.740555,61.053112,67.65962,39.161083,44.29166,23.315653,26.369978,44.088722,48.089523,26.555353,30.014658,15.972538,18.179028,33.38827,38.89931,33.8128,36.954235,70.33177,75.848236,60.11004,64.11477
W81GbQDdBYQMT5l7mDPGD9UkM1szFi6brOnMm0QZT18,0d2af7c22dad2ee4940c259ffd4a63e2,161.5,0,90.1,112.60908,116.82427,4.2151947,100.322784,108.27579,7.953003,115.81205,119.658806,3.846756,67.681755,62.863937,4.8178177,42.20867,40.144394,2.0642776,24.61205,24.035362,0.57668686,45.741974,46.505753,0.7637787,27.702436,27.120808,0.5816288,15.94878,16.622343,0.673563,35.07473,34.63581,0.43891907,35.52964,35.070107,0.4595337,73.21024,73.772224,0.5619812,62.617817,62.28826,0.3295555,111.1147,122.533844,102.017456,114.53412,115.650894,123.66672,59.56068,66.16719,37.579105,42.709682,22.5082,25.562525,44.505352,48.506153,25.391155,28.85046,15.519098,17.725588,31.880291,37.39133,33.49939,36.640823,71.01399,76.53046,60.285896,64.29063
W81GbQDdBYQMT5l7mDPGD9UkM1szFi6brOnMm0QZT18,7af3a432bc142cb6d9d81634eb7e3266,161.5,0,90.1,112.60908,114.418724,1.8096466,100.322784,106.26079,5.9380035,115.81205,121.290146,5.478096,67.681755,64.38835,3.2934036,42.20867,40.48151,1.7271614,24.61205,24.195082,0.4169674,45.741974,46.480595,0.73862076,27.702436,27.049482,0.6529541,15.94878,16.53573,0.5869503,35.07473,34.814857,0.25987244,35.52964,34.753002,0.77663803,73.21024,73.59617,0.3859253,62.617817,62.55083,0.066986084,108.70915,120.128296,100.00246,112.51912,117.282234,125.29806,61.085094,67.691605,37.91622,43.0468,22.66792,25.722244,44.480194,48.480995,25.31983,28.779135,15.432486,17.638975,32.059338,37.570377,33.182285,36.32372,70.83794,76.3544,60.548466,64.55319
W81GbQDdBYQMT5l7mDPGD9UkM1szFi6brOnMm0QZT18,29de53d4563a758380645c5eefdcaf4e,161.5,0,90.1,112.60908,114.28384,1.6747589,100.322784,103.73551,3.4127274,115.81205,118.47952,2.6674728,67.681755,63.50888,4.1728745,42.20867,40.65007,1.5586014,24.61205,24.295382,0.31666756,45.741974,46.801323,1.0593491,27.702436,27.521044,0.18139267,15.94878,16.756966,0.8081856,35.07473,35.089397,0.014667511,35.52964,35.0748,0.4548416,73.21024,74.224594,1.0143509,62.617817,61.926773,0.69104385,108.574265,119.99341,97.47718,109.99384,114.47161,122.487434,60.205624,66.81213,38.08478,43.21536,22.768219,25.822544,44.800922,48.801723,25.791391,29.250696,15.653721,17.86021,32.333878,37.844917,33.50408,36.645515,71.46636,76.98283,59.924408,63.92914
W81GbQDdBYQMT5l7mDPGD9UkM1szFi6brOnMm0QZT18,9ec4fe6a9b399601ad2929106ac045cf,161.5,0,90.1,112.60908,115.66646,3.0573807,100.322784,107.09819,6.775406,115.81205,120.86757,5.055519,67.681755,63.90331,3.7784462,42.20867,40.388725,1.8199463,24.61205,24.179731,0.43231773,45.741974,46.268353,0.52637863,27.702436,27.08261,0.6198273,15.94878,16.567585,0.61880493,35.07473,34.94616,0.12857056,35.52964,34.807976,0.7216644,73.21024,73.48369,0.27344513,62.617817,62.36398,0.2538376,109.95689,121.37603,100.83986,113.35652,116.85966,124.87548,60.60005,67.206566,37.823437,42.954014,22.652569,25.706894,44.267952,48.268753,25.352957,28.812262,15.46434,17.67083,32.19064,37.70168,33.23726,36.378693,70.72546,76.24192,60.361614,64.36635
qQOTtZI_-c558xi6ylqreJDMn_bffPbdd1ZmKGJTKvA,bf6a1ff02b6d9585f58bfbb18b556327,180.0,1,107.5,127.08306,120.32018,6.7628784,107.16618,111.40295,4.236763,112.84798,117.968506,5.120529,62.68392,62.14437,0.5395508,42.98846,41.819157,1.1693039,27.380535,26.627048,0.75348663,53.58548,52.846375,0.7391052,31.991278,31.862787,0.12849045,18.727951,19.692421,0.9644699,35.959637,37.345406,1.3857689,41.175358,40.09145,1.0839081,81.53512,82.92478,1.3896637,71.0572,71.37193,0.3147354,114.61061,126.029755,105.144615,117.66128,113.960594,121.97642,58.841114,65.44763,39.25387,44.384445,25.099886,28.154211,50.845974,54.846775,30.133135,33.592438,18.589176,20.795666,34.589886,40.100925,38.520733,41.662167,80.16655,85.683014,69.36957,73.3743
fLxvU_dTtBOzidz7xh99ICzTaz4wuNFk0oLjCZ8HedA,2f01ffe5ba3d40ec9481c5b4986ca154,155.6,0,85.2,112.007454,114.83464,2.8271866,102.46916,103.21867,0.7495117,113.1898,114.02773,0.8379364,60.138943,60.29482,0.15587616,45.647884,40.323776,5.324108,25.273403,24.235847,1.0375557,43.31421,45.108078,1.793869,28.256569,27.990238,0.26633072,18.112295,17.369907,0.7423878,33.525017,34.878517,1.3535004,34.96591,35.31547,0.34955978,68.43722,71.06045,2.62323,61.534653,60.434402,1.1002502,109.12507,120.54421,96.96034,109.477005,110.01982,118.035645,56.99156,63.598076,37.758488,42.889065,22.708685,25.76301,43.107677,47.10848,26.260586,29.71989,16.266663,18.473152,32.122997,37.634037,33.744755,36.88619,68.302216,73.81868,58.432037,62.436768
QjI7V3xOO1AI6u5KD4WeyvLAaS_pr4ZsGG6xDhzHRpY,c549b4e8dec0924d3f0b6b5fdc5b2465,160.0,0,88.1,116.350945,116.28471,0.066230774,106.014206,106.378555,0.36434937,117.9607,119.15761,1.196907,59.918568,62.506817,2.5882492,38.3452,39.01397,0.66876984,23.39248,23.691772,0.2992916,45.606747,45.856438,0.24969101,27.174353,27.12013,0.054222107,16.0139,16.634415,0.6205139,33.18871,34.950138,1.7614288,34.21255,34.92597,0.71341705,71.199295,72.55205,1.3527527,63.956047,61.55307,2.402977,110.57514,121.994286,100.120224,112.63689,115.1497,123.16552,59.20356,65.810074,36.44868,41.579258,22.16461,25.218935,43.856037,47.85684,25.390478,28.849783,15.53117,17.73766,32.19462,37.705658,33.35525,36.496685,69.793816,75.31028,59.550705,63.555435
QjI7V3xOO1AI6u5KD4WeyvLAaS_pr4ZsGG6xDhzHRpY,a303d4f4ef69e653bf4486a79c550654,160.0,0,88.1,116.350945,118.57785,2.2269058,106.014206,110.277695,4.263489,117.9607,118.224014,0.2633133,59.918568,60.598637,0.68006897,38.3452,37.791725,0.5534744,23.39248,23.332903,0.059577942,45.606747,46.321804,0.7150574,27.174353,26.869139,0.30521393,16.0139,16.592371,0.57847023,33.18871,34.313522,1.1248131,34.21255,35.202175,0.989624,71.199295,73.36632,2.1670227,63.956047,61.84617,2.1098785,112.86828,124.28742,104.01936,116.536026,114.2161,122.231926,57.29538,63.901894,35.226437,40.357014,21.80574,24.860065,44.321404,48.322205,25.139486,28.598791,15.489126,17.695616,31.558002,37.069042,33.63146,36.772892,70.608086,76.12455,59.843803,63.848534
fThetEGzg5QWmpMHSnjGRYQXYXPH6UXYBpMxZd-0_Wc,52b302c8087a1239dc797a45c73453e9,178.5,1,105.1,119.909424,120.70237,0.79294586,115.948425,114.386185,1.5622406,111.374084,116.700775,5.3266907,59.37237,60.31081,0.9384384,42.45921,41.553173,0.9060364,26.91693,26.500227,0.41670227,49.76033,50.883503,1.1231728,31.081558,30.916285,0.16527367,19.668545,19.109314,0.5592308,34.50972,36.14777,1.6380501,39.781155,40.016365,0.23521042,80.56772,79.36267,1.2050476,73.30621,71.89462,1.4115906,114.9928,126.41194,108.12785,120.644516,112.69286,120.70869,57.007553,63.614067,38.987885,44.11846,24.973064,28.02739,48.883102,52.883904,29.186632,32.645935,18.00607,20.212559,33.39225,38.90329,38.44565,41.587082,76.60444,82.1209,69.89226,73.89699
-EujjqWPZ_L0NO_RqgxJ79mA23Tjj33cYAoFaysL4I0,9554c0272e9838ecd21efa04fcb53973,154.1,0,83.7,122.962555,118.21814,4.7444153,112.93948,104.389725,8.549759,114.80291,113.035164,1.767746,57.096954,58.77307,1.676117,37.944653,38.497467,0.5528145,22.742537,24.08694,1.3444042,45.379402,45.378494,0.00090789795,26.898844,29.01246,2.113617,16.802092,18.277983,1.4758911,32.748543,36.096046,3.3475037,35.90963,35.94817,0.038539886,68.06901,71.2903,3.2212906,59.71751,59.540447,0.17706299,112.50857,123.92771,98.13139,110.648056,109.02725,117.043076,55.469814,62.07633,35.93218,41.062756,22.559778,25.614103,43.378094,47.378895,27.282808,30.742113,17.174738,19.381227,33.340527,38.851566,34.377453,37.518887,68.53207,74.04853,57.538082,61.542812
UwbYVNhUg-Z7Vg1xyCMcWSFRj4AOQGpk5LtRS-kOwP4,03c7f2ec6f04f86544653efb6ede232e,169.5,1,97.2,118.28099,118.29683,0.015838623,102.067795,108.943085,6.87529,107.27025,109.94446,2.6742096,58.18516,57.40856,0.7765999,41.491604,41.43874,0.052864075,25.999104,25.872553,0.12655067,46.418526,48.001686,1.5831604,32.407177,30.38354,2.0236378,19.358454,18.60846,0.7499943,37.674076,35.308235,2.365841,40.291046,39.354004,0.93704224,73.86267,74.50336,0.64068604,70.197525,68.27239,1.9251328,112.58726,124.0064,102.68475,115.201416,105.93655,113.95237,54.105305,60.71182,38.87345,44.00403,24.34539,27.399715,46.001286,50.002087,28.653887,32.11319,17.505215,19.711704,32.552715,38.063755,37.783287,40.92472,71.745125,77.26159,66.27003,70.27476
UwbYVNhUg-Z7Vg1xyCMcWSFRj4AOQGpk5LtRS-kOwP4,b7d5ea5917e2d74a5f4f4e1d0545624d,169.5,1,97.2,118.28099,116.857994,1.4229965,102.067795,105.632744,3.564949,107.27025,110.07222,2.8019714,58.18516,58.906322,0.7211609,41.491604,41.531525,0.039920807,25.999104,25.85601,0.14309311,46.418526,48.409668,1.9911423,32.407177,30.678307,1.7288704,19.358454,18.430737,0.9277172,37.674076,36.032387,1.6416893,40.291046,39.407635,0.8834114,73.86267,75.048645,1.1859741,70.197525,67.98662,2.210907,111.14842,122.567566,99.37441,111.891075,106.06431,114.08013,55.603065,62.20958,38.966236,44.096813,24.328848,27.383173,46.409267,50.41007,28.948654,32.40796,17.327492,19.533981,33.276867,38.787907,37.836918,40.97835,72.29041,77.80688,65.98425,69.98898
QgfeuOOze8IVivTFjCA5CjmcZ2J87GUFLIq9O1Ruy80,253e9b5b76590c0163e56d7c0b19cbd0,181.0,1,105.5,117.774864,119.578285,1.803421,112.85911,113.50953,0.65042114,118.23272,116.288025,1.9446945,58.045883,59.91105,1.8651657,41.1557,40.631516,0.5241852,25.977694,26.143656,0.16596222,54.709568,53.566437,1.1431313,28.753494,30.021164,1.2676697,18.034653,18.561459,0.5268059,32.892677,34.84271,1.9500313,39.539646,39.831333,0.291687,83.51149,83.86376,0.35227203,71.050285,72.01186,0.96157837,113.86871,125.28786,107.2512,119.76786,112.28011,120.29594,56.60779,63.214306,38.066227,43.196804,24.616493,27.670818,51.566036,55.566837,28.291512,31.750816,17.458214,19.664703,32.08719,37.59823,38.260616,41.40205,81.10553,86.621994,70.0095,74.01423
QgfeuOOze8IVivTFjCA5CjmcZ2J87GUFLIq9O1Ruy80,3d27f6f1387e99dd624c1569c29084e6,181.0,1,105.5,117.774864,120.230255,2.455391,112.85911,115.10582,2.2467117,118.23272,115.845795,2.3869247,58.045883,59.026253,0.98036957,41.1557,41.191315,0.035614014,25.977694,26.40649,0.42879677,54.709568,52.079147,2.6304207,28.753494,30.115814,1.36232,18.034653,18.790588,0.75593567,32.892677,34.72732,1.8346443,39.539646,39.84742,0.3077736,83.51149,81.40384,2.1076508,71.050285,72.261,1.2107162,114.52068,125.93983,108.84749,121.36415,111.83788,119.85371,55.722996,62.32951,38.626026,43.756603,24.879328,27.933653,50.078747,54.079548,28.386162,31.845467,17.687344,19.893833,31.971802,37.48284,38.276703,41.418137,78.64561,84.16207,70.25864,74.26337
uS4Nlsd6VQjC_MbPDR76MiYZCfgKQsrZG_UwbKzH20A,615594461bb9f4b1cef1723af920ebb9,172.0,0,94.1,114.27159,114.54237,0.27078247,101.80828,104.79534,2.9870605,112.75625,119.32468,6.568428,61.21289,63.327656,2.1147652,41.455303,41.18822,0.2670822,24.26184,25.093702,0.8318615,49.4179,49.232315,0.18558502,28.233774,28.121397,0.11237717,16.545229,17.480433,0.93520355,37.84214,34.97003,2.8721085,36.07271,35.674644,0.39806366,79.37754,79.11754,0.26000214,64.869736,65.277275,0.40753937,108.8328,120.251945,98.53701,111.05367,115.316765,123.33259,60.0244,66.63091,38.622932,43.75351,23.56654,26.620865,47.231915,51.232716,26.391745,29.85105,16.377188,18.583677,32.21451,37.72555,34.103928,37.24536,76.35931,81.87577,63.27491,67.27964
JNvYCjFCVizUSPlVWEiT5RvXAV3AcfPFkpa01Y_3DMQ,624413c051d069d612fd0dfe96054c83,173.0,0,93.6,112.78775,115.48661,2.6988602,101.90261,109.152435,7.2498245,109.18854,116.346985,7.1584473,59.710625,59.681854,0.028770447,38.863407,39.497993,0.63458633,23.38344,24.522545,1.1391048,49.85264,49.95886,0.106220245,25.14511,27.171175,2.0260658,16.227055,16.995184,0.76812935,29.29563,32.87318,3.577551,36.428917,36.096664,0.3322525,78.18435,79.83521,1.6508636,63.868824,66.06743,2.1986046,109.77704,121.19618,102.894104,115.41077,112.33907,120.3549,56.378597,62.98511,36.932705,42.063282,22.995382,26.049707,47.958458,51.95926,25.441523,28.900827,15.891939,18.098429,30.11766,35.6287,34.525948,37.66738,77.07698,82.593445,64.06506,68.06979
JNvYCjFCVizUSPlVWEiT5RvXAV3AcfPFkpa01Y_3DMQ,efb905bb523a422a604c1472757a722d,173.0,0,93.6,112.78775,115.8688,3.081047,101.90261,107.73933,5.8367157,109.18854,113.45774,4.269203,59.710625,58.71444,0.9961853,38.863407,40.569656,1.7062492,23.38344,24.964123,1.5806828,49.85264,49.846252,0.006385803,25.14511,27.955082,2.8099728,16.227055,17.415071,1.1880169,29.29563,33.231274,3.9356441,36.428917,36.67908,0.25016403,78.18435,79.653046,1.4686966,63.868824,65.90256,2.0337334,110.159225,121.57837,101.480995,113.99766,109.44983,117.46565,55.411182,62.017696,38.004368,43.134945,23.43696,26.491285,47.84585,51.846653,26.22543,29.684734,16.311827,18.518316,30.475754,35.986794,35.108364,38.249798,76.89481,82.41128,63.900192,67.90492
JNvYCjFCVizUSPlVWEiT5RvXAV3AcfPFkpa01Y_3DMQ,060338f7e0a22e1dbb6b9446b8c034e5,173.0,0,93.6,112.78775,117.20646,4.418709,101.90261,111.29827,9.39566,109.18854,117.064384,7.875847,59.710625,59.740486,0.02986145,38.863407,40.085632,1.2222252,23.38344,24.708183,1.3247433,49.85264,49.35239,0.50024796,25.14511,27.326334,2.1812248,16.227055,17.140778,0.913723,29.29563,33.10594,3.8103123,36.428917,36.120968,0.30794907,78.18435,79.05029,0.8659439,63.868824,66.1407,2.2718773,111.49689,122.91603,105.03994,117.5566,113.05647,121.072296,56.43723,63.043743,37.520344,42.65092,23.18102,26.235346,47.35199,51.35279,25.596682,29.055986,16.037533,18.244022,30.350422,35.86146,34.55025,37.691685,76.29206,81.808525,64.138336,68.14307
JNvYCjFCVizUSPlVWEiT5RvXAV3AcfPFkpa01Y_3DMQ,d7800a13eaabe097e7594c44b9853d17,173.0,0,93.6,112.78775,114.91332,2.1255722,101.90261,107.92251,6.0198975,109.18854,114.98099,5.79245,59.710625,59.609898,0.10072708,38.863407,41.015022,2.1516151,23.38344,25.117596,1.7341557,49.85264,49.443577,0.40906143,25.14511,27.699526,2.5544167,16.227055,17.312992,1.0859375,29.29563,33.070133,3.7745037,36.428917,36.344883,0.084033966,78.18435,78.951256,0.76690674,63.868824,66.07048,2.2016563,109.20375,120.622894,101.66418,114.18084,110.973076,118.9889,56.30664,62.913155,38.449734,43.58031,23.590433,26.644758,47.443176,51.443977,25.969873,29.429178,16.209747,18.416237,30.314613,35.825653,34.774166,37.9156,76.19302,81.70949,64.068115,68.072845
JNvYCjFCVizUSPlVWEiT5RvXAV3AcfPFkpa01Y_3DMQ,eaa9296aed1eca258e6e0e62f85b20a5,173.0,0,93.6,112.78775,114.46369,1.6759415,101.90261,106.15611,4.253502,109.18854,114.823746,5.635208,59.710625,60.172226,0.46160126,38.863407,40.786156,1.9227486,23.38344,24.983423,1.5999832,49.85264,49.814613,0.038024902,25.14511,27.83677,2.69166,16.227055,17.228537,1.001482,29.29563,33.370537,4.0749073,36.428917,36.45617,0.027252197,78.18435,79.44948,1.2651291,63.868824,65.97949,2.1106682,108.75412,120.17326,99.89778,112.414444,110.815834,118.83166,56.86897,63.475483,38.220867,43.351444,23.45626,26.510586,47.814213,51.815014,26.107117,29.566422,16.125292,18.331781,30.615017,36.126057,34.885452,38.026886,76.691246,82.20771,63.977127,67.98186
JNvYCjFCVizUSPlVWEiT5RvXAV3AcfPFkpa01Y_3DMQ,5332879ec1c9dcf976f482ecf00a41d3,173.0,0,93.6,112.78775,113.778,0.99024963,101.90261,105.43648,3.533867,109.18854,115.79665,6.608116,59.710625,60.75321,1.0425835,38.863407,41.015022,2.1516151,23.38344,25.026615,1.6431751,49.85264,49.611835,0.24080276,25.14511,27.727922,2.5828133,16.227055,17.291695,1.06464,29.29563,33.46404,4.1684093,36.428917,35.946663,0.48225403,78.18435,79.549736,1.365387,63.868824,65.570984,1.7021599,108.06843,119.48757,99.17815,111.69481,111.78874,119.804565,57.44995,64.056465,38.449734,43.58031,23.499453,26.553778,47.611435,51.612236,25.99827,29.457575,16.18845,18.39494,30.708519,36.21956,34.375946,37.51738,76.791504,82.30797,63.56862,67.57335
59bc275d681516389ccf41f6,f16ffade934df9e403b23f5e1004fc15,159.5,0,84.5,106.33675,111.59727,5.260521,100.241295,102.12613,1.8848343,113.55496,115.52149,1.9665298,63.316322,61.531406,1.7849159,39.84859,41.005745,1.1571541,24.17448,24.56344,0.38895988,47.670956,45.86587,1.8050842,28.728168,27.40949,1.3186779,18.228504,17.098917,1.1295872,36.76393,34.2419,2.5220299,34.80542,34.86764,0.062221527,73.20604,72.420006,0.78603363,61.28897,61.39675,0.10778046,105.887695,117.30684,95.8678,108.38446,111.51358,119.5294,58.22815,64.83466,38.440456,43.571033,23.036278,26.090603,43.86547,47.866272,25.679838,29.139143,15.995672,18.202162,31.486382,36.99742,33.296925,36.43836,69.66177,75.17824,59.394386,63.399117
59bc275d681516389ccf41f6,dc293526d0ff30d8e71ce193fbd282c8,159.5,0,84.5,106.33675,113.440765,7.104019,100.241295,100.516754,0.2754593,113.55496,117.31007,3.755104,63.316322,62.410877,0.9054451,39.84859,38.097336,1.751255,24.17448,23.50154,0.6729412,47.670956,47.177074,0.49388123,28.728168,27.366222,1.3619461,18.228504,16.918808,1.3096962,36.76393,35.21274,1.5511894,34.80542,34.51769,0.28773117,73.20604,75.11466,1.9086227,61.28897,60.16817,1.1208,107.73119,119.15034,94.25842,106.775085,113.302155,121.31798,59.10762,65.714134,35.532047,40.662624,21.974377,25.028702,45.176674,49.177475,25.63657,29.095875,15.815563,18.022053,32.457222,37.96826,32.94697,36.088406,72.35643,77.872894,58.165806,62.170536
59bc275d681516389ccf41f6,c3ecf668dd877fd3b190fbf53757ae42,159.5,0,84.5,106.33675,110.48442,4.1476746,100.241295,97.389595,2.8516998,113.55496,115.85562,2.3006592,63.316322,62.60276,0.713562,39.84859,39.87996,0.031368256,24.17448,24.249344,0.074863434,47.670956,46.372116,1.2988396,28.728168,27.803642,0.9245262,18.228504,17.22413,1.0043736,36.76393,35.25253,1.5114021,34.80542,34.727528,0.0778923,73.20604,73.432335,0.22629547,61.28897,60.8423,0.44667053,104.77485,116.19399,91.13126,103.64793,111.84771,119.86353,59.299503,65.90602,37.31467,42.445248,22.722181,25.776506,44.371716,48.372517,26.07399,29.533295,16.120886,18.327375,32.49701,38.00805,33.15681,36.298244,70.6741,76.19057,58.839935,62.844666
59bc275d681516389ccf41f6,0c7d6cc8bb7506aa119f85570306897e,159.5,0,84.5,106.33675,111.158875,4.8221283,100.241295,97.94568,2.2956161,113.55496,114.02773,0.4727707,63.316322,61.824562,1.4917603,39.84859,40.20625,0.3576584,24.17448,24.424557,0.2500763,47.670956,46.593792,1.0771637,28.728168,28.3756,0.35256767,18.228504,17.570763,0.65774155,36.76393,35.415665,1.3482666,34.80542,35.24005,0.43463135,73.20604,73.61084,0.40480042,61.28897,60.392883,0.89608765,105.4493,116.86845,91.68735,104.20401,110.01982,118.035645,58.521305,65.12782,37.64096,42.771538,22.897394,25.95172,44.59339,48.594193,26.645948,30.105253,16.467518,18.674007,32.660145,38.171185,33.669334,36.81077,70.85261,76.36907,58.39052,62.39525
730fN81DLQtgxZ5K4FpOgJUOCAIgg9I1bVhmIXOQgmA,252cf65be6879a95291deb494e317834,171.2,0,91.9,110.16026,114.28384,4.1235733,103.14872,106.784164,3.6354446,119.799706,117.536095,2.2636108,61.616455,60.625286,0.991169,41.032497,40.303673,0.7288246,24.948172,25.103352,0.15517998,48.51386,49.826405,1.3125458,28.129274,27.79891,0.33036423,16.845716,17.954115,1.1083984,33.19919,33.694813,0.49562454,35.386604,35.64967,0.26306534,80.48795,79.756966,0.73098755,63.58068,65.392685,1.8120041,108.574265,119.99341,100.52583,113.042496,113.52818,121.54401,57.32203,63.928543,37.738384,42.86896,23.576189,26.630514,47.826004,51.826805,26.069258,29.528563,16.85087,19.05736,30.939293,36.450333,34.078953,37.220387,76.99873,82.5152,63.39032,67.39505
730fN81DLQtgxZ5K4FpOgJUOCAIgg9I1bVhmIXOQgmA,bcf8864dc6ec0c88507c389c4ad26f21,171.2,0,91.9,110.16026,114.778435,4.6181717,103.14872,107.96176,4.8130417,119.799706,120.00276,0.20305634,61.616455,62.208332,0.591877,41.032497,39.5382,1.494297,24.948172,24.533113,0.41505814,48.51386,49.98028,1.466423,28.129274,27.276981,0.852293,16.845716,17.25314,0.40742302,33.19919,33.79428,0.5950928,35.386604,35.50084,0.114234924,80.48795,79.90368,0.5842743,63.58068,65.49863,1.9179459,109.06886,120.48801,101.70343,114.22009,115.99485,124.01067,58.905075,65.51159,36.97291,42.10349,23.00595,26.060276,47.97988,51.980682,25.547329,29.006634,16.149895,18.356384,31.038761,36.5498,33.930122,37.071556,77.14545,82.66191,63.49626,67.50099
730fN81DLQtgxZ5K4FpOgJUOCAIgg9I1bVhmIXOQgmA,7389d5a44200c1999936d63f0bfec0b7,171.2,0,91.9,110.16026,113.688065,3.5278015,103.14872,104.743004,1.594284,119.799706,118.67607,1.1236343,61.616455,62.469505,0.85305023,41.032497,39.872227,1.1602707,24.948172,24.560453,0.3877182,48.51386,49.84704,1.3331795,28.129274,27.548761,0.580513,16.845716,17.18631,0.34059334,33.19919,34.22002,1.0208321,35.386604,35.30575,0.08085251,80.48795,80.17755,0.31040192,63.58068,64.44957,0.86888885,107.97849,119.39764,98.48467,111.001335,114.66816,122.68398,59.16625,65.772766,37.30694,42.437515,23.03329,26.087616,47.846638,51.84744,25.819109,29.278414,16.083065,18.289555,31.4645,36.97554,33.735035,36.87647,77.41932,82.93578,62.447205,66.451935
730fN81DLQtgxZ5K4FpOgJUOCAIgg9I1bVhmIXOQgmA,28e1ce7a6eb3ae7685e72d39f0cd408e,171.2,0,91.9,110.16026,110.911575,0.75131226,103.14872,102.1523,0.9964218,119.799706,120.02242,0.22271729,61.616455,63.999252,2.3827972,41.032497,39.900063,1.1324348,24.948172,24.460743,0.48742867,48.51386,49.402897,0.8890381,28.129274,27.00689,1.122385,16.845716,16.720268,0.12544823,33.19919,33.987255,0.78806686,35.386604,34.873676,0.512928,80.48795,79.24958,1.2383728,63.58068,64.56864,0.9879608,105.202,116.62115,95.89397,108.41063,116.01451,124.030334,60.695995,67.302505,37.334774,42.46535,22.93358,25.987906,47.402496,51.403297,25.277237,28.736542,15.617023,17.823513,31.231735,36.742775,33.30296,36.444393,76.49135,82.00781,62.566277,66.57101
730fN81DLQtgxZ5K4FpOgJUOCAIgg9I1bVhmIXOQgmA,72bbbc825f10daafba92dae21d552ff8,171.2,0,91.9,110.16026,111.18135,1.0210876,103.14872,102.1523,0.9964218,119.799706,118.89227,0.90743256,61.616455,63.242374,1.6259193,41.032497,40.402645,0.6298523,24.948172,24.761944,0.1862278,48.51386,50.084045,1.5701866,28.129274,27.50752,0.6217537,16.845716,17.255342,0.409626,33.19919,34.058876,0.8596878,35.386604,35.086864,0.29973984,80.48795,80.43063,0.05731964,63.58068,64.46392,0.88323975,105.47178,116.89092,95.89397,108.41063,114.88436,122.900185,59.939117,66.54563,37.837357,42.967934,23.234781,26.289106,48.083645,52.084446,25.777868,29.237173,16.152098,18.358587,31.303356,36.814396,33.516148,36.65758,77.6724,83.188866,62.461555,66.466286
730fN81DLQtgxZ5K4FpOgJUOCAIgg9I1bVhmIXOQgmA,c8f4fadcd5e06f6edfdbc367102d9ae4,171.2,0,91.9,110.16026,116.29595,6.135689,103.14872,107.54306,4.3943405,119.799706,116.79904,3.0006638,61.616455,60.40142,1.2150345,41.032497,39.454697,1.5778008,24.948172,24.549425,0.3987465,48.51386,49.521545,1.0076866,28.129274,27.856375,0.27289963,16.845716,17.487043,0.6413269,33.19919,34.07479,0.8756027,35.386604,36.04823,0.6616249,80.48795,79.33272,1.1552353,63.58068,65.29376,1.7130814,110.58638,122.00552,101.28473,113.80139,112.79113,120.80695,57.098164,63.704678,36.88941,42.019985,23.022263,26.076588,47.521145,51.521946,26.126722,29.586027,16.383799,18.590288,31.319271,36.83031,34.477512,37.618946,76.574486,82.09095,63.291397,67.29613
730fN81DLQtgxZ5K4FpOgJUOCAIgg9I1bVhmIXOQgmA,40d7eee4c4de1c6b6eb8e02711782a7f,171.2,0,91.9,110.16026,113.85668,3.6964188,103.14872,105.34489,2.196167,119.799706,117.89971,1.8999939,61.616455,61.941826,0.3253708,41.032497,40.113464,0.91903305,24.948172,24.754133,0.19403839,48.51386,49.723328,1.2094688,28.129274,27.809727,0.31954765,16.845716,17.41948,0.5737629,33.19919,34.15437,0.9551811,35.386604,35.768333,0.38172913,80.48795,79.52039,0.9675598,63.58068,65.22949,1.6488113,108.14711,119.56625,99.086555,111.60322,113.8918,121.90762,58.63857,65.24509,37.548176,42.678753,23.22697,26.281296,47.722927,51.72373,26.080074,29.53938,16.316235,18.522724,31.39885,36.90989,34.197617,37.33905,76.76216,82.278625,63.227127,67.23186
730fN81DLQtgxZ5K4FpOgJUOCAIgg9I1bVhmIXOQgmA,640553811a727b199555873f2474bd54,171.2,0,91.9,110.16026,112.80004,2.6397781,103.14872,103.64392,0.4952011,119.799706,119.63915,0.16055298,61.616455,63.135773,1.5193176,41.032497,39.188713,1.8437843,24.948172,24.256008,0.69216347,48.51386,49.859222,1.3453636,28.129274,27.235401,0.8938732,16.845716,16.918074,0.07235718,33.19919,34.18222,0.9830322,35.386604,35.091557,0.29504776,80.48795,80.13598,0.3519745,63.58068,64.54849,0.9678116,107.09047,118.50961,97.38559,109.90225,115.63124,123.647064,59.832516,66.439026,36.623425,41.754,22.728846,25.78317,47.85882,51.859623,25.505749,28.965054,15.814829,18.021318,31.4267,36.93774,33.52084,36.662273,77.37775,82.89421,62.546127,66.55086
730fN81DLQtgxZ5K4FpOgJUOCAIgg9I1bVhmIXOQgmA,4adc6dcce45643a3820c8a009be2da0a,171.2,0,91.9,110.16026,113.26653,3.1062698,103.14872,105.070114,1.9213943,119.799706,118.970894,0.82881165,61.616455,62.453518,0.83706284,41.032497,39.54284,1.4896584,24.948172,24.455688,0.49248314,48.51386,49.96515,1.4512901,28.129274,27.37366,0.75561523,16.845716,17.098917,0.25320053,33.19919,33.94946,0.75027084,35.386604,35.379833,0.0067710876,80.48795,80.06996,0.41799164,63.58068,64.842896,1.2622147,107.55696,118.976105,98.81178,111.328445,114.96298,122.978806,59.15026,65.756775,36.97755,42.108128,22.928526,25.982851,47.96475,51.96555,25.644007,29.103312,15.995672,18.202162,31.19394,36.70498,33.809116,36.95055,77.31173,82.82819,62.84053,66.84526
730fN81DLQtgxZ5K4FpOgJUOCAIgg9I1bVhmIXOQgmA,9464b5eaec835814de381975ac0753bd,171.2,0,91.9,110.16026,112.04128,1.8810196,103.14872,102.26352,0.8852005,119.799706,115.63942,4.160286,61.616455,61.71796,0.10150528,41.032497,41.57173,0.53923416,24.948172,25.193413,0.24524117,48.51386,49.653416,1.1395569,28.129274,27.938856,0.19041824,16.845716,17.405159,0.5594425,33.19919,33.979298,0.7801094,35.386604,35.67632,0.2897148,80.48795,79.68117,0.8067856,63.58068,64.43186,0.85118103,106.33171,117.750854,96.00519,108.52185,111.63151,119.64733,58.414703,65.02122,39.006443,44.13702,23.66625,26.720575,47.653015,51.653816,26.209204,29.668509,16.301914,18.508404,31.223778,36.734818,34.105602,37.247036,76.922935,82.4394,62.429497,66.43423
730fN81DLQtgxZ5K4FpOgJUOCAIgg9I1bVhmIXOQgmA,a1e5d9555f1431588973a06c28784357,171.2,0,91.9,110.16026,112.98551,2.8252487,103.14872,104.82151,1.6727905,119.799706,117.52627,2.2734375,61.616455,61.510086,0.10636902,41.032497,39.872227,1.1602707,24.948172,24.588713,0.35945892,48.51386,49.715366,1.2015076,28.129274,27.408815,0.720459,16.845716,17.235882,0.39016533,33.19919,33.63712,0.43793106,35.386604,35.41771,0.031105042,80.48795,79.63226,0.85569,63.58068,64.81,1.2293167,107.27594,118.69508,98.56318,111.07984,113.51836,121.53418,58.20683,64.81334,37.30694,42.437515,23.06155,26.115875,47.714966,51.715767,25.679163,29.138468,16.132637,18.339127,30.8816,36.39264,33.846992,36.988426,76.87403,82.390495,62.807632,66.81236
7bFe7VxhOBSMEBgASPgM3QkOFW6-cFMHDHydK-nTdDU,bb606b2fe7ce9d6b53aba80d36a12a5c,165.65,0,87.95,114.8577,113.30588,1.5518188,99.30367,101.596214,2.2925415,111.629036,113.51671,1.8876724,64.88004,60.177555,4.702488,44.329693,40.681,3.648693,27.926006,24.735292,3.190714,45.53873,48.00876,2.470028,28.52715,28.341797,0.18535233,19.785807,17.760237,2.02557,34.168205,34.524403,0.35619736,34.432434,35.655537,1.2231026,73.69068,76.647835,2.9571533,62.49855,62.738907,0.24035645,107.596306,119.01545,95.33788,107.854546,109.5088,117.52462,56.8743,63.480812,38.11571,43.24629,23.20813,26.262455,46.008358,50.00916,26.612144,30.07145,16.656992,18.863482,31.768883,37.279922,34.08482,37.226254,73.8896,79.40607,60.73654,64.74127
59bc2758681516389ccf4077,ece66423688c43f0c47a1bad6a5c7601,167.95,0,87.45,96.68221,110.08537,13.40316,94.39581,99.2672,4.8713837,115.849655,116.95628,1.1066284,62.346394,61.947155,0.3992386,39.70743,37.6943,2.0131302,23.274157,23.62101,0.34685326,51.456875,50.197243,1.2596321,25.93713,26.922718,0.9855881,17.251596,16.841421,0.41017532,31.168224,33.7346,2.5663757,33.240887,34.606182,1.3652954,79.36279,80.53578,1.1729889,62.73667,62.693718,0.04295349,104.3758,115.794945,93.008865,105.52553,112.94837,120.964195,58.643898,65.25041,35.129013,40.25959,22.093847,25.148172,48.196842,52.197643,25.193066,28.65237,15.738176,17.944666,30.97908,36.49012,33.035465,36.1769,77.77755,83.294014,60.691353,64.69608
59bc2758681516389ccf4077,5dbeae8eaa7f2a9da6768a5ebc55174d,167.95,0,87.45,96.68221,109.152374,12.470161,94.39581,97.53352,3.1377106,115.849655,114.81392,1.0357361,62.346394,61.35018,0.996212,39.70743,38.280197,1.4272346,23.274157,23.853516,0.57935905,51.456875,50.53212,0.9247551,25.93713,27.367575,1.4304447,17.251596,17.11544,0.13615608,31.168224,33.6968,2.528576,33.240887,35.001724,1.7608376,79.36279,80.74729,1.3844986,62.73667,62.613117,0.12355423,103.4428,114.861946,91.27519,103.791855,110.80601,118.82183,58.046925,64.65344,35.71491,40.845486,22.326353,25.380678,48.53172,52.53252,25.637922,29.097227,16.012196,18.218685,30.94128,36.45232,33.431007,36.57244,77.98906,83.50552,60.610752,64.61548
59bc2758681516389ccf4077,e076001ef056a627b5d0c2f0ce3f1ab7,167.95,0,87.45,96.68221,107.353836,10.671623,94.39581,94.586266,0.19045258,115.849655,114.91219,0.93746185,62.346394,62.54413,0.19773483,39.70743,39.344902,0.36252975,23.274157,24.180534,0.9063778,51.456875,49.95375,1.5031242,25.93713,27.67316,1.7360306,17.251596,17.195122,0.056474686,31.168224,34.188187,3.0199623,33.240887,34.82004,1.579155,79.36279,80.03939,0.6765976,62.73667,62.429928,0.30674362,101.644264,113.06341,88.327934,100.8446,110.90428,118.920105,59.24087,65.84738,36.779613,41.91019,22.653372,25.707697,47.95335,51.95415,25.943508,29.402813,16.091877,18.298367,31.432667,36.943707,33.249325,36.39076,77.28116,82.79762,60.427563,64.4323
59bc2758681516389ccf4077,b5464730e87e8aa188e5f1bc7e6be212,167.95,0,87.45,96.68221,110.551865,13.869652,94.39581,100.654144,6.2583313,115.849655,118.086426,2.2367706,62.346394,62.464176,0.11778259,39.70743,38.108547,1.5988846,23.274157,23.778158,0.5040016,51.456875,50.060463,1.3964119,25.93713,26.808968,0.8718376,17.251596,16.835361,0.41623497,31.168224,33.688843,2.5206184,33.240887,34.562607,1.3217201,79.36279,80.25458,0.89178467,62.73667,62.867138,0.13046646,104.84229,116.26144,94.39581,106.912476,114.078514,122.09434,59.16092,65.76743,35.54326,40.673836,22.250996,25.30532,48.060062,52.060863,25.079315,28.53862,15.732117,17.938606,30.933323,36.444363,32.99189,36.133324,77.496346,83.01281,60.864773,64.86951
59bc2758681516389ccf4077,dd1d5e149104cfe30eb78d23d5a7c71c,167.95,0,87.45,96.68221,111.439896,14.757683,94.39581,100.91583,6.5200195,115.849655,117.04473,1.195076,62.346394,62.1497,0.19669342,39.70743,38.32891,1.378521,23.274157,23.827553,0.5533962,51.456875,49.743076,1.7137985,25.93713,27.188416,1.2512856,17.251596,16.835546,0.41604996,31.168224,34.11259,2.9443665,33.240887,34.938034,1.6971474,79.36279,79.70317,0.3403778,62.73667,62.759666,0.022994995,105.73032,117.14947,94.6575,107.174164,113.03682,121.05264,58.846443,65.45296,35.763622,40.8942,22.30039,25.354715,47.742676,51.743477,25.458763,28.918068,15.732302,17.938791,31.35707,36.86811,33.367317,36.50875,76.94494,82.4614,60.7573,64.76203
59bc2758681516389ccf4077,14340cd056667b72db7f88a4f436209f,167.95,0,87.45,96.68221,110.49004,13.807831,94.39581,101.01396,6.618149,115.849655,117.45748,1.6078262,62.346394,62.18701,0.15938187,39.70743,38.417828,1.2896042,23.274157,23.857191,0.5830345,51.456875,49.6826,1.7742767,25.93713,26.85528,0.91814995,17.251596,16.745651,0.5059452,31.168224,33.66497,2.496746,33.240887,34.739594,1.4987068,79.36279,79.43603,0.07323456,62.73667,62.975826,0.23915482,104.78047,116.199615,94.75563,107.27229,113.44957,121.46539,58.883755,65.490265,35.85254,40.983116,22.330029,25.384354,47.682198,51.683,25.125628,28.584932,15.642406,17.848896,30.90945,36.42049,33.168877,36.31031,76.677795,82.19426,60.97346,64.978195
59bc2758681516389ccf4077,e808d20192e9a907a451f64d05aec24c,167.95,0,87.45,96.68221,112.075005,15.392792,94.39581,102.91774,8.521927,115.849655,118.970894,3.1212387,62.346394,62.352245,0.0058517456,39.70743,37.84218,1.8652534,23.274157,23.711071,0.43691444,51.456875,49.633514,1.8233604,25.93713,26.737728,0.80059814,17.251596,16.760546,0.49105072,31.168224,33.881817,2.7135925,33.240887,34.622272,1.3813858,79.36279,79.536896,0.17410278,62.73667,63.071087,0.33441544,106.36543,117.78458,96.65941,109.17607,114.96298,122.978806,59.04899,65.6555,35.27689,40.407467,22.183908,25.238234,47.633114,51.633915,25.008076,28.46738,15.657301,17.86379,31.126297,36.637337,33.051556,36.19299,76.77866,82.29513,61.06872,65.073456
59bc2758681516389ccf4077,a78d444053303bea0a540693a998a413,167.95,0,87.45,96.68221,111.06895,14.386734,94.39581,98.63261,4.2367935,115.849655,115.64925,0.20040894,62.346394,62.21366,0.13273239,39.70743,38.710873,0.99655914,23.274157,23.923819,0.649662,51.456875,50.031376,1.425499,25.93713,27.648146,1.7110157,17.251596,17.025845,0.22575188,31.168224,34.556232,3.388008,33.240887,35.023174,1.7822876,79.36279,80.4612,1.0984039,62.73667,61.877922,0.8587494,105.359375,116.77852,92.374275,104.89094,111.641335,119.65716,58.910404,65.51692,36.145584,41.27616,22.396656,25.450981,48.030975,52.031776,25.918493,29.377798,15.9226,18.12909,31.800713,37.311752,33.452457,36.59389,77.702965,83.21943,59.875557,63.880287
59bc2758681516389ccf4077,96113e5770749324c372336d4a8d4568,167.95,0,87.45,96.68221,111.62537,14.943153,94.39581,101.36724,6.971428,115.849655,117.27076,1.4211044,62.346394,61.856544,0.4898491,39.70743,38.24695,1.4604836,23.274157,23.82204,0.547884,51.456875,50.12217,1.3347054,25.93713,27.069088,1.131958,17.251596,17.010056,0.24154091,31.168224,33.909668,2.7414436,33.240887,34.6692,1.4283142,79.36279,80.59324,1.2304459,62.73667,62.563046,0.17362595,105.915794,117.33494,95.10891,107.62557,113.26285,121.27867,58.553288,65.159805,35.68166,40.812237,22.294878,25.349203,48.12177,52.12257,25.339436,28.79874,15.906811,18.1133,31.154148,36.665188,33.098484,36.239918,77.83501,83.35147,60.56068,64.565414
59bc2758681516389ccf4077,04c1e42250a9459278422e0ed48c2776,167.95,0,87.45,96.68221,111.39493,14.712715,94.39581,101.62893,7.233116,115.849655,118.56797,2.7183151,62.346394,62.47484,0.12844467,39.70743,37.54604,2.1613922,23.274157,23.558517,0.2843609,51.456875,49.86669,1.5901833,25.93713,26.739418,0.80228806,17.251596,16.65204,0.59955597,31.168224,33.921604,2.7533798,33.240887,34.629646,1.3887596,79.36279,79.9428,0.58000946,62.73667,62.970943,0.234272,105.685356,117.1045,95.3706,107.88726,114.56006,122.57588,59.17158,65.77809,34.98075,40.11133,22.031355,25.08568,47.86629,51.867092,25.009766,28.46907,15.548796,17.755285,31.166084,36.677124,33.05893,36.200363,77.18457,82.701035,60.96858,64.97331
59bc2758681516389ccf4077,2b3d50485b617c3a5adee746c7278f77,167.95,0,87.45,96.68221,111.19822,14.516006,94.39581,100.73919,6.343376,115.849655,116.4944,0.6447449,62.346394,61.456783,0.8896103,39.70743,38.48432,1.2231102,23.274157,23.947943,0.67378616,51.456875,49.28793,2.1689453,25.93713,27.230331,1.2932014,17.251596,17.026028,0.22556877,31.168224,33.93354,2.765316,33.240887,34.88239,1.6415024,79.36279,78.99161,0.3711853,62.73667,63.21397,0.47729874,105.48865,116.90779,94.48086,106.99752,112.48649,120.50231,58.153526,64.76004,35.919033,41.04961,22.42078,25.475105,47.28753,51.28833,25.500679,28.959984,15.922783,18.129272,31.17802,36.68906,33.311672,36.453106,76.233376,81.74984,61.211605,65.21634
59bc2758681516389ccf4077,282f0cf5fbcb20c056844dcb98f07a26,167.95,0,87.45,96.68221,110.7823,14.10009,94.39581,101.3149,6.9190903,115.849655,118.35177,2.5021133,62.346394,62.57611,0.22971725,39.70743,38.295662,1.4117699,23.274157,23.780914,0.50675774,51.456875,49.45252,2.0043564,25.93713,26.709501,0.7723713,17.251596,16.645384,0.6062126,31.168224,33.76643,2.5982056,33.240887,34.458694,1.2178078,79.36279,79.423805,0.061012268,62.73667,62.818287,0.08161545,105.07273,116.491875,95.05657,107.573235,114.34386,122.35968,59.272854,65.879364,35.730373,40.86095,22.253752,25.308077,47.452118,51.45292,24.979849,28.439154,15.542139,17.748629,31.01091,36.52195,32.887978,36.02941,76.66557,82.18204,60.81592,64.82065
nZUlJ3oSfVH51kquU28D-F9NwL3UjnLsxtsY2y6qXts,20928391c996a66beca24fa7337f5ab7,164.5,0,84.9,109.72437,108.80953,0.9148407,96.33212,98.69148,2.3593597,112.037605,113.62481,1.587204,61.810535,60.78519,1.0253448,41.867054,39.830475,2.0365791,24.30314,24.083494,0.21964645,48.961136,47.298134,1.663002,27.534142,26.90869,0.62545204,15.934265,16.549042,0.6147766,33.913857,33.203423,0.71043396,36.400707,34.763058,1.6376495,74.33763,75.21492,0.8772888,62.79052,62.405502,0.3850174,103.09996,114.519104,92.43315,104.949814,109.6169,117.63272,57.481934,64.08845,37.265186,42.395763,22.556332,25.610657,45.297733,49.298534,25.179037,28.638342,15.445797,17.652287,30.447903,35.958942,33.19234,36.333775,72.45669,77.97315,60.403137,64.40787
nZUlJ3oSfVH51kquU28D-F9NwL3UjnLsxtsY2y6qXts,0acb9353f78e039dce9e39ebfd1d89f4,164.5,0,84.9,109.72437,110.32143,0.5970535,96.33212,100.31395,3.9818268,112.037605,112.16544,0.12783813,61.810535,59.3887,2.4218369,41.867054,39.394386,2.4726677,24.30314,23.990446,0.31269455,48.961136,47.62043,1.3407059,27.534142,27.101202,0.43293953,15.934265,16.751917,0.81765175,33.913857,33.000504,0.91335297,36.400707,35.191784,1.2089233,74.33763,75.54748,1.2098465,62.79052,62.53618,0.25434113,104.611855,116.031,94.05562,106.57228,108.15753,116.173355,56.08544,62.691956,36.829098,41.959675,22.463284,25.517609,45.62003,49.62083,25.37155,28.830854,15.648672,17.855162,30.244984,35.756023,33.621067,36.7625,72.789246,78.30571,60.533813,64.53854
Kr1whZRnyXXBfX2Qb68APhgjTqQOJoNCbyiyp8KjOUM,e4846bcdc9ac7238af1f4d83f3afdf2f,167.0,1,90.4,114.18083,115.025734,0.84490204,103.804535,105.17479,1.3702545,112.03219,112.519226,0.48703766,61.24672,59.423344,1.8233757,40.52357,39.49645,1.0271225,24.194279,24.96734,0.77306175,50.323208,49.335487,0.9877205,30.100851,29.712873,0.3879776,18.249456,18.25595,0.006494522,37.43014,35.403725,2.0264168,39.54598,38.152634,1.3933449,75.87402,76.669846,0.79582214,64.75701,66.263435,1.506424,109.31616,120.735306,98.91646,111.43312,108.511314,116.52714,56.120087,62.7266,36.93116,42.061737,23.440178,26.494503,47.335087,51.335888,27.983221,31.442526,17.152706,19.359196,32.648205,38.159245,36.581917,39.72335,73.91161,79.42808,64.26107,68.2658
vnohRvRete12wDp7zCI0rTWOjQO1NU48ZzyOXpEI_uk,0d0b6179d54bdad8e5d51a1cc9110aa2,184.0,1,102.4,112.00716,115.183105,3.175949,102.09305,104.808426,2.7153778,111.614105,113.084305,1.4701996,59.975044,60.673256,0.69821167,40.917355,42.32947,1.412117,26.812181,27.014866,0.2026844,51.86262,53.2237,1.3610802,29.768024,30.83786,1.0698357,18.575335,18.827307,0.2519722,34.326332,35.515133,1.1888008,39.223183,39.84742,0.62423706,81.41303,83.82953,2.4164963,73.188866,72.085144,1.1037216,109.47353,120.89268,98.550095,111.06676,109.07639,117.09222,57.37,63.976513,39.764183,44.89476,25.487703,28.542028,51.2233,55.224102,29.108208,32.567513,17.724062,19.930552,32.759613,38.270653,38.276703,41.418137,81.0713,86.58776,70.08278,74.08751
vnohRvRete12wDp7zCI0rTWOjQO1NU48ZzyOXpEI_uk,5afb3d933bc64f8438d92e1363b82d3e,184.0,1,102.4,112.00716,116.239746,4.2325897,102.09305,106.19537,4.1023254,111.614105,113.045,1.430893,59.975044,60.102936,0.12789154,40.917355,41.191315,0.2739601,26.812181,26.60683,0.20535088,51.86262,53.802265,1.9396439,29.768024,30.778366,1.0103416,18.575335,18.708336,0.13300133,34.326332,35.451473,1.1251411,39.223183,40.15849,0.93530655,81.41303,84.52398,3.1109467,73.188866,72.34893,0.8399353,110.530174,121.94932,99.93704,112.453705,109.03709,117.05291,56.79968,63.406193,38.626026,43.756603,25.079668,28.133993,51.801865,55.802666,29.048714,32.50802,17.605091,19.81158,32.695953,38.206993,38.587772,41.729206,81.76575,87.28221,70.346565,74.351295
vnohRvRete12wDp7zCI0rTWOjQO1NU48ZzyOXpEI_uk,23b977c1f27601fa9db80087c8afa3d6,184.0,1,102.4,112.00716,115.28427,3.2771149,102.09305,102.31586,0.22280884,111.614105,111.87062,0.2565155,59.975044,61.014385,1.039341,40.917355,41.720184,0.80282974,26.812181,26.785116,0.027065277,51.86262,53.54757,1.684948,29.768024,31.476074,1.7080498,18.575335,18.80968,0.23434639,34.326332,36.585445,2.2591133,39.223183,40.182625,0.95944214,81.41303,84.42128,3.0082474,73.188866,71.36216,1.8267059,109.5747,120.99384,96.057526,108.57419,107.86271,115.87853,57.71113,64.31764,39.154896,44.285473,25.257954,28.312279,51.54717,55.54797,29.746422,33.205727,17.706436,19.912926,33.829926,39.340965,38.611908,41.75334,81.66305,87.17951,69.359795,73.364525
vnohRvRete12wDp7zCI0rTWOjQO1NU48ZzyOXpEI_uk,697cca07e7bf7cbd966c3c9cc66f72e2,184.0,1,102.4,112.00716,115.104416,3.0972595,102.09305,106.39163,4.298584,111.614105,113.98842,2.3743134,59.975044,60.449394,0.47434998,40.917355,41.902664,0.9853096,26.812181,26.87518,0.06299782,51.86262,53.006737,1.1441154,29.768024,30.394356,0.6263313,18.575335,18.700993,0.12565804,34.326332,34.97799,0.6516571,39.223183,39.732113,0.5089302,81.41303,83.19376,1.7807312,73.188866,72.57364,0.61522675,109.394844,120.81399,100.1333,112.64996,109.98051,117.99633,57.146137,63.75265,39.337376,44.467953,25.348017,28.402342,51.006336,55.007137,28.664703,32.12401,17.597748,19.804237,32.22247,37.73351,38.161396,41.30283,80.43553,85.951996,70.57127,74.576004
oWFBFFV2dtIyJFBBpNkjkPQ5nQBChrUWbW6wxMrxYWE,9607a532fb5d89f6052b6a0d8936c31b,158.7,0,79.9,116.50867,109.871796,6.6368713,99.952286,98.03727,1.9150162,111.79252,112.69121,0.89868927,56.023457,60.134914,4.111458,42.293083,39.830475,2.4626083,24.89918,24.074879,0.82430077,46.192013,45.507412,0.68460083,26.31245,27.310783,0.998333,16.561895,17.08166,0.51976395,32.09478,33.861923,1.7671432,34.641525,34.6035,0.038024902,70.83563,72.062996,1.2273636,63.256977,60.573627,2.6833496,104.162224,115.58137,91.77894,104.2956,108.6833,116.69912,56.831657,63.43817,37.265186,42.395763,22.547716,25.602041,43.50701,47.507812,25.581131,29.040436,15.978415,18.184904,31.106403,36.617443,33.032784,36.174217,69.30476,74.82123,58.571262,62.575993
DYJR9xAeblKG6aQwKXKaxyK5toR1c9ih8lq8cztV52k,4493d08ae389a8cfbffed1e323f09d55,180.1,1,99.4,118.088776,116.72311,1.3656693,111.69343,110.09451,1.5989151,118.03593,115.2758,2.7601242,61.578625,59.745815,1.8328094,36.564495,39.720676,3.1561813,24.73157,25.747568,1.0159988,54.35249,53.95948,0.3930092,28.782852,29.601997,0.8191452,18.997334,18.404297,0.59303665,34.758617,34.506496,0.25212097,39.267178,39.1207,0.14647675,86.12265,84.79295,1.3296967,68.51574,70.73688,2.221138,111.013535,122.43268,103.83618,116.352844,111.26789,119.283714,56.44256,63.049072,37.155388,42.285965,24.220406,27.27473,51.95908,55.95988,27.872345,31.33165,17.301052,19.507542,31.750977,37.262016,37.549984,40.691418,82.03472,87.551186,68.73451,72.73924
BUhmNtrPKv9T-5hUVF14PuEsoSx0VEobiP4M-T7dqow,f555c76350cd693da045caf8ec275c99,186.0,1,103.6,112.90577,115.44164,2.5358734,104.122375,108.092606,3.97023,115.25415,115.36425,0.11009979,61.966755,60.44406,1.5226936,41.76846,41.568638,0.19982147,27.503801,26.816362,0.68743896,52.16592,54.36825,2.2023315,30.71839,29.869722,0.84866714,19.25639,18.611397,0.6449928,36.685818,34.190178,2.4956398,39.0897,39.520264,0.43056488,83.477806,85.68791,2.210106,70.712326,73.18915,2.476822,109.73207,121.151215,101.834274,114.35094,111.35634,119.37216,57.140804,63.74732,39.00335,44.133926,25.2892,28.343525,52.36785,56.368652,28.14007,31.599375,17.508152,19.714642,31.434658,36.945698,37.949547,41.09098,82.92968,88.446144,71.18678,75.19151
BUhmNtrPKv9T-5hUVF14PuEsoSx0VEobiP4M-T7dqow,98f389e8594f7cfe93d4aa8a79a19845,186.0,1,103.6,112.90577,116.21726,3.311493,104.122375,107.4253,3.302925,115.25415,113.585495,1.6686554,61.966755,59.481976,2.4847794,41.76846,41.0676,0.70085907,27.503801,26.632563,0.8712387,52.16592,53.714222,1.5483017,30.71839,30.39706,0.32132912,19.25639,18.793526,0.46286392,36.685818,34.767113,1.918705,39.0897,39.890327,0.80062866,83.477806,84.475075,0.9972687,70.712326,72.90094,2.188614,110.50769,121.926834,101.16697,113.68363,109.57758,117.59341,56.17872,62.785233,38.50231,43.63289,25.1054,28.159725,51.71382,55.714622,28.667408,32.126713,17.69028,19.89677,32.011593,37.522633,38.31961,41.461044,81.71684,87.23331,70.898575,74.903305
7R6m49IITGG-lT_EavoGCfcnOBAx1QPM16fpE-f9iSc,2af48331f790a93d1ae04e63ce242f18,161.5,1,85.1,110.459564,112.09749,1.6379242,98.34022,99.84946,1.5092392,108.02363,106.33045,1.6931763,60.969536,56.926186,4.04335,41.351387,40.258827,1.0925598,26.665302,25.005478,1.6598244,44.26027,46.211754,1.9514847,29.3582,29.399176,0.04097557,17.89363,17.82266,0.07096863,36.832104,34.609947,2.2221565,38.350163,37.94481,0.40535355,67.49702,71.51526,4.018242,66.507484,65.00513,1.5023575,106.38792,117.80706,93.591125,106.10779,102.32254,110.33836,53.62293,60.229443,37.69354,42.824116,23.478315,26.53264,44.211353,48.212154,27.669523,31.128828,16.719416,18.925905,31.854427,37.365467,36.374092,39.515526,68.75703,74.27349,63.00276,67.00749
7R6m49IITGG-lT_EavoGCfcnOBAx1QPM16fpE-f9iSc,59791c7b94a7b3e5a9a7572211250f4a,161.5,1,85.1,110.459564,110.56311,0.10354614,98.34022,98.60644,0.2662201,108.02363,106.92255,1.1010818,60.969536,57.57113,3.398407,41.351387,40.470688,0.88069916,26.665302,25.15022,1.5150814,44.26027,46.20232,1.9420509,29.3582,29.286947,0.07125282,17.89363,17.795486,0.098142624,36.832104,34.49058,2.3415222,38.350163,37.904583,0.44557953,67.49702,71.16315,3.66613,66.507484,65.46382,1.043663,104.85354,116.27268,92.34811,104.86477,102.914635,110.93046,54.26787,60.874386,37.9054,43.035976,23.623058,26.677383,44.20192,48.20272,27.557295,31.0166,16.692242,18.898731,31.735062,37.2461,36.333866,39.4753,68.404915,73.92138,63.461456,67.46619
7R6m49IITGG-lT_EavoGCfcnOBAx1QPM16fpE-f9iSc,c8107508e75728db9e56f7453ac5da7d,161.5,1,85.1,110.459564,112.17617,1.7166061,98.34022,99.16907,0.8288498,108.02363,105.50495,2.5186768,60.969536,56.75162,4.2179146,41.351387,40.0779,1.2734871,26.665302,24.857979,1.8073235,44.26027,46.129997,1.8697281,29.3582,29.345089,0.0131111145,17.89363,17.567825,0.32580376,36.832104,34.56021,2.2718925,38.350163,38.121796,0.22836685,67.49702,71.19249,3.6954727,66.507484,64.95013,1.5573578,106.4666,117.88574,92.910736,105.4274,101.49704,109.51286,53.448364,60.05488,37.51261,42.64319,23.330816,26.385141,44.129597,48.130398,27.615437,31.074741,16.46458,18.67107,31.804691,37.31573,36.55108,39.692513,68.43426,73.95072,62.94776,66.95249
7R6m49IITGG-lT_EavoGCfcnOBAx1QPM16fpE-f9iSc,48684de9a3492c8790eef032245a4637,161.5,1,85.1,110.459564,111.04085,0.58128357,98.34022,97.73633,0.60388947,108.02363,106.01843,2.0051956,60.969536,57.965557,3.0039787,41.351387,41.256264,0.09512329,26.665302,25.254986,1.4103165,44.26027,45.9602,1.6999321,29.3582,29.374836,0.016635895,17.89363,17.56195,0.3316784,36.832104,34.743237,2.0888672,38.350163,37.991737,0.35842514,67.49702,70.923515,3.4264984,66.507484,65.010735,1.4967499,105.331276,116.75042,91.478,103.99466,102.01052,110.026344,54.6623,61.268814,38.690975,43.821552,23.727823,26.782148,43.9598,47.9606,27.645184,31.104488,16.458706,18.665195,31.987717,37.498756,36.42102,39.562454,68.16528,73.68175,63.00837,67.0131
GbOk4JbzF5zpkg24rqvg_gA8BAMUKFen4zBSFPCcQVs,74a670f614cc796c477a98331c2743f7,176.5,0,91.4,117.392105,108.286835,9.10527,96.87301,97.226036,0.35302734,114.76466,115.708206,0.9435425,60.74018,62.203003,1.462822,39.70291,39.638718,0.064193726,24.676449,24.642244,0.034204483,51.545853,51.5336,0.012252808,26.73048,27.451408,0.7209282,16.080494,17.007853,0.9273586,34.210438,33.42823,0.7822075,34.736458,35.321507,0.5850487,83.61448,83.205986,0.40849304,65.94525,65.35513,0.5901184,102.57726,113.99641,90.967705,103.48437,111.700294,119.71612,58.899746,65.506256,37.07343,42.204006,23.115082,26.169407,49.5332,53.534,25.721756,29.18106,15.904608,18.111097,30.67271,36.18375,33.75079,36.892223,80.447754,85.96422,63.352768,67.3575
GbOk4JbzF5zpkg24rqvg_gA8BAMUKFen4zBSFPCcQVs,b8253c2a05c34d49ce7d9f28238d6bc8,176.5,0,91.4,117.392105,108.43858,8.953522,96.87301,98.1354,1.2623901,114.76466,115.295456,0.53079224,60.74018,61.494095,0.7539139,39.70291,39.898514,0.19560242,24.676449,24.789055,0.11260605,51.545853,51.63265,0.08679581,26.73048,27.372982,0.64250183,16.080494,17.184473,1.1039791,34.210438,32.926895,1.2835426,34.736458,35.394917,0.6584587,83.61448,83.15953,0.45494843,65.94525,65.666245,0.27900696,102.72901,114.148155,91.87707,104.39373,111.287544,119.30337,58.190838,64.79735,37.333225,42.463802,23.261892,26.316217,49.632248,53.63305,25.64333,29.102634,16.081228,18.287718,30.171375,35.682415,33.8242,36.965633,80.4013,85.91776,63.66388,67.66861
GbOk4JbzF5zpkg24rqvg_gA8BAMUKFen4zBSFPCcQVs,e13003e5654e2699182b11201007f668,176.5,0,91.4,117.392105,108.20252,9.189583,96.87301,97.98493,1.1119232,114.76466,114.83357,0.06890869,60.74018,61.168957,0.4287758,39.70291,39.87532,0.17240906,24.676449,24.79365,0.11720085,51.545853,51.826027,0.28017426,26.73048,27.35946,0.62898064,16.080494,17.221193,1.1406994,34.210438,32.787632,1.4228058,34.736458,35.378155,0.64169693,83.61448,83.51164,0.10283661,65.94525,65.48611,0.4591446,102.49295,113.912094,91.7266,104.24326,110.82566,118.841484,57.8657,64.47221,37.31003,42.44061,23.266487,26.320812,49.825626,53.826427,25.629808,29.089113,16.117949,18.324438,30.032112,35.54315,33.807438,36.94887,80.75341,86.269875,63.48374,67.48847
GbOk4JbzF5zpkg24rqvg_gA8BAMUKFen4zBSFPCcQVs,b871b27835413ba2268c0c6c7af9eabe,176.5,0,91.4,117.392105,108.624054,8.768051,96.87301,99.38496,2.5119476,114.76466,115.35442,0.5897598,60.74018,61.142307,0.4021263,39.70291,40.28821,0.58530045,24.676449,25.018345,0.34189606,51.545853,50.887432,0.65842056,26.73048,27.300644,0.5701637,16.080494,17.255709,1.1752148,34.210438,32.845325,1.3651123,34.736458,35.169994,0.43353653,83.61448,82.19855,1.4159317,65.94525,65.51176,0.43349457,102.91448,114.333626,93.126625,105.64329,111.34651,119.362335,57.83905,64.445564,37.722923,42.8535,23.491182,26.545507,48.88703,52.887833,25.570992,29.030296,16.152464,18.358953,30.089806,35.600845,33.599277,36.74071,79.440315,84.95678,63.50939,67.51412
GbOk4JbzF5zpkg24rqvg_gA8BAMUKFen4zBSFPCcQVs,8156dce36521a9bca7dc120df6a9202e,176.5,0,91.4,117.392105,108.42172,8.970383,96.87301,99.14944,2.2764282,114.76466,117.13318,2.368515,60.74018,62.032436,1.2922554,39.70291,38.487415,1.2154961,24.676449,24.311405,0.36504364,51.545853,51.895203,0.34934998,26.73048,26.930492,0.2000122,16.080494,16.889982,0.8094883,34.210438,32.960712,1.2497253,34.736458,35.129772,0.39331436,83.61448,83.56544,0.049041748,65.94525,65.447334,0.49791718,102.71215,114.131294,92.891106,105.40777,113.12527,121.14109,58.72918,65.33569,35.922127,41.052704,22.784243,25.838568,49.894802,53.895603,25.20084,28.660145,15.786737,17.993227,30.205193,35.716232,33.559055,36.70049,80.807205,86.32367,63.44497,67.4497
atGuTnEF7KvrxEVHkLzFTY7gdAZ36gghFPcJHudLqXI,7d39e9f9857ceb40788c621cd1023555,184.5,1,101.8,109.12131,114.42996,5.308655,112.81235,107.75241,5.0599365,116.826584,113.33981,3.4867706,60.015533,59.423344,0.5921898,44.82198,43.319176,1.5028038,29.079845,27.264833,1.815012,52.912006,52.64828,0.26372528,28.58927,29.396471,0.8072014,18.840487,18.507113,0.33337402,31.32124,33.302895,1.9816551,37.69953,39.013435,1.3139038,84.93842,83.02993,1.908493,72.57899,72.016754,0.562233,108.72039,120.139534,101.49408,114.01074,109.3319,117.347725,56.120087,62.7266,40.753887,45.884464,25.73767,28.791996,50.64788,54.64868,27.666819,31.126123,17.403868,19.610357,30.547375,36.058414,37.44272,40.584152,80.2717,85.78816,70.01439,74.01912
atGuTnEF7KvrxEVHkLzFTY7gdAZ36gghFPcJHudLqXI,71b0e3480a3bf86e44809bbc4396e0a1,184.5,1,101.8,109.12131,114.699745,5.578438,112.81235,108.943085,3.8692627,116.826584,114.46014,2.3664474,60.015533,59.564594,0.45093918,44.82198,42.539783,2.282196,29.079845,27.009352,2.0704937,52.912006,53.110504,0.19849777,28.58927,29.213932,0.6246624,18.840487,18.4513,0.38918686,31.32124,33.22133,1.9000893,37.69953,38.959805,1.260273,84.93842,83.71704,1.2213821,72.57899,72.13888,0.44010925,108.99017,120.40932,102.68475,115.201416,110.452225,118.46805,56.261337,62.86785,39.974495,45.105072,25.48219,28.536514,51.110104,55.110905,27.48428,30.943584,17.348055,19.554544,30.465809,35.97685,37.389088,40.53052,80.95881,86.47527,70.13651,74.14124
vtUetlQRnFggW0gU19iG8wdTL-KlWikPJFIEMbsIWvw,fb2a01b654d546435fa1798b15b61ff7,160.5,1,83.7,114.56316,113.96909,0.59407043,100.7535,97.99147,2.7620316,106.42471,105.445984,0.97872925,56.390903,56.675667,0.28476334,40.05997,38.181614,1.8783569,25.115305,24.550575,0.5647297,46.21197,48.19192,1.97995,29.665792,31.100178,1.4343853,18.140583,18.72743,0.5868473,34.34121,36.70481,2.3636017,38.550964,38.83913,0.28816605,71.10657,74.23193,3.1253662,65.644875,63.480206,2.164669,108.25952,119.678665,91.73314,104.2498,101.43807,109.453896,53.37241,59.978924,35.616325,40.746902,23.023413,26.077738,46.19152,50.19232,29.370525,32.82983,17.624186,19.830675,33.94929,39.46033,37.268414,40.409847,71.4737,76.990166,61.47784,65.482574
2vMs6p-qIdIw0mTEz5emgZpxICq3glcfyQM3vwB3vBo,fa5b90911bca2eb6956b8e1b2de5eef9,185.0,1,102.0,120.33712,115.351715,4.985405,105.32634,107.4253,2.0989609,108.79192,114.17514,5.383217,57.41319,59.88973,2.4765396,41.84759,41.25317,0.5944214,27.73998,26.467144,1.2728367,54.017956,54.26449,0.24653244,29.927399,29.699352,0.22804642,18.631397,18.402828,0.22856903,33.950546,34.090706,0.1401596,40.247902,39.24942,0.99848175,84.08287,85.727036,1.644165,70.98089,72.0021,1.0212097,109.64214,121.06129,101.16697,113.68363,110.16723,118.18305,56.58647,63.192986,38.68788,43.81846,24.939981,27.994307,52.264088,56.26489,27.9697,31.429005,17.299583,19.506073,31.335186,36.846226,37.678703,40.820137,82.9688,88.48527,69.99973,74.00446
2vMs6p-qIdIw0mTEz5emgZpxICq3glcfyQM3vwB3vBo,23d2277360cc734d030351c74d0e64c7,185.0,1,102.0,120.33712,117.094055,3.2430649,105.32634,109.57114,4.2447968,108.79192,113.64446,4.852539,57.41319,58.67446,1.2612724,41.84759,40.81399,1.0335999,27.73998,26.408327,1.3316536,54.017956,53.701645,0.31631088,29.927399,29.869722,0.057676315,18.631397,18.645178,0.013780594,33.950546,34.156357,0.20581055,40.247902,39.488083,0.75981903,84.08287,84.78806,0.70519257,70.98089,72.2952,1.3143082,111.38448,122.80363,103.312805,115.82947,109.63655,117.652374,55.371204,61.97772,38.248703,43.37928,24.881165,27.93549,51.701244,55.702045,28.14007,31.599375,17.541933,19.748423,31.400837,36.911877,37.917366,41.0588,82.02983,87.546295,70.29283,74.29756
k1hi20BJAqls5jIB-NeHd2OqMOb27kUQyoZbB18qx80,9ad637f65abc601aafa332671ac80610,176.2,1,94.2,116.31094,116.29595,0.01499176,105.950165,108.52438,2.5742188,105.030556,110.23437,5.2038116,57.297504,56.33987,0.957634,40.584114,39.242836,1.3412781,25.040554,25.45349,0.41293526,49.355877,51.543034,2.1871567,28.452217,29.556025,1.1038074,17.980854,18.464518,0.48366356,33.85619,33.925583,0.06939316,38.272488,38.959805,0.6873169,80.9189,80.82676,0.0921402,68.69872,69.32023,0.62150574,110.58638,122.00552,102.26605,114.782715,106.226456,114.24228,53.036613,59.643127,36.677547,41.808125,23.926327,26.980652,49.542633,53.543434,27.826372,31.285677,17.361273,19.567762,31.170063,36.681103,37.389088,40.53052,78.06853,83.58499,67.31786,71.32259
k1hi20BJAqls5jIB-NeHd2OqMOb27kUQyoZbB18qx80,a9bb96edd21505cf6ea58d0d13afa2d3,176.2,1,94.2,116.31094,116.34091,0.029968262,105.950165,107.35988,1.4097137,105.030556,109.72826,4.6977005,57.297504,57.032787,0.2647171,40.584114,40.411922,0.17219162,25.040554,25.833035,0.79248047,49.355877,51.436123,2.080246,28.452217,30.061728,1.6095104,17.980854,18.59524,0.6143856,33.85619,34.478645,0.6224556,38.272488,39.24942,0.9769325,80.9189,80.71673,0.20217133,68.69872,69.29825,0.59952545,110.63134,122.05048,101.10155,113.61821,105.720345,113.73617,53.72953,60.336044,37.846634,42.97721,24.305872,27.360197,49.435722,53.436523,28.332075,31.79138,17.491995,19.698484,31.723125,37.234165,37.678703,40.820137,77.958496,83.47496,67.29588,71.30061
k1hi20BJAqls5jIB-NeHd2OqMOb27kUQyoZbB18qx80,b0eb3f1f28fad6ee20abcbf50c928eeb,176.2,1,94.2,116.31094,114.778435,1.5325089,105.950165,104.45515,1.495018,105.030556,110.53902,5.508461,57.297504,57.928246,0.6307411,40.584114,39.579956,1.004158,25.040554,25.577555,0.53700066,49.355877,51.13505,1.7791748,28.452217,30.345678,1.8934612,17.980854,18.761211,0.78035736,33.85619,35.105312,1.2491226,38.272488,39.158245,0.88575745,80.9189,79.986824,0.9320755,68.69872,69.41548,0.7167587,109.06886,120.48801,98.196815,110.71348,106.531105,114.54693,54.62499,61.231503,37.014668,42.145245,24.050392,27.104717,49.13465,53.135452,28.616026,32.075333,17.657967,19.864456,32.349792,37.860832,37.58753,40.728962,77.22859,82.745056,67.41312,71.41785
GHBbDwaAvfvXX3XyEWZg2vpCJQyH6_xgMKorwr3v_nA,b83d292ae2ec312ddd8305330d1dc327,184.0,1,99.8,119.617584,116.239746,3.3778381,108.827614,106.70566,2.1219559,111.901115,112.003296,0.10218048,60.686325,58.4506,2.2357254,39.081825,39.791813,0.70998764,26.07294,26.035215,0.03772545,51.712696,53.255142,1.5424461,30.563576,30.261845,0.3017311,17.843857,18.495363,0.6515064,36.082863,34.898415,1.1844482,40.07306,39.72943,0.34362793,83.461105,83.83442,0.3733139,70.689606,71.787155,1.0975494,110.530174,121.94932,100.44733,112.96399,107.995384,116.01121,55.147343,61.753857,37.226524,42.3571,24.508053,27.562378,51.25474,55.255543,28.532192,31.991497,17.392118,19.598608,32.142895,37.653934,38.158714,41.300148,81.07619,86.59265,69.78479,73.78952
4d_X7JZm0gneZC8ffiFtMDo1I7gKKmN0V0ER7YrB8pI,03b953ddd4eccdf1052b814477add966,160.0,0,78.1,102.69129,107.77256,5.0812683,91.19352,95.66245,4.468933,107.83266,110.78961,2.956955,64.40576,59.681854,4.7239075,40.272144,39.369644,0.90250015,23.323523,23.698204,0.37468147,45.759407,46.054535,0.29512787,27.32673,26.662472,0.66425896,16.729063,16.377193,0.35186958,35.442135,33.01642,2.4257164,32.24553,34.402378,2.156849,74.89495,73.17803,1.716919,59.84833,60.395325,0.54699326,102.06299,113.48213,89.40412,101.920784,106.7817,114.79752,56.378597,62.98511,36.804356,41.934933,22.171041,25.225367,44.054134,48.054935,24.93282,28.392124,15.273949,17.480438,30.260899,35.77194,32.83166,35.973095,70.4198,75.936264,58.39296,62.39769
wF2Klo0rth7qh_o1oCnMTyv4ApfQTKluNJS2gQqqtFs,bae2a5e65a7bf4121a0a5eb2bbeb12ad,168.75,1,87.85,106.801346,112.929306,6.12796,100.21705,101.17751,0.9604645,110.75583,107.39672,3.359108,60.88383,57.0088,3.8750305,39.520557,38.962936,0.557621,25.059938,24.840979,0.21895981,49.33401,48.702095,0.63191605,28.369165,29.62904,1.2598743,17.56216,17.851301,0.2891407,32.137722,34.7313,2.5935783,37.667038,38.52136,0.8543205,75.961205,75.620834,0.34037018,66.50296,66.70553,0.20256805,107.219734,118.63888,94.91918,107.435844,103.38881,111.40463,53.705544,60.312057,36.397648,41.528225,23.313816,26.368141,46.701694,50.702496,27.899387,31.358692,16.748056,18.954546,31.97578,37.48682,36.95064,40.092075,72.8626,78.37907,64.70316,68.70789
wF2Klo0rth7qh_o1oCnMTyv4ApfQTKluNJS2gQqqtFs,2b0ecf00bf18f4e15b0e0b57f0f7a8a3,168.75,1,87.85,106.801346,113.721794,6.9204483,100.21705,107.229034,7.011986,110.75583,111.09426,0.3384323,60.88383,57.17137,3.7124596,39.520557,38.730976,0.7895813,25.059938,24.529667,0.53027153,49.33401,48.565315,0.76869583,28.369165,27.99835,0.37081528,17.56216,17.228537,0.3336239,32.137722,32.962704,0.8249817,37.667038,37.55329,0.11374664,75.961205,75.67952,0.28168488,66.50296,67.26364,0.76068115,108.01222,119.431366,100.9707,113.487366,107.08635,115.10217,53.868114,60.47463,36.165688,41.296265,23.002504,26.05683,46.564915,50.565716,26.268698,29.728003,16.125292,18.331781,30.207184,35.718224,35.982574,39.12401,72.92129,78.43775,65.26128,69.26601
wF2Klo0rth7qh_o1oCnMTyv4ApfQTKluNJS2gQqqtFs,a1479a50d6279e3535415b9150dafa09,168.75,1,87.85,106.801346,113.721794,6.9204483,100.21705,107.229034,7.011986,110.75583,111.09426,0.3384323,60.88383,57.17137,3.7124596,39.520557,38.730976,0.7895813,25.059938,24.529667,0.53027153,49.33401,48.565315,0.76869583,28.369165,27.99835,0.37081528,17.56216,17.228537,0.3336239,32.137722,32.962704,0.8249817,37.667038,37.55329,0.11374664,75.961205,75.67952,0.28168488,66.50296,67.26364,0.76068115,108.01222,119.431366,100.9707,113.487366,107.08635,115.10217,53.868114,60.47463,36.165688,41.296265,23.002504,26.05683,46.564915,50.565716,26.268698,29.728003,16.125292,18.331781,30.207184,35.718224,35.982574,39.12401,72.92129,78.43775,65.26128,69.26601
wF2Klo0rth7qh_o1oCnMTyv4ApfQTKluNJS2gQqqtFs,c18886ccd38b6523c6db8a8fa1074c17,168.75,1,87.85,106.801346,113.19909,6.397743,100.21705,106.06453,5.847481,110.75583,111.29081,0.5349808,60.88383,57.733696,3.150135,39.520557,38.62814,0.8924179,25.059938,24.484407,0.575531,49.33401,49.083347,0.25066376,28.369165,28.061901,0.30726433,17.56216,17.20467,0.35749054,32.137722,33.24918,1.1114578,37.667038,37.443344,0.22369385,75.961205,76.646614,0.68540955,66.50296,66.812996,0.3100357,107.48952,118.90866,99.8062,112.32286,107.2829,115.29872,54.43044,61.036953,36.06285,41.193428,22.957245,26.01157,47.082947,51.083748,26.332249,29.791553,16.101425,18.307915,30.49366,36.0047,35.872627,39.01406,73.88838,79.40485,64.81063,68.81536
COXJIiTpnij6N8KobXwfdCeZ5CD68fv3_F0mp3SYlZE,18d4a75239a31afdd78c4c624c4330a4,179.5,1,95.75,116.021095,113.99157,2.0295258,101.984116,102.649506,0.66539,113.0979,110.12627,2.971634,60.9376,59.122192,1.8154068,41.13837,40.367077,0.77129364,25.27184,25.937801,0.6659622,51.266876,52.502068,1.2351913,29.208845,30.405172,1.1963272,17.258465,18.288263,1.0297985,35.785606,35.300278,0.48532867,38.458767,39.474674,1.0159073,80.75317,82.35015,1.5969849,68.9596,69.95039,0.9907913,108.282,119.70114,96.391174,108.90784,106.118355,114.13418,55.818935,62.42545,37.80179,42.932365,24.410639,27.464964,50.501667,54.50247,28.67552,32.134827,17.185019,19.391508,32.544758,38.055798,37.903957,41.04539,79.59192,85.10838,67.94803,71.95276
COXJIiTpnij6N8KobXwfdCeZ5CD68fv3_F0mp3SYlZE,6cc22d2c32ffb9778111f0aa0d57b9a4,179.5,1,95.75,116.021095,112.00756,4.0135345,101.984116,99.37842,2.6056976,113.0979,110.1017,2.9962006,60.9376,60.42274,0.51485825,41.13837,41.444923,0.3065529,25.27184,26.31459,1.0427513,51.266876,52.068142,0.8012657,29.208845,30.461964,1.2531185,17.258465,18.17223,0.91376495,35.785606,35.52707,0.2585373,38.458767,39.311096,0.85232925,80.75317,81.75351,1.0003433,68.9596,69.974815,1.015213,106.29799,117.71713,93.12009,105.63675,106.09379,114.10961,57.119484,63.725998,38.879635,44.010212,24.787428,27.841753,50.06774,54.068542,28.732311,32.191616,17.068985,19.275475,32.77155,38.28259,37.74038,40.881813,78.99528,84.51174,67.97245,71.97718
COXJIiTpnij6N8KobXwfdCeZ5CD68fv3_F0mp3SYlZE,feacaefca7ac1143cf922b88764bb277,179.5,1,95.75,116.021095,113.26653,2.7545624,101.984116,102.23735,0.25323486,113.0979,110.99599,2.1019135,60.9376,59.676525,1.2610741,41.13837,40.68409,0.45428085,25.27184,25.941477,0.6696377,51.266876,52.509926,1.2430496,29.208845,29.999529,0.79068375,17.258465,18.108337,0.8498726,35.785606,34.94218,0.84342575,38.458767,38.941032,0.48226547,80.75317,82.7365,1.9833374,68.9596,69.58157,0.62197113,107.55696,118.976105,95.97902,108.49568,106.988075,115.0039,56.37327,62.979782,38.1188,43.24938,24.414314,27.46864,50.509525,54.510326,28.269876,31.729181,17.005093,19.211582,32.18666,37.6977,37.370316,40.51175,79.97827,85.494736,67.57921,71.58394
COXJIiTpnij6N8KobXwfdCeZ5CD68fv3_F0mp3SYlZE,1914a0726f08cb75d0bca6e51d49116d,179.5,1,95.75,116.021095,111.94573,4.075363,101.984116,101.18406,0.80005646,113.0979,111.32029,1.7776108,60.9376,60.097603,0.83999634,41.13837,40.52481,0.6135597,25.27184,25.932287,0.6604481,51.266876,52.18134,0.91446304,29.208845,30.021164,0.8123188,17.258465,18.11348,0.8550148,35.785606,35.037674,0.74793243,38.458767,38.986618,0.5278511,80.75317,81.85621,1.1030426,68.9596,69.999245,1.0396423,106.23616,117.655304,94.92573,107.44239,107.31238,115.3282,56.794346,63.40086,37.959522,43.0901,24.405125,27.45945,50.18094,54.18174,28.291512,31.750816,17.010235,19.216724,32.282154,37.793194,37.4159,40.557335,79.09798,84.61444,67.99688,72.00161
peqbN0eHFV0JIsHpIDwxcN9iRKDbQRyZj8Z9LX12cO0,296f1686cabf63c5522484c285c7b603,169.5,1,88.1,110.55946,110.692375,0.13291168,97.40035,98.86159,1.461235,108.34865,108.81923,0.47058105,59.992603,59.092876,0.89972687,39.58349,41.23152,1.6480331,24.239267,25.735622,1.496355,48.268646,49.02557,0.7569237,30.241468,29.99412,0.24734879,17.961992,18.361704,0.3997116,35.38617,35.037674,0.34849548,38.37599,38.3256,0.05039215,74.89316,76.078094,1.1849365,68.16692,66.90093,1.2659912,104.9828,116.40195,92.60326,105.11992,104.81132,112.82714,55.78962,62.396133,38.666233,43.79681,24.20846,27.262785,47.02517,51.02597,28.264467,31.723772,17.25846,19.464949,32.282154,37.793194,36.754883,39.896317,73.31986,78.83633,64.89857,68.9033
peqbN0eHFV0JIsHpIDwxcN9iRKDbQRyZj8Z9LX12cO0,30506c1e5a33c372136fe8fb3a24703a,169.5,1,88.1,110.55946,109.68632,0.87314606,97.40035,96.37556,1.0247955,108.34865,106.30588,2.0427704,59.992603,58.141453,1.8511505,39.58349,41.429462,1.845974,24.239267,25.807304,1.568037,48.268646,48.45919,0.19054413,30.241468,30.072544,0.16892433,17.961992,18.333796,0.37180328,35.38617,34.878517,0.5076523,38.37599,38.456997,0.0810051,74.89316,75.19781,0.30464935,68.16692,67.05114,1.1157837,103.976746,115.39589,90.117226,102.63389,102.297966,110.31379,54.838196,61.44471,38.864174,43.99475,24.280142,27.334467,46.45879,50.45959,28.342892,31.802197,17.23055,19.43704,32.122997,37.634037,36.88628,40.027714,72.439575,77.95604,65.048775,69.053505
4Hy_wkLsPiPHDJIuoAkXO_OdyS0NzY45rDyfxVNtgis,45e14404d55ec421409ed7c9f37056c3,177.95,1,94.05,115.334755,113.36771,1.9670486,104.42676,104.1673,0.25946045,109.86752,110.20489,0.3373642,57.79055,57.960228,0.16967773,39.327374,40.393368,1.0659943,25.504435,25.964453,0.46001816,50.343456,51.896774,1.553318,28.926355,29.858906,0.93255043,18.548521,18.48508,0.06344032,33.167755,34.233944,1.0661888,39.241344,39.096565,0.1447792,80.43115,81.21556,0.78440857,69.74821,70.09206,0.34384918,107.658134,119.07728,97.908966,110.42563,106.196976,114.2128,54.65697,61.263485,37.82808,42.958656,24.43729,27.491615,49.896374,53.897175,28.129253,31.588558,17.381836,19.588326,31.478424,36.989464,37.52585,40.667282,78.45733,83.97379,68.08969,72.09442
4Hy_wkLsPiPHDJIuoAkXO_OdyS0NzY45rDyfxVNtgis,a22c65b3a8394eb221abcef0cef835e0,177.95,1,94.05,115.334755,112.99676,2.3379974,104.42676,101.733604,2.6931534,109.86752,108.293465,1.5740585,57.79055,58.237392,0.4468422,39.327374,42.128437,2.8010635,25.504435,26.619698,1.115263,50.343456,51.256897,0.9134407,28.926355,30.272663,1.3463078,18.548521,18.529144,0.019376755,33.167755,34.588062,1.4203072,39.241344,39.439816,0.19847107,80.43115,80.221565,0.2095871,69.74821,70.03832,0.29011536,107.287186,118.70633,95.47527,107.991936,104.28555,112.30138,54.934135,61.54065,39.56315,44.693726,25.092535,28.14686,49.256496,53.257298,28.54301,32.002316,17.4259,19.63239,31.832542,37.343582,37.8691,41.010532,77.46333,82.9798,68.03596,72.04069
4Hy_wkLsPiPHDJIuoAkXO_OdyS0NzY45rDyfxVNtgis,6a4bb4d52482dd52b33c7bcaac267ca6,177.95,1,94.05,115.334755,112.87311,2.461647,104.42676,102.50558,1.9211807,109.86752,109.772484,0.09503937,57.79055,58.570526,0.7799759,39.327374,41.246986,1.9196129,25.504435,26.309076,0.8046417,50.343456,51.30406,0.9606056,28.926355,30.261845,1.3354893,18.548521,18.60699,0.058469772,33.167755,34.8069,1.6391449,39.241344,39.17165,0.06969452,80.43115,80.34994,0.081214905,69.74821,69.95039,0.20218658,107.163536,118.58268,96.247246,108.76391,105.76457,113.780396,55.26727,61.873783,38.681698,43.812275,24.781914,27.836239,49.30366,53.304462,28.532192,31.991497,17.503746,19.710236,32.05138,37.56242,37.600933,40.742367,77.591705,83.10817,67.94803,71.95276
4Hy_wkLsPiPHDJIuoAkXO_OdyS0NzY45rDyfxVNtgis,f6309af26805be0da45529fd7b6a6ab7,177.95,1,94.05,115.334755,114.72223,0.61252594,104.42676,102.87849,1.5482712,109.86752,108.62268,1.2448425,57.79055,57.970886,0.180336,39.327374,40.45213,1.1247559,25.504435,26.065542,0.56110764,50.343456,52.05085,1.7073936,28.926355,30.859495,1.9331398,18.548521,18.723024,0.17450333,33.167755,35.59471,2.4269562,39.241344,39.76429,0.5229454,80.43115,81.614136,1.1829834,69.74821,69.71835,0.02985382,109.01266,120.4318,96.620155,109.13682,104.61477,112.63059,54.66763,61.274143,37.88684,43.017418,24.53838,27.592705,50.05045,54.05125,29.129843,32.58915,17.61978,19.82627,32.83919,38.35023,38.193573,41.335007,78.8559,84.37237,67.71599,71.72072
4Hy_wkLsPiPHDJIuoAkXO_OdyS0NzY45rDyfxVNtgis,d8045d322ee5ddea5910c844b3c93dea,177.95,1,94.05,115.334755,113.65434,1.6804123,104.42676,103.774765,0.6519928,109.86752,108.92242,0.9451065,57.79055,57.92025,0.1296997,39.327374,42.307823,2.9804497,25.504435,26.69873,1.1942959,50.343456,51.71283,1.3693733,28.926355,30.086067,1.1597118,18.548521,18.63196,0.08343887,33.167755,34.208084,1.040329,39.241344,39.254784,0.0134391785,80.43115,81.252235,0.82108307,69.74821,70.08229,0.33408356,107.94477,119.363914,97.51643,110.0331,104.914505,112.93033,54.616993,61.223507,39.742535,44.87311,25.171568,28.225893,49.71243,53.71323,28.356415,31.81572,17.528715,19.735205,31.452564,36.963604,37.684067,40.8255,78.494,84.01047,68.079926,72.084656
7tMJnQwy8GllyZBOCK9-GSEBJVNATL2kTlOonwK_p1Y,6066217b16b63b202d57a8d2de099932,167.5,1,85.8,108.19694,110.37201,2.1750717,90.48159,94.15448,3.6728897,106.04379,106.25429,0.210495,59.288975,59.351387,0.062412262,40.04466,40.234085,0.18942642,24.287443,25.35148,1.0640373,49.730186,49.42058,0.30960464,29.182024,30.89465,1.7126255,17.15346,18.228045,1.074585,34.798103,36.585445,1.7873421,38.60092,38.817677,0.21675491,75.365746,76.71019,1.3444443,65.9798,65.40734,0.57245636,104.66244,116.08158,87.89615,100.41281,102.246376,110.2622,56.04813,62.654644,37.668797,42.799374,23.824318,26.878643,47.42018,51.420982,29.164997,32.624302,17.1248,19.33129,33.829926,39.340965,37.24696,40.388393,73.95196,79.46842,63.404976,67.409706
7tMJnQwy8GllyZBOCK9-GSEBJVNATL2kTlOonwK_p1Y,b0e7fb2f870a36e6eb618313217b0ba0,167.5,1,85.8,108.19694,110.400116,2.2031784,90.48159,92.698845,2.2172546,106.04379,105.76046,0.28333282,59.288975,59.51662,0.22764587,40.04466,40.200066,0.15540695,24.287443,25.462679,1.1752357,49.730186,49.654102,0.07608414,29.182024,31.459848,2.2778244,17.15346,18.467455,1.3139954,34.798103,37.301636,2.5035324,38.60092,39.142155,0.54123306,75.365746,76.96083,1.5950851,65.9798,65.44398,0.53582,104.690544,116.10969,86.44051,98.95718,101.75255,109.76837,56.213364,62.819878,37.634777,42.765354,23.935516,26.989841,47.6537,51.654503,29.730196,33.1895,17.36421,19.5707,34.546116,40.057156,37.571438,40.71287,74.2026,79.71906,63.441612,67.44634
7tMJnQwy8GllyZBOCK9-GSEBJVNATL2kTlOonwK_p1Y,e1e39ce3b2f79def6eebc9c903ffaab8,167.5,1,85.8,108.19694,108.225006,0.028068542,90.48159,92.944176,2.4625854,106.04379,106.89307,0.8492737,59.288975,59.180824,0.10815048,40.04466,39.643356,0.40130234,24.287443,25.116217,0.8287735,49.730186,49.153313,0.5768738,29.182024,30.161787,0.97976303,17.15346,18.042242,0.8887825,34.798103,35.781715,0.98361206,38.60092,38.166042,0.4348793,75.365746,76.21503,0.8492813,65.9798,65.758446,0.22135162,102.515434,113.93458,86.685844,99.20251,102.885155,110.90098,55.877567,62.48408,37.078068,42.208645,23.589054,26.64338,47.152912,51.153713,28.432135,31.89144,16.938997,19.145487,33.026196,38.537235,36.595325,39.73676,73.456795,78.97326,63.75608,67.76081
7tMJnQwy8GllyZBOCK9-GSEBJVNATL2kTlOonwK_p1Y,8748646ea34c12a6de746cb8420d177e,167.5,1,85.8,108.19694,110.506905,2.309967,90.48159,95.52507,5.04348,106.04379,105.966835,0.0769577,59.288975,58.112137,1.1768379,40.04466,39.799545,0.24511337,24.287443,25.130003,0.8425598,49.730186,49.262775,0.46741104,29.182024,30.494415,1.3123913,17.15346,18.261826,1.108366,34.798103,35.757843,0.9597397,38.60092,38.60851,0.007587433,75.365746,76.43021,1.0644608,65.9798,65.640594,0.33920288,104.79733,116.21648,89.26674,101.7834,101.95892,109.97475,54.80888,61.415394,37.234257,42.364834,23.60284,26.657166,47.262375,51.263176,28.764763,32.224068,17.15858,19.36507,33.002323,38.513363,37.037792,40.179226,73.671974,79.18844,63.63823,67.64296
7tMJnQwy8GllyZBOCK9-GSEBJVNATL2kTlOonwK_p1Y,f29fbadc53eca3e921a16c1b9a12ef7d,167.5,1,85.8,108.19694,110.894714,2.6977768,90.48159,94.48814,4.006546,106.04379,105.53689,0.5069046,59.288975,58.607838,0.6811371,40.04466,39.626347,0.41831207,24.287443,25.120354,0.83291054,49.730186,49.402206,0.32798004,29.182024,30.691828,1.5098038,17.15346,17.982758,0.829298,34.798103,36.32682,1.528717,38.60092,38.90617,0.30524826,75.365746,76.71875,1.3530045,65.9798,65.70654,0.2732544,105.18514,116.60429,88.229805,100.74647,101.52898,109.5448,55.30458,61.911095,37.061058,42.191635,23.593191,26.647516,47.401806,51.402607,28.962175,32.42148,16.879513,19.086002,33.5713,39.08234,37.335453,40.476887,73.96052,79.47698,63.704178,67.70891
hsBaJx117F-ZlugN6j5r1xKiwRRVFk4hvIgx1MxylpE,21f5f49639a9b2d2474587f67c0a2abc,173.0,1,89.8,113.857765,114.171425,0.31365967,107.50441,106.70566,0.79875183,108.633896,108.22958,0.40431213,55.516582,55.451073,0.065509796,40.33337,39.442326,0.8910446,26.504166,25.26877,1.2353954,50.183887,50.639027,0.45513916,28.945353,28.821808,0.12354469,18.264801,18.010664,0.25413704,34.0489,32.928883,1.120018,37.521122,38.483814,0.96269226,78.07923,79.10714,1.0279083,68.47672,68.28949,0.18723297,108.46185,119.881,100.44733,112.96399,104.22167,112.237495,52.147816,58.75433,36.877037,42.007614,23.741608,26.795933,48.638626,52.639427,27.092155,30.55146,16.90742,19.113909,30.173363,35.684402,36.913097,40.05453,76.34891,81.86537,66.287125,70.291855
hsBaJx117F-ZlugN6j5r1xKiwRRVFk4hvIgx1MxylpE,f2405369e4284d1917843b8aceb8e79f,173.0,1,89.8,113.857765,113.85668,0.001083374,107.50441,107.63465,0.1302414,108.633896,110.047646,1.4137497,55.516582,56.543747,1.0271645,40.33337,40.363983,0.030612946,26.504166,25.474627,1.0295391,50.183887,50.146935,0.036952972,28.945353,28.45673,0.48862267,18.264801,17.857176,0.4076252,34.0489,32.682194,1.3667068,37.521122,38.042686,0.5215645,78.07923,78.52899,0.44976044,68.47672,68.372536,0.10418701,108.14711,119.56625,101.37632,113.89298,106.039734,114.05556,53.24049,59.847004,37.798695,42.92927,23.947464,27.00179,48.146534,52.147335,26.727077,30.186382,16.753931,18.96042,29.926674,35.437714,36.47197,39.613403,75.77076,81.287224,66.37017,70.3749
XeDRaHj5d6BauYMYPwEltTG_rY04QrkDj7AP0WuqOzA,a006efcd20cb0e38a052d959cfd98a2b,176.55,1,92.35,112.10574,113.721794,1.6160507,100.736,101.94295,1.2069473,108.791176,108.93716,0.14598083,55.08744,57.840298,2.7528572,43.649685,39.34181,4.3078766,27.19598,25.442461,1.753519,53.81224,51.700253,2.111988,29.665789,30.39706,0.73127174,17.323826,18.554113,1.2302876,31.900225,35.18489,3.284666,39.095634,39.262825,0.16719055,81.65212,80.88056,0.77156067,69.46871,69.02957,0.43914032,108.01222,119.431366,95.684616,108.20128,104.929245,112.94507,54.53704,61.143555,36.77652,41.907097,23.915298,26.969624,49.699852,53.700653,28.667408,32.126713,17.450869,19.657358,32.42937,37.94041,37.69211,40.83354,78.12233,83.638794,67.02721,71.03194
XeDRaHj5d6BauYMYPwEltTG_rY04QrkDj7AP0WuqOzA,70b9046d4c32724ae056ccf858b4c83d,176.55,1,92.35,112.10574,114.68851,2.5827637,100.736,106.993515,6.257515,108.791176,110.07713,1.2859573,55.08744,56.60371,1.5162697,43.649685,39.159332,4.4903526,27.19598,25.49852,1.6974602,53.81224,51.599632,2.2126083,29.665789,29.474895,0.19089317,17.323826,18.382267,1.0584412,31.900225,33.742558,1.8423328,39.095634,39.139473,0.0438385,81.65212,80.441635,1.2104874,69.46871,69.94062,0.47190857,108.978935,120.39808,100.73518,113.25185,106.06922,114.085045,53.300453,59.906967,36.594044,41.72462,23.971357,27.025682,49.59923,53.600033,27.745243,31.204548,17.279022,19.485512,30.987038,36.498077,37.568756,40.71019,77.6834,83.19987,67.938255,71.942986
XeDRaHj5d6BauYMYPwEltTG_rY04QrkDj7AP0WuqOzA,e224409af5abf99b7812564b64aa0009,176.55,1,92.35,112.10574,113.69931,1.5935669,100.736,103.10746,2.37146,108.791176,109.973946,1.1827698,55.08744,57.858955,2.771515,43.649685,38.716286,4.933399,27.19598,25.180548,2.0154324,53.81224,52.87782,0.93442154,29.665789,29.834566,0.16877747,17.323826,18.380796,1.0569706,31.900225,34.572147,2.6719227,39.095634,38.927624,0.16801071,81.65212,82.80252,1.1503983,69.46871,68.69739,0.77132416,107.98974,119.40888,96.84913,109.36579,105.966034,113.98186,54.5557,61.162212,36.150997,41.281574,23.653385,26.70771,50.87742,54.87822,28.104914,31.564219,17.277552,19.484041,31.816628,37.327667,37.356907,40.49834,80.04429,85.56075,66.69502,70.69975
XeDRaHj5d6BauYMYPwEltTG_rY04QrkDj7AP0WuqOzA,b377b0c239e7ac9ed263d91adb2ef585,176.55,1,92.35,112.10574,112.075005,0.03073883,100.736,101.94949,1.2134933,108.791176,109.836365,1.0451889,55.08744,58.375977,3.288536,43.649685,40.919147,2.7305374,27.19598,26.097706,1.0982742,53.81224,51.448704,2.3635368,29.665789,30.03739,0.3716011,17.323826,18.684835,1.3610096,31.900225,34.544296,2.6440716,39.095634,38.79086,0.30477524,81.65212,80.64459,1.0075302,69.46871,69.16391,0.30480194,106.36543,117.78458,95.69116,108.207825,105.82845,113.84428,55.07272,61.679234,38.35386,43.484436,24.570543,27.624868,49.448303,53.449104,28.307737,31.767042,17.58159,19.78808,31.788776,37.299816,37.220142,40.361576,77.88636,83.402824,67.161545,71.166275
XeDRaHj5d6BauYMYPwEltTG_rY04QrkDj7AP0WuqOzA,bee98fc0fab588aa78ed246f22caef40,176.55,1,92.35,112.10574,113.30026,1.194519,100.736,103.421486,2.6854858,108.791176,109.12879,0.33761597,55.08744,57.52582,2.4383812,43.649685,39.527378,4.122307,27.19598,25.447975,1.7480049,53.81224,51.348083,2.464157,29.665789,29.618223,0.04756546,17.323826,18.053259,0.72943306,31.900225,34.21405,2.3138256,39.095634,38.997345,0.09828949,81.65212,80.22401,1.4281158,69.46871,69.28115,0.18756104,107.59069,119.009834,97.163155,109.67982,105.12088,113.1367,54.222565,60.82908,36.96209,42.092667,23.920813,26.975138,49.347683,53.348484,27.88857,31.347876,16.950014,19.156504,31.45853,36.96957,37.42663,40.56806,77.465775,82.98224,67.278786,71.283516
Q0xb8LF0NL5XCdHFaoOj5XHT0p5Do8Ei9-IDRuNYOd4,5a9e2f32ef037fb12c0fc5be928b6dea,180.0,1,94.6,113.43327,114.51989,1.0866165,104.38097,106.65332,2.2723541,109.46062,110.30316,0.84254456,55.427055,57.13406,1.7070045,38.54831,40.12429,1.5759811,26.145285,25.89277,0.2525139,53.9321,52.601112,1.330986,29.605175,29.26937,0.3358059,19.174593,18.134777,1.0398159,31.995209,33.41828,1.4230728,41.362354,39.093884,2.2684708,82.24781,82.56778,0.31996918,71.07499,70.546364,0.5286255,108.81032,120.22946,100.39499,112.91165,106.29525,114.31107,53.830803,60.437317,37.559002,42.68958,24.365608,27.419933,50.60071,54.601513,27.539717,30.999022,17.031532,19.238022,30.662762,36.1738,37.523167,40.6646,79.80955,85.32601,68.544,72.54873
Q0xb8LF0NL5XCdHFaoOj5XHT0p5Do8Ei9-IDRuNYOd4,69a299c4a80db8d90ffa26e75f86ecb9,180.0,1,94.6,113.43327,114.42996,0.99668884,104.38097,106.640236,2.2592697,109.46062,110.07713,0.6165161,55.427055,56.95017,1.5231133,38.54831,40.30522,1.7569122,26.145285,25.940557,0.20472717,53.9321,51.673523,2.2585754,29.605175,29.315342,0.28983307,19.174593,18.19573,0.97886276,31.995209,33.48194,1.4867325,41.362354,38.997345,2.3650093,82.24781,81.127525,1.120285,71.07499,70.56102,0.5139694,108.72039,120.139534,100.381905,112.89857,106.06922,114.085045,53.64691,60.253426,37.739933,42.87051,24.413395,27.46772,49.673122,53.673923,27.58569,31.044994,17.092485,19.298975,30.726421,36.23746,37.42663,40.56806,78.36929,83.88576,68.558655,72.563385
59bc2766681516389ccf4599,1edf15468c3e66182412c8f7000fb241,174.0,1,89.6,109.48937,113.84544,4.3560715,102.33253,108.13186,5.7993317,109.71575,110.337555,0.6218033,58.5692,56.084026,2.4851723,42.37447,39.549026,2.8254433,26.95492,25.427757,1.5271626,49.90762,50.914158,1.0065384,29.794752,28.4067,1.388052,19.724104,18.020945,1.7031593,32.25756,32.507126,0.24956512,36.300377,38.107048,1.8066711,80.85841,79.77286,1.085556,67.32562,68.91477,1.5891495,108.13587,119.555016,101.87353,114.39019,106.32964,114.34547,52.78077,59.387283,36.983738,42.114315,23.900595,26.95492,48.913757,52.91456,26.677048,30.136353,16.9177,19.12419,29.751606,35.262646,36.53633,39.677765,77.014626,82.53109,66.91241,70.91714
59bc2766681516389ccf4599,f67f32d2c8dce619b4f88a85678cf040,174.0,1,89.6,109.48937,112.90683,3.4174576,102.33253,103.81402,1.4814911,109.71575,107.851234,1.8645172,58.5692,56.2919,2.277298,42.37447,41.073788,1.3006821,26.95492,26.09587,0.85905075,49.90762,50.126495,0.21887589,29.794752,29.737213,0.057538986,19.724104,18.695116,1.0289879,32.25756,33.780357,1.5227966,36.300377,38.718456,2.4180794,80.85841,78.44555,2.4128647,67.32562,68.79265,1.4670258,107.19726,118.6164,97.55569,110.07235,103.84332,111.859146,52.988644,59.595158,38.5085,43.639076,24.568707,27.623032,48.126095,52.126896,28.00756,31.466866,17.591871,19.79836,31.024837,36.535877,37.14774,40.289173,75.68732,81.20378,66.79028,70.79501
59bc2766681516389ccf4599,8d2882aed77a5e3564288bd16b4e3d36,174.0,1,89.6,109.48937,113.54194,4.0525665,102.33253,105.514984,3.182457,109.71575,109.04526,0.6704941,58.5692,56.474457,2.0947418,42.37447,40.139755,2.2347145,26.95492,25.612476,1.3424435,49.90762,50.44565,0.5380287,29.794752,29.213932,0.5808201,19.724104,18.282389,1.4417152,32.25756,33.470005,1.2124443,36.300377,38.420795,2.1204185,80.85841,79.10714,1.7512741,67.32562,68.54351,1.2178879,107.83237,119.25151,99.25665,111.773315,105.037346,113.05317,53.1712,59.777714,37.574467,42.705044,24.085314,27.139639,48.445248,52.44605,27.48428,30.943584,17.179144,19.385633,30.714485,36.225525,36.85008,39.991512,76.34891,81.86537,66.541145,70.545876
59bc2766681516389ccf4599,5584364882ae18a93b2e1321ca4e8d2c,174.0,1,89.6,109.48937,112.631424,3.1420517,102.33253,105.043945,2.7114182,109.71575,109.50714,0.20861053,58.5692,56.906197,1.663002,42.37447,40.306767,2.0677032,26.95492,25.742054,1.2128658,49.90762,50.824543,0.9169235,29.794752,29.054379,0.7403736,19.724104,18.25742,1.4666843,32.25756,33.310852,1.0532913,36.300377,38.29744,1.9970627,80.85841,79.58397,1.2744446,67.32562,68.42871,1.1030884,106.92185,118.340996,98.785614,111.30228,105.49923,113.51505,53.60294,60.209454,37.741478,42.872055,24.214891,27.269217,48.824142,52.824944,27.324726,30.78403,17.154175,19.360664,30.555332,36.066372,36.726723,39.868156,76.82574,82.3422,66.426346,70.431076
59bc2766681516389ccf4599,92064911ef077ccefca82417b4f808e0,174.0,1,89.6,109.48937,113.24406,3.7546844,102.33253,104.154205,1.8216782,109.71575,109.133705,0.5820465,58.5692,56.96616,1.6030388,42.37447,39.726864,2.647606,26.95492,25.484735,1.4701843,49.90762,50.290787,0.38316727,29.794752,29.539799,0.25495338,19.724104,18.351421,1.3726826,32.25756,34.04097,1.7834091,36.300377,38.603146,2.3027687,80.85841,78.61825,2.2401657,67.32562,68.54351,1.2178879,107.534485,118.95363,97.895874,110.41254,105.12579,113.14162,53.662903,60.269417,37.161575,42.292152,23.957573,27.011898,48.290386,52.291187,27.810146,31.269451,17.248177,19.454666,31.28545,36.79649,37.03243,40.173862,75.860016,81.37648,66.541145,70.545876
59bc2766681516389ccf4599,ae07fd1eef100e08c7122c88acbc3f8e,174.0,1,89.6,109.48937,112.56398,3.0746078,102.33253,103.46728,1.1347504,109.71575,109.227066,0.4886856,58.5692,57.46719,1.1020088,42.37447,40.80162,1.5728493,26.95492,25.871634,1.0832863,49.90762,50.58872,0.68109894,29.794752,29.523573,0.2711792,19.724104,18.398422,1.3256817,32.25756,33.925583,1.6680222,36.300377,38.483814,2.1834373,80.85841,79.200676,1.6577377,67.32562,68.5142,1.1885757,106.85441,118.27355,97.20895,109.72561,105.219154,113.23498,54.163933,60.770447,38.236332,43.36691,24.344471,27.398796,48.588318,52.58912,27.79392,31.253225,17.295177,19.501667,31.170063,36.681103,36.913097,40.05453,76.442444,81.95891,66.51183,70.51656
59bc2766681516389ccf4599,b11915ff5540d3c06ba2f5ca3d45a3d2,174.0,1,89.6,109.48937,111.40617,1.9168015,102.33253,101.45883,0.8736954,109.71575,108.45562,1.2601318,58.5692,57.85096,0.71823883,42.37447,41.673794,0.70067596,26.95492,26.209824,0.7450962,49.90762,50.199993,0.29237366,29.794752,29.699352,0.09539986,19.724104,18.421923,1.3021812,32.25756,34.064842,1.8072815,36.300377,38.533424,2.2330475,80.85841,78.54611,2.3123016,67.32562,68.43604,1.1104202,105.6966,117.115746,95.2005,107.71716,104.44771,112.46353,54.547703,61.154217,39.108505,44.239082,24.682661,27.736986,48.199593,52.200394,27.9697,31.429005,17.318678,19.525167,31.309322,36.820362,36.962708,40.10414,75.78788,81.304344,66.43368,70.43841
59bc2766681516389ccf4599,3dc4eb6f0e801bad9c9a106a22800b68,174.0,1,89.6,109.48937,113.227196,3.7378235,102.33253,104.57291,2.2403793,109.71575,108.20502,1.5107346,58.5692,56.266582,2.3026161,42.37447,40.55574,1.8187294,26.95492,25.813736,1.1411839,49.90762,49.8944,0.013217926,29.794752,29.45867,0.33608246,19.724104,18.395485,1.328619,32.25756,33.63712,1.3795586,36.300377,38.61119,2.310814,80.85841,78.10138,2.7570343,67.32562,68.807304,1.4816818,107.517624,118.93677,98.314575,110.83124,104.197105,112.21293,52.963326,59.56984,37.99045,43.12103,24.286573,27.340899,47.894,51.894802,27.729017,31.188322,17.29224,19.49873,30.8816,36.39264,37.040474,40.181908,75.34315,80.85961,66.80494,70.80967
59bc2766681516389ccf4599,b7b896e5430d78739ad518ac4084e627,174.0,1,89.6,109.48937,111.9907,2.5013275,102.33253,104.52057,2.1880417,109.71575,108.52932,1.1864319,58.5692,55.896137,2.6730614,42.37447,40.69337,1.6810989,26.95492,25.87439,1.0805302,49.90762,50.77502,0.8674011,29.794752,28.8786,0.91615295,19.724104,18.44983,1.2742748,32.25756,32.614555,0.35699463,36.300377,38.09766,1.7972832,80.85841,79.57785,1.2805634,67.32562,68.531296,1.2056732,106.28113,117.70027,98.26224,110.7789,104.52141,112.53723,52.59288,59.199394,38.128082,43.25866,24.347227,27.401552,48.77462,52.77542,27.148947,30.608252,17.346584,19.553074,29.859035,35.370075,36.526943,39.668377,76.81962,82.33608,66.52893,70.53366
POrRNKsiJroy26MF_45GMYIj9GSQYqT1FHIh9ZmkcQI,2233d370f9bfb4323d524323d5be70ff,190.0,1,101.1,114.52828,113.474495,1.0537872,110.644196,105.3318,5.312393,113.41432,113.23171,0.18260956,55.623837,59.018257,3.3944206,40.300446,40.54182,0.24137497,25.481388,26.601316,1.1199284,54.994877,55.336716,0.34183884,30.708057,29.347794,1.3602638,18.792141,18.367579,0.42456245,35.885853,33.2074,2.6784515,39.34348,39.34596,0.0024795532,86.35235,87.50229,1.1499405,73.78804,73.42851,0.3595276,107.76492,119.18407,99.07347,111.59013,109.2238,117.239624,55.715,62.321514,37.976532,43.10711,25.074154,28.128479,53.336315,57.337116,27.618141,31.077446,17.264334,19.470823,30.451881,35.96292,37.77524,40.916676,84.74406,90.26052,71.42615,75.43088
POrRNKsiJroy26MF_45GMYIj9GSQYqT1FHIh9ZmkcQI,8335e1189a3f9358613eead151d7ac9e,190.0,1,101.1,114.52828,112.884346,1.6439362,110.644196,103.50653,7.137665,113.41432,112.29811,1.1162109,55.623837,59.2208,3.596962,40.300446,41.488224,1.1877785,25.481388,26.978106,1.4967175,54.994877,55.14491,0.15003204,30.708057,29.626337,1.0817204,18.792141,18.490955,0.3011856,35.885853,33.41629,2.4695625,39.34348,39.33255,0.010929108,86.35235,87.453384,1.1010361,73.78804,73.22334,0.56469727,107.174774,118.59392,97.2482,109.76486,108.2902,116.30602,55.91754,62.524055,38.922935,44.053513,25.450943,28.505268,53.14451,57.14531,27.896685,31.35599,17.38771,19.5942,30.66077,36.17181,37.761833,40.903267,84.69515,90.21162,71.22098,75.22571
0qRH3UAnRSlRrPNxpd94zBYVRZViXIJ98JiQOkF9TOY,d985648bd07957b64e3724e3928f357f,161.0,0,75.6,99.617775,104.93705,5.319275,89.17278,95.37133,6.1985474,108.14351,109.35482,1.2113113,60.243343,57.97888,2.2644615,39.716587,38.7302,0.98638535,24.41597,23.54657,0.8694,44.67103,45.894173,1.2231445,27.057537,26.027935,1.029602,16.63929,16.213608,0.42568207,34.021503,31.555185,2.4663181,33.483463,34.08863,0.6051674,70.70781,72.76723,2.0594177,61.806686,61.245316,0.56137085,99.22748,110.64662,89.113,101.62966,105.34691,113.36273,54.675625,61.28214,36.164913,41.29549,22.019407,25.073732,43.893772,47.894573,24.298283,27.757587,15.110363,17.316853,28.799665,34.310707,32.517914,35.659348,70.008995,75.52546,59.24295,63.24768
0qRH3UAnRSlRrPNxpd94zBYVRZViXIJ98JiQOkF9TOY,ee0d23b349f1b3c5dcb52aaa0bd54d63,161.0,0,75.6,99.617775,103.9872,4.369423,89.17278,93.199326,4.0265427,108.14351,108.38191,0.23840332,60.243343,58.39463,1.8487129,39.716587,39.632534,0.08405304,24.41597,23.77609,0.6398792,44.67103,45.53257,0.86154175,27.057537,26.263546,0.7939911,16.63929,16.20259,0.4366989,34.021503,31.742191,2.2793121,33.483463,34.2683,0.7848358,70.70781,72.048325,1.3405151,61.806686,61.186695,0.6199913,98.277626,109.69677,86.940994,99.45766,104.374,112.389824,55.091373,61.697887,37.067245,42.197823,22.248928,25.303253,43.53217,47.53297,24.533894,27.993198,15.099346,17.305836,28.986671,34.49771,32.697582,35.839016,69.29009,74.80656,59.18433,63.18906
Td4mIqilWGsvkJvnFS4iNgYNa1DPtYC1niRK-azjLvE,7afc844f114d0b89a71d8654b489236d,182.0,1,94.9,114.98216,111.20946,3.772705,95.11942,96.08443,0.96500397,106.67251,108.263985,1.5914764,61.8333,59.58058,2.2527199,38.274445,40.373264,2.0988197,25.262346,26.014078,0.7517319,51.2095,52.924984,1.7154846,30.336716,30.789183,0.45246696,18.063396,18.344078,0.2806816,34.676647,35.73397,1.0573235,39.62413,39.439816,0.18431473,82.26245,83.26223,0.99977875,68.34755,69.73789,1.3903427,105.499886,116.91903,89.826096,102.34276,104.25607,112.2719,56.277325,62.88384,37.807976,42.938553,24.486916,27.54124,50.924583,54.925385,29.05953,32.518837,17.240833,19.447323,32.97845,38.48949,37.8691,41.010532,80.504,86.02046,67.73553,71.74026
Td4mIqilWGsvkJvnFS4iNgYNa1DPtYC1niRK-azjLvE,cdede9a23e44042c52b791b83663e81f,182.0,1,94.9,114.98216,110.771065,4.2110977,95.11942,97.51389,2.3944702,106.67251,109.22215,2.5496445,61.8333,59.202145,2.631157,38.274445,39.524284,1.2498398,25.262346,25.67313,0.41078377,51.2095,53.39035,2.180851,30.336716,30.161787,0.17492867,18.063396,18.170761,0.107364655,34.676647,34.898415,0.22176743,39.62413,39.222603,0.4015274,82.26245,83.80508,1.5426254,68.34755,70.18976,1.8422089,105.06149,116.48064,91.25556,103.772224,105.21424,113.230064,55.898888,62.5054,36.958996,42.089573,24.145967,27.200293,51.38995,55.39075,28.432135,31.89144,17.067516,19.274006,32.142895,37.653934,37.651886,40.79332,81.046844,86.56331,68.18739,72.19212
EPzw1EmMy4-2WqBb_LB-GwiPzhsgyqRtkH3DpJl0O7U,c5346dcdfc81cb1b59b1a6abec2a3c44,171.0,1,86.4,107.91435,110.99026,3.0759048,102.08191,101.79248,0.2894287,109.640724,107.92003,1.7206955,57.026493,56.22927,0.79722214,40.85393,38.46731,2.3866196,25.99277,24.658098,1.334671,46.720535,48.601475,1.8809395,29.297968,28.282303,1.015665,18.944115,17.321804,1.6223106,33.66166,33.004482,0.657177,36.807217,37.720894,0.9136772,72.56975,75.78222,3.212471,67.980415,67.59827,0.38214874,105.280685,116.69983,95.53415,108.05081,103.91212,111.92794,52.926014,59.532528,35.902023,41.0326,23.130936,26.18526,46.601074,50.601875,26.55265,30.011955,16.21856,18.425049,30.248962,35.760002,36.150177,39.29161,73.02399,78.54045,65.5959,69.60063
EPzw1EmMy4-2WqBb_LB-GwiPzhsgyqRtkH3DpJl0O7U,f98e5fae3573a7382731290d034ec06f,171.0,1,86.4,107.91435,109.388435,1.474083,102.08191,100.36629,1.715622,109.640724,108.11166,1.529068,57.026493,57.48318,0.45668793,40.85393,41.00884,0.15490723,25.99277,25.554579,0.43819046,46.720535,48.521294,1.8007584,29.297968,28.623043,0.67492485,18.944115,17.721313,1.2228012,33.66166,33.066154,0.59550476,36.807217,37.691395,0.88417816,72.56975,75.56948,2.999733,67.980415,67.798546,0.1818695,103.67886,115.09801,94.107956,106.62462,104.103745,112.11957,54.179924,60.786438,38.44355,43.574127,24.027416,27.081741,46.520893,50.521694,26.89339,30.352695,16.618069,18.824558,30.310635,35.821674,36.120678,39.26211,72.81125,78.32771,65.79618,69.80091
Ch6e6Z9FIyS6tVflcxYh8mvH-bpXl_wjt47fAAVvo9w,d7c30d947cd18be93c9e1a54a5c3c243,173.0,1,87.6,111.9989,111.361206,0.6376953,104.92553,102.19155,2.7339783,107.194565,108.07726,0.88269806,56.645653,56.72764,0.08198547,39.03386,39.579956,0.5460968,24.712406,25.248552,0.53614616,50.92155,49.55579,1.3657608,28.558447,28.867783,0.3093357,16.82338,17.755096,0.9317169,33.048615,33.41629,0.36767578,38.48343,38.155315,0.32811356,76.96075,77.38325,0.4225006,69.67318,68.09165,1.5815277,105.651634,117.07078,95.93322,108.44988,104.06935,112.085175,53.42438,60.030895,37.014668,42.145245,23.72139,26.775715,47.55539,51.55619,27.13813,30.597435,16.651852,18.858341,30.66077,36.17181,36.5846,39.726032,74.625015,80.14148,66.08929,70.09402
Ch6e6Z9FIyS6tVflcxYh8mvH-bpXl_wjt47fAAVvo9w,740dfaa66d03e47ff769ab4bbeb6b54c,173.0,1,87.6,111.9989,111.00712,0.99178314,104.92553,101.57659,3.348938,107.194565,107.539215,0.34465027,56.645653,56.774277,0.12862396,39.03386,40.356255,1.3223953,24.712406,25.533442,0.8210354,50.92155,49.353764,1.5677872,28.558447,28.99353,0.4350834,16.82338,17.88288,1.0594997,33.048615,33.38844,0.33982468,38.48343,38.237106,0.24632263,76.96075,76.996284,0.03553772,69.67318,68.13073,1.54245,105.29755,116.71669,95.31826,107.83492,103.5313,111.54713,53.47102,60.077534,37.790966,42.921543,24.006279,27.060604,47.353363,51.354164,27.263878,30.723183,16.779634,18.986124,30.63292,36.14396,36.66639,39.807823,74.23805,79.75452,66.128365,70.133095
aG_54Gu9ePArDNEocde5SJNO6j6uCeQkV7knx7MdUrk,574ff918e7a0c08118779126cbfdbc5c,179.5,1,92.4,113.33525,112.70449,0.6307602,96.01963,101.615845,5.5962143,106.29546,107.937225,1.6417618,58.80189,57.269978,1.5319138,40.523457,40.21398,0.30947495,26.663183,25.8652,0.79798317,51.437492,52.138893,0.70140076,31.844,29.788593,2.0554066,18.376932,18.174433,0.20249939,33.685757,34.11458,0.42882156,39.27156,39.077793,0.19376755,82.76791,81.97603,0.79187775,67.67543,69.61577,1.9403381,106.99492,118.41406,95.35751,107.874176,103.92931,111.94514,53.96672,60.573235,37.648693,42.77927,24.338037,27.392363,50.138493,54.139294,28.05894,31.518246,17.071188,19.277678,31.359058,36.8701,37.507076,40.64851,79.2178,84.73426,67.6134,71.61813
aG_54Gu9ePArDNEocde5SJNO6j6uCeQkV7knx7MdUrk,6937b268c59468c5e8d62b0ca43a5e8c,179.5,1,92.4,113.33525,111.55231,1.7829437,96.01963,100.80461,4.784981,106.29546,108.27381,1.9783478,58.80189,57.731033,1.070858,40.523457,40.863476,0.34001923,26.663183,26.127115,0.53606796,51.437492,52.13103,0.69353867,31.844,29.596588,2.2474117,18.376932,18.178839,0.19809341,33.685757,33.788315,0.102558136,39.27156,38.924942,0.34661865,82.76791,81.85132,0.9165878,67.67543,69.89177,2.216339,105.842735,117.26188,94.54628,107.06294,104.2659,112.28172,54.427776,61.03429,38.298187,43.428764,24.599953,27.654278,50.13063,54.13143,27.866936,31.32624,17.075594,19.282084,31.032795,36.543835,37.354225,40.49566,79.09309,84.60955,67.889404,71.894135
aG_54Gu9ePArDNEocde5SJNO6j6uCeQkV7knx7MdUrk,c2860c163c78d5005637e7b0e0749af0,179.5,1,92.4,113.33525,112.091866,1.2433853,96.01963,102.2766,6.2569733,106.29546,108.981384,2.6859207,58.80189,57.688393,1.1134987,40.523457,40.246456,0.27700043,26.663183,25.697023,0.9661598,51.437492,51.804016,0.36652374,31.844,29.12469,2.7193108,18.376932,17.746283,0.63064957,33.685757,33.470005,0.21575165,39.27156,38.64069,0.6308708,82.76791,81.462524,1.3053818,67.67543,69.79652,2.1210861,106.38229,117.80144,96.01827,108.534935,104.97347,112.989296,54.385136,60.99165,37.681168,42.811745,24.16986,27.224186,49.803616,53.804417,27.395037,30.854342,16.643038,18.849527,30.714485,36.225525,37.069973,40.211407,78.70429,84.22076,67.79415,71.79888
aG_54Gu9ePArDNEocde5SJNO6j6uCeQkV7knx7MdUrk,a3f705ff656c1478ad927eecf1cdf5b7,179.5,1,92.4,113.33525,112.631424,0.7038269,96.01963,102.23735,6.21772,106.29546,108.73078,2.435318,58.80189,57.62976,1.1721306,40.523457,40.442852,0.08060455,26.663183,25.817413,0.8457699,51.437492,52.127888,0.69039536,31.844,29.396471,2.4475288,18.376932,17.948975,0.42795753,33.685757,33.73858,0.052822113,39.27156,38.774773,0.49678802,82.76791,82.10074,0.66716766,67.67543,69.679276,2.0038452,106.92185,118.340996,95.97902,108.49568,104.72287,112.73869,54.326504,60.933018,37.877563,43.00814,24.29025,27.344576,50.127487,54.12829,27.666819,31.126123,16.84573,19.05222,30.983059,36.4941,37.204056,40.34549,79.34251,84.85897,67.67691,71.68164
aG_54Gu9ePArDNEocde5SJNO6j6uCeQkV7knx7MdUrk,46501c976579ca07f664007456bbd614,179.5,1,92.4,113.33525,112.40661,0.9286423,96.01963,101.22985,5.2102203,106.29546,108.372086,2.076622,58.80189,57.70438,1.0975113,40.523457,40.458317,0.06513977,26.663183,25.942396,0.72078705,51.437492,52.02884,0.59134674,31.844,29.856201,1.9877987,18.376932,18.230982,0.14595032,33.685757,34.269756,0.58399963,39.27156,38.965168,0.30639267,82.76791,81.87577,0.8921356,67.67543,69.68416,2.008728,106.69704,118.11618,94.97152,107.48818,104.364174,112.38,54.401123,61.007637,37.89303,43.023605,24.415234,27.469559,50.02844,54.02924,28.126549,31.585854,17.127737,19.334227,31.514236,37.025276,37.39445,40.535885,79.11754,84.634,67.68179,71.68652
aG_54Gu9ePArDNEocde5SJNO6j6uCeQkV7knx7MdUrk,6f08333a6260a381f198a1c74c3cf43e,179.5,1,92.4,113.33525,110.82727,2.5079803,96.01963,97.38305,1.3634186,106.29546,107.66451,1.3690491,58.80189,58.89033,0.08843994,40.523457,40.755226,0.23176956,26.663183,26.059109,0.6040745,51.437492,52.20492,0.76742935,31.844,30.083363,1.7606373,18.376932,17.9666,0.41033173,33.685757,34.850666,1.1649094,39.27156,39.07243,0.19913101,82.76791,82.09829,0.6696167,67.67543,69.337326,1.6618958,105.1177,116.53684,91.12472,103.64138,103.6566,111.672424,55.587074,62.19359,38.189938,43.320515,24.531946,27.586271,50.20452,54.205322,28.35371,31.813015,16.863356,19.069845,32.095146,37.606186,37.501713,40.643147,79.34006,84.85652,67.33496,71.33969
aG_54Gu9ePArDNEocde5SJNO6j6uCeQkV7knx7MdUrk,a303d6c6db04c3236b0bf2ca45c2b6c1,179.5,1,92.4,113.33525,111.61413,1.7211227,96.01963,100.398994,4.379364,106.29546,108.22958,1.9341202,58.80189,58.034847,0.76704407,40.523457,40.348522,0.17493439,26.663183,25.844982,0.81820107,51.437492,52.44704,1.0095482,31.844,29.396471,2.4475288,18.376932,17.763174,0.6137581,33.685757,33.9037,0.2179451,39.27156,38.798904,0.47265625,82.76791,82.58489,0.18301392,67.67543,69.3642,1.6887665,105.90456,117.3237,94.14066,106.657326,104.22167,112.237495,54.73159,61.338104,37.783234,42.91381,24.31782,27.372145,50.44664,54.44744,27.666819,31.126123,16.65993,18.866419,31.148182,36.65922,37.228188,40.36962,79.82666,85.343124,67.36183,71.36656
MjymGihCG7nyeic8DITCiZw4B1jxJ3mfz7RoNe_CpRA,91e8502e507d57022ce01f13f0c05771,162.85,0,75.95,108.89686,107.45501,1.4418488,96.89744,96.882576,0.014862061,107.74017,108.97155,1.2313766,55.870403,57.102077,1.2316742,36.412067,37.566628,1.1545601,23.698698,23.256166,0.4425316,49.30148,47.370453,1.9310265,25.019716,26.057005,1.0372887,16.199749,16.387474,0.18772507,28.200813,31.523354,3.3225403,35.204308,34.382267,0.82204056,76.001,75.28828,0.7127228,61.174805,61.128075,0.04673004,101.74544,113.16458,90.624245,103.14091,104.96364,112.97946,53.79882,60.405334,35.00134,40.131916,21.729004,24.783329,45.370052,49.370853,24.327353,27.786657,15.284229,17.490719,28.767834,34.278873,32.81155,35.952984,72.530045,78.04651,59.12571,63.13044
MjymGihCG7nyeic8DITCiZw4B1jxJ3mfz7RoNe_CpRA,a9074f9c508be1a0bd074d7850339a0e,162.85,0,75.95,108.89686,105.9403,2.9565582,96.89744,93.941864,2.955574,107.74017,107.67434,0.065834045,55.870403,57.222004,1.3516006,36.412067,38.11628,1.7042122,23.698698,23.600332,0.09836578,49.30148,47.464783,1.8366966,25.019716,26.711952,1.692236,16.199749,16.719925,0.52017593,28.200813,32.02668,3.8258667,35.204308,34.642384,0.561924,76.001,75.457,0.5439987,61.174805,61.09144,0.083366394,100.23073,111.64987,87.68353,100.200195,103.66643,111.68225,53.918747,60.52526,35.55099,40.68157,22.07317,25.127495,45.464382,49.465183,24.9823,28.441605,15.61668,17.82317,29.27116,34.7822,33.071667,36.2131,72.69877,78.21523,59.089073,63.093803
MjymGihCG7nyeic8DITCiZw4B1jxJ3mfz7RoNe_CpRA,89e7b97467204eb0a9374071000e3fc5,162.85,0,75.95,108.89686,107.151505,1.7453537,96.89744,96.76808,0.12935638,107.74017,109.56611,1.8259354,55.870403,57.104744,1.2343407,36.412067,35.992283,0.41978455,23.698698,22.798506,0.90019226,49.30148,48.64471,0.6567688,25.019716,25.733505,0.713789,16.199749,16.227928,0.028179169,28.200813,31.408962,3.208149,35.204308,34.14226,1.062046,76.001,77.53485,1.5338516,61.174805,60.58584,0.58896637,101.44193,112.86108,90.50975,103.02641,105.5582,113.57402,53.801487,60.408,33.426994,38.55757,21.271343,24.325668,46.64431,50.64511,24.003853,27.463158,15.124683,17.331173,28.653442,34.164482,32.571545,35.71298,74.77662,80.29308,58.583473,62.588203
MjymGihCG7nyeic8DITCiZw4B1jxJ3mfz7RoNe_CpRA,50fd773e5ca738d5e76b8882e939ad06,162.85,0,75.95,108.89686,107.19085,1.7060089,96.89744,97.31109,0.4136505,107.74017,108.642334,0.90216064,55.870403,56.463795,0.5933914,36.412067,36.482494,0.07042694,23.698698,22.951979,0.74671936,49.30148,48.01662,1.2848587,25.019716,25.893734,0.8740177,16.199749,16.27346,0.073711395,28.200813,31.214497,3.0136833,35.204308,34.43322,0.77108765,76.001,76.3703,0.36930084,61.174805,61.440716,0.2659111,101.48128,112.90042,91.05276,103.56942,104.63442,112.650246,53.160538,59.76705,33.917206,39.047783,21.424816,24.479141,46.01622,50.01702,24.164082,27.623386,15.170216,17.376705,28.458977,33.970016,32.862503,36.003937,73.61207,79.12853,59.43835,63.44308
MjymGihCG7nyeic8DITCiZw4B1jxJ3mfz7RoNe_CpRA,5352dfa7072e03355d6aadd9ebf9951e,162.85,0,75.95,108.89686,108.736465,0.16039276,96.89744,99.07748,2.1800385,107.74017,107.62275,0.11742401,55.870403,55.28184,0.588562,36.412067,35.421658,0.99040985,23.698698,22.609194,1.0895042,49.30148,47.90028,1.4011993,25.019716,25.758518,0.73880196,16.199749,16.101614,0.098134995,28.200813,31.09911,2.8982964,35.204308,34.65043,0.5538788,76.001,76.12089,0.119888306,61.174805,60.930233,0.24457169,103.02689,114.44604,92.819145,105.33581,103.61484,111.63066,51.978584,58.5851,32.85637,37.986946,21.082031,24.136356,45.89988,49.90068,24.028866,27.48817,14.998369,17.204859,28.34359,33.85463,33.079712,36.221146,73.362656,78.87912,58.927868,62.9326
MjymGihCG7nyeic8DITCiZw4B1jxJ3mfz7RoNe_CpRA,fd02ebaf7e89d9c3abc7b1cc183b9739,162.85,0,75.95,108.89686,107.38475,1.5121078,96.89744,96.34284,0.55459595,107.74017,108.55881,0.81863403,55.870403,56.7916,0.921196,36.412067,36.88379,0.47172165,23.698698,23.113722,0.5849762,49.30148,47.85783,1.4436493,25.019716,26.24039,1.2206745,16.199749,16.473398,0.27364922,28.200813,31.754128,3.5533142,35.204308,34.364838,0.8394699,76.001,76.37152,0.37052155,61.174805,60.83009,0.34471512,101.67518,113.09432,90.08451,102.60117,104.550896,112.56672,53.488342,60.094856,34.3185,39.449078,21.58656,24.640884,45.85743,49.85823,24.510738,27.970043,15.370153,17.576643,28.998608,34.509647,32.79412,35.935555,73.61329,79.12975,58.827724,62.832455
MjymGihCG7nyeic8DITCiZw4B1jxJ3mfz7RoNe_CpRA,ef6de55408c4d36845460a839f9fb146,162.85,0,75.95,108.89686,109.096176,0.19931793,96.89744,98.874664,1.9772263,107.74017,107.082245,0.65792847,55.870403,55.088627,0.7817764,36.412067,37.088688,0.6766205,23.698698,23.281439,0.41725922,49.30148,47.18808,2.1133995,25.019716,26.377802,1.3580856,16.199749,16.708275,0.50852585,28.200813,31.334856,3.1340427,35.204308,34.852222,0.3520851,76.001,75.10733,0.8936691,61.174805,61.597034,0.42222977,103.386604,114.80575,92.61633,105.132996,103.07433,111.09016,51.78537,58.391884,34.5234,39.653976,21.754276,24.808601,45.18768,49.18848,24.64815,28.107454,15.60503,17.81152,28.579336,34.090378,33.281506,36.42294,72.3491,77.86556,59.59467,63.5994
MjymGihCG7nyeic8DITCiZw4B1jxJ3mfz7RoNe_CpRA,f81a7848f8a22ea414f692fab97774ba,162.85,0,75.95,108.89686,108.07326,0.82360077,96.89744,97.252205,0.35476685,107.74017,106.14127,1.5988998,55.870403,55.134598,0.7358055,36.412067,37.39294,0.9808731,23.698698,23.395855,0.3028431,49.30148,47.46793,1.8335495,25.019716,26.605343,1.5856266,16.199749,16.777758,0.57800865,28.200813,31.47909,3.2782764,35.204308,34.9796,0.22470856,76.001,75.43255,0.5684509,61.174805,61.399193,0.22438812,102.363686,113.78283,90.99387,103.51054,102.13336,110.149185,51.83134,58.437855,34.827652,39.95823,21.868692,24.923018,45.46753,49.46833,24.87569,28.334995,15.674513,17.881002,28.72357,34.23461,33.408882,36.550316,72.67432,78.19078,59.396828,63.401558
MjymGihCG7nyeic8DITCiZw4B1jxJ3mfz7RoNe_CpRA,807e70cf58e68ed0a7b2b95febaae797,162.85,0,75.95,108.89686,108.6353,0.26155853,96.89744,95.27647,1.6209717,107.74017,105.67202,2.0681534,55.870403,55.183903,0.68650055,36.412067,36.419094,0.0070266724,23.698698,23.196432,0.50226593,49.30148,48.015835,1.2856445,25.019716,27.19281,2.1730938,16.199749,17.16134,0.9615917,28.200813,32.40865,4.207836,35.204308,35.153904,0.050403595,76.001,76.305504,0.3045044,61.174805,60.541874,0.63293076,102.92573,114.34487,89.018135,101.5348,101.66411,109.67993,51.880646,58.48716,33.853806,38.984383,21.66927,24.723595,46.015434,50.016235,25.463158,28.922462,16.058096,18.264585,29.65313,35.16417,33.583187,36.72462,73.54727,79.063736,58.53951,62.54424
5a1c461fe7cb790004827640,c54ea949e669383a673922b6c84d7af6,172.5,1,86.8,103.20253,107.71074,4.508209,89.39432,91.27919,1.8848724,106.909676,105.893135,1.0165405,60.019905,59.60457,0.4153366,41.745163,41.02121,0.72395325,27.355162,26.127115,1.2280464,50.33036,49.94176,0.3885994,30.894281,30.978483,0.08420181,18.570911,18.423391,0.14752007,36.322823,36.302948,0.019874573,38.72333,39.17165,0.44831848,75.44647,77.42664,1.9801712,70.352295,67.86205,2.490242,102.00117,113.42031,85.02086,97.53752,101.88522,109.90105,56.30131,62.907825,38.45592,43.5865,24.599953,27.654278,47.94136,51.94216,29.24883,32.708138,17.320147,19.526636,33.54743,39.058468,37.600933,40.742367,74.66841,80.184875,65.85969,69.86442
4loafOx5K1rLjyttpQw024OkgHFEIcG27Y2jCdudQJ8,f7ee7d3db556de65ce3fb6cee90e9255,170.5,1,84.8,105.37976,110.4788,5.099037,99.201706,102.42053,3.2188263,108.252144,107.55641,0.6957321,56.527733,56.08003,0.44770432,40.75679,39.0217,1.7350883,24.886665,24.849249,0.037416458,49.927525,49.42068,0.50684357,28.174374,28.172777,0.0015964508,17.00185,17.365133,0.36328316,31.900204,32.58571,0.6855049,37.246033,37.66592,0.41988754,78.42345,77.10632,1.3171234,67.18536,67.11709,0.06827545,104.769226,116.18837,96.1622,108.67886,103.5485,111.56432,52.77677,59.383286,36.456413,41.58699,23.322086,26.376411,47.42028,51.42108,26.443125,29.90243,16.261889,18.468378,29.830189,35.34123,36.095203,39.236637,74.34809,79.864555,65.11472,69.11945
4loafOx5K1rLjyttpQw024OkgHFEIcG27Y2jCdudQJ8,9c77149724498d2fdd7b903f64333466,170.5,1,84.8,105.37976,110.52939,5.1496277,99.201706,100.634514,1.4328079,108.252144,106.49751,1.754631,56.527733,56.353195,0.17453766,40.75679,39.700577,1.0562134,24.886665,25.092783,0.20611763,49.927525,49.505627,0.4218979,28.174374,28.650085,0.47571182,17.00185,17.52523,0.5233803,31.900204,33.0761,1.1758957,37.246033,37.95151,0.70547867,78.42345,77.3001,1.1233444,67.18536,66.885056,0.30030823,104.81982,116.23896,94.37618,106.892845,102.4896,110.505424,53.04994,59.656452,37.13529,42.265865,23.56562,26.619946,47.505226,51.506027,26.920433,30.379738,16.421986,18.628475,30.32058,35.83162,36.380795,39.52223,74.54187,80.058334,64.88269,68.88742
Nd9tQGPzZWHmXztXwfqP_CNNVoQ5a-YgEhcOnNMObTQ,b38dc38bb2c4b7625182e44ba402207f,163.5,0,75.6,107.90236,104.597015,3.3053436,93.86033,94.14794,0.28761292,114.94191,108.89785,6.0440598,54.789608,57.01413,2.2245216,36.08423,35.42475,0.65947723,23.532368,22.572433,0.95993423,49.011597,48.144756,0.86684036,24.37355,25.466455,1.092905,15.522859,15.875053,0.3521948,31.339886,31.153818,0.18606758,35.261623,33.947845,1.3137779,79.79933,76.71019,3.0891418,58.924484,60.756813,1.8323288,98.88744,110.30659,87.88961,100.40627,104.88994,112.90576,53.710873,60.317387,32.859463,37.99004,21.04527,24.099596,46.144356,50.145157,23.736803,27.196108,14.771809,16.978298,28.398298,33.90934,32.37713,35.518562,73.95196,79.46842,58.754448,62.75918
Nd9tQGPzZWHmXztXwfqP_CNNVoQ5a-YgEhcOnNMObTQ,22e59aae0b74a33de9e216fb67cb68ab,163.5,0,75.6,107.90236,106.260666,1.6416931,93.86033,96.23489,2.3745651,114.94191,107.49254,7.4493713,54.789608,55.616306,0.8266983,36.08423,35.638157,0.44607162,23.532368,22.686388,0.8459797,49.011597,48.42775,0.58384705,24.37355,25.532034,1.1584835,15.522859,16.058285,0.53542614,31.339886,30.768616,0.57127,35.261623,34.170418,1.0912056,79.79933,77.25365,2.5456848,58.924484,60.605377,1.680893,100.551094,111.97024,89.97656,102.493225,103.48463,111.50045,52.31305,58.919563,33.07287,38.203445,21.159225,24.21355,46.42735,50.42815,23.802382,27.261686,14.95504,17.16153,28.013096,33.524136,32.5997,35.741135,74.495415,80.01188,58.603012,62.607742
EZf8GCv7WZ5l8j5itthrmnOTBx1GAYks9lIEXm7yFd0,7507dfe054a530d608d19fbd222795dc,171.0,1,85.0,117.73627,111.83333,5.902939,109.5879,103.41494,6.1729584,106.84943,106.54665,0.30277252,52.24202,55.010006,2.7679863,36.495567,38.704685,2.209118,23.536867,24.769756,1.2328892,50.619953,49.29422,1.3257332,26.788893,28.302584,1.513691,16.86556,17.444448,0.57888794,31.486124,32.563824,1.0776997,38.90165,37.888493,1.0131569,77.659256,77.05986,0.59939575,67.60328,67.19769,0.40558624,106.12376,117.5429,97.15661,109.67327,102.53874,110.554565,51.70675,58.313263,36.139397,41.269974,23.242594,26.296919,47.29382,51.29462,26.572931,30.032236,16.341204,18.547693,29.808304,35.319344,36.317776,39.45921,74.30163,79.81809,65.19533,69.20006
EZf8GCv7WZ5l8j5itthrmnOTBx1GAYks9lIEXm7yFd0,712eb07c69189cecd462d4a92d6c978e,171.0,1,85.0,117.73627,111.40617,6.3300934,109.5879,104.55982,5.028076,106.84943,107.77261,0.92318726,52.24202,55.04865,2.8066292,36.495567,38.221436,1.7258682,23.536867,24.56298,1.0261135,50.619953,48.620342,1.9996109,26.788893,27.66099,0.872097,16.86556,17.07872,0.21315956,31.486124,32.05652,0.5703945,38.90165,37.542564,1.3590851,77.659256,75.89226,1.7669983,67.60328,67.67642,0.073143005,105.6966,117.115746,98.30149,110.81815,103.7647,111.780525,51.74539,58.351906,35.656147,40.786724,23.035818,26.090143,46.61994,50.620743,25.931337,29.390642,15.975475,18.181965,29.300999,34.81204,35.971848,39.11328,73.134026,78.65049,65.67406,69.67879
Z06eP0fGE6r4C4mNVvfMny0ZwN8WwHX5W10iRv6cmU8,21b1949c62d5c7a98373e0639a85f44a,185.0,1,95.3,108.99378,111.14201,2.1482315,91.74271,99.973755,8.231049,105.22313,109.40395,4.1808243,57.934704,57.61377,0.3209343,40.494247,39.93099,0.5632591,26.366327,26.457954,0.09162712,56.24334,55.02857,1.2147713,31.680984,29.780481,1.9005032,19.906103,18.746525,1.1595783,35.095367,33.434196,1.661171,40.753407,39.541718,1.211689,85.574554,86.50462,0.93006897,73.08472,72.265884,0.8188324,105.43244,116.851585,93.71542,106.232086,105.39604,113.411865,54.310513,60.917027,37.3657,42.496277,24.930792,27.985117,53.028168,57.02897,28.050829,31.510134,17.64328,19.84977,30.678677,36.189716,37.971,41.112434,83.74639,89.262856,70.26352,74.26825
6QUZA0v5ZRqi_OjovOS4Qi0KJvsOSqlt1I1U6Dy4gAM,5b9a7b5fd5f1a19182e6230338d906bb,174.0,1,87.0,108.77547,110.74296,1.9674911,99.044395,101.32144,2.2770462,109.20675,107.197716,2.0090332,54.753773,56.235935,1.4821625,38.30161,39.19954,0.89793015,25.207033,25.129084,0.077949524,48.764675,49.60741,0.8427353,28.508247,28.675777,0.16753006,17.853819,17.554607,0.2992115,31.254892,33.10395,1.8490582,39.218822,38.124477,1.0943451,76.21255,77.580086,1.3675385,70.34991,68.260185,2.0897217,105.03339,116.45253,95.06311,107.57977,103.189804,111.20563,52.93268,59.539192,36.63425,41.764828,23.601921,26.656246,47.60701,51.60781,26.946125,30.40543,16.451363,18.657852,30.34843,35.85947,36.55376,39.695194,74.82185,80.33832,66.25782,70.26255
6QUZA0v5ZRqi_OjovOS4Qi0KJvsOSqlt1I1U6Dy4gAM,1c45c070698c8d2675750bb1be3eebad,174.0,1,87.0,108.77547,111.439896,2.6644287,99.044395,101.58313,2.5387344,109.20675,105.878395,3.328354,54.753773,55.645622,0.8918495,38.30161,40.04697,1.7453613,25.207033,25.456247,0.24921417,48.764675,49.8211,1.0564232,28.508247,28.836681,0.328434,17.853819,17.677984,0.17583466,31.254892,32.990555,1.7356625,39.218822,38.40873,0.8100929,76.21255,77.91295,1.7004013,70.34991,68.204,2.1459045,105.73032,117.14947,95.3248,107.84146,101.87048,109.88631,52.342365,58.94888,37.48168,42.61226,23.929085,26.98341,47.820698,51.8215,27.107029,30.566334,16.57474,18.781229,30.235035,35.746075,36.838013,39.979446,75.15472,80.67118,66.20164,70.20637
EU_UtqmsPy2xW35iJcsFplr9CMI5BDH-Is0qi5fVYlQ,47b90ce3589e7cdcf641fee0ba69d0f2,177.0,1,88.9,113.53131,109.32099,4.2103195,100.04561,100.942,0.8963928,108.86702,108.1608,0.70622253,59.505375,57.110073,2.3953018,41.6667,41.553173,0.11352539,26.455986,26.14917,0.3068161,50.631195,51.234886,0.6036911,28.664078,28.291767,0.37231064,18.03432,17.7808,0.25352097,32.294445,31.96998,0.3244648,37.755634,37.987713,0.23207855,79.78475,80.27047,0.48571777,67.81419,69.40083,1.5866394,103.61142,115.03056,94.68367,107.20033,104.152885,112.16871,53.806816,60.41333,38.987885,44.11846,24.622007,27.676332,49.234486,53.235287,26.562115,30.02142,16.677555,18.884045,29.21446,34.725502,36.416996,39.55843,77.51224,83.0287,67.39847,71.4032
EU_UtqmsPy2xW35iJcsFplr9CMI5BDH-Is0qi5fVYlQ,3cbd1a8f01e1bafe51b37e03041d8f0f,177.0,1,88.9,113.53131,109.899895,3.6314163,100.04561,101.75323,1.7076187,108.86702,107.988815,0.87820435,59.505375,56.695656,2.809719,41.6667,41.064507,0.6021919,26.455986,25.931368,0.52461815,50.631195,50.925163,0.2939682,28.664078,28.339092,0.3249855,18.03432,17.749954,0.2843666,32.294445,32.06945,0.22499466,37.755634,38.076206,0.3205719,79.78475,79.69584,0.088912964,67.81419,69.48387,1.6696777,104.19032,115.60947,95.494896,108.01156,103.9809,111.99673,53.3924,59.998913,38.499218,43.629795,24.404205,27.45853,48.924763,52.925564,26.60944,30.068745,16.64671,18.853199,29.31393,34.82497,36.50549,39.646923,76.93761,82.45407,67.48151,71.48624
EU_UtqmsPy2xW35iJcsFplr9CMI5BDH-Is0qi5fVYlQ,adc989809e871832aed54c4838daafcb,177.0,1,88.9,113.53131,110.71486,2.816452,100.04561,104.14113,4.09552,108.86702,109.241806,0.37478638,59.505375,56.461132,3.0442429,41.6667,39.997486,1.6692123,26.455986,25.683239,0.77274704,50.631195,51.594917,0.9637222,28.664078,28.114635,0.5494423,18.03432,17.718376,0.31594467,32.294445,31.890404,0.4040413,37.755634,38.105705,0.35007095,79.78475,80.76685,0.98210144,67.81419,69.79896,1.9847641,105.00529,116.42443,97.8828,110.39946,105.233894,113.24972,53.157875,59.76439,37.432198,42.562775,24.156076,27.210402,49.594517,53.595318,26.384983,29.844288,16.615131,18.82162,29.134884,34.645924,36.53499,39.676422,78.00862,83.525085,67.79659,71.80132
EU_UtqmsPy2xW35iJcsFplr9CMI5BDH-Is0qi5fVYlQ,7d83f7ea44e2d9b1becc990f19febc67,177.0,1,88.9,113.53131,109.4896,4.04171,100.04561,99.58122,0.464386,108.86702,107.66697,1.2000504,59.505375,57.512497,1.992878,41.6667,40.90059,0.76610947,26.455986,25.863361,0.59262466,50.631195,50.543125,0.088069916,28.664078,28.79747,0.13339233,18.03432,17.673578,0.36074257,32.294445,33.014427,0.71998215,37.755634,38.215652,0.46001816,79.78475,79.23919,0.54556274,67.81419,69.29092,1.4767227,103.78003,115.19917,93.32289,105.839554,103.65906,111.67488,54.20924,60.815754,38.3353,43.465878,24.336199,27.390524,48.542725,52.543526,27.067818,30.527122,16.570333,18.776823,30.258907,35.769947,36.644936,39.78637,76.48096,81.99742,67.28855,71.29328
EU_UtqmsPy2xW35iJcsFplr9CMI5BDH-Is0qi5fVYlQ,782f46ad3c542becf1d16253d3133f88,177.0,1,88.9,113.53131,109.4896,4.04171,100.04561,99.58122,0.464386,108.86702,107.66697,1.2000504,59.505375,57.512497,1.992878,41.6667,40.90059,0.76610947,26.455986,25.863361,0.59262466,50.631195,50.543125,0.088069916,28.664078,28.79747,0.13339233,18.03432,17.673578,0.36074257,32.294445,33.014427,0.71998215,37.755634,38.215652,0.46001816,79.78475,79.23919,0.54556274,67.81419,69.29092,1.4767227,103.78003,115.19917,93.32289,105.839554,103.65906,111.67488,54.20924,60.815754,38.3353,43.465878,24.336199,27.390524,48.542725,52.543526,27.067818,30.527122,16.570333,18.776823,30.258907,35.769947,36.644936,39.78637,76.48096,81.99742,67.28855,71.29328
EU_UtqmsPy2xW35iJcsFplr9CMI5BDH-Is0qi5fVYlQ,f1b3d9f48290dcc0dde33c80f42bfca3,177.0,1,88.9,113.53131,110.147194,3.3841171,100.04561,99.810196,0.2354126,108.86702,107.126465,1.7405548,59.505375,57.24599,2.2593842,41.6667,40.773785,0.8929138,26.455986,25.870714,0.58527184,50.631195,51.120903,0.48970795,28.664078,28.925924,0.26184654,18.03432,17.64714,0.38718033,32.294445,33.18353,0.88908386,37.755634,38.380573,0.62493896,79.78475,80.26558,0.48082733,67.81419,68.807304,0.99311066,104.43762,115.856766,93.551865,106.06853,103.11855,111.13438,53.942734,60.549248,38.208496,43.339073,24.343552,27.397877,49.120502,53.121304,27.196272,30.655577,16.543896,18.750385,30.428009,35.93905,36.809856,39.95129,77.50735,83.02381,66.80494,70.80967
EU_UtqmsPy2xW35iJcsFplr9CMI5BDH-Is0qi5fVYlQ,0f132c8ceb37c7c7c5b2baec9e638b30,177.0,1,88.9,113.53131,109.96172,3.5695877,100.04561,99.8887,0.15690613,108.86702,107.33775,1.5292664,59.505375,57.232666,2.272709,41.6667,40.829453,0.83724594,26.455986,26.01224,0.44374657,50.631195,51.2962,0.66500473,28.664078,29.004349,0.340271,18.03432,17.872599,0.16172218,32.294445,33.14573,0.851284,37.755634,38.439568,0.68393326,79.78475,80.51255,0.72779846,67.81419,69.12238,1.3081894,104.25215,115.671295,93.63037,106.14703,103.32984,111.345665,53.92941,60.535923,38.264164,43.39474,24.485077,27.539402,49.2958,53.2966,27.274696,30.734001,16.769354,18.975843,30.39021,35.90125,36.86885,40.010284,77.75432,83.27078,67.12002,71.12475
EU_UtqmsPy2xW35iJcsFplr9CMI5BDH-Is0qi5fVYlQ,87e311073612bfd7ec773ced9ff6640e,177.0,1,88.9,113.53131,109.871796,3.6595154,100.04561,101.007416,0.96180725,108.86702,107.72594,1.1410828,59.505375,57.046112,2.4592628,41.6667,41.256264,0.41043472,26.455986,26.02143,0.43455696,50.631195,50.591076,0.04011917,28.664078,28.568956,0.09512138,18.03432,17.722048,0.31227303,32.294445,32.538956,0.24451065,37.755634,38.13118,0.3755455,79.78475,79.34922,0.43553162,67.81419,69.20787,1.3936768,104.162224,115.58137,94.749084,107.26575,103.718025,111.73385,53.742855,60.34937,38.690975,43.821552,24.494267,27.548592,48.590675,52.591476,26.839304,30.298609,16.618803,18.825293,29.783436,35.294476,36.560463,39.701897,76.59099,82.10745,67.205505,71.210236
EU_UtqmsPy2xW35iJcsFplr9CMI5BDH-Is0qi5fVYlQ,004c72a4efa6341764e10e6f599d4212,177.0,1,88.9,113.53131,110.040405,3.4909058,100.04561,100.73919,0.6935806,108.86702,107.67434,1.1926804,59.505375,56.968826,2.5365486,41.6667,40.544914,1.1217842,26.455986,25.611557,0.844429,50.631195,50.782883,0.15168762,28.664078,28.421574,0.24250412,18.03432,17.492918,0.5414028,32.294445,32.522045,0.2276001,37.755634,37.974304,0.21866989,79.78475,79.79365,0.008895874,67.81419,68.80486,0.99066925,104.33083,115.74998,94.48086,106.99752,103.66643,111.68225,53.66557,60.272083,37.979626,43.110203,24.084394,27.13872,48.782482,52.783283,26.691921,30.151226,16.389673,18.596163,29.766525,35.277565,36.403587,39.54502,77.035416,82.55188,66.8025,70.80723
EU_UtqmsPy2xW35iJcsFplr9CMI5BDH-Is0qi5fVYlQ,8c2263ef68ec58e7f2af2f4c29a47170,177.0,1,88.9,113.53131,110.664276,2.867035,100.04561,102.99625,2.9506378,108.86702,108.54897,0.31804657,59.505375,56.405167,3.1002083,41.6667,39.643356,2.0233421,26.455986,25.402025,1.0539608,50.631195,50.596577,0.034618378,28.664078,28.302584,0.36149406,18.03432,17.581045,0.45327568,32.294445,32.36488,0.07043457,37.755634,38.06414,0.308506,79.78475,79.27586,0.50888824,67.81419,69.34221,1.5280151,104.954704,116.37385,96.737915,109.25458,104.54106,112.556885,53.10191,59.708424,37.078068,42.208645,23.874863,26.929188,48.596176,52.596977,26.572931,30.032236,16.4778,18.68429,29.60936,35.1204,36.493423,39.634857,76.51763,82.034096,67.33984,71.344574
EU_UtqmsPy2xW35iJcsFplr9CMI5BDH-Is0qi5fVYlQ,d6ead42f0e0cb3404c5f79856274856c,177.0,1,88.9,113.53131,109.276024,4.255287,100.04561,98.39709,1.6485214,108.86702,106.90044,1.9665833,59.505375,57.539146,1.9662285,41.6667,41.33049,0.33620834,26.455986,26.089436,0.36655045,50.631195,50.721565,0.09037018,28.664078,29.019222,0.3551445,18.03432,17.741142,0.29317856,32.294445,33.2074,0.91295624,37.755634,38.39666,0.64102554,79.78475,79.44826,0.33649445,67.81419,69.11994,1.305748,103.56645,114.985596,92.138756,104.65542,102.892525,110.90835,54.23589,60.842403,38.7652,43.89578,24.562273,27.616598,48.721165,52.721966,27.28957,30.748875,16.637897,18.844387,30.451881,35.96292,36.825943,39.967377,76.690025,82.20649,67.11758,71.12231
EU_UtqmsPy2xW35iJcsFplr9CMI5BDH-Is0qi5fVYlQ,48d5cd0844847057b0220e03e0b00ec0,177.0,1,88.9,113.53131,109.9842,3.5471115,100.04561,100.11114,0.06552887,108.86702,108.10674,0.7602768,59.505375,57.475185,2.0301895,41.6667,40.269653,1.3970451,26.455986,25.606043,0.84994316,50.631195,50.999844,0.36864853,28.664078,28.861021,0.19694328,18.03432,17.730125,0.3041954,32.294445,33.201435,0.90699005,37.755634,38.10034,0.3447075,79.78475,80.209335,0.42458344,67.81419,68.85371,1.0395126,104.27463,115.69377,93.852806,106.36947,104.09883,112.114655,54.17193,60.778442,37.704365,42.83494,24.07888,27.133205,48.999443,53.000244,27.131369,30.590673,16.62688,18.83337,30.445915,35.956955,36.529625,39.67106,77.4511,82.96757,66.85134,70.85607
EU_UtqmsPy2xW35iJcsFplr9CMI5BDH-Is0qi5fVYlQ,d7ad523cfaac9322867a4d99fb16e383,177.0,1,88.9,113.53131,110.61369,2.9176178,100.04561,102.21772,2.1721115,108.86702,107.57852,1.2884979,59.505375,56.41849,3.0868835,41.6667,41.19441,0.47229004,26.455986,26.051756,0.40423012,50.631195,50.611515,0.019680023,28.664078,28.662254,0.0018234253,18.03432,17.93282,0.101501465,32.294445,32.428543,0.13409805,37.755634,38.2666,0.51096725,79.78475,79.393845,0.3909073,67.81419,69.47899,1.6647949,104.90412,116.323265,95.95939,108.47605,103.57061,111.58643,53.115234,59.72175,38.62912,43.759697,24.524593,27.578918,48.611115,52.611916,26.932602,30.391907,16.829575,19.036064,29.673023,35.184063,36.695885,39.83732,76.63561,82.15208,67.47662,71.48135
EU_UtqmsPy2xW35iJcsFplr9CMI5BDH-Is0qi5fVYlQ,527fdbf4dadcdb0975742f760c217aac,177.0,1,88.9,113.53131,111.40055,2.1307602,100.04561,102.77381,2.7282028,108.86702,107.5515,1.3155212,59.505375,56.209282,3.296093,41.6667,40.243366,1.4233322,26.455986,25.629936,0.8260498,50.631195,50.635098,0.0039024353,28.664078,28.656847,0.0072307587,18.03432,17.749954,0.2843666,32.294445,32.59665,0.30220413,37.755634,38.37923,0.6235962,79.78475,79.34678,0.43797302,67.81419,69.44235,1.6281586,105.69098,117.11012,96.51548,109.03214,103.54359,111.55941,52.906025,59.51254,37.678078,42.808655,24.102774,27.157099,48.634697,52.635498,26.927195,30.3865,16.64671,18.853199,29.84113,35.35217,36.808514,39.949947,76.58855,82.10501,67.43999,71.44472
0Up4gP44WpK3WbvwdreR2zu-Y9s2ELCBmK14pX_Xy6Y,ec5282026e08908a10d3ef35ea9ff988,175.5,1,87.7,113.47997,111.220695,2.2592773,96.87876,102.813065,5.9343033,103.95304,107.19526,3.242218,56.374454,55.269184,1.1052704,38.442608,37.96241,0.4801979,24.163736,24.720589,0.55685234,51.407295,50.92359,0.4837036,27.64499,28.160608,0.5156174,15.076399,17.291695,2.2152958,34.128864,32.286297,1.8425674,38.979492,38.24381,0.73568344,81.64118,79.50449,2.1366882,67.92596,68.75845,0.83249664,105.51112,116.93027,96.55473,109.071396,103.18735,111.20317,51.965927,58.57244,35.39712,40.5277,23.193426,26.247751,48.92319,52.923992,26.430956,29.89026,16.18845,18.39494,29.530777,35.041817,36.67309,39.814526,76.74626,82.262726,66.75609,70.76082
0Up4gP44WpK3WbvwdreR2zu-Y9s2ELCBmK14pX_Xy6Y,adf85ccbe7fe09db05a251d3f2a4f97a,175.5,1,87.7,113.47997,110.675514,2.8044586,96.87876,100.56909,3.6903305,103.95304,107.111725,3.1586838,56.374454,55.99075,0.38370514,38.442608,37.841404,0.6012039,24.163736,24.597902,0.43416595,51.407295,51.10518,0.3021164,27.64499,28.459433,0.8144417,15.076399,17.318132,2.2417336,34.128864,32.87716,1.2517052,38.979492,38.200905,0.77858734,81.64118,79.92691,1.7142715,67.92596,68.370094,0.44413757,104.96594,116.385086,94.31076,106.82742,103.10381,111.11964,52.687492,59.294006,35.276115,40.406693,23.07074,26.125065,49.10478,53.10558,26.72978,30.189085,16.214888,18.421377,30.12164,35.63268,36.630188,39.77162,77.16868,82.68514,66.36773,70.37246
csaAIT3E5P3uy8GXAdLV3OsjNls_Y-_K2rYyutGUcFg,56bbcd20967558b6b5bd752d32fdc948,191.5,1,99.5,113.4382,112.27172,1.166481,97.90482,99.37187,1.4670486,109.59746,109.53663,0.060829163,59.070885,58.682457,0.38842773,45.492134,41.37379,4.1183434,28.399317,27.114117,1.2852001,53.64568,54.811607,1.1659279,30.312405,30.494415,0.18201065,18.730772,18.874308,0.14353561,34.799862,34.39111,0.40875244,37.863297,39.69457,1.8312721,88.642914,87.14528,1.4976349,73.23259,72.82278,0.40981293,106.56215,117.98129,93.11354,105.6302,105.52872,113.54454,55.3792,61.985714,38.808502,43.93908,25.586954,28.64128,52.811207,56.812008,28.764763,32.224068,17.771063,19.977552,31.63559,37.14663,38.12385,41.265285,84.38705,89.90351,70.82041,74.82514
csaAIT3E5P3uy8GXAdLV3OsjNls_Y-_K2rYyutGUcFg,5cdecba461d96cece1ac877ffc461908,191.5,1,99.5,113.4382,111.34997,2.088234,97.90482,100.71957,2.814743,109.59746,112.20476,2.6072998,59.070885,59.596573,0.5256882,45.492134,41.123272,4.368862,28.399317,26.957888,1.4414291,53.64568,55.36187,1.7161903,30.312405,29.769665,0.54273987,18.730772,18.70393,0.026842117,34.799862,33.62916,1.1707001,37.863297,39.163605,1.3003082,88.642914,88.05492,0.58799744,73.23259,73.25754,0.02494812,105.640396,117.05954,94.461235,106.9779,108.196846,116.21267,56.293316,62.89983,38.557983,43.68856,25.430725,28.48505,53.36147,57.36227,28.040012,31.499317,17.600685,19.807175,30.873642,36.38468,37.592888,40.73432,85.296684,90.81315,71.25517,75.2599
csaAIT3E5P3uy8GXAdLV3OsjNls_Y-_K2rYyutGUcFg,44af218fe025edec7b6d2bd45fd1ccd4,191.5,1,99.5,113.4382,110.411354,3.0268478,97.90482,99.27374,1.3689194,109.59746,111.118835,1.5213776,59.070885,59.32207,0.25118637,45.492134,41.53771,3.9544258,28.399317,27.272184,1.1271324,53.64568,55.37445,1.7287712,30.312405,29.707466,0.6049385,18.730772,18.64224,0.088531494,34.799862,33.354618,1.4452438,37.863297,39.30305,1.4397545,88.642914,87.94732,0.6955948,73.23259,73.36501,0.1324234,104.70178,116.120926,93.01541,105.532074,107.11092,115.12675,56.018814,62.625328,38.97242,44.102997,25.745022,28.799347,53.37405,57.37485,27.977814,31.437119,17.538996,19.745485,30.599098,36.110138,37.732334,40.873768,85.18909,90.70555,71.36265,75.36738
csaAIT3E5P3uy8GXAdLV3OsjNls_Y-_K2rYyutGUcFg,0d4d63e31b84b6dba7cb4df0d9c40ef5,191.5,1,99.5,113.4382,112.09749,1.3407135,97.90482,101.46537,3.5605469,109.59746,111.163055,1.5655975,59.070885,58.474583,0.59630203,45.492134,40.885124,4.60701,28.399317,26.939508,1.4598083,53.64568,55.280117,1.6344376,30.312405,29.812933,0.49947166,18.730772,18.808212,0.07744026,34.799862,33.49189,1.307972,37.863297,39.308414,1.445118,88.642914,87.91798,0.72493744,73.23259,73.22334,0.009246826,106.38792,117.80706,95.20704,107.7237,107.15514,115.17097,55.171326,61.77784,38.319836,43.450413,25.412346,28.466671,53.279716,57.280518,28.08328,31.542585,17.704967,19.911457,30.73637,36.24741,37.737698,40.87913,85.159744,90.67621,71.22098,75.22571
x1f2s_UJaYPGwtUbwUWwA_KRu6TkqUbomKd-l04lF2M,abedb039b5b2e1b811a87181cbbb7bc9,162.5,0,74.0,98.377846,98.3499,0.027946472,83.66989,87.663,3.9931107,105.01278,110.53902,5.5262375,63.508842,60.74255,2.7662926,39.300037,39.48717,0.18713379,23.495367,23.896938,0.40157127,45.05007,46.705418,1.6553459,27.955256,25.672657,2.2825985,15.717702,15.962079,0.24437714,34.399117,31.549217,2.8498993,33.738125,33.371296,0.36682892,73.014244,74.368866,1.3546219,60.07724,61.16227,1.0850296,92.64033,104.05947,81.40467,93.92133,106.531105,114.54693,57.439293,64.04581,36.921883,42.05246,22.369776,25.4241,44.705017,48.70582,23.943005,27.40231,14.858834,17.065323,28.793697,34.304737,31.80058,34.942013,71.610634,77.1271,59.159904,63.164635
x1f2s_UJaYPGwtUbwUWwA_KRu6TkqUbomKd-l04lF2M,e1c38d05ced3179b7fc05c43de47006c,162.5,0,74.0,98.377846,100.023384,1.6455383,83.66989,88.237076,4.5671844,105.01278,109.01578,4.0029984,63.508842,59.527283,3.9815598,39.300037,38.769638,0.5303993,23.495367,23.644444,0.14907646,45.05007,46.680264,1.6301918,27.955256,25.883593,2.071663,15.717702,15.992556,0.2748537,34.399117,31.685493,2.713623,33.738125,33.58046,0.15766525,73.014244,74.50336,1.4891129,60.07724,60.925346,0.8481064,94.31381,105.732956,81.978745,94.49541,105.007866,113.02369,56.224026,62.83054,36.20435,41.334927,22.117281,25.171606,44.679863,48.680664,24.15394,27.613245,14.889311,17.0958,28.929974,34.441013,32.009743,35.151176,71.745125,77.26159,58.92298,62.92771
x1f2s_UJaYPGwtUbwUWwA_KRu6TkqUbomKd-l04lF2M,b062e18dd39c0d71998958e8755b37ba,162.5,0,74.0,98.377846,102.9973,4.6194534,83.66989,92.273605,8.603714,105.01278,109.35973,4.3469543,63.508842,59.114197,4.3946457,39.300037,38.97067,0.3293686,23.495367,23.489134,0.0062332153,45.05007,46.5482,1.498127,27.955256,25.807196,2.1480598,15.717702,15.855959,0.13825703,34.399117,31.520868,2.8782482,33.738125,33.871418,0.13329315,73.014244,74.06566,1.0514145,60.07724,60.991295,0.9140549,97.28773,108.70687,86.015274,98.53194,105.35182,113.367645,55.81094,62.417454,36.40538,41.535957,21.961971,25.016296,44.5478,48.5486,24.077543,27.536848,14.752714,16.959204,28.765348,34.27639,32.3007,35.442135,71.30743,76.82389,58.98893,62.99366
x1f2s_UJaYPGwtUbwUWwA_KRu6TkqUbomKd-l04lF2M,76d7ca877b2660c959fc8951bf4211f3,162.5,0,74.0,98.377846,101.332245,2.954399,83.66989,87.5894,3.91951,105.01278,107.42866,2.4158783,63.508842,58.853024,4.655819,39.300037,37.967438,1.3325996,23.495367,23.472132,0.023235321,45.05007,47.471073,2.4210014,27.955256,26.60676,1.3484955,15.717702,16.2786,0.5608988,34.399117,32.334045,2.065071,33.738125,34.32461,0.5864868,73.014244,75.3054,2.291153,60.07724,60.93756,0.86032104,95.62267,107.04182,81.33107,93.84773,103.420746,111.43657,55.549767,62.15628,35.40215,40.532726,21.94497,24.999294,45.470673,49.471474,24.877108,28.336412,15.175356,17.381845,29.578526,35.089565,32.753895,35.89533,72.547165,78.06363,58.935196,62.939926
x1f2s_UJaYPGwtUbwUWwA_KRu6TkqUbomKd-l04lF2M,7960a910e7bdbe305e18e41f5552451f,162.5,0,74.0,98.377846,100.9332,2.5553513,83.66989,88.25507,4.585182,105.01278,108.9519,3.9391174,63.508842,59.83643,3.6724129,39.300037,39.160877,0.13916016,23.495367,23.663742,0.16837502,45.05007,46.516758,1.4666862,27.955256,26.015089,1.9401665,15.717702,15.892678,0.17497635,34.399117,31.980923,2.4181938,33.738125,33.72795,0.010173798,73.014244,74.236824,1.22258,60.07724,60.94733,0.8700905,95.223625,106.64277,81.99674,94.513405,104.943985,112.95981,56.533173,63.139687,36.59559,41.726166,22.13658,25.190905,44.516357,48.51716,24.285437,27.744741,14.7894335,16.995922,29.225403,34.736443,32.157234,35.298668,71.47859,76.995056,58.944965,62.949696
x1f2s_UJaYPGwtUbwUWwA_KRu6TkqUbomKd-l04lF2M,4b54419875b02f268f668d8212ecccd1,162.5,0,74.0,98.377846,100.01636,1.6385117,83.66989,87.55833,3.8884354,105.01278,108.19028,3.1774979,63.508842,59.351387,4.1574554,39.300037,39.16397,0.13606644,23.495367,23.704638,0.20927048,45.05007,46.18031,1.1302376,27.955256,25.994469,1.9607868,15.717702,16.000635,0.28293324,34.399117,31.745174,2.653942,33.738125,33.65957,0.07855606,73.014244,73.59128,0.577034,60.07724,60.8423,0.7650604,94.306786,105.72593,81.299995,93.81666,104.182365,112.19819,56.04813,62.654644,36.598682,41.72926,22.177475,25.2318,44.17991,48.18071,24.264816,27.724121,14.89739,17.10388,28.989655,34.500694,32.088852,35.230286,70.833046,76.34951,58.839935,62.844666
m6bnnhstozF5e3qocMoIjdCFW_yH6vh1K68T40-77SE,b667b16dd8d5372432841f78fe2fa42c,176.0,1,87.6,111.1262,110.9453,0.18090057,107.45433,103.81402,3.6403122,110.93001,109.08948,1.8405304,52.804058,56.14532,3.3412628,37.283745,38.310352,1.0266075,24.05735,24.86671,0.8093605,50.86245,51.10518,0.24272919,27.28543,28.01728,0.7318497,16.926672,17.41801,0.49133873,32.2885,32.29923,0.010726929,37.45807,37.78391,0.32584,78.36721,80.202,1.8347931,71.005005,68.7096,2.2954025,105.235725,116.65487,97.55569,110.07235,105.081566,113.09739,52.842064,59.448578,35.745064,40.87564,23.339548,26.393873,49.10478,53.10558,26.287628,29.746933,16.314766,18.521255,29.543709,35.05475,36.213192,39.354626,77.44377,82.960236,66.70724,70.71197
m6bnnhstozF5e3qocMoIjdCFW_yH6vh1K68T40-77SE,551d3bfce81753ec2dd0844f2a07d11f,176.0,1,87.6,111.1262,110.57997,0.5462265,107.45433,102.89157,4.5627594,110.93001,109.62508,1.3049316,52.804058,56.647686,3.843628,37.283745,37.30905,0.025306702,24.05735,24.484636,0.42728615,50.86245,51.837032,0.9745827,27.28543,27.925335,0.639904,16.926672,17.206873,0.28020096,32.2885,32.475292,0.18679047,37.45807,37.822792,0.3647232,78.36721,81.249794,2.8825836,71.005005,68.65587,2.3491364,104.8704,116.28954,96.63324,109.1499,105.617165,113.63299,53.34443,59.950943,34.743763,39.87434,22.957474,26.011799,49.83663,53.837433,26.195683,29.654987,16.103628,18.310118,29.719772,35.230812,36.252075,39.39351,78.49156,84.008026,66.6535,70.65823
xoNAmboD80UChuSRkEHzXPFIkh5Fcg2iclcsYL3C01o,a43e125f57adad6932cf28880e82f0a9,180.2,1,90.3,109.29368,110.35515,1.06147,100.86797,101.360695,0.49272156,108.43836,109.32534,0.88697815,58.217262,57.054108,1.1631546,39.70045,38.79206,0.90839005,26.244215,25.312883,0.93133163,53.233322,53.126225,0.107097626,28.46616,28.452673,0.013486862,19.149857,17.716173,1.4336834,30.278152,32.524036,2.245884,38.38764,38.231743,0.15589905,82.22414,83.56544,1.341301,72.35327,69.903984,2.4492874,104.64558,116.06472,95.10236,107.619026,105.31743,113.33325,53.75085,60.357365,36.226772,41.35735,23.78572,26.840046,51.125824,55.126625,26.72302,30.182325,16.612928,18.819418,29.768517,35.279556,36.661026,39.80246,80.807205,86.32367,67.90162,71.90635
xoNAmboD80UChuSRkEHzXPFIkh5Fcg2iclcsYL3C01o,454855f068012338c46f1e495d3d5061,180.2,1,90.3,109.29368,109.748146,0.45446777,100.86797,101.713974,0.8460007,108.43836,109.546455,1.1080933,58.217262,57.24066,0.97660065,39.70045,40.169136,0.46868515,26.244215,25.88358,0.36063576,53.233322,52.5398,0.6935234,28.46616,28.4067,0.059459686,19.149857,17.921803,1.228054,30.278152,32.232586,1.9544334,38.38764,38.056095,0.33154678,82.22414,82.7634,0.53926086,72.35327,70.10183,2.251442,104.038574,115.45772,95.45564,107.972305,105.53854,113.55437,53.937405,60.54392,37.603848,42.734425,24.356417,27.410742,50.5394,54.5402,26.677048,30.136353,16.818558,19.025047,29.477066,34.988106,36.48538,39.626812,80.005165,85.52163,68.099464,72.104195
vk6NsCmopCC5j-Vi3Nb78pAEVsYNk6O2NkFueyEZyDs,50d048396b97dca6f1f9e0e5cfc4c579,164.75,1,78.7,112.12932,110.180916,1.9484024,108.04296,99.50926,8.533699,103.68486,103.1341,0.55075836,51.510635,53.69913,2.1884956,36.435722,38.846184,2.4104614,24.065065,24.724266,0.65920067,49.3121,48.393158,0.9189415,25.729818,28.666311,2.936493,17.626663,17.951178,0.3245144,30.439259,32.7001,2.2608414,38.149857,37.71285,0.4370079,75.393684,75.24426,0.14942169,66.37235,64.82182,1.5505295,104.471344,115.89049,93.25093,105.76759,99.12619,107.14201,50.395874,57.002388,36.280895,41.411472,23.197104,26.251429,46.392757,50.39356,26.936659,30.395964,16.847933,19.054422,29.94458,35.45562,36.14213,39.283566,72.48603,78.002495,62.819458,66.82419
vk6NsCmopCC5j-Vi3Nb78pAEVsYNk6O2NkFueyEZyDs,58ec2bed76356e9f82aa837cc500eb34,164.75,1,78.7,112.12932,111.29376,0.83555603,108.04296,101.995285,6.047676,103.68486,103.654335,0.030525208,51.510635,52.436893,0.9262581,36.435722,36.916264,0.48054123,24.065065,24.0874,0.022335052,49.3121,48.263454,1.048645,25.729818,28.063253,2.333435,17.626663,17.676516,0.04985237,30.439259,32.02071,1.5814514,38.149857,37.45273,0.6971283,75.393684,75.263824,0.12985992,66.37235,65.12492,1.2474289,105.58419,117.003334,95.73695,108.25362,99.64642,107.66225,49.133636,55.74015,34.350975,39.481552,22.560238,25.614563,46.263054,50.263855,26.333601,29.792906,16.57327,18.77976,29.26519,34.77623,35.88201,39.023445,72.50559,78.02206,63.12256,67.12729
vk6NsCmopCC5j-Vi3Nb78pAEVsYNk6O2NkFueyEZyDs,720d44f3b379fa26cd36d6f517f2f62b,164.75,1,78.7,112.12932,111.018364,1.1109543,108.04296,100.52984,7.5131226,103.68486,102.86934,0.81552124,51.510635,52.691406,1.1807709,36.435722,37.772396,1.3366737,24.065065,24.360802,0.2957363,49.3121,47.585842,1.7262573,25.729818,28.470251,2.7404327,17.626663,17.769783,0.14311981,30.439259,32.459377,2.0201187,38.149857,37.720894,0.4289627,75.393684,74.09989,1.2937927,66.37235,65.41619,0.9561615,105.30879,116.727936,94.27151,106.78817,98.86143,106.87725,49.38815,55.994663,35.207108,40.337685,22.83364,25.887964,45.58544,49.586243,26.740599,30.199903,16.666538,18.873028,29.703857,35.214897,36.150177,39.29161,71.34166,76.85812,63.413826,67.41856
vk6NsCmopCC5j-Vi3Nb78pAEVsYNk6O2NkFueyEZyDs,2e3c673b5f04b177f41487e357ba2df2,164.75,1,78.7,112.12932,110.400116,1.7292023,108.04296,99.293365,8.749596,103.68486,104.29496,0.6100998,51.510635,54.43602,2.9253845,36.435722,36.75273,0.31700897,24.065065,23.857882,0.20718384,49.3121,49.715664,0.40356445,25.729818,28.276894,2.5470753,17.626663,17.400385,0.2262783,30.439259,32.966682,2.5274239,38.149857,37.444683,0.7051735,75.393684,77.29827,1.9045868,66.37235,63.67316,2.699192,104.690544,116.10969,93.035034,105.5517,100.28705,108.30287,51.132763,57.739277,34.187443,39.31802,22.330719,25.385044,47.715263,51.716064,26.547241,30.006546,16.29714,18.50363,30.211163,35.722202,35.873966,39.0154,74.54004,80.0565,61.670795,65.67552
vk6NsCmopCC5j-Vi3Nb78pAEVsYNk6O2NkFueyEZyDs,a2b84a40b0c9280346f11b31ee6af58e,164.75,1,78.7,112.12932,111.75464,0.37467957,108.04296,102.976616,5.066345,103.68486,103.90248,0.21762085,51.510635,52.017143,0.5065079,36.435722,36.37502,0.060703278,24.065065,23.907736,0.15732956,49.3121,48.592827,0.7192726,25.729818,27.739414,2.0095959,17.626663,17.629515,0.0028514862,30.439259,31.754128,1.3148689,38.149857,37.09339,1.0564651,75.393684,76.11111,0.7174225,66.37235,64.49415,1.8782043,106.04507,117.46421,96.718285,109.23495,99.89457,107.91039,48.713886,55.3204,33.80973,38.940308,22.380573,25.434898,46.592426,50.593227,26.009762,29.469067,16.52627,18.73276,28.998608,34.509647,35.522675,38.66411,73.352875,78.86934,62.491783,66.49651
3mxoVpAOY5oJwWqK27jdkWeB-2wOJKm4zNTR1Utv3pw,b9603862f2e34e28b9c3ce08cb1cd6fc,177.5,1,88.1,109.37326,111.94011,2.5668488,103.14199,101.87099,1.2710037,102.42292,105.69904,3.276123,56.51638,54.942715,1.5736656,41.990356,39.068092,2.922264,26.937891,25.32483,1.6130619,50.91426,51.357513,0.44325256,28.176321,28.786654,0.6103325,17.87111,17.70736,0.1637516,32.656044,32.72795,0.07190704,36.78138,38.648735,1.8673553,79.95266,80.556564,0.6039047,68.162766,69.03934,0.87657166,106.23054,117.64968,95.612656,108.12932,101.69113,109.706955,51.639458,58.24597,36.502804,41.63338,23.797667,26.851992,49.357113,53.357914,27.057001,30.516306,16.604115,18.810604,29.972431,35.48347,37.07802,40.21945,77.79833,83.3148,67.03697,71.0417
QCS_XzowNPVZ6LaRgVS6VUwPbRWnZ8G6G8Jy4ABnbFs,e019142955b6d38e677eeebf96177686,155.4,0,68.3,104.995766,106.949165,1.9533997,94.96619,95.46946,0.503273,102.67248,100.8603,1.8121796,51.57923,51.26027,0.3189621,34.25109,36.533527,2.2824364,24.013214,22.910624,1.1025906,44.688766,44.567245,0.121520996,27.668732,25.911987,1.7567444,16.871855,16.610455,0.26140022,33.145763,30.14518,3.0005836,33.938587,34.379585,0.44099808,72.22413,70.50782,1.7163086,58.56499,58.822353,0.25736237,101.23959,112.65874,89.21113,101.72779,96.85239,104.86821,47.957012,54.563526,33.96824,39.098816,21.383461,24.437786,42.566845,46.567646,24.182335,27.64164,15.50721,17.7137,27.38966,32.9007,32.80887,35.950302,67.74959,73.26605,56.81999,60.82472
QCS_XzowNPVZ6LaRgVS6VUwPbRWnZ8G6G8Jy4ABnbFs,16486e838903e3ad7404e0e0b80980b0,155.4,0,68.3,104.995766,107.33136,2.3355942,94.96619,96.43116,1.4649734,102.67248,103.787,1.1145248,51.57923,52.51551,0.9362793,34.25109,34.5634,0.31230927,24.013214,21.949352,2.0638618,44.688766,44.781063,0.0922966,27.668732,24.969542,2.6991901,16.871855,15.733315,1.1385393,33.145763,30.063116,3.0826473,33.938587,33.605938,0.33264923,72.22413,71.353874,0.8702545,58.56499,58.353394,0.21159744,101.62179,113.04093,90.17283,102.68949,99.77909,107.794914,49.212254,55.818768,31.998112,37.12869,20.42219,23.476515,42.780663,46.781464,23.23989,26.699194,14.630071,16.83656,27.307596,32.818634,32.03522,35.176655,68.59564,74.11211,56.35103,60.35576
HfAv5nieC8ev9QiBBg_9Yql7wukmrR4qlsPwCKvkZyc,9d919b9929e3927fbb36dfff419cf8f6,192.5,1,99.0,104.22369,110.52939,6.305702,100.00593,100.071884,0.065956116,111.76583,110.98616,0.7796707,59.16226,58.61583,0.5464287,40.62533,40.96863,0.34329987,28.901825,27.05714,1.8446846,54.615665,55.72033,1.1046638,28.723326,29.268017,0.5446911,17.988205,18.42633,0.4381256,31.561731,32.733917,1.1721859,37.898594,39.23601,1.3374176,86.51121,88.41681,1.9056015,76.321556,73.76558,2.5559769,104.81982,116.23896,93.81355,106.330215,106.97825,114.99407,55.312572,61.919086,38.403343,43.53392,25.529978,28.584303,53.71993,57.72073,27.538364,30.99767,17.323086,19.529575,29.978397,35.489437,37.665295,40.80673,85.65858,91.17504,71.763214,75.767944
HfAv5nieC8ev9QiBBg_9Yql7wukmrR4qlsPwCKvkZyc,49c9e21587ccb9db9f6c6da97ddc078b,192.5,1,99.0,104.22369,111.41741,7.1937256,100.00593,101.380325,1.3743973,111.76583,111.109,0.65682983,59.16226,58.122795,1.039463,40.62533,39.835114,0.79021835,28.901825,26.60683,2.2949944,54.615665,56.107086,1.4914207,28.723326,29.053026,0.32970047,17.988205,18.186918,0.1987133,31.561731,32.610573,1.0488415,37.898594,39.378136,1.4795418,86.51121,88.86674,2.3555298,76.321556,73.79489,2.5266647,105.70784,117.12698,95.121994,107.63866,107.10109,115.11691,54.81954,61.426052,37.269825,42.400402,25.079668,28.133993,54.106686,58.107487,27.323374,30.782679,17.083673,19.290163,29.855053,35.366093,37.80742,40.948853,86.108505,91.62497,71.79253,75.79726
HfAv5nieC8ev9QiBBg_9Yql7wukmrR4qlsPwCKvkZyc,80e43afc63b268e34b345e5a602ddfbd,192.5,1,99.0,104.22369,111.316246,7.09256,100.00593,102.21772,2.211792,111.76583,111.52175,0.24407959,59.16226,57.52849,1.63377,40.62533,38.94902,1.6763115,28.901825,26.290695,2.6111298,54.615665,57.138443,2.5227776,28.723326,28.431038,0.29228783,17.988205,18.047384,0.059179306,31.561731,31.8158,0.25406837,37.898594,39.206512,1.3079185,86.51121,90.36323,3.8520203,76.321556,73.65323,2.6683273,105.606674,117.02582,95.95939,108.47605,107.51384,115.52966,54.22523,60.831745,36.38373,41.51431,24.763533,27.817858,55.138042,59.138844,26.701385,30.16069,16.94414,19.150629,29.06028,34.57132,37.635796,40.77723,87.604996,93.12146,71.65086,75.655594
HfAv5nieC8ev9QiBBg_9Yql7wukmrR4qlsPwCKvkZyc,bf5ad75e897284e37b9a38b2fe5ca0c5,192.5,1,99.0,104.22369,111.92887,7.705185,100.00593,102.9897,2.9837723,111.76583,111.06478,0.7010498,59.16226,57.60844,1.5538177,40.62533,40.51708,0.10825348,28.901825,26.911938,1.9898872,54.615665,55.839817,1.2241516,28.723326,28.985418,0.2620926,17.988205,18.360235,0.37203026,31.561731,32.211697,0.6499653,37.898594,39.46931,1.5707169,86.51121,88.24564,1.734436,76.321556,74.307816,2.0137405,106.2193,117.63844,96.73137,109.24803,107.05687,115.07269,54.305183,60.911697,37.95179,43.082367,25.384775,28.4391,53.839417,57.840218,27.255766,30.71507,17.25699,19.46348,29.456177,34.967216,37.898594,41.040028,85.48741,91.003876,72.30545,76.31018
HfAv5nieC8ev9QiBBg_9Yql7wukmrR4qlsPwCKvkZyc,c6740bbf185b9b85cc3e518ffe63e212,192.5,1,99.0,104.22369,111.17011,6.9464264,100.00593,103.120544,3.1146164,111.76583,111.62494,0.14089203,59.16226,57.605774,1.5564842,40.62533,40.37017,0.2551613,28.901825,26.750195,2.1516304,54.615665,56.17626,1.5605965,28.723326,28.307993,0.4153328,17.988205,18.02021,0.03200531,31.561731,31.434328,0.12740326,37.898594,39.059025,1.1604309,86.51121,88.8863,2.3750916,76.321556,74.02449,2.2970657,105.46054,116.879684,96.86221,109.378876,107.61703,115.63285,54.302517,60.90903,37.804882,42.93546,25.223032,28.277357,54.17586,58.176662,26.57834,30.037645,16.916965,19.123455,28.678808,34.18985,37.488308,40.62974,86.12807,91.64453,72.022125,76.026855
HfAv5nieC8ev9QiBBg_9Yql7wukmrR4qlsPwCKvkZyc,50006dc98d9358d257a2020a035814a2,192.5,1,99.0,104.22369,111.06895,6.8452606,100.00593,101.63547,1.6295395,111.76583,111.497185,0.26864624,59.16226,58.17343,0.98882675,40.62533,40.1413,0.48403168,28.901825,26.752033,2.1497917,54.615665,56.30204,1.6863747,28.723326,28.82857,0.10524368,17.988205,18.19573,0.20752525,31.561731,32.194786,0.63305473,37.898594,39.391544,1.4929504,86.51121,88.99389,2.4826813,76.321556,74.29805,2.0235062,105.359375,116.77852,95.37714,107.8938,107.48927,115.5051,54.870174,61.47669,37.57601,42.70659,25.22487,28.279196,54.30164,58.30244,27.098917,30.558222,17.092485,19.298975,29.439266,34.950306,37.820827,40.96226,86.23566,91.75212,72.295685,76.300415
HfAv5nieC8ev9QiBBg_9Yql7wukmrR4qlsPwCKvkZyc,eca7019378efab483a3299139d522545,192.5,1,99.0,104.22369,110.49004,6.2663574,100.00593,102.42053,2.4146042,111.76583,112.2195,0.4536667,59.16226,58.04551,1.1167488,40.62533,40.27893,0.3464012,28.901825,26.770412,2.1314125,54.615665,55.96559,1.349926,28.723326,28.48242,0.24090576,17.988205,18.23392,0.24571419,31.561731,31.656647,0.09491539,37.898594,39.02148,1.1228867,86.51121,88.45593,1.944725,76.321556,74.23454,2.0870132,104.78047,116.199615,96.1622,108.67886,108.211586,116.22741,54.742252,61.348766,37.713642,42.84422,25.24325,28.297575,53.96519,57.965992,26.752768,30.212072,17.130674,19.337164,28.901127,34.412167,37.450764,40.592197,85.6977,91.214165,72.23218,76.23691
T7e25wwki0I_vszINgAJrfkfH2MTO1FLgHf0y3eokg4,75da2bd7e839e6f309970da5f22a08b0,180.5,1,90.0,110.86354,108.07326,2.7902832,96.68256,96.95126,0.26869965,109.79615,108.69639,1.099762,59.92259,58.711773,1.2108154,40.985115,40.540276,0.44483948,27.874527,26.046242,1.8282852,51.744244,52.241085,0.49684143,30.21527,29.103056,1.1122131,17.768192,17.871864,0.10367203,34.880142,33.471996,1.4081459,39.91807,38.31621,1.60186,81.29262,82.21566,0.9230423,69.74236,69.85025,0.10788727,102.363686,113.78283,90.69293,103.209595,104.68848,112.7043,55.408516,62.01503,37.974987,43.105564,24.51908,27.573404,50.240685,54.241486,27.373404,30.832708,16.76862,18.97511,30.716476,36.227516,36.745495,39.88693,79.45743,84.97389,67.847885,71.852615
T7e25wwki0I_vszINgAJrfkfH2MTO1FLgHf0y3eokg4,a5ac3437a18244653daee03c0a82f208,180.5,1,90.0,110.86354,108.225006,2.6385345,96.68256,97.82792,1.1453552,109.79615,109.25163,0.5445175,59.92259,58.5039,1.4186897,40.985115,39.87068,1.1144333,27.874527,25.813736,2.060791,51.744244,52.355854,0.6116104,30.21527,28.997587,1.2176819,17.768192,17.86305,0.09485817,34.880142,33.34268,1.5374603,39.91807,38.333645,1.5844269,81.29262,82.26212,0.9695053,69.74236,69.979706,0.23734283,102.515434,113.93458,91.56959,104.08625,105.24372,113.259544,55.20064,61.807156,37.305393,42.43597,24.286573,27.340899,50.355453,54.356255,27.267935,30.72724,16.759806,18.966295,30.587162,36.0982,36.762928,39.90436,79.50389,85.020355,67.97734,71.98207
5JaS2hAYXC2DN2pVXkPx9B-NfsTXYr5dcLdE7mBHs0Y,181bef71121b3b28a04721acc3aca5d5,183.0,1,91.4,115.26729,111.344345,3.922943,99.67972,102.93736,3.2576447,108.47039,108.18045,0.28993988,52.562546,55.569668,3.007122,37.58842,39.671192,2.0827713,26.057915,26.117924,0.060009003,51.970337,52.931274,0.9609375,27.330956,28.900234,1.5692787,17.598356,18.386673,0.7883167,29.909132,32.2674,2.3582668,38.90569,38.884716,0.020973206,83.66138,83.228,0.43338013,70.135925,71.68457,1.548645,105.63477,117.05392,96.67903,109.195694,104.17254,112.18836,52.26641,58.872925,37.105904,42.23648,24.590761,27.645086,50.930874,54.931675,27.170582,30.629887,17.283428,19.489918,29.511879,35.02292,37.314,40.455433,80.469765,85.98623,69.682205,73.686935
IMYB0pKXccbzfVl-qVe3NgiNYe8JtTigArh8EfOW-gk,8988649a91a8c95d49d16dedcac1157e,183.0,1,91.4,108.25954,108.27559,0.016052246,92.5994,97.226036,4.6266327,108.001396,107.71611,0.28528595,59.984917,58.01886,1.9660568,42.356052,41.828434,0.5276184,27.339108,26.641752,0.6973553,51.289227,51.92979,0.64056396,31.114923,29.19365,1.9212742,18.415642,18.11348,0.30216217,35.284996,32.992546,2.29245,39.203453,38.546833,0.65662,82.30588,81.73884,0.5670395,69.36925,70.92739,1.5581436,102.56602,113.98516,90.967705,103.48437,103.7082,111.72402,54.715603,61.322117,39.263145,44.393723,25.11459,28.168915,49.92939,53.93019,27.463997,30.923302,17.010235,19.216724,30.237026,35.748066,36.976116,40.11755,78.980606,84.49707,68.925026,72.929756
IMYB0pKXccbzfVl-qVe3NgiNYe8JtTigArh8EfOW-gk,be38b6759fe4a778fddb53ec3c631369,183.0,1,91.4,108.25954,107.23019,1.0293503,92.5994,94.77272,2.173317,108.001396,107.175606,0.8257904,59.984917,58.25605,1.7288666,42.356052,41.27173,1.0843239,27.339108,26.557205,0.7819023,51.289227,52.33227,1.043045,31.114923,29.319399,1.7955246,18.415642,18.036367,0.37927437,35.284996,33.302895,1.9821014,39.203453,38.73991,0.46354294,82.30588,82.14964,0.15623474,69.36925,70.94694,1.5776901,101.520615,112.93976,88.51439,101.03105,103.167694,111.18352,54.952793,61.559307,38.70644,43.837017,25.030043,28.084368,50.33187,54.332672,27.589746,31.049051,16.933123,19.139612,30.547375,36.058414,37.169193,40.310627,79.39141,84.907875,68.94457,72.9493
CCHsOEZmSYbVoB3ecu47M09hpz0wKo9-Pm2qTUlzAJA,da3b423d48a68d5b6f168cef0ad0ac24,157.4,0,68.7,93.04376,101.03014,7.9863815,84.200584,85.55479,1.3542023,102.21559,103.71883,1.5032349,57.582153,55.980087,1.602066,41.070625,36.952217,4.118408,23.043915,23.114641,0.070726395,45.350925,46.479023,1.1280975,25.315922,26.565096,1.2491741,15.628654,16.843807,1.2151537,32.282715,31.733238,0.5494766,33.173866,33.845943,0.6720772,71.10526,73.659744,2.5544815,59.62885,58.744194,0.884655,95.32057,106.739716,79.296455,91.81312,99.710915,107.72674,52.67683,59.283344,34.38693,39.517506,21.587479,24.641804,44.478622,48.479424,24.835443,28.294748,15.740562,17.947052,28.977718,34.488758,32.275227,35.41666,70.90151,76.41798,56.74183,60.74656
r07mJnfLAzgEyz5m_Y10pk_bmMwES4T4UiAqeD8petY,77210574623b7571f26a91369c8f9cf0,163.5,1,76.5,108.29142,109.01186,0.7204437,102.24444,99.74478,2.4996567,102.47294,102.196815,0.27612305,51.02812,52.41957,1.3914528,37.720284,37.726196,0.0059127808,24.222935,24.134958,0.087976456,46.853966,47.299706,0.44573975,27.376085,27.552818,0.17673302,17.466204,17.116175,0.350029,31.093641,31.395535,0.30189323,36.832664,37.227474,0.39480972,73.304535,73.50569,0.20115662,63.440933,64.87327,1.4323349,103.30229,114.721436,93.48645,106.00311,98.1889,106.20473,49.116314,55.722828,35.160908,40.291485,22.607796,25.66212,45.299305,49.300106,25.823166,29.28247,16.01293,18.21942,28.640015,34.151054,35.656757,38.79819,70.74746,76.26392,62.870903,66.87563
r07mJnfLAzgEyz5m_Y10pk_bmMwES4T4UiAqeD8petY,92d10cf93397afccb7f056ed9997a2a3,163.5,1,76.5,108.29142,108.8826,0.5911789,102.24444,100.85695,1.3874893,102.47294,102.83675,0.36380768,51.02812,52.25034,1.2222214,37.720284,37.322826,0.39745712,24.222935,23.865692,0.35724258,46.853966,46.975834,0.12186813,27.376085,26.988297,0.38778877,17.466204,16.785149,0.68105507,31.093641,30.81885,0.27479172,36.832664,36.870815,0.038150787,73.304535,73.094894,0.2096405,63.440933,65.09875,1.657814,103.17303,114.59217,94.59862,107.11528,98.828835,106.84466,48.947083,55.553596,34.757538,39.888115,22.33853,25.392855,44.975433,48.976234,25.258644,28.717949,15.681904,17.888393,28.06333,33.57437,35.3001,38.441532,70.33666,75.85313,63.096382,67.10111
59bc276b681516389ccf478d,f8afea6ff1d96c18d948e025539fb4ab,169.9,1,81.0,103.386604,109.096176,5.709572,102.42408,99.98684,2.4372406,108.49655,105.06272,3.4338303,53.009354,54.404873,1.3955193,37.16665,38.373756,1.2071075,24.419266,24.678545,0.25927925,49.741375,49.992268,0.25089264,26.96902,27.96725,0.99823,18.168207,17.542122,0.6260853,28.674313,31.858572,3.1842594,36.21862,37.501,1.2823792,79.98153,78.00495,1.9765778,64.743256,66.49181,1.748558,103.386604,114.80575,93.72851,106.24517,101.05481,109.07063,51.101616,57.70813,35.808468,40.939045,23.151382,26.205708,47.991867,51.99267,26.237598,29.696903,16.438877,18.645367,29.103052,34.61409,35.930283,39.071716,75.24672,80.76318,64.48945,68.49418
59bc276b681516389ccf478d,49a4445fd00442994e8ffd919ff0a754,169.9,1,81.0,103.386604,109.36034,5.973732,102.42408,99.129814,3.2942657,108.49655,104.29742,4.199135,53.009354,54.39621,1.3868561,37.16665,38.24695,1.0802994,24.419266,24.736212,0.31694603,49.741375,50.376472,0.6350975,26.96902,28.498646,1.5296249,18.168207,17.75216,0.41604805,28.674313,32.54791,3.8735962,36.21862,37.75173,1.5331116,79.98153,78.7587,1.2228317,64.743256,65.89034,1.1470871,103.650764,115.06991,92.87148,105.388145,100.289505,108.30533,51.092953,57.699467,35.68166,40.812237,23.20905,26.263374,48.376072,52.376873,26.768993,30.228298,16.648914,18.855404,29.792389,35.30343,36.181015,39.32245,76.000465,81.51693,63.887978,67.89271
59bc276b681516389ccf478d,fec4f8fcca82714e71cc052fb89d899e,169.9,1,81.0,103.386604,109.87741,6.4908066,102.42408,100.824234,1.5998459,108.49655,105.21504,3.2815094,53.009354,53.966137,0.9567833,37.16665,36.95299,0.21365738,24.419266,24.211494,0.2077713,49.741375,50.5785,0.8371239,26.96902,27.880714,0.9116936,18.168207,17.485575,0.68263245,28.674313,31.98689,3.3125782,36.21862,37.4353,1.2166786,79.98153,79.11692,0.86460876,64.743256,66.035675,1.2924194,104.16784,115.58698,94.5659,107.082565,101.20713,109.22295,50.66288,57.269394,34.387703,39.51828,22.684332,25.738657,48.5781,52.5789,26.151062,29.610367,16.38233,18.58882,29.23137,34.74241,35.864582,39.006016,76.35869,81.87515,64.03331,68.03804
59bc276b681516389ccf478d,6244944944e0a37cd1501584e1c4d78e,169.9,1,81.0,103.386604,109.028725,5.6421204,102.42408,97.97185,4.4522324,108.49655,105.829254,2.6672974,53.009354,55.17657,2.1672173,37.16665,36.86175,0.3048973,24.419266,24.349888,0.0693779,49.741375,50.756153,1.0147781,26.96902,28.788006,1.818985,18.168207,17.944569,0.22363853,28.674313,33.233265,4.5589523,36.21862,37.76916,1.5505409,79.98153,79.15238,0.82914734,64.743256,66.2439,1.5006409,103.31915,114.7383,91.71352,104.23018,101.82134,109.837166,51.873314,58.479828,34.296463,39.42704,22.822725,25.87705,48.755753,52.756554,27.058353,30.517658,16.841324,19.047813,30.477745,35.988785,36.198444,39.339878,76.39415,81.910614,64.24153,68.24626
59bc276b681516389ccf478d,e11aba0e28f584bfd984fe72817b2da5,169.9,1,81.0,103.386604,109.92238,6.535774,102.42408,99.52235,2.9017334,108.49655,104.28268,4.213875,53.009354,53.994953,0.9855995,37.16665,37.506702,0.34005356,24.419266,24.434551,0.015285492,49.741375,50.085617,0.3442421,26.96902,28.43239,1.4633694,18.168207,17.662563,0.50564384,28.674313,32.57576,3.9014473,36.21862,37.714188,1.4955673,79.98153,78.39179,1.5897369,64.743256,66.02895,1.2856979,104.21281,115.63195,93.264015,105.78068,100.274765,108.29059,50.691696,57.29821,34.941414,40.07199,22.907389,25.961714,48.085217,52.086018,26.702738,30.162043,16.559319,18.765808,29.82024,35.33128,36.14347,39.284904,75.63356,81.150024,64.02659,68.03132
59bc276b681516389ccf478d,a4896af316b21eb128d3ef266f87f6fa,169.9,1,81.0,103.386604,109.64136,6.254753,102.42408,97.99802,4.4260635,108.49655,105.002525,3.4940262,53.009354,54.468,1.4586449,37.16665,35.977592,1.1890564,24.419266,24.036625,0.38264084,49.741375,50.999844,1.2584686,26.96902,28.754202,1.785181,18.168207,17.885817,0.2823906,28.674313,33.209393,4.53508,36.21862,37.907265,1.6886444,79.98153,79.49899,0.48253632,64.743256,66.032005,1.2887497,103.931786,115.35093,91.739685,104.25635,100.99461,109.01044,51.16474,57.771255,33.412304,38.54288,22.509462,25.563787,48.999443,53.000244,27.02455,30.483854,16.782572,18.989061,30.453873,35.964912,36.336548,39.47798,76.74076,82.257225,64.02964,68.03437
59bc276b681516389ccf478d,0e4a0305c597e3d589aea31a5256c17f,169.9,1,81.0,103.386604,109.65822,6.271614,102.42408,99.738235,2.6858444,108.49655,105.546715,2.9498367,53.009354,54.559277,1.549923,37.16665,37.48027,0.31362152,24.419266,24.4411,0.02183342,49.741375,50.47552,0.7341461,26.96902,28.298527,1.3295059,18.168207,17.777863,0.39034462,28.674313,32.4932,3.8188858,36.21862,37.40312,1.1844978,79.98153,79.14871,0.8328171,64.743256,65.82195,1.0786972,103.94865,115.36779,93.479904,105.99657,101.5388,109.55463,51.25602,57.862534,34.91498,40.04556,22.913937,25.968262,48.47512,52.47592,26.568874,30.02818,16.674618,18.881107,29.737679,35.24872,35.8324,38.973835,76.39048,81.906944,63.819588,67.82432
59bc276b681516389ccf478d,ebfe0f5f6540e6f2a429094100d8ee7b,169.9,1,81.0,103.386604,110.17529,6.7886887,102.42408,101.45883,0.9652481,108.49655,105.89068,2.605873,53.009354,53.994286,0.98493195,37.16665,36.926315,0.24033356,24.419266,24.190615,0.22865105,49.741375,50.586357,0.84498215,26.96902,27.756992,0.7879715,18.168207,17.534044,0.6341629,28.674313,31.859568,3.185255,36.21862,37.210712,0.99209213,79.98153,79.409134,0.5723953,64.743256,65.987434,1.2441788,104.46572,115.884865,95.2005,107.71716,101.88277,109.89859,50.69103,57.297543,34.361027,39.491604,22.663452,25.717777,48.585957,52.586758,26.02734,29.486645,16.4308,18.63729,29.104048,34.61509,35.639996,38.78143,76.6509,82.167366,63.98507,67.9898
76mo2dUguqyOIGL4bac3EyH7z3vFLMknog1q_Q5RMio,c1765e1dbf530d66bf126cf486b6c751,190.0,1,95.4,113.82223,111.59727,2.2249603,107.43442,104.481316,2.953102,111.86265,112.1507,0.28805542,56.01102,57.059437,1.0484161,37.35758,38.12053,0.7629509,25.390263,25.671291,0.28102875,55.274776,55.626,0.351223,28.134167,27.888826,0.24534035,17.509048,17.705156,0.19610786,33.241745,31.675545,1.5662003,38.399433,38.41007,0.010635376,87.910286,88.250534,0.3402481,74.55843,72.53456,2.0238724,105.887695,117.30684,98.222984,110.73965,108.14279,116.158615,53.75618,60.362694,35.55524,40.685818,24.144129,27.198454,53.6256,57.6264,26.159174,29.618479,16.601912,18.808401,28.920025,34.431065,36.83935,39.980785,85.4923,91.008766,70.532196,74.53693
76mo2dUguqyOIGL4bac3EyH7z3vFLMknog1q_Q5RMio,0137443ba49903cceede13e710c77634,190.0,1,95.4,113.82223,112.046906,1.775322,107.43442,103.87944,3.5549774,111.86265,110.31299,1.5496597,56.01102,56.29856,0.28754044,37.35758,38.465767,1.1081886,25.390263,25.988346,0.5980835,55.274776,55.896416,0.62163925,28.134167,28.493237,0.35906982,17.509048,18.025352,0.516304,33.241745,32.00579,1.2359543,38.399433,39.0188,0.6193657,87.910286,88.475494,0.56520844,74.55843,72.74461,1.8138199,106.33733,117.75648,97.62111,110.13777,106.30508,114.3209,52.995304,59.601818,35.90048,41.031055,24.461184,27.515509,53.896015,57.896816,26.763584,30.222889,16.922108,19.128597,29.25027,34.76131,37.448082,40.589516,85.71726,91.23373,70.74225,74.74698
___N-yQ2K98VMoiVyAIsDEB-mM-r-eIaMuX0ihKxeyo,b3c62d220cafd3390b3efb0b62e31276,165.9,0,73.3,102.23241,103.40548,1.1730728,92.627625,92.75773,0.13010406,103.33675,107.074875,3.7381287,55.18524,56.094685,0.9094429,36.29051,37.13856,0.848053,24.378937,23.30947,1.0694675,46.68394,47.925434,1.2414932,24.675066,25.755138,1.0800724,15.732963,16.408588,0.6756258,29.311142,30.597122,1.2859802,32.61622,34.04304,1.4268227,77.234146,76.58548,0.6486664,61.95276,61.938984,0.013774872,97.69591,109.11505,86.4994,99.01606,103.06696,111.08279,52.791428,59.39794,34.573273,39.70385,21.782307,24.836632,45.925034,49.925835,24.025486,27.48479,15.305344,17.511833,27.841602,33.352642,32.472324,35.613758,73.82725,79.34371,59.93662,63.94135
5IsuENU7QwftIF-Xu6ZQmn_xfRc2LVyd5V2-puckUkg,858c3f6bf2fbce3f7f5a2da8c8a34127,164.5,1,75.6,112.07606,107.233,4.8430557,97.01001,93.93205,3.0779572,102.709915,100.94751,1.7624054,54.6351,53.606853,1.0282478,38.08449,37.92607,0.15842056,24.472677,24.229702,0.24297523,47.720207,48.148685,0.42847824,28.21146,28.399939,0.18847847,16.583141,17.422417,0.83927536,32.279377,32.56482,0.28544235,38.060177,37.361553,0.69862366,73.94728,74.89704,0.94976044,64.315506,64.060295,0.25521088,101.52343,112.94257,87.67372,100.190384,96.9396,104.95542,50.303596,56.91011,35.360783,40.49136,22.70254,25.756865,46.148285,50.149086,26.670286,30.129591,16.319172,18.525661,29.8093,35.32034,35.790836,38.93227,72.13881,77.65527,62.05793,66.06266
ruUChlhWH6x7TjiSLy_KREcgFsU0wQEcCf25PKt10OA,6fe0aefb2088060510b43b6e6509bfc1,181.5,1,88.3,111.262794,109.88866,1.3741379,102.22322,102.70184,0.47862244,108.04463,108.357346,0.31271362,53.651268,55.36779,1.7165222,39.91378,38.585613,1.328167,24.98291,25.301855,0.31894493,52.7676,52.788204,0.02060318,26.92726,27.678568,0.75130844,17.67804,17.474558,0.20348167,32.515297,31.266222,1.2490749,38.544037,37.88179,0.6622467,82.05186,83.24022,1.1883621,72.09821,70.160446,1.937767,104.179085,115.59823,96.44351,108.960175,104.349434,112.36526,52.064533,58.671047,36.020325,41.1509,23.774693,26.829018,50.787804,54.788605,25.948915,29.40822,16.371313,18.577803,28.510702,34.021744,36.311073,39.452507,80.48199,85.99845,68.15808,72.16281
iFpd5co3UXPjUAe6mbPsoFh9aAhq2rYS3p58myDMEPQ,79b84f6d3b7b46e029bb2abf8ee01e39,152.75,0,63.75,103.09992,98.389244,4.710678,86.22276,84.880936,1.3418274,103.08093,101.16248,1.9184494,56.387623,53.91117,2.4764519,34.313503,36.361877,2.0483742,21.259306,22.488804,1.2294979,42.42624,43.98868,1.5624428,24.067434,25.045261,0.9778271,15.131959,15.907367,0.7754078,26.55659,29.7652,3.2086105,33.26833,33.025364,0.2429657,68.92394,69.10914,0.18519592,58.46864,57.6988,0.76984024,92.67967,104.098816,78.622604,91.13927,97.15457,105.170395,50.607914,57.214428,33.79659,38.927166,20.961641,24.015966,41.98828,45.989082,23.315609,26.774914,14.804122,17.010612,27.00968,32.52072,31.454647,34.59608,66.35091,71.86737,55.696434,59.701164
iFpd5co3UXPjUAe6mbPsoFh9aAhq2rYS3p58myDMEPQ,e40ea27d0b729c46c793ed80da47d178,152.75,0,63.75,103.09992,99.17892,3.9210052,86.22276,87.26229,1.0395279,103.08093,102.13478,0.94615173,56.387623,53.74377,2.6438522,34.313503,35.42939,1.1158867,21.259306,21.947515,0.68820953,42.42624,44.070435,1.6441956,24.067434,24.463839,0.39640427,15.131959,15.464528,0.33256912,26.55659,29.312109,2.7555199,33.26833,32.65262,0.6157112,68.92394,69.534615,0.610672,58.46864,57.16145,1.30719,93.469345,104.88849,81.00396,93.52062,98.12687,106.14269,50.440514,57.047028,32.8641,37.99468,20.420353,23.474678,42.070034,46.070835,22.734186,26.193491,14.361283,16.567772,26.55659,32.067627,31.081902,34.223335,66.77638,72.29285,55.159084,59.163815
4rLp86ErZXEGFqDlzaE7zpMB5EAFQ5C1CA_-OXzfMMg,b43262103bed39942bdb86700850df9d,170.75,1,80.1,103.93542,106.165115,2.2296982,93.64169,96.925095,3.2834015,105.20242,105.62288,0.42045593,53.888454,55.51237,1.6239166,39.8185,37.89089,1.9276123,24.962528,24.399975,0.5625534,49.37599,50.079723,0.70373154,26.942413,27.517662,0.5752487,17.353197,17.037228,0.31596947,32.299484,31.635757,0.6637268,36.645958,37.1249,0.47894287,76.34102,78.05141,1.7103882,67.554855,66.68355,0.8713074,100.45554,111.87469,90.66676,103.183426,101.61497,109.63079,52.209114,58.815628,35.3256,40.456177,22.872812,25.927137,48.079323,52.080124,25.78801,29.247314,15.933983,18.140472,28.880238,34.391277,35.554184,38.695618,75.293175,80.80964,64.68118,68.68591
4rLp86ErZXEGFqDlzaE7zpMB5EAFQ5C1CA_-OXzfMMg,a5fe3ae3a7e4982ecba8eb03d8571692,170.75,1,80.1,103.93542,107.47468,3.5392609,93.64169,99.49618,5.8544846,105.20242,104.826866,0.37555695,53.888454,54.72451,0.83605576,39.8185,39.95264,0.13414001,24.962528,25.135517,0.17298889,49.37599,49.172962,0.20302963,26.942413,27.385153,0.4427395,17.353197,17.147755,0.20544243,32.299484,31.007845,1.2916393,36.645958,37.227474,0.58151627,76.34102,76.73219,0.39117432,67.554855,67.07557,0.4792862,101.76511,113.18425,93.23785,105.75451,100.818954,108.83478,51.421253,58.027767,37.387352,42.51793,23.608355,26.66268,47.17256,51.173363,25.6555,29.114805,16.04451,18.251,28.252325,33.763367,35.656757,38.79819,73.97396,79.490425,65.073204,69.077934
4rLp86ErZXEGFqDlzaE7zpMB5EAFQ5C1CA_-OXzfMMg,a4af1e04eac0b614109c1c94d4e3c8d1,170.75,1,80.1,103.93542,107.151505,3.2160873,93.64169,98.776535,5.134842,105.20242,104.58609,0.616333,53.888454,54.493153,0.6046982,39.8185,38.572468,1.2460327,24.962528,24.662693,0.2998352,49.37599,49.74013,0.36413956,26.942413,27.293882,0.35146904,17.353197,16.930191,0.42300606,32.299484,31.065538,1.2339458,36.645958,37.266357,0.6203995,76.34102,77.53607,1.1950531,67.554855,66.925354,0.62950134,101.44193,112.86108,92.5182,105.03487,100.57818,108.594,51.189896,57.79641,36.00718,41.137756,23.13553,26.189856,47.73973,51.740532,25.56423,29.023535,15.826946,18.033436,28.310019,33.82106,35.69564,38.837074,74.77784,80.294304,64.92299,68.92772
4rLp86ErZXEGFqDlzaE7zpMB5EAFQ5C1CA_-OXzfMMg,4a9dcf7a144858e36536e2dced5e2c32,170.75,1,80.1,103.93542,107.11497,3.1795502,93.64169,99.339165,5.6974716,105.20242,104.8588,0.3436203,53.888454,54.538456,0.6500015,39.8185,38.914997,0.9035034,24.962528,24.74678,0.21574783,49.37599,49.248035,0.12795639,26.942413,27.24081,0.29839706,17.353197,16.912748,0.44044876,32.299484,30.940205,1.3592796,36.645958,37.282448,0.63648987,76.34102,76.666176,0.32515717,67.554855,67.296616,0.25823975,101.405396,112.82454,93.08083,105.597496,100.85089,108.866714,51.2352,57.841713,36.34971,41.480286,23.219618,26.273943,47.247635,51.248436,25.511158,28.970463,15.809504,18.015993,28.184685,33.695724,35.71173,38.853165,73.90794,79.42441,65.29425,69.29898
VbArPJgfiazy--dHRifBZpNMtFsJ4sL_Yb5YGRMn70E,2014ee476f4641bc362d4edf34875462,152.6,0,63.4,91.780426,97.40567,5.625244,82.37077,85.21132,2.8405457,105.73388,102.91705,2.8168259,55.921417,54.832115,1.0893021,36.726963,35.903366,0.82359695,23.670454,22.184616,1.4858379,45.698284,44.46034,1.2379456,24.588707,24.511164,0.07754326,16.021252,15.513733,0.50751877,29.329176,29.488173,0.15899658,34.291275,32.598988,1.6922874,69.953316,69.95519,0.001876831,56.895283,57.708572,0.81328964,91.6961,103.11524,78.95299,91.46965,98.90914,106.924965,51.52886,58.135372,33.338078,38.468655,20.657454,23.711779,42.459938,46.46074,22.781511,26.240816,14.410488,16.616978,26.732653,32.24369,31.02827,34.169704,67.19696,72.713425,55.706207,59.710938
0LE2aj67f6O62tt6mzfTs8MDHtjuLkfVeCRgMRPRmfg,ee80597c4a5144f727acd15d9976ec3e,191.8,1,95.65,110.59177,110.06289,0.52887726,101.063286,99.58122,1.4820633,111.42026,109.46292,1.9573364,56.92919,57.006134,0.076942444,41.16471,39.60779,1.5569191,27.22578,26.610508,0.6152725,54.950703,55.91528,0.9645767,30.384787,29.001644,1.3831425,19.441227,18.418985,1.0222416,32.50378,32.217663,0.28611755,39.305836,39.21992,0.08591461,89.0163,88.55374,0.46255493,71.49018,73.56041,2.0702286,104.35332,115.77246,93.32289,105.839554,105.45501,113.47083,53.702877,60.30939,37.042503,42.17308,25.083345,28.13767,53.91488,57.91568,27.271992,30.731297,17.31574,19.52223,29.462143,34.973183,37.649204,40.790638,85.79551,91.31197,71.558044,75.562775
0LE2aj67f6O62tt6mzfTs8MDHtjuLkfVeCRgMRPRmfg,acfdcd9031662bbed401388cf2130572,191.8,1,95.65,110.59177,110.41698,0.17478943,101.063286,98.91392,2.1493683,111.42026,109.61033,1.8099289,56.92919,57.589783,0.6605911,41.16471,39.111393,2.053318,27.22578,26.366055,0.85972595,54.950703,56.270596,1.3198929,30.384787,29.347794,1.036993,19.441227,18.394016,1.0472107,32.50378,32.89904,0.39525986,39.305836,39.453224,0.14738846,89.0163,89.08192,0.06562042,71.49018,73.31128,1.8210983,104.707405,116.12655,92.65559,105.17225,105.60242,113.61824,54.286526,60.89304,36.546104,41.67668,24.838892,27.893217,54.270195,58.270996,27.618141,31.077446,17.290771,19.497261,30.14352,35.65456,37.882507,41.02394,86.323685,91.84015,71.308914,75.313644
NT9pVYCYjVJUv93rGE-RcIZ1SXERnAOVnaUgOW501eg,ac27d6d1490ecd6cc7837b88c4e45562,173.0,1,81.3,104.06861,106.77493,2.7063217,101.56963,97.55969,4.009941,101.99385,104.26179,2.2679367,54.664795,54.87742,0.2126236,39.83183,39.84439,0.012561798,24.933376,25.275204,0.3418274,48.751167,49.423336,0.67216873,27.053167,27.742119,0.6889515,16.813108,17.23074,0.41763115,29.472649,31.427364,1.9547157,37.997128,37.5077,0.48942566,75.80954,77.20474,1.3952026,68.07764,67.70329,0.37434387,101.06536,112.484505,91.30136,103.81802,100.253876,108.2697,51.57416,58.180676,37.279102,42.40968,23.748041,26.802366,47.422935,51.423737,26.012466,29.471771,16.127495,18.333984,28.671844,34.182884,35.936985,39.07842,74.44651,79.962975,65.70093,69.70566
NT9pVYCYjVJUv93rGE-RcIZ1SXERnAOVnaUgOW501eg,9c10e8f8f389aed97f26ca6b85027b66,173.0,1,81.3,104.06861,106.52763,2.4590225,101.56963,96.09424,5.475395,101.99385,103.56282,1.5689697,54.664795,54.751827,0.08703232,39.83183,39.638718,0.19311142,24.933376,25.22282,0.28944397,48.751167,48.9108,0.15963364,27.053167,27.961843,0.90867615,16.813108,17.317398,0.5042896,29.472649,31.711355,2.2387066,37.997128,37.580105,0.4170227,75.80954,76.40331,0.5937729,68.07764,67.822975,0.25466156,100.81806,112.237206,89.83591,102.35257,99.55491,107.57073,51.44857,58.055084,37.07343,42.204006,23.695658,26.749983,46.9104,50.9112,26.232191,29.691496,16.214153,18.420643,28.955835,34.466873,36.009388,39.15082,73.64508,79.161545,65.82061,69.82534
59bc2763681516389ccf447a,1219c729817464c538e4bc233e4ee33d,160.3,0,68.15,97.71895,99.11709,1.39814,83.663086,87.65155,3.9884644,105.029495,103.654335,1.3751602,55.331753,55.361794,0.030040741,37.237625,36.55595,0.68167496,22.932028,22.720392,0.21163559,46.33584,46.897224,0.5613861,25.106127,25.106108,1.9073486e-05,16.731533,15.689252,1.0422812,29.647137,29.816925,0.16978836,32.67204,33.487946,0.8159065,72.64736,74.351746,1.7043839,60.98873,59.462288,1.5264435,93.40752,104.82666,81.39322,93.90988,99.64642,107.66225,52.058537,58.66505,33.99066,39.12124,21.19323,24.247555,44.896824,48.897625,23.376455,26.83576,14.586007,16.792496,27.061405,32.572445,31.917229,35.058662,71.59351,77.10998,57.459923,61.464653
05QGDWJaVnG3hO2Zc44lxI6oajSeypzBye5n7HiDOyE,638d80d42197a9f8cfa5ea8575c66782,176.75,1,84.05,112.509514,109.512085,2.997429,107.33689,101.94295,5.393944,104.47759,106.22235,1.7447586,53.316383,54.293022,0.9766388,36.326733,38.1012,1.7744675,23.413912,24.886469,1.4725571,52.99418,51.890488,1.1036911,28.20076,27.463577,0.7371826,17.590448,17.254974,0.335474,33.265087,31.167746,2.0973415,38.182682,37.549267,0.6334152,82.27184,81.74862,0.5232239,67.319046,68.167366,0.84832,103.80251,115.22166,95.684616,108.20128,102.21444,110.23026,50.989765,57.59628,35.53591,40.66649,23.359306,26.413631,49.890087,53.89089,25.733925,29.19323,16.15173,18.35822,28.412226,33.923264,35.97855,39.119984,78.99039,84.50685,66.165,70.16973
05QGDWJaVnG3hO2Zc44lxI6oajSeypzBye5n7HiDOyE,78460663760f9b444ea449804526cf83,176.75,1,84.05,112.509514,108.1688,4.3407135,107.33689,95.88489,11.4520035,104.47759,104.79738,0.31978607,53.316383,55.38578,2.069397,36.326733,36.605434,0.27870178,23.413912,24.392853,0.97894096,52.99418,52.607403,0.38677597,28.20076,28.585182,0.3844223,17.590448,17.304546,0.28590202,33.265087,32.976627,0.28845978,38.182682,38.26392,0.08123779,82.27184,82.38683,0.114990234,67.319046,67.78634,0.4672928,102.45923,113.87837,89.62656,102.14322,100.78947,108.80529,52.082523,58.689037,34.040146,39.170723,22.86569,25.920015,50.607002,54.607803,26.85553,30.314835,16.201302,18.407791,30.221107,35.732147,36.693203,39.834637,79.6286,85.145065,65.78397,69.788704
05QGDWJaVnG3hO2Zc44lxI6oajSeypzBye5n7HiDOyE,d6f16ee870978d1428896d8501115885,176.75,1,84.05,112.509514,110.24836,2.2611542,107.33689,102.93736,4.3995285,104.47759,104.97059,0.49299622,53.316383,52.915936,0.40044785,36.326733,37.635536,1.3088036,23.413912,24.860277,1.4463654,52.99418,51.610638,1.3835411,28.20076,27.464252,0.7365074,17.590448,17.289492,0.30095673,33.265087,30.87878,2.3863068,38.182682,37.954193,0.22848892,82.27184,80.97837,1.2934723,67.319046,68.65587,1.3368225,104.53879,115.95793,96.67903,109.195694,100.96268,108.9785,49.61268,56.219193,35.070248,40.200825,23.333115,26.38744,49.610237,53.61104,25.7346,29.193905,16.186247,18.392736,28.12326,33.6343,36.383476,39.52491,78.22014,83.7366,66.6535,70.65823
Vf7Yx7KhVWQ4JpCSpF5g5eBpDiVa3guZqMhUyzJfvnA,45108038273e7fb409461e9a52b2d21a,160.5,0,68.2,95.301384,98.70118,3.3997955,84.77787,85.89825,1.1203766,103.05853,103.502014,0.44348145,56.491375,55.857494,0.6338806,38.527485,38.032772,0.49471283,22.89778,23.486376,0.58859634,43.128105,46.290363,3.1622581,24.880852,25.93227,1.0514183,15.444792,16.403265,0.9584732,32.829723,30.650059,2.1796646,34.27199,33.718567,0.55342484,72.24242,73.454346,1.2119293,62.05325,60.02162,2.0316277,92.99161,104.41075,79.639915,92.15658,99.4941,107.509926,52.554237,59.16075,35.467484,40.59806,21.959213,25.013538,44.289963,48.290764,24.202618,27.661922,15.30002,17.50651,27.894539,33.40558,32.14785,35.289284,70.69611,76.21258,58.019257,62.023987
nVpOVrjB1lX9c-PX6KRkqdy4OFCNZVUXPMt0NrbfYcE,e3347555fe85eb5029a12b6ef6af0f84,177.5,1,57.0,85.48541,88.10385,2.6184387,70.44599,71.639565,1.193573,87.85273,89.518295,1.6655655,43.425987,45.413128,1.9871407,35.877598,33.88298,1.9946175,24.330585,24.381134,0.050548553,52.060585,52.28353,0.22294617,23.920977,23.787766,0.13321114,16.883873,15.916914,0.966959,23.753988,25.615759,1.8617706,35.074932,35.256477,0.18154526,82.640236,82.21322,0.4270172,67.33335,66.40388,0.9294739,82.39428,93.81342,65.38123,77.897896,85.51038,93.52621,42.10987,48.716385,31.317692,36.44827,22.853971,25.908297,50.28313,54.28393,22.058113,25.517418,14.813669,17.020159,22.860239,28.371279,33.68576,36.827194,79.45499,84.97145,64.40151,68.40624
foAXsyM76uW2KP7tYzPGq3CpbaAb0YYl-0ByjoGVKrA,484c30c8ec72c91e09ca21ffa76a6b16,193.4,1,96.4,112.719925,108.995,3.7249222,88.94255,95.83582,6.8932724,107.428375,109.3106,1.882225,59.382706,58.634487,0.74821854,39.741337,39.884598,0.14326096,26.739323,26.625212,0.11411095,55.456398,55.512802,0.056404114,32.27192,29.599293,2.6726265,19.203655,18.357296,0.84635925,36.36891,33.406345,2.9625664,38.69582,39.297688,0.6018677,91.32982,88.09404,3.2357788,70.77565,73.31128,2.5356293,103.28543,114.704575,89.57749,102.094154,105.30269,113.31851,55.33123,61.937744,37.31931,42.449886,25.09805,28.152374,53.5124,57.513203,27.86964,31.328945,17.254051,19.46054,30.650826,36.161865,37.72697,40.868404,85.33581,90.85227,71.308914,75.313644
D0eXN6wb19lyHGlE8OOTBR6Xn7qPtrQIW_vZqXHps2E,6d6ba06cba8ad9562c54457c519093a2,179.5,1,86.0,107.98341,107.88216,0.101257324,96.58183,97.4681,0.8862686,107.907135,105.78995,2.1171875,53.8714,55.78021,1.9088097,38.51833,38.815254,0.2969246,24.298351,25.330343,1.031992,53.781624,51.981674,1.7999496,26.57863,28.274189,1.6955585,16.899178,17.384228,0.4850502,30.884047,32.11322,1.2291737,39.012917,38.27867,0.7342453,83.27845,81.41118,1.8672714,69.95185,69.69149,0.26036072,102.172585,113.59173,91.20977,103.72643,101.782036,109.79786,52.47695,59.083466,36.249966,41.380543,23.80318,26.857506,49.981274,53.982075,26.544537,30.003841,16.280983,18.487473,29.3577,34.86874,36.707954,39.84939,78.65295,84.16941,67.689125,71.693855
D0eXN6wb19lyHGlE8OOTBR6Xn7qPtrQIW_vZqXHps2E,9718f9bb759e38c496d687976ba7f012,179.5,1,86.0,107.98341,108.595955,0.6125412,96.58183,97.716705,1.1348724,107.907135,105.60077,2.306366,53.8714,55.34314,1.4717407,38.51833,37.714405,0.80392456,24.298351,25.001802,0.70345116,53.781624,53.0539,0.72772217,26.57863,28.353966,1.7753353,16.899178,17.39194,0.4927616,30.884047,32.215675,1.3316288,39.012917,38.533424,0.4794922,83.27845,82.971245,0.3072052,69.95185,69.54494,0.40691376,102.88638,114.30553,91.458374,103.97504,101.59286,109.60868,52.039883,58.646397,35.149117,40.279694,23.47464,26.528965,51.0535,55.054302,26.624313,30.083618,16.288694,18.495184,29.460155,34.971195,36.962708,40.10414,80.21301,85.72948,67.54257,71.5473
D0eXN6wb19lyHGlE8OOTBR6Xn7qPtrQIW_vZqXHps2E,4ba1a8d73327529f68a28fccab10fc57,179.5,1,86.0,107.98341,108.595955,0.6125412,96.58183,97.716705,1.1348724,107.907135,105.60077,2.306366,53.8714,55.34314,1.4717407,38.51833,37.714405,0.80392456,24.298351,25.001802,0.70345116,53.781624,53.0539,0.72772217,26.57863,28.353966,1.7753353,16.899178,17.39194,0.4927616,30.884047,32.215675,1.3316288,39.012917,38.533424,0.4794922,83.27845,82.971245,0.3072052,69.95185,69.54494,0.40691376,102.88638,114.30553,91.458374,103.97504,101.59286,109.60868,52.039883,58.646397,35.149117,40.279694,23.47464,26.528965,51.0535,55.054302,26.624313,30.083618,16.288694,18.495184,29.460155,34.971195,36.962708,40.10414,80.21301,85.72948,67.54257,71.5473
me6W9DDi6oFf_-XnSWBG6DodoIp9UmCyc4sX73d9NUk,09dbaa3516f1c83387ee81521782fd8d,157.0,0,65.7,102.241585,97.762566,4.479019,87.63987,87.83637,0.19650269,105.506386,105.937355,0.43096924,54.53191,56.806255,2.2743454,36.29743,37.965115,1.6676865,21.475498,22.88581,1.4103127,42.06916,44.432037,2.362877,23.983955,24.600405,0.61644936,15.621632,15.471872,0.1497593,27.493925,29.797031,2.3031063,33.199085,32.698208,0.5008774,68.989845,70.25352,1.2636719,60.496582,59.17896,1.3176231,92.05299,103.47214,81.57804,94.0947,101.92944,109.94527,53.503,60.109512,35.399826,40.530403,21.358648,24.412973,42.431637,46.432438,22.870752,26.330057,14.368628,16.575117,27.041512,32.55255,31.127491,34.268925,67.495285,73.01175,57.176594,61.181324
me6W9DDi6oFf_-XnSWBG6DodoIp9UmCyc4sX73d9NUk,a353085d29235e5e16ed657cf25dd547,157.0,0,65.7,102.241585,98.18691,4.0546722,87.63987,89.12927,1.4894028,105.506386,106.959404,1.4530182,54.53191,57.000805,2.468895,36.29743,37.36349,1.0660629,21.475498,22.64779,1.1722927,42.06916,44.74019,2.6710281,23.983955,24.285355,0.30139923,15.621632,15.247883,0.37374878,27.493925,29.674683,2.1807575,33.199085,32.615074,0.5840111,68.989845,70.723,1.7331543,60.496582,59.174072,1.3225098,92.47734,103.896484,82.87094,95.3876,102.95149,110.967316,53.697548,60.30406,34.798203,39.92878,21.120628,24.174953,42.739788,46.74059,22.555702,26.015007,14.144638,16.351128,26.919163,32.430202,31.044357,34.18579,67.96477,73.48123,57.171707,61.176437
me6W9DDi6oFf_-XnSWBG6DodoIp9UmCyc4sX73d9NUk,914ba574f1c37bb96ef05d057101d2d8,157.0,0,65.7,102.241585,97.73165,4.5099335,87.63987,87.875626,0.23575592,105.506386,104.97182,0.5345688,54.53191,55.99741,1.4654999,36.29743,37.483555,1.1861267,21.475498,22.61103,1.1355324,42.06916,44.243378,2.1742172,23.983955,24.404345,0.42038918,15.621632,15.338213,0.28341866,27.493925,29.339962,1.8460369,33.199085,32.649937,0.54914856,68.989845,69.8476,0.85775757,60.496582,58.978672,1.51791,92.02208,103.44122,81.617294,94.13396,100.963905,108.97973,52.694153,59.300667,34.918266,40.048843,21.083868,24.138193,42.242977,46.24378,22.674692,26.133997,14.234968,16.441458,26.584442,32.09548,31.07922,34.220654,67.08937,72.605835,56.976307,60.981037
me6W9DDi6oFf_-XnSWBG6DodoIp9UmCyc4sX73d9NUk,81eff90ea13f1e9ce4e87a590a4ffa94,157.0,0,65.7,102.241585,98.50446,3.7371216,87.63987,88.336845,0.6969757,105.506386,105.61305,0.106666565,54.53191,56.12267,1.5907593,36.29743,36.17244,0.124988556,21.475498,22.070662,0.59516335,42.06916,44.18363,2.1144714,23.983955,24.133915,0.14995956,15.621632,14.905657,0.7159748,27.493925,29.56377,2.0698452,33.199085,32.5534,0.6456871,68.989845,70.053,1.0631561,60.496582,58.827236,1.6693459,92.79489,104.214035,82.078514,94.59518,101.60514,109.620964,52.819412,59.425926,33.60715,38.73773,20.543499,23.597824,42.18323,46.184032,22.404263,25.863567,13.802412,16.008902,26.80825,32.31929,30.982681,34.124115,67.29477,72.81123,56.82487,60.8296
me6W9DDi6oFf_-XnSWBG6DodoIp9UmCyc4sX73d9NUk,51fafc34008524c12c95890a8fd00751,157.0,0,65.7,102.241585,96.767746,5.473839,87.63987,85.208046,2.4318237,105.506386,103.725586,1.7807999,54.53191,56.369186,1.8372765,36.29743,39.04335,2.745922,21.475498,23.434912,1.9594135,42.06916,44.048424,1.9792633,23.983955,25.196701,1.2127457,15.621632,15.917648,0.2960167,27.493925,30.150402,2.656477,33.199085,33.03341,0.16567612,68.989845,69.44658,0.4567337,60.496582,58.71,1.786583,91.058174,102.47732,78.949715,91.46638,99.717674,107.7335,53.06593,59.672443,36.47806,41.60864,21.90775,24.962074,42.048023,46.048824,23.467049,26.926353,14.814404,17.020893,27.394882,32.905922,31.462692,34.604126,66.68835,72.20481,56.707634,60.712364
me6W9DDi6oFf_-XnSWBG6DodoIp9UmCyc4sX73d9NUk,84025dc8665f54a05c4fd9907e76a491,157.0,0,65.7,102.241585,99.503494,2.7380905,87.63987,89.90043,2.260559,105.506386,106.83902,1.332634,54.53191,56.48645,1.9545403,36.29743,36.44306,0.1456337,21.475498,22.265488,0.7899895,42.06916,44.438328,2.3691673,23.983955,24.262367,0.27841187,15.621632,15.2177725,0.40385914,27.493925,29.712978,2.2190533,33.199085,32.56949,0.6295967,68.989845,70.37089,1.3810425,60.496582,58.99333,1.5032539,93.79392,105.213066,83.6421,96.15876,102.83111,110.84693,53.183193,59.789707,33.877773,39.00835,20.738325,23.79265,42.437927,46.43873,22.532715,25.99202,14.114528,16.321018,26.957458,32.4685,30.998772,34.140205,67.612656,73.12912,56.990963,60.995693
me6W9DDi6oFf_-XnSWBG6DodoIp9UmCyc4sX73d9NUk,6d96d3e807fd117228e058fc3a03e090,157.0,0,65.7,102.241585,100.25804,1.9835434,87.63987,89.00987,1.3700027,105.506386,103.24742,2.2589645,54.53191,54.467335,0.064575195,36.29743,36.3093,0.011871338,21.475498,22.239756,0.76425743,42.06916,44.46034,2.3911781,23.983955,24.615278,0.63132286,15.621632,15.309572,0.3120594,27.493925,29.499115,2.00519,33.199085,33.009274,0.1898117,68.989845,70.63986,1.6500168,60.496582,58.827236,1.6693459,94.54847,105.96761,82.75154,95.2682,99.23951,107.25533,51.164078,57.77059,33.74401,38.874588,20.712593,23.766918,42.459938,46.46074,22.885626,26.34493,14.206327,16.412817,26.743595,32.254635,31.438557,34.57999,67.88163,73.398094,56.82487,60.8296
me6W9DDi6oFf_-XnSWBG6DodoIp9UmCyc4sX73d9NUk,4227c053ef7a696dfc19a1edd41b6e7d,157.0,0,65.7,102.241585,97.16118,5.080406,87.63987,84.426254,3.2136154,105.506386,102.987724,2.5186615,54.53191,55.54102,1.0091095,36.29743,37.271553,0.9741249,21.475498,22.858242,1.3827438,42.06916,44.82194,2.752781,23.983955,25.168306,1.184351,15.621632,15.821443,0.19981098,27.493925,30.022831,2.5289059,33.199085,33.06827,0.1308136,68.989845,70.923515,1.93367,60.496582,59.076374,1.420208,91.45161,102.87075,78.16792,90.684586,98.97981,106.995636,52.237762,58.844276,34.706264,39.83684,21.33108,24.385405,42.82154,46.822342,23.438654,26.897959,14.718198,16.924686,27.267311,32.77835,31.497555,34.63899,68.16528,73.68175,57.07401,61.07874
me6W9DDi6oFf_-XnSWBG6DodoIp9UmCyc4sX73d9NUk,cf8400e79e936926a50f3bfd258dd431,157.0,0,65.7,102.241585,98.06888,4.1727066,87.63987,84.998695,2.6411743,105.506386,101.35903,4.147354,54.53191,54.524467,0.0074424744,36.29743,37.52603,1.2286034,21.475498,22.921652,1.4461536,42.06916,44.54838,2.4792213,23.983955,25.338676,1.3547211,15.621632,15.905164,0.28353214,27.493925,29.88755,2.3936253,33.199085,33.375317,0.17623138,68.989845,70.346436,1.3565903,60.496582,58.973785,1.5227966,92.35931,103.77845,78.740364,91.25703,97.35112,105.36694,51.22121,57.827724,34.960743,40.09132,21.39449,24.448814,42.54798,46.548782,23.609024,27.068329,14.801919,17.008408,27.13203,32.64307,31.8046,34.946033,67.5882,73.10467,56.97142,60.97615
me6W9DDi6oFf_-XnSWBG6DodoIp9UmCyc4sX73d9NUk,5432cc3d3840c6c422262da7525fa6cd,157.0,0,65.7,102.241585,97.88902,4.352562,87.63987,85.345436,2.2944336,105.506386,102.74469,2.7616959,54.53191,54.925392,0.3934822,36.29743,36.894615,0.59718704,21.475498,22.743366,1.267868,42.06916,44.469772,2.4006119,23.983955,25.104755,1.1208,15.621632,15.774442,0.1528101,27.493925,29.952206,2.4582806,33.199085,33.087044,0.11204147,68.989845,70.458916,1.4690704,60.496582,59.12034,1.3762436,92.17945,103.598595,79.087105,91.60377,98.73678,106.7526,51.622135,58.22865,34.329327,39.459904,21.216204,24.270529,42.46937,46.470173,23.375103,26.834408,14.671197,16.877686,27.196686,32.707726,31.516327,34.65776,67.70068,73.21715,57.117973,61.122704
me6W9DDi6oFf_-XnSWBG6DodoIp9UmCyc4sX73d9NUk,aea597cdae628166225e281fce184902,157.0,0,65.7,102.241585,98.06888,4.1727066,87.63987,84.998695,2.6411743,105.506386,101.35903,4.147354,54.53191,54.524467,0.0074424744,36.29743,37.52603,1.2286034,21.475498,22.921652,1.4461536,42.06916,44.54838,2.4792213,23.983955,25.338676,1.3547211,15.621632,15.905164,0.28353214,27.493925,29.88755,2.3936253,33.199085,33.375317,0.17623138,68.989845,70.346436,1.3565903,60.496582,58.973785,1.5227966,92.35931,103.77845,78.740364,91.25703,97.35112,105.36694,51.22121,57.827724,34.960743,40.09132,21.39449,24.448814,42.54798,46.548782,23.609024,27.068329,14.801919,17.008408,27.13203,32.64307,31.8046,34.946033,67.5882,73.10467,56.97142,60.97615
me6W9DDi6oFf_-XnSWBG6DodoIp9UmCyc4sX73d9NUk,c0124a67ef63f56bef39351c40a15bb7,157.0,0,65.7,102.241585,98.06888,4.1727066,87.63987,84.998695,2.6411743,105.506386,101.35903,4.147354,54.53191,54.524467,0.0074424744,36.29743,37.52603,1.2286034,21.475498,22.921652,1.4461536,42.06916,44.54838,2.4792213,23.983955,25.338676,1.3547211,15.621632,15.905164,0.28353214,27.493925,29.88755,2.3936253,33.199085,33.375317,0.17623138,68.989845,70.346436,1.3565903,60.496582,58.973785,1.5227966,92.35931,103.77845,78.740364,91.25703,97.35112,105.36694,51.22121,57.827724,34.960743,40.09132,21.39449,24.448814,42.54798,46.548782,23.609024,27.068329,14.801919,17.008408,27.13203,32.64307,31.8046,34.946033,67.5882,73.10467,56.97142,60.97615
me6W9DDi6oFf_-XnSWBG6DodoIp9UmCyc4sX73d9NUk,08c91bdf0901111efbac55765a74b3a1,157.0,0,65.7,102.241585,98.06888,4.1727066,87.63987,84.998695,2.6411743,105.506386,101.35903,4.147354,54.53191,54.524467,0.0074424744,36.29743,37.52603,1.2286034,21.475498,22.921652,1.4461536,42.06916,44.54838,2.4792213,23.983955,25.338676,1.3547211,15.621632,15.905164,0.28353214,27.493925,29.88755,2.3936253,33.199085,33.375317,0.17623138,68.989845,70.346436,1.3565903,60.496582,58.973785,1.5227966,92.35931,103.77845,78.740364,91.25703,97.35112,105.36694,51.22121,57.827724,34.960743,40.09132,21.39449,24.448814,42.54798,46.548782,23.609024,27.068329,14.801919,17.008408,27.13203,32.64307,31.8046,34.946033,67.5882,73.10467,56.97142,60.97615
me6W9DDi6oFf_-XnSWBG6DodoIp9UmCyc4sX73d9NUk,bbbed2c9f6297249d280a1fff2bb7308,157.0,0,65.7,102.241585,100.304405,1.9371796,87.63987,89.74914,2.1092682,105.506386,105.67693,0.17054749,54.53191,55.2965,0.7645912,36.29743,35.458775,0.83865356,21.475498,22.063309,0.5878105,42.06916,44.645855,2.5766945,23.983955,24.366484,0.3825283,15.621632,15.383011,0.23862076,27.493925,29.632406,2.1384811,33.199085,32.674072,0.52501297,68.989845,70.89417,1.9043274,60.496582,58.954247,1.5423355,94.59483,106.01398,83.49081,96.00747,101.66902,109.684845,51.993244,58.59976,32.893486,38.024063,20.536146,23.590471,42.645454,46.646255,22.636831,26.096136,14.279766,16.486256,26.876886,32.387924,31.103355,34.24479,68.13594,73.652405,56.95188,60.95661
me6W9DDi6oFf_-XnSWBG6DodoIp9UmCyc4sX73d9NUk,8d57c3c288952165e019133e05ca2d29,157.0,0,65.7,102.241585,100.74351,1.4980774,87.63987,89.81641,2.1765366,105.506386,104.08367,1.4227142,54.53191,54.485157,0.04675293,36.29743,36.004654,0.2927742,21.475498,22.33625,0.8607521,42.06916,45.356483,3.287323,23.983955,24.66666,0.6827049,15.621632,15.703206,0.08157444,27.493925,29.548851,2.054926,33.199085,32.877876,0.32120895,68.989845,72.01409,3.0242462,60.496582,58.338737,2.1578445,95.033936,106.45308,83.558075,96.07474,100.07576,108.09158,51.1819,57.788414,33.439365,38.569942,20.809088,23.863413,43.356083,47.356884,22.937008,26.396313,14.599961,16.80645,26.793331,32.30437,31.30716,34.448593,69.25586,74.77232,56.336372,60.341103
me6W9DDi6oFf_-XnSWBG6DodoIp9UmCyc4sX73d9NUk,27c8182d442326ee0003f5765137fbc8,157.0,0,65.7,102.241585,101.497696,0.74388885,87.63987,90.41297,2.7731018,105.506386,102.73885,2.7675323,54.53191,53.45761,1.0742989,36.29743,36.12837,0.16905975,21.475498,22.425394,0.94989586,42.06916,44.652145,2.582985,23.983955,24.901934,0.9179783,15.621632,15.82438,0.2027483,27.493925,29.528955,2.0350304,33.199085,33.226486,0.02740097,68.989845,70.83548,1.8456345,60.496582,58.78816,1.7084236,95.788124,107.20727,84.15464,96.6713,98.73094,106.746765,50.154354,56.760868,33.56308,38.693657,20.898232,23.952557,42.651745,46.652546,23.172281,26.631586,14.721135,16.927624,26.773436,32.284477,31.65577,34.797203,68.07725,73.59371,56.785793,60.790524
me6W9DDi6oFf_-XnSWBG6DodoIp9UmCyc4sX73d9NUk,3e03545d824a538bd7eb7a538d3e0d00,157.0,0,65.7,102.241585,99.13395,3.1076355,87.63987,87.663,0.023132324,105.506386,103.28243,2.2239532,54.53191,54.966698,0.43478775,36.29743,37.52951,1.2320824,21.475498,22.818724,1.3432255,42.06916,44.40374,2.3345795,23.983955,25.00064,1.0166855,15.621632,15.807489,0.18585777,27.493925,29.769676,2.275751,33.199085,33.022682,0.17640305,68.989845,70.351326,1.3614807,60.496582,58.832123,1.6644592,93.42438,104.84352,81.40467,93.92133,99.27452,107.290344,51.66344,58.269955,34.964222,40.0948,21.291561,24.345886,42.40334,46.40414,23.270988,26.730293,14.704245,16.910734,27.014156,32.525196,31.451965,34.5934,67.593094,73.10956,56.829758,60.834488
oHv-WsmLya2pGjXGy7Mwj9Zcw_Wh1D7VjiZDysIuTL4,d283a23dfaca723b768b6a1270105211,186.2,1,90.6,104.72886,108.180046,3.4511871,98.59309,100.2289,1.6358109,108.24613,107.85369,0.3924408,58.210106,55.40577,2.8043365,40.65252,40.953167,0.30064774,26.663021,26.943184,0.2801628,50.39827,53.758244,3.359974,26.99121,28.068663,1.0774517,18.151455,18.319109,0.16765404,31.82593,30.665726,1.1602039,35.840496,38.549515,2.7090187,82.59359,84.60223,2.0086365,73.082664,72.817894,0.2647705,102.470474,113.88962,93.970566,106.48723,103.84578,111.8616,52.102512,58.709026,38.38788,43.518456,25.416021,28.470346,51.757843,55.758644,26.33901,29.798315,17.215864,19.422354,27.910206,33.421246,36.978798,40.12023,81.843994,87.36046,70.81553,74.82026
oHv-WsmLya2pGjXGy7Mwj9Zcw_Wh1D7VjiZDysIuTL4,fe967714e845eac0368f2622bcaebcfe,186.2,1,90.6,104.72886,107.83439,3.1055298,98.59309,99.29991,0.70682526,108.24613,108.45562,0.20948792,58.210106,56.438477,1.7716293,40.65252,40.34079,0.31172943,26.663021,26.483685,0.17933655,50.39827,53.802265,3.4039955,26.99121,28.180891,1.1896801,18.151455,18.012867,0.13858795,31.82593,31.311481,0.51444817,35.840496,38.305485,2.4649887,82.59359,84.924995,2.3314056,73.082664,72.03629,1.0463715,102.12482,113.54396,93.04158,105.55824,104.44771,112.46353,53.13522,59.741734,37.7755,42.90608,24.956522,28.010847,51.801865,55.802666,26.451239,29.910543,16.909622,19.116112,28.555962,34.067,36.734768,39.8762,82.16676,87.68323,70.03393,74.03866
oHv-WsmLya2pGjXGy7Mwj9Zcw_Wh1D7VjiZDysIuTL4,94ee7ae08463402fe1b9efe0e0a5c43e,186.2,1,90.6,104.72886,107.25267,2.5238113,98.59309,95.90779,2.685295,108.24613,107.60801,0.63812256,58.210106,57.000805,1.209301,40.65252,39.406757,1.2457619,26.663021,26.03062,0.6324005,50.39827,53.31803,2.9197617,26.99121,28.727158,1.7359467,18.151455,17.951912,0.199543,31.82593,32.427547,0.6016178,35.840496,38.45834,2.6178436,82.59359,84.10339,1.5098038,73.082664,71.6113,1.4713669,101.5431,112.96224,89.64946,102.16612,103.6001,111.61592,53.697548,60.30406,36.84147,41.972046,24.503458,27.557783,51.31763,55.31843,26.997505,30.45681,16.848667,19.055157,29.672028,35.183067,36.887623,40.029057,81.34516,86.861626,69.60893,73.61366
oHv-WsmLya2pGjXGy7Mwj9Zcw_Wh1D7VjiZDysIuTL4,b2cfe9596363f59f6dd28fc531b1c790,186.2,1,90.6,104.72886,107.13745,2.4085922,98.59309,97.64474,0.948349,108.24613,108.28364,0.037506104,58.210106,56.369186,1.8409195,40.65252,39.52274,1.1297798,26.663021,26.108734,0.55428696,50.39827,54.61351,4.2152405,26.99121,27.947645,0.95643425,18.151455,17.96146,0.18999481,31.82593,31.111544,0.714386,35.840496,38.124477,2.2839813,82.59359,86.196526,3.6029358,73.082664,71.66503,1.417633,101.42788,112.84702,91.386406,103.90307,104.27573,112.29155,53.06593,59.672443,36.95745,42.088028,24.581572,27.635897,52.61311,56.61391,26.217993,29.677298,16.858215,19.064705,28.356024,33.867065,36.55376,39.695194,83.43829,88.95476,69.66267,73.6674
oHv-WsmLya2pGjXGy7Mwj9Zcw_Wh1D7VjiZDysIuTL4,2bd86223c497b9cf75d0e53c62ec32e8,186.2,1,90.6,104.72886,109.05683,4.3279724,98.59309,101.269104,2.6760178,108.24613,107.80947,0.43666077,58.210106,55.373787,2.836319,40.65252,40.60677,0.045749664,26.663021,26.454277,0.20874405,50.39827,53.51927,3.1210022,26.99121,27.902348,0.9111366,18.151455,18.031227,0.12022781,31.82593,30.748722,1.0772076,35.840496,38.21029,2.369793,82.59359,84.479965,1.8863754,73.082664,71.718765,1.3638992,103.34726,114.7664,95.01077,107.527435,103.80156,111.81738,52.07053,58.677044,38.04148,43.17206,24.927114,27.98144,51.51887,55.519672,26.172695,29.632,16.927982,19.134472,27.993202,33.504242,36.639572,39.781006,81.72173,87.2382,69.7164,73.72113
oHv-WsmLya2pGjXGy7Mwj9Zcw_Wh1D7VjiZDysIuTL4,8d9f785e170fffc77c8cb48f466b44ef,186.2,1,90.6,104.72886,107.716354,2.9874954,98.59309,99.836365,1.2432785,108.24613,108.843796,0.5976639,58.210106,56.198624,2.0114822,40.65252,40.02841,0.62410736,26.663021,26.206148,0.45687294,50.39827,53.645046,3.2467766,26.99121,27.844883,0.853672,18.151455,17.963663,0.18779182,31.82593,30.90713,0.91880035,35.840496,37.936764,2.0962677,82.59359,84.75383,2.1602402,73.082664,71.68945,1.3932114,102.00678,113.42593,93.57803,106.094696,104.835884,112.85171,52.895367,59.50188,37.463123,42.5937,24.678986,27.73331,51.644646,55.645447,26.11523,29.574535,16.860418,19.066908,28.15161,33.66265,36.366047,39.50748,81.9956,87.51206,69.68709,73.69182
oHv-WsmLya2pGjXGy7Mwj9Zcw_Wh1D7VjiZDysIuTL4,47c29e3552658a6a7ddd2209c56cb83b,186.2,1,90.6,104.72886,108.03391,3.3050537,98.59309,99.82983,1.2367401,108.24613,107.858604,0.38752747,58.210106,55.76022,2.4498863,40.65252,41.049046,0.39652634,26.663021,26.831066,0.16804504,50.39827,53.3369,2.9386292,26.99121,28.130861,1.1396503,18.151455,18.217762,0.06630707,31.82593,30.954378,0.8715515,35.840496,38.369846,2.5293503,82.59359,84.06427,1.4706802,73.082664,72.22681,0.85585785,102.32434,113.743484,93.571495,106.08816,103.85069,111.866516,52.456963,59.063477,38.483757,43.614334,25.303904,28.358229,51.3365,55.3373,26.401209,29.860514,17.114517,19.321007,28.198858,33.7099,36.79913,39.940563,81.30604,86.8225,70.22444,74.22917
TW6ZaAGWau_uKoWlAo0V68CkLwuOtK7LynFsYNKLZNo,57e9e3809982138f714280bae16c0c3f,190.5,1,93.8,112.18412,110.84975,1.3343735,104.209045,101.1906,3.0184479,109.68788,109.06,0.6278839,54.159115,56.28124,2.1221237,38.61452,39.075825,0.4613037,26.167418,26.180416,0.012998581,54.14206,55.085167,0.9431076,28.040785,28.593296,0.5525112,17.369167,17.97174,0.6025734,30.582558,31.99982,1.417263,38.81147,38.994663,0.1831932,86.50148,87.19907,0.6975937,72.831314,73.0426,0.21128845,105.140175,116.55932,94.93227,107.44893,105.052086,113.06791,52.97798,59.584496,36.510536,41.641113,24.653254,27.707579,53.084766,57.085567,26.863644,30.322948,16.868496,19.074986,29.2443,34.75534,37.423946,40.56538,84.44084,89.957306,71.04024,75.04497
TW6ZaAGWau_uKoWlAo0V68CkLwuOtK7LynFsYNKLZNo,5d79f5383347ff2de68b74757d88adac,190.5,1,93.8,112.18412,110.28209,1.902031,104.209045,100.41208,3.7969666,109.68788,109.0944,0.593483,54.159115,56.482452,2.3233376,38.61452,39.307785,0.693264,26.167418,26.34216,0.17474174,54.14206,55.968735,1.8266754,28.040785,28.4067,0.3659153,17.369167,17.924006,0.5548382,30.582558,31.62979,1.0472317,38.81147,38.981255,0.16978455,86.50148,88.68089,2.1794128,72.831314,73.1745,0.34318542,104.57252,115.99166,94.15375,106.67041,105.08649,113.10231,53.179195,59.78571,36.742496,41.873074,24.814997,27.869322,53.968334,57.969135,26.677048,30.136353,16.82076,19.02725,28.87427,34.385307,37.410538,40.55197,85.92266,91.439125,71.172134,75.176865
dfAi3WWpAhDCTklcMbrId_SBtZBCRCiJz-E2GUW5kbU,603642dd6d520798aea5bceff3099e89,174.5,1,81.8,106.67541,105.72672,0.9486847,99.81414,93.027596,6.786545,106.10041,104.473076,1.6273346,56.326183,56.01873,0.30745316,35.89168,37.958546,2.066864,23.104618,24.603416,1.4987984,48.809532,50.334023,1.5244904,30.823149,28.381008,2.4421406,17.473024,17.212748,0.2602768,34.413567,32.853283,1.5602837,36.677097,37.447365,0.7702675,77.18961,79.02706,1.8374481,66.5158,67.14518,0.6293793,100.01715,111.436295,86.769264,99.28593,100.465164,108.48099,52.715473,59.321987,35.393257,40.523834,23.076254,26.130579,48.333622,52.334423,26.651356,30.11066,16.109503,18.315992,30.097763,35.608803,35.876648,39.01808,76.26883,81.78529,65.142815,69.147545
dfAi3WWpAhDCTklcMbrId_SBtZBCRCiJz-E2GUW5kbU,2b1e74363cd80f3cbac1d4388c983c9e,174.5,1,81.8,106.67541,104.66586,2.0095444,99.81414,91.603035,8.211105,106.10041,104.49642,1.6039886,56.326183,56.699654,0.3734703,35.89168,38.775047,2.8833656,23.104618,24.97791,1.873291,48.809532,50.125317,1.3157845,30.823149,28.559492,2.2636566,17.473024,17.319235,0.15378952,34.413567,33.04427,1.369297,36.677097,37.631058,0.9539604,77.18961,78.33492,1.1453094,66.5158,67.476135,0.9603348,98.95629,110.375435,85.3447,97.86137,100.48851,108.50433,53.396397,60.00291,36.20976,41.340336,23.450747,26.505072,48.124916,52.125717,26.82984,30.289145,16.21599,18.42248,30.28875,35.79979,36.06034,39.201775,75.57669,81.093155,65.47377,69.4785
n4BK7cRJclRIbsDzzYnvMCsuAwJrnvrM8RS8dgUrkyQ,3767a662f5eed6dd4986fa44275d5658,188.7,1,92.2,107.78979,108.09012,0.30033112,93.46137,97.252205,3.7908325,110.765236,108.25416,2.511078,58.76112,56.810253,1.9508667,40.286133,39.847485,0.43864822,26.543072,26.660133,0.117061615,54.1899,55.60399,1.4140892,29.303291,28.706877,0.59641457,18.526823,18.264763,0.26206017,31.516472,31.799885,0.28341293,39.151306,39.061707,0.08959961,85.54441,87.77126,2.2268524,73.78053,73.19404,0.58649445,102.38055,113.79969,90.99387,103.51054,104.24625,112.26207,53.506996,60.11351,37.282196,42.412773,25.13297,28.187296,53.60359,57.60439,26.977224,30.43653,17.161518,19.368008,29.044365,34.555405,37.49099,40.632423,85.01303,90.529495,71.19167,75.1964
VcmahEYVpQrUE-nues0J-16TIGPVG1bCIpDG8YOLRSI,a7c28cf0caeca796e1e3c1f0c8c315cf,157.3,0,65.3,89.758385,95.77013,6.0117416,78.49636,83.77204,5.2756805,103.83753,102.80181,1.0357208,56.39836,55.652287,0.7460747,37.721203,38.173107,0.4519043,24.394684,23.120155,1.2745285,44.165905,44.77792,0.6120148,25.168592,24.997936,0.1706562,16.083628,15.8280525,0.25557518,28.935047,29.585157,0.65011024,32.503433,32.864468,0.3610344,69.01102,70.80614,1.7951202,57.751717,58.866318,1.1146011,90.060555,101.4797,77.51371,90.03037,98.7939,106.80972,52.34903,58.955544,35.60782,40.738396,21.592993,24.647318,42.77752,46.77832,23.268284,26.727589,14.724808,16.931297,26.829638,32.340675,31.29375,34.435184,68.047905,73.56437,56.863953,60.868683
3jiT5VXoF7XsjFrpxd7yjRdPORLXRC9yl-frqqzegzU,6b260322c2d302f4671b1635b1910a57,185.0,1,89.4,109.07734,109.39967,0.3223343,92.969185,99.71861,6.749428,106.472305,107.39918,0.92687225,56.26471,55.073303,1.1914062,39.77256,38.19437,1.5781898,25.67556,25.54539,0.13017082,53.282867,54.585213,1.3023453,28.325567,28.179539,0.14602852,18.55751,18.048119,0.5093918,31.910753,31.52783,0.38292313,39.046284,38.11375,0.93253326,86.152176,86.519295,0.36711884,69.81909,70.44866,0.62957,103.6901,115.109245,93.46028,105.976944,103.391266,111.40709,51.770046,58.37656,35.62908,40.75966,24.018227,27.072552,52.584812,56.585613,26.449886,29.909191,16.944874,19.151363,28.77231,34.283348,36.543034,39.684467,83.76106,89.27753,68.4463,72.45103
THEwqU40js1n9THdzHKyVX6jgnrohfzOOWqALF-UYFA,6b8e67a93f28e163a47b63ad373537cb,159.75,0,66.8,101.782074,97.77662,4.005455,81.71567,85.06412,3.3484497,100.28188,102.167946,1.8860626,53.05687,55.1899,2.13303,37.670544,38.040504,0.36996078,22.778587,23.160591,0.38200378,45.405804,45.472824,0.067020416,26.050995,25.493498,0.557497,16.047882,15.974564,0.07331848,29.324492,29.930323,0.60583115,33.281273,33.57242,0.29114532,70.505974,71.930954,1.4249802,62.35364,60.131535,2.222107,92.06705,103.48619,78.805786,91.32245,98.160034,106.17586,51.886642,58.493156,35.475216,40.605793,21.633429,24.687754,43.472424,47.473225,23.763845,27.22315,14.871319,17.077808,27.174803,32.685844,32.0017,35.143135,69.17272,74.689186,58.12917,62.1339
THEwqU40js1n9THdzHKyVX6jgnrohfzOOWqALF-UYFA,ead2b2774a1f11371735cd138db5beed,159.75,0,66.8,101.782074,99.24917,2.5329056,81.71567,87.1887,5.47303,100.28188,101.01753,0.7356491,53.05687,54.073486,1.0166168,37.670544,38.249268,0.5787239,22.778587,23.10729,0.32870293,45.405804,45.199265,0.20653915,26.050995,25.180477,0.87051773,16.047882,15.803082,0.24479961,29.324492,29.388702,0.06421089,33.281273,33.71052,0.4292488,70.505974,71.32453,0.81855774,62.35364,59.691883,2.6617584,93.5396,104.95874,80.93037,93.44703,97.00962,105.025444,50.77023,57.376743,35.68398,40.814556,21.580128,24.634453,43.198864,47.199665,23.450825,26.91013,14.699838,16.906326,26.633183,32.144222,32.139805,35.28124,68.5663,74.08276,57.689518,61.69425
3dexwlFNR0_Q_g3P3X6qYvlJDqalSsaRUSW0Gb9ARxM,0c04352beb4c66741b179414518a4cf5,172.7,1,80.0,110.75081,108.29245,2.4583588,105.711784,98.449425,7.2623596,105.35796,102.78346,2.574501,55.198685,53.03653,2.1621552,38.27287,38.663708,0.39083862,25.786667,25.037184,0.7494831,51.324535,50.114704,1.2098312,26.146296,27.97266,1.8263645,16.986887,17.595734,0.60884666,29.803297,31.451239,1.6479416,39.29878,37.609604,1.6891747,81.7807,78.729965,3.0507355,65.8707,67.11465,1.2439499,102.58288,114.00202,92.19109,104.707756,98.77555,106.791374,49.733273,56.339787,36.09842,41.228996,23.510021,26.564346,48.114304,52.115105,26.243008,29.702312,16.492489,18.698978,28.695719,34.206757,36.038887,39.18032,75.97173,81.4882,65.11228,69.11701
M9VAAnHg45vZQEy5PFtkbS_mlS0KKYpuUVM_rbe3jXA,a13ead776138d8049d5c8c36611abf01,182.0,1,86.3,109.96044,107.63767,2.3227692,96.1775,98.639145,2.461647,103.99135,106.51225,2.5209045,53.42824,54.793472,1.3652306,39.54016,38.778915,0.7612457,25.988958,25.704376,0.28458214,51.542072,53.52556,1.9834862,28.087437,28.018633,0.06880379,18.344107,17.983492,0.36061478,31.074608,31.126465,0.051856995,38.75965,38.11375,0.6459007,80.861015,84.28434,3.4233246,71.916954,70.56102,1.3559341,101.9281,113.347244,92.38081,104.89748,102.50434,110.520164,51.490215,58.09673,36.213627,41.344204,24.177214,27.231539,51.525158,55.52596,26.28898,29.748285,16.880247,19.086737,28.370945,33.881985,36.543034,39.684467,81.52611,87.04257,68.558655,72.563385
qO2JJJ3Ee8e_vihSLCUd_lLPfQfBkBsw3tFVMmy94MI,808eada13e547c28e8dd50a116fb2216,162.4,0,67.8,91.28644,97.93118,6.644745,84.19041,84.82533,0.63492584,103.57152,102.4468,1.1247177,57.369015,54.840443,2.528572,37.126026,36.38739,0.738636,23.298073,22.974035,0.32403755,47.791798,47.69904,0.09275818,25.692978,25.593557,0.09942055,16.150124,16.254734,0.10461044,29.110115,30.027805,0.9176903,33.422047,33.573757,0.15171051,75.50958,75.9864,0.47681427,58.986794,59.83355,0.846756,92.22161,103.640755,78.567,91.083664,98.43889,106.45471,51.537186,58.1437,33.8221,38.95268,21.446873,24.501198,45.69864,49.69944,23.863905,27.32321,15.151489,17.357979,27.272285,32.783325,32.00304,35.144474,73.228165,78.74463,57.831184,61.835915
qO2JJJ3Ee8e_vihSLCUd_lLPfQfBkBsw3tFVMmy94MI,6ba249bed0dacdacdd8023f6a26d33f8,162.4,0,67.8,91.28644,94.97202,3.685585,84.19041,84.49168,0.30126953,103.57152,104.634,1.0624847,57.369015,56.41316,0.9558563,37.126026,37.46263,0.33660507,23.298073,23.05215,0.24592209,47.791798,46.859493,0.9323044,25.692978,24.724802,0.9681759,16.150124,15.667955,0.4821682,29.110115,29.255411,0.1452961,33.422047,32.912735,0.5093117,75.50958,74.469124,1.0404587,58.986794,60.241447,1.2546539,89.26245,100.681595,78.233345,90.75001,100.62609,108.641914,53.1099,59.716415,34.897343,40.02792,21.524988,24.579313,44.859093,48.859894,22.99515,26.454454,14.564711,16.7712,26.499891,32.010933,31.342018,34.48345,71.71089,77.227356,58.239082,62.243813
qO2JJJ3Ee8e_vihSLCUd_lLPfQfBkBsw3tFVMmy94MI,1f931543c0b97d40fde7669024ca0cb2,162.4,0,67.8,91.28644,95.719536,4.433098,84.19041,85.191696,1.0012894,103.57152,104.473076,0.9015579,57.369015,56.062706,1.3063087,37.126026,37.264496,0.1384697,23.298073,23.042042,0.25603104,47.791798,47.111042,0.6807556,25.692978,24.79241,0.900568,16.150124,15.767097,0.38302612,29.110115,29.260384,0.15026855,33.422047,33.030727,0.39131927,75.50958,74.85303,0.6565552,58.986794,60.30495,1.3181572,90.009964,101.42911,78.933365,91.45003,100.465164,108.48099,52.75945,59.365963,34.699207,39.829784,21.51488,24.569204,45.11064,49.111443,23.062757,26.522062,14.663853,16.870342,26.504864,32.015903,31.46001,34.601444,72.094795,77.61126,58.302586,62.307316
qO2JJJ3Ee8e_vihSLCUd_lLPfQfBkBsw3tFVMmy94MI,c24ba48864497e7c16acc2dc2d7e5616,162.4,0,67.8,91.28644,97.28764,6.0012054,84.19041,83.59213,0.59827423,103.57152,102.03405,1.537468,57.369015,54.964035,2.4049797,37.126026,36.298473,0.8275528,23.298073,22.888569,0.40950394,47.791798,47.810665,0.018867493,25.692978,25.604374,0.08860397,16.150124,16.203693,0.053569794,29.110115,30.067593,0.95747757,33.422047,33.541576,0.119529724,75.50958,76.11844,0.6088562,58.986794,59.564873,0.5780792,91.57807,102.997215,77.3338,89.850464,98.02614,106.04196,51.660778,58.267292,33.733185,38.86376,21.361406,24.415731,45.810265,49.811066,23.874722,27.334026,15.100449,17.306938,27.312073,32.823112,31.97086,35.112293,73.36021,78.87667,57.562508,61.567238
qO2JJJ3Ee8e_vihSLCUd_lLPfQfBkBsw3tFVMmy94MI,cc3fa5a6b25d01dc947ce75ff761ca3a,162.4,0,67.8,91.28644,96.29845,5.0120087,84.19041,85.47301,1.2826004,103.57152,103.55883,0.012687683,57.369015,55.625633,1.7433815,37.126026,37.714985,0.58895874,23.298073,23.249735,0.048337936,47.791798,46.9947,0.79709625,25.692978,25.034445,0.6585331,16.150124,15.84788,0.30224323,29.110115,29.383728,0.27361298,33.422047,33.31766,0.104385376,75.50958,74.6085,0.9010849,58.986794,60.51745,1.5306549,90.588875,102.00802,79.214676,91.73134,99.55092,107.56674,52.322376,58.92889,35.149696,40.280273,21.722572,24.776897,44.9943,48.995102,23.304792,26.764097,14.744636,16.951126,26.628208,32.139248,31.746944,34.88838,71.850266,77.36673,58.515083,62.519814
qO2JJJ3Ee8e_vihSLCUd_lLPfQfBkBsw3tFVMmy94MI,32ccdd21fa4b026567af464a2b73bf80,162.4,0,67.8,91.28644,96.39118,5.104744,84.19041,84.13186,0.058547974,103.57152,102.7903,0.7812195,57.369015,55.311825,2.05719,37.126026,37.269135,0.14310837,23.298073,23.094423,0.20364952,47.791798,46.90666,0.88513947,25.692978,25.268366,0.42461205,16.150124,15.968688,0.18143559,29.110115,29.649317,0.53920174,33.422047,33.372635,0.049411774,75.50958,74.51803,0.99155426,58.986794,60.436848,1.4500542,90.68161,102.10075,77.87353,90.39019,98.78239,106.79821,52.008568,58.61508,34.703846,39.834423,21.56726,24.621586,44.906258,48.90706,23.538713,26.998018,14.865443,17.071934,26.893797,32.40484,31.801918,34.94335,71.759796,77.27626,58.434483,62.439213
bMHM7SdGME-vAeg4QMc9bvY3jgg3t360D0VHzjHE3jI,1c104a5db4158ac6e877b5b69a9792d8,175.5,1,81.3,114.3901,106.60913,7.7809677,86.46251,92.546745,6.084236,102.34955,104.19546,1.8459091,54.731712,55.81885,1.0871391,38.048573,37.025673,1.0228996,26.21054,24.540695,1.6698456,52.594395,52.500496,0.09389877,30.108883,28.985418,1.1234646,18.491638,17.711033,0.7806053,32.620853,33.358597,0.7377434,39.7996,38.06548,1.7341194,82.44,82.31592,0.12408447,67.26575,67.09511,0.17063904,100.89956,112.3187,86.288414,98.80508,100.187546,108.20337,52.515594,59.12211,34.460384,39.59096,23.013533,26.067858,50.500095,54.500896,27.255766,30.71507,16.607788,18.814278,30.603077,36.114117,36.494762,39.636196,79.557686,85.07415,65.09274,69.09747
OAbrCqaAW3pJE5CZ4IQFZbVuacN5J6rhE7eBJqme8HA,a4433bf37d108818830bce3021d4a974,172.0,0,74.1,113.7863,102.266464,11.519836,96.16659,92.72175,3.4448395,112.37951,107.63749,4.7420197,50.55071,55.7389,5.1881905,35.36827,35.480423,0.1121521,23.762625,23.013552,0.749073,50.029804,50.73257,0.7027664,23.651894,25.053375,1.4014816,15.954693,15.991454,0.036761284,26.089796,29.64683,3.5570335,33.339046,34.163715,0.8246689,81.24213,81.474754,0.23262787,64.67059,63.576683,1.0939102,96.55689,107.976036,86.46342,98.98008,103.62958,111.6454,52.435642,59.042156,32.915134,38.04571,21.48639,24.540714,48.73217,52.73297,23.323723,26.783028,14.888209,17.0947,26.89131,32.40235,32.593,35.734432,78.71652,84.23299,61.574318,65.57905
wtG3VS1hbhCZ1uA_tfz0jjFmWwxHJlmT38Kf-6if8kM,fd8f6522997a68e25a6ee14bc346e8af,178.0,1,83.1,106.992615,107.85968,0.8670654,99.496346,100.536385,1.0400391,103.446304,106.43855,2.9922485,53.44768,54.359566,0.9118843,38.213703,37.76157,0.45213318,26.01489,24.789974,1.2249165,51.732437,51.401535,0.3309021,26.559664,27.189428,0.62976456,16.621517,17.070276,0.44875908,30.952835,30.832527,0.12030792,38.078545,37.387028,0.6915169,78.901886,80.78397,1.8820877,70.265785,68.919655,1.3461304,102.15011,113.56925,94.27805,106.794716,102.43064,110.446465,51.05631,57.662823,35.19628,40.32686,23.262812,26.317137,49.401134,53.401936,25.459776,28.91908,15.9670315,18.173521,28.077007,33.588047,35.81631,38.957745,78.02574,83.542206,66.91729,70.92202
bzAAtfEYTvcUwHDx_a0yjF5OQfTSli80mnRsIYujCns,24f58b386cac5e7f6b2577bd823687d7,161.0,0,66.6,98.3266,98.53256,0.20596313,83.868164,86.30386,2.4356995,103.3507,102.38753,0.9631729,53.741573,54.08115,0.33957672,35.61741,34.371647,1.2457619,23.375404,21.978762,1.3966427,49.597153,47.949017,1.6481361,24.73315,24.645025,0.08812523,15.934647,15.475544,0.45910263,28.163506,29.309124,1.1456184,34.239063,33.160786,1.0782776,77.0441,76.428986,0.6151123,59.4763,58.80281,0.6734886,92.82299,104.242134,80.04553,92.562195,98.379616,106.39544,50.777893,57.384407,31.806358,36.936935,20.4516,23.505924,45.948616,49.949417,22.915373,26.374678,14.372299,16.578789,26.553604,32.064644,31.590069,34.731503,73.67075,79.18722,56.800446,60.805176
bzAAtfEYTvcUwHDx_a0yjF5OQfTSli80mnRsIYujCns,e2ad8eeb2dd6579927ee1e1ff1a88cb3,161.0,0,66.6,98.3266,98.44826,0.121658325,83.868164,85.98984,2.1216736,103.3507,103.10708,0.24362183,53.741573,54.58293,0.8413582,35.61741,34.298965,1.3184433,23.375404,21.976923,1.3984814,49.597153,47.969456,1.627697,24.73315,24.700464,0.032686234,15.934647,15.533562,0.4010849,28.163506,29.573719,1.4102135,34.239063,33.092407,1.146656,77.0441,76.50356,0.540535,59.4763,58.807697,0.668602,92.738686,104.15783,79.73151,92.24817,99.09917,107.11499,51.279675,57.88619,31.733677,36.864254,20.44976,23.504086,45.969055,49.969856,22.970812,26.430117,14.430317,16.636806,26.8182,32.32924,31.52169,34.663124,73.74533,79.261795,56.805332,60.810062
9XOBx08BW9pET4ZXxgXqQtDDuEo5bdVjbEiOOJqJ4_A,82ad5eada9c2ecdb5cc6cf575f9a9d65,163.0,0,67.9,100.206,99.28992,0.9160843,83.11993,87.69898,4.579056,97.75823,102.79521,5.0369797,55.49673,54.29677,1.1999626,35.513012,35.652073,0.13906097,22.619421,22.475939,0.14348221,47.94081,47.766644,0.17416763,25.99169,24.870834,1.1208553,15.752787,15.526217,0.22656918,30.534649,29.372787,1.1618614,34.112904,33.45979,0.6531143,78.55546,76.28105,2.2744064,58.778248,60.026505,1.2482567,93.580345,104.99949,81.44065,93.95731,98.7873,106.80312,50.99351,57.600025,33.086784,38.21736,20.948776,24.003101,45.766243,49.767044,23.141182,26.600487,14.422973,16.629463,26.617268,32.128307,31.889072,35.030506,73.52282,79.03928,58.02414,62.02887
9XOBx08BW9pET4ZXxgXqQtDDuEo5bdVjbEiOOJqJ4_A,372eceaa2800e958a7eb8078ddf656ef,163.0,0,67.9,100.206,99.78733,0.41867065,83.11993,85.325806,2.2058792,97.75823,100.74483,2.9865952,55.49673,54.10805,1.3886795,35.513012,35.861614,0.3486023,22.619421,22.672604,0.053182602,47.94081,48.187202,0.2463913,25.99169,25.722687,0.2690029,15.752787,15.842006,0.08921909,30.534649,30.24515,0.28949928,34.112904,34.087288,0.025615692,78.55546,76.773766,1.7816925,58.778248,59.701653,0.9234047,94.07776,105.4969,79.067474,91.58414,96.736916,104.75274,50.804794,57.41131,33.296326,38.426903,21.145441,24.199766,46.186802,50.187603,23.993034,27.45234,14.738761,16.945251,27.48963,33.00067,32.51657,35.658005,74.01553,79.532,57.699287,61.704018
B_HmsIJRHhy2Nz0cI3egjmWuu1BAEsxE__E_yjjxaXg,d742a7fd897cb66aa720db5237ba3082,180.2,0,79.2,100.13676,102.75913,2.6223755,91.61695,91.83119,0.21424103,104.12857,105.86365,1.7350769,57.952538,55.03999,2.912548,41.154827,37.453545,3.7012825,23.945683,24.353334,0.4076519,54.622753,53.18911,1.4336433,25.437603,26.088104,0.65050125,17.407034,16.842247,0.5647869,29.31791,29.59809,0.28017998,34.14016,35.19782,1.0576591,89.45519,85.86397,3.5912247,63.75101,65.7212,1.9701881,97.04956,108.468704,85.57286,98.08952,101.855736,109.87156,51.736732,58.343246,34.888256,40.018833,22.826172,25.880497,51.18871,55.18951,24.358452,27.817757,15.739002,17.945492,26.84257,32.353607,33.6271,36.768536,83.105736,88.6222,63.718834,67.723564
6EfPJh7fgmLut392y-qHjFx3U4_cr7FzqXv9xXBfIn0,1328b37899a1c90afd535811cba13039,179.5,1,83.8,106.299324,107.15712,0.8577957,90.49811,95.61012,5.112015,103.57019,104.54187,0.9716797,55.33392,55.10528,0.2286377,36.298393,37.872334,1.5739403,25.546827,25.08589,0.4609375,52.363037,52.673435,0.3103981,28.581285,28.399939,0.1813469,17.784935,17.441511,0.34342384,30.727686,32.207718,1.480032,39.798965,38.28001,1.5189552,81.66397,82.6607,0.996727,68.580185,69.14681,0.5666275,101.44755,112.86669,89.35179,101.868454,100.53396,108.54978,51.802025,58.40854,35.307045,40.437622,23.558727,26.613052,50.673035,54.673836,26.670286,30.129591,16.338266,18.544756,29.452198,34.963238,36.709293,39.850727,79.902466,85.41893,67.14445,71.14918
6EfPJh7fgmLut392y-qHjFx3U4_cr7FzqXv9xXBfIn0,55fc603e54a0e22dbe8a7dd326fc3ca9,179.5,1,83.8,106.299324,107.26672,0.9673996,90.49811,95.19469,4.696579,103.57019,104.001366,0.43117523,55.33392,54.662884,0.67103577,36.298393,37.39014,1.0917473,25.546827,24.881874,0.66495323,52.363037,51.709686,0.65335083,28.581285,28.536505,0.04478073,17.784935,17.464277,0.32065773,30.727686,32.52304,1.7953548,39.798965,38.249172,1.5497932,81.66397,81.132416,0.5315552,68.580185,69.02469,0.44450378,101.55715,112.976295,88.936356,101.45302,99.993454,108.00928,51.359627,57.96614,34.824852,39.95543,23.354712,26.409037,49.709286,53.710087,26.806852,30.266157,16.361032,18.567522,29.76752,35.27856,36.678455,39.81989,78.37418,83.89065,67.02232,71.027054
kxH9CwuvoCoy93lDhjDtkA6vwDpKxRo1t6KirECKe5k,7444c75f5ebf4a098401cddf2d0c1197,184.5,1,87.4,110.7925,105.785736,5.0067673,87.590225,94.44561,6.855385,103.31786,106.35502,3.0371552,55.979347,56.51443,0.5350838,39.627674,39.558304,0.06937027,28.30338,25.909311,2.3940678,53.649822,52.880962,0.76885986,28.420143,28.28771,0.13243294,17.731096,17.661827,0.06926918,31.210896,31.880457,0.6695614,39.203545,37.98503,1.2185135,83.06028,83.55566,0.4953766,72.333664,70.63429,1.6993713,100.076164,111.49531,88.18728,100.70394,102.34711,110.36293,53.211174,59.817688,36.993015,42.123592,24.382149,27.436474,50.88056,54.881363,26.558058,30.017363,16.558582,18.765072,29.124937,34.63598,36.414314,39.555748,80.797424,86.31389,68.63193,72.63666
kxH9CwuvoCoy93lDhjDtkA6vwDpKxRo1t6KirECKe5k,535efeb1f27d85bc371922c208e346b8,184.5,1,87.4,110.7925,107.089676,3.7028275,87.590225,94.91992,7.3296967,103.31786,105.72607,2.4082031,55.979347,55.89081,0.08853912,39.627674,38.85546,0.772213,28.30338,25.793518,2.509861,53.649822,53.434372,0.21545029,28.420143,28.76637,0.34622765,17.731096,17.944569,0.21347237,31.210896,32.41959,1.2086945,39.203545,38.384594,0.81895065,83.06028,84.445724,1.3854446,72.333664,70.49751,1.8361511,101.380104,112.79925,88.66159,101.17825,101.718155,109.73398,52.58755,59.194065,36.290173,41.42075,24.266356,27.32068,51.43397,55.434772,27.036718,30.496023,16.841324,19.047813,29.66407,35.17511,36.813877,39.95531,81.68749,87.20396,68.49515,72.49988
kxH9CwuvoCoy93lDhjDtkA6vwDpKxRo1t6KirECKe5k,3ac1fb4580edb66eb95d1bf926166982,184.5,1,87.4,110.7925,107.70231,3.0901947,87.590225,94.785805,7.1955795,103.31786,105.77521,2.457344,55.979347,56.20662,0.22727203,39.627674,38.03741,1.5902634,28.30338,25.440624,2.8627548,53.649822,54.170155,0.52033234,28.420143,28.871838,0.4516945,17.731096,17.676516,0.05458069,31.210896,32.771717,1.5608215,39.203545,38.69164,0.51190567,83.06028,85.41894,2.3586578,72.333664,70.44378,1.889885,101.99274,113.41188,88.52747,101.044136,101.767296,109.78312,52.903362,59.509876,35.472122,40.6027,23.913462,26.967787,52.169754,56.170555,27.142185,30.60149,16.57327,18.77976,30.016197,35.527237,37.120922,40.262356,82.660706,88.17717,68.441414,72.446144
kxH9CwuvoCoy93lDhjDtkA6vwDpKxRo1t6KirECKe5k,19933897995be6ac076d457c48066d35,184.5,1,87.4,110.7925,107.345406,3.4470978,87.590225,92.743004,5.1527786,103.31786,104.19177,0.873909,55.979347,55.909466,0.06988144,39.627674,38.959072,0.668602,28.30338,25.969048,2.3343315,53.649822,53.71108,0.06125641,28.420143,29.23827,0.8181267,17.731096,17.903442,0.17234612,31.210896,33.00647,1.7955742,39.203545,38.994663,0.20888138,83.06028,84.66091,1.6006317,72.333664,70.74665,1.5870132,101.63583,113.05498,86.48467,99.001335,100.18386,108.199684,52.60621,59.212723,36.393784,41.52436,24.441885,27.49621,51.71068,55.71148,27.508617,30.967922,16.800198,19.006687,30.25095,35.76199,37.423946,40.56538,81.90268,87.41914,68.744286,72.749016
kxH9CwuvoCoy93lDhjDtkA6vwDpKxRo1t6KirECKe5k,35faa32a4dec2d55764d61531813c653,184.5,1,87.4,110.7925,107.88778,2.9047241,87.590225,94.2886,6.698372,103.31786,105.49758,2.179718,55.979347,56.04005,0.060703278,39.627674,37.58093,2.0467453,28.30338,25.266933,3.0364456,53.649822,54.053814,0.4039917,28.420143,28.935389,0.51524544,17.731096,17.650812,0.08028412,31.210896,32.956734,1.7458382,39.203545,38.75332,0.45022583,83.06028,85.26244,2.2021637,72.333664,70.409584,1.9240799,102.17821,113.59735,88.030266,100.54693,101.48967,109.50549,52.736794,59.343307,35.01564,40.146217,23.73977,26.794096,52.053413,56.054214,27.205736,30.665041,16.547567,18.754057,30.201214,35.712254,37.182602,40.324036,82.50421,88.020676,68.40722,72.41195
kxH9CwuvoCoy93lDhjDtkA6vwDpKxRo1t6KirECKe5k,c37a3df805500ef0a6815530ac180e4b,184.5,1,87.4,110.7925,106.57822,4.214287,87.590225,94.43907,6.8488464,103.31786,105.378426,2.0605621,55.979347,55.83351,0.14583588,39.627674,38.79979,0.8278847,28.30338,25.791681,2.5116978,53.649822,53.95005,0.30022812,28.420143,28.385065,0.03507805,17.731096,17.593529,0.13756752,31.210896,31.906319,0.6954231,39.203545,38.530743,0.672802,83.06028,84.99346,1.9331818,72.333664,70.94694,1.3867264,100.868645,112.28779,88.18074,100.6974,101.370514,109.38634,52.530254,59.13677,36.2345,41.365078,24.264519,27.318844,51.94965,55.95045,26.655413,30.114717,16.490284,18.696774,29.150799,34.66184,36.960026,40.10146,82.23523,87.75169,68.94457,72.9493
b8QMVZASbEi0rhVc6keOvzhxxr-kWjjm6k2WH7f9jVI,c2f1f31c53ef89290afa90189f6644b6,179.1,1,83.3,106.79649,107.81753,1.0210342,95.36064,97.5924,2.231758,106.628944,104.99147,1.6374741,55.55701,54.403706,1.153305,38.99236,37.706287,1.2860718,24.279953,25.101513,0.8215599,52.897953,53.15138,0.2534256,26.846563,28.172777,1.3262138,17.083712,17.74408,0.66036797,31.46257,31.692455,0.2298851,37.971817,38.08425,0.11243439,83.37722,83.59478,0.21755981,68.318954,69.04178,0.7228241,102.107956,113.5271,91.33407,103.85073,100.98356,108.99938,51.10045,57.706963,35.141,40.271576,23.57435,26.628675,51.150978,55.15178,26.443125,29.90243,16.640835,18.847324,28.936935,34.447975,36.513535,39.65497,80.83655,86.35301,67.03941,71.04414
hiLbPtVcyMMB3zUdzjdhu-M78PXMUByh506hkZpqzgY,b23edae466a0dbd3ccf6978754433770,175.0,1,80.2,105.71251,106.52763,0.8151245,98.85813,96.71902,2.1391144,101.81892,102.9386,1.1196823,52.909473,53.31103,0.40155792,38.35637,38.849277,0.49290848,24.574085,25.294502,0.720417,50.460514,50.451935,0.008579254,25.307405,27.759022,2.4516163,16.045486,17.539919,1.4944324,31.762398,31.103088,0.6593094,37.171154,37.621674,0.45051956,81.77748,79.10531,2.6721725,64.62147,68.098976,3.4775085,100.81806,112.237206,90.460686,102.97735,98.93069,106.94651,50.007774,56.61429,36.28399,41.414566,23.76734,26.821665,48.451534,52.452335,26.02937,29.488674,16.436674,18.643164,28.347569,33.85861,36.050957,39.19239,76.34708,81.86354,66.09661,70.10134
hiLbPtVcyMMB3zUdzjdhu-M78PXMUByh506hkZpqzgY,8984b35fc902e49c1d849c1edc1a012b,175.0,1,80.2,105.71251,106.260666,0.54815674,98.85813,98.06998,0.7881546,101.81892,104.75193,2.933014,52.909473,53.733444,0.8239708,38.35637,37.632057,0.7243118,24.574085,24.679693,0.10560799,50.460514,51.51945,1.0589371,25.307405,27.072468,1.7650623,16.045486,17.203568,1.158081,31.762398,30.403807,1.3585911,37.171154,37.150375,0.020778656,81.77748,80.82799,0.9494934,64.62147,67.97685,3.3553848,100.551094,111.97024,91.811646,104.32831,100.74402,108.75984,50.430187,57.0367,35.06677,40.197346,23.15253,26.206856,49.51905,53.51985,25.342815,28.80212,16.100323,18.306812,27.648287,33.159325,35.57966,38.721092,78.069756,83.58622,65.97449,69.97922
hiLbPtVcyMMB3zUdzjdhu-M78PXMUByh506hkZpqzgY,c064e6e3adde954a164240be256cb102,175.0,1,80.2,105.71251,106.66252,0.9500122,98.85813,98.0111,0.84703064,101.81892,104.41903,2.600113,52.909473,53.73844,0.82896805,38.35637,37.558796,0.7975731,24.574085,24.601349,0.027263641,50.460514,50.615444,0.15493011,25.307405,27.386505,2.0790997,16.045486,17.136003,1.090517,31.762398,30.962585,0.7998123,37.171154,37.39239,0.22123718,81.77748,79.25814,2.5193405,64.62147,68.13561,3.514145,100.95295,112.37209,91.75277,104.26943,100.41112,108.42694,50.435184,57.0417,34.993507,40.124084,23.074186,26.128511,48.615044,52.615845,25.656853,29.116158,16.032759,18.239248,28.207066,33.718105,35.821674,38.963108,76.49991,82.01637,66.13325,70.13798
hiLbPtVcyMMB3zUdzjdhu-M78PXMUByh506hkZpqzgY,ad8a10e3cdfc820751de0a516cf1b60a,175.0,1,80.2,105.71251,106.05833,0.34581757,98.85813,96.90547,1.9526596,101.81892,103.39821,1.5792923,52.909473,53.238407,0.32893372,38.35637,38.15919,0.19717789,24.574085,25.018805,0.4447193,50.460514,50.995125,0.53461075,25.307405,27.473719,2.1663132,16.045486,17.442245,1.396759,31.762398,30.683445,1.0789528,37.171154,37.494293,0.3231392,81.77748,79.7802,1.9972839,64.62147,68.13073,3.509262,100.348755,111.7679,90.64714,103.1638,99.3903,107.40612,49.93515,56.541664,35.593903,40.72448,23.491642,26.545967,48.994724,52.995525,25.744066,29.203371,16.339,18.54549,27.927925,33.438965,35.923576,39.06501,77.021965,82.53843,66.128365,70.133095
hiLbPtVcyMMB3zUdzjdhu-M78PXMUByh506hkZpqzgY,e3537362f6738d0dc6b673771941c794,175.0,1,80.2,105.71251,106.0218,0.30928802,98.85813,97.11482,1.743309,101.81892,105.21504,3.3961258,52.909473,54.960037,2.0505638,38.35637,38.614994,0.25862503,24.574085,24.993073,0.41898727,50.460514,50.806465,0.34595108,25.307405,27.571072,2.2636662,16.045486,17.281414,1.2359276,31.762398,31.28164,0.48075867,37.171154,37.227474,0.05632019,81.77748,79.83032,1.9471588,64.62147,67.95487,3.3334045,100.312225,111.73137,90.85649,103.37315,101.20713,109.22295,51.65678,58.263294,36.049706,41.180283,23.46591,26.520235,48.806065,52.806866,25.84142,29.300724,16.17817,18.384659,28.52612,34.03716,35.656757,38.79819,77.07209,82.588554,65.95251,69.95724
hiLbPtVcyMMB3zUdzjdhu-M78PXMUByh506hkZpqzgY,95cb619a14ccb634b176f74e7bcadd98,175.0,1,80.2,105.71251,107.988945,2.2764359,98.85813,99.882164,1.0240326,101.81892,103.958984,2.140068,52.909473,52.6421,0.26737213,38.35637,37.148613,1.207756,24.574085,24.695316,0.12123108,50.460514,51.83074,1.3702278,25.307405,27.287798,1.9803925,16.045486,17.405159,1.3596725,31.762398,30.558094,1.2043037,37.171154,37.55329,0.3821373,81.77748,81.31092,0.46656036,64.62147,68.04524,3.4237747,102.27937,113.69852,93.62383,106.140495,99.95107,107.966896,49.338844,55.94536,34.583324,39.7139,23.168154,26.222479,49.83034,53.831142,25.558146,29.01745,16.301914,18.508404,27.802574,33.313614,35.982574,39.12401,78.55269,84.06915,66.04288,70.04761
hiLbPtVcyMMB3zUdzjdhu-M78PXMUByh506hkZpqzgY,80cd9946eb1e8bca0ac805540990e017,175.0,1,80.2,105.71251,107.22457,1.5120621,98.85813,97.9653,0.8928299,101.81892,102.65624,0.83732605,52.909473,52.71539,0.19408417,38.35637,38.502106,0.1457367,24.574085,25.226498,0.6524124,50.460514,51.208157,0.7476425,25.307405,27.687357,2.3799515,16.045486,17.604546,1.5590591,31.762398,30.8942,0.8681984,37.171154,37.675304,0.5041504,81.77748,80.42574,1.351738,64.62147,67.88892,3.267456,101.515,112.93414,91.70697,104.22363,98.64833,106.664154,49.412132,56.018646,35.936817,41.067394,23.699335,26.75366,49.207756,53.208557,25.957705,29.41701,16.5013,18.70779,28.13868,33.64972,36.104588,39.24602,77.66751,83.183975,65.88656,69.89129
hiLbPtVcyMMB3zUdzjdhu-M78PXMUByh506hkZpqzgY,fa0e0fc551e399f53b5b5fad5bee54a7,175.0,1,80.2,105.71251,107.09249,1.379982,98.85813,98.67186,0.18627167,101.81892,104.27285,2.4539337,52.909473,53.631504,0.72203064,38.35637,38.24386,0.11251068,24.574085,24.971016,0.3969307,50.460514,51.516308,1.0557938,25.307405,27.352701,2.0452957,16.045486,17.341267,1.2957802,31.762398,30.716642,1.0457554,37.171154,37.38971,0.21855545,81.77748,80.95636,0.8211212,64.62147,67.85473,3.233261,101.38292,112.80206,92.41353,104.93019,100.26494,108.28076,50.328247,56.93476,35.67857,40.809147,23.443853,26.498178,49.515907,53.51671,25.623049,29.082354,16.238022,18.444511,27.961123,33.47216,35.818993,38.960426,78.19813,83.71459,65.85236,69.85709
hiLbPtVcyMMB3zUdzjdhu-M78PXMUByh506hkZpqzgY,d8894d7a3e4b2341aaddfbe58425279b,175.0,1,80.2,105.71251,106.93512,1.2226105,98.85813,97.40922,1.4489136,101.81892,103.254486,1.4355698,52.909473,53.214424,0.3049507,38.35637,38.31886,0.03750992,24.574085,25.06843,0.4943447,50.460514,51.06902,0.60850525,25.307405,27.75767,2.450264,16.045486,17.614092,1.5686054,31.762398,31.042162,0.7202358,37.171154,37.56804,0.39688492,81.77748,80.13965,1.6378326,64.62147,67.90846,3.286995,101.22555,112.64469,91.15089,103.66755,99.246574,107.2624,49.911167,56.51768,35.75357,40.884148,23.541267,26.595592,49.06862,53.06942,26.028017,29.487322,16.510847,18.717337,28.286642,33.797684,35.997322,39.138756,77.38142,82.89788,65.9061,69.91083
hiLbPtVcyMMB3zUdzjdhu-M78PXMUByh506hkZpqzgY,89d10ca06f461f4e4d51d915dbb298f5,175.0,1,80.2,105.71251,106.007744,0.29523468,98.85813,95.45965,3.3984833,101.81892,104.493965,2.6750488,52.909473,54.561943,1.6524696,38.35637,37.904808,0.45156097,24.574085,24.93839,0.3643055,50.460514,51.183002,0.7224884,25.307405,28.115988,2.8085823,16.045486,17.728657,1.6831703,31.762398,31.803864,0.04146576,37.171154,37.62435,0.45319748,81.77748,80.14209,1.6353912,64.62147,68.072105,3.4506378,100.29817,111.717316,89.20132,101.71798,100.48605,108.50188,51.258686,57.8652,35.33952,40.470097,23.411228,26.465553,49.182602,53.183403,26.386335,29.84564,16.625412,18.831902,29.048344,34.559383,36.053635,39.19507,77.38386,82.90032,66.06974,70.07447
SBAJJtSt30mW6d7I0tcNAfCArXRNzOABCb1TY4qq9N4,d57a1eb5dcb27be00c59d662c67ae29c,168.0,1,74.9,103.761536,105.108475,1.3469391,101.319016,94.10214,7.216873,98.47739,100.247314,1.769928,49.132202,52.263664,3.131462,37.29818,37.558895,0.26071548,24.920128,24.311636,0.6084919,47.182995,48.587326,1.4043312,26.638435,27.456816,0.81838036,17.535578,17.034842,0.50073624,28.785824,30.99193,2.2061062,35.787086,37.193283,1.4061966,74.32109,75.64773,1.3266373,66.71407,65.694336,1.0197372,99.3989,110.81805,87.84381,100.36047,96.2394,104.255226,48.960407,55.56692,34.993607,40.124184,22.784473,25.838799,46.586926,50.587727,25.727163,29.186468,15.931597,18.138086,28.23641,33.74745,35.622566,38.764,72.889496,78.40596,63.69197,67.6967
SBAJJtSt30mW6d7I0tcNAfCArXRNzOABCb1TY4qq9N4,319c8c5da5c408d2801130adeee5d339,168.0,1,74.9,103.761536,105.04384,1.2823029,101.319016,94.2199,7.0991135,98.47739,100.41192,1.9345322,49.132202,52.354275,3.2220726,37.29818,37.360107,0.061927795,24.920128,24.20038,0.71974754,47.182995,48.58418,1.4011841,26.638435,27.36149,0.7230549,17.535578,16.886494,0.6490841,28.785824,30.985464,2.1996403,35.787086,37.14501,1.3579254,74.32109,75.63795,1.3168564,66.71407,65.60274,1.1113358,99.33427,110.75341,87.96157,100.47823,96.40401,104.41983,49.051018,55.65753,34.79482,39.925396,22.673218,25.727543,46.58378,50.58458,25.631838,29.091143,15.783249,17.989738,28.229944,33.740982,35.574295,38.71573,72.879715,78.39618,63.600372,67.6051
jnqncBOcs5waiY4OSoenSOGEQFHVoxdQNVbP4Hu1d3g,cf6babae945afde0d17c4ce8da7f50c5,173.0,1,78.5,104.76899,105.27147,0.50247955,93.45332,95.3975,1.9441757,104.813675,104.11868,0.69499207,56.06823,54.233463,1.8347664,35.833252,37.693142,1.85989,26.575453,24.556778,2.0186749,50.08794,50.297077,0.20913696,26.152082,27.389885,1.2378025,17.329304,17.218256,0.111047745,30.27039,31.019035,0.7486458,37.160866,37.098755,0.0621109,79.09844,78.724464,0.37397766,66.887,67.46393,0.5769272,99.5619,110.98104,89.13917,101.65583,100.11077,108.126595,50.930206,57.53672,35.127853,40.25843,23.029615,26.08394,48.296677,52.297478,25.660233,29.119537,16.115011,18.3215,28.263515,33.774555,35.528038,38.66947,75.96623,81.4827,65.46156,69.46629
jnqncBOcs5waiY4OSoenSOGEQFHVoxdQNVbP4Hu1d3g,eb318369524fac51d0531108193c6e23,173.0,1,78.5,104.76899,105.27147,0.50247955,93.45332,95.3975,1.9441757,104.813675,104.11868,0.69499207,56.06823,54.233463,1.8347664,35.833252,37.693142,1.85989,26.575453,24.556778,2.0186749,50.08794,50.297077,0.20913696,26.152082,27.389885,1.2378025,17.329304,17.218256,0.111047745,30.27039,31.019035,0.7486458,37.160866,37.098755,0.0621109,79.09844,78.724464,0.37397766,66.887,67.46393,0.5769272,99.5619,110.98104,89.13917,101.65583,100.11077,108.126595,50.930206,57.53672,35.127853,40.25843,23.029615,26.08394,48.296677,52.297478,25.660233,29.119537,16.115011,18.3215,28.263515,33.774555,35.528038,38.66947,75.96623,81.4827,65.46156,69.46629
xKwQ25X_cBlo4v_7JJoYN9jWSY-MyA4C9QMM5xviELs,a95cd7a6900b09211a44a773589db3e3,187.0,1,88.95,107.286964,107.8934,0.6064377,95.960686,98.966255,3.0055695,106.486946,108.38191,1.8949661,59.75383,55.868156,3.8856735,38.22562,37.962025,0.26359558,24.95911,25.500359,0.5412483,57.131237,55.24553,1.8857079,28.210548,27.53862,0.6719284,17.302298,17.444815,0.14251709,33.23377,30.938215,2.2955532,37.92688,38.058777,0.13189697,89.44527,87.43382,2.011444,69.98709,71.34262,1.3555298,102.18383,113.602974,92.707924,105.22459,104.374,112.389824,52.5649,59.171413,35.396736,40.527313,23.973196,27.027521,53.24513,57.24593,25.808968,29.268272,16.34157,18.54806,28.182695,33.693733,36.48806,39.629494,84.67559,90.192055,69.340256,73.344986
xKwQ25X_cBlo4v_7JJoYN9jWSY-MyA4C9QMM5xviELs,c1cd97c2984f90a8fabae53e89cb023e,187.0,1,88.95,107.286964,107.90464,0.6176758,95.960686,97.08211,1.1214218,106.486946,107.227196,0.74024963,59.75383,55.782875,3.970955,38.22562,37.629932,0.59568787,24.95911,25.567446,0.6083355,57.131237,55.629143,1.5020943,28.210548,28.170074,0.040473938,17.302298,17.667704,0.36540604,33.23377,31.648687,1.5850811,37.92688,38.659462,0.7325821,89.44527,87.7517,1.6935654,69.98709,71.57221,1.5851212,102.19507,113.61421,90.82378,103.34044,103.219284,111.23511,52.479618,59.086132,35.064644,40.19522,24.040283,27.094608,53.628742,57.629543,26.440422,29.899727,16.564459,18.770948,28.893167,34.404205,37.088745,40.23018,84.99347,90.50993,69.56985,73.57458
xKwQ25X_cBlo4v_7JJoYN9jWSY-MyA4C9QMM5xviELs,e92f8d0e58892de88b83d6c96b9ea54e,187.0,1,88.95,107.286964,108.16318,0.8762131,95.960686,96.33303,0.37234497,106.486946,106.030716,0.45623016,59.75383,55.482388,4.2714424,38.22562,38.011894,0.21372604,24.95911,25.68232,0.7232094,57.131237,55.88069,1.2505455,28.210548,28.255259,0.04471016,17.302298,17.607483,0.30518532,33.23377,31.70837,1.5253983,37.92688,38.68628,0.7593994,89.44527,88.40703,1.0382385,69.98709,70.917625,0.93053436,102.453606,113.87275,90.0747,102.59136,102.022804,110.03863,52.17913,58.785645,35.446606,40.577183,24.155157,27.209482,53.88029,57.881092,26.525606,29.984911,16.504238,18.710728,28.95285,34.46389,37.115562,40.256996,85.648796,91.16526,68.91526,72.91999
xKwQ25X_cBlo4v_7JJoYN9jWSY-MyA4C9QMM5xviELs,cec41484f3f5ba6cad9b952660436f32,187.0,1,88.95,107.286964,107.345406,0.058441162,95.960686,96.24144,0.2807541,106.486946,106.58105,0.09410095,59.75383,55.56434,4.1894913,38.22562,38.287155,0.06153488,24.95911,25.788004,0.82889366,57.131237,55.107178,2.0240593,28.210548,28.310698,0.100149155,17.302298,17.893162,0.5908642,33.23377,31.645704,1.5880642,37.92688,38.406048,0.47916794,89.44527,87.208855,2.236412,69.98709,71.13257,1.1454773,101.63583,113.05498,89.98311,102.49977,102.573135,110.58896,52.26108,58.867596,35.721867,40.852444,24.260841,27.315166,53.106777,57.10758,26.581045,30.04035,16.789917,18.996407,28.890184,34.401222,36.83533,39.976765,84.45062,89.96709,69.1302,73.13493
xKwQ25X_cBlo4v_7JJoYN9jWSY-MyA4C9QMM5xviELs,f2c8e8cb9627561b68c3d4f6eb973cfd,187.0,1,88.95,107.286964,107.58147,0.29450226,95.960686,93.35961,2.6010742,106.486946,105.9177,0.5692444,59.75383,56.947506,2.806324,38.22562,38.72711,0.50149155,24.95911,25.958939,0.99982834,57.131237,55.041145,2.0900917,28.210548,29.322104,1.1115551,17.302298,17.992304,0.69000626,33.23377,33.203423,0.030345917,37.92688,38.983936,1.0570564,89.44527,87.11594,2.3293304,69.98709,71.12768,1.1405869,101.871895,113.29104,87.10128,99.61794,101.90979,109.92561,53.64425,60.250763,36.161823,41.2924,24.431776,27.486101,53.040745,57.041546,27.592451,31.051756,16.88906,19.095549,30.447903,35.958942,37.41322,40.554653,84.357704,89.87417,69.12531,73.13004
xKwQ25X_cBlo4v_7JJoYN9jWSY-MyA4C9QMM5xviELs,a5cd523d1dac3280c803e4ef18560ca1,187.0,1,88.95,107.286964,108.44421,1.1572418,95.960686,97.01015,1.0494614,106.486946,106.799706,0.3127594,59.75383,55.569004,4.184826,38.22562,37.435085,0.790535,24.95911,25.485655,0.5265446,57.131237,55.657444,1.473793,28.210548,28.467546,0.25699806,17.302298,17.810175,0.50787735,33.23377,32.061493,1.1722755,37.92688,38.662144,0.7352638,89.44527,88.020676,1.4245911,69.98709,71.08372,1.0966263,102.734634,114.15378,90.751816,103.26848,102.791794,110.80762,52.265747,58.87226,34.869797,40.000374,23.958492,27.012817,53.657043,57.657845,26.737894,30.197199,16.70693,18.91342,29.305973,34.817013,37.091427,40.23286,85.26244,90.77891,69.08135,73.08608
xKwQ25X_cBlo4v_7JJoYN9jWSY-MyA4C9QMM5xviELs,14a82f7174611656be51291f409247be,187.0,1,88.95,107.286964,108.472305,1.1853409,95.960686,97.93913,1.978447,106.486946,106.748116,0.26116943,59.75383,55.14659,4.607239,38.22562,37.91215,0.31346893,24.95911,25.611557,0.65244675,57.131237,55.56311,1.5681267,28.210548,28.295824,0.08527565,17.302298,17.928411,0.6261139,33.23377,31.578064,1.6557045,37.92688,38.47175,0.54486847,89.44527,87.98645,1.4588165,69.98709,71.03487,1.0477753,102.76273,114.18188,91.6808,104.197464,102.740204,110.75603,51.843334,58.44985,35.346863,40.47744,24.084394,27.13872,53.56271,57.56351,26.566172,30.025476,16.825167,19.031656,28.822544,34.333584,36.90103,40.042465,85.22822,90.74468,69.0325,73.03723
q68ers8KpX1SPgX0jbGF-cK0SOLGfikQ_tJlyhVGO_Y,08876890daf4c1f29b1df5b60157e92f,154.0,0,61.0,95.910965,95.50596,0.4050064,85.18321,83.25848,1.924736,96.865974,99.500435,2.6344604,52.623486,53.6395,1.0160141,36.5669,37.09855,0.53165054,21.766254,22.404257,0.6380024,42.376167,44.189922,1.813755,25.13848,24.35161,0.78686905,15.5204735,15.168569,0.35190487,29.940554,28.660572,1.2799816,32.617237,32.72502,0.10778427,66.64844,69.74001,3.0915756,58.251026,57.73788,0.51314545,89.79639,101.21553,77.000145,89.51681,95.49252,103.50835,50.336243,56.942757,34.53326,39.663837,20.877094,23.93142,42.18952,46.190323,22.621958,26.081263,14.065324,16.271812,25.905052,31.416092,31.154305,34.29574,66.98178,72.498245,55.735516,59.740246
q68ers8KpX1SPgX0jbGF-cK0SOLGfikQ_tJlyhVGO_Y,ce8f1ee628e5af7c259429ea257f0ecb,154.0,0,61.0,95.910965,96.81552,0.9045563,85.18321,84.76645,0.4167633,96.865974,97.65044,0.784462,52.623486,51.858574,0.76491165,36.5669,36.54126,0.02563858,21.766254,22.18094,0.4146862,42.376167,44.26853,1.8923645,25.13848,24.243439,0.8950405,15.5204735,15.1142235,0.40625,29.940554,28.088614,1.8519402,32.617237,32.93687,0.31963348,66.64844,69.89162,3.2431793,58.251026,57.640182,0.61084366,91.10595,102.52509,78.50812,91.02478,93.642525,101.65835,48.555317,55.16183,33.97597,39.10655,20.653778,23.708103,42.26813,46.268932,22.513786,25.973091,14.010979,16.217468,25.333094,30.844133,31.366154,34.507587,67.133385,72.64985,55.637817,59.642548
q68ers8KpX1SPgX0jbGF-cK0SOLGfikQ_tJlyhVGO_Y,cf78f78f4237dc02e8135383fee2862e,154.0,0,61.0,95.910965,97.394424,1.4834595,85.18321,85.48609,0.30287933,96.865974,97.842064,0.9760895,52.623486,51.390858,1.2326279,36.5669,35.82527,0.74162674,21.766254,22.076176,0.30992126,42.376167,44.142757,1.7665901,25.13848,24.31375,0.8247299,15.5204735,15.256696,0.26377773,29.940554,28.196041,1.7445126,32.617237,32.963688,0.3464508,66.64844,69.754684,3.106247,58.251026,57.81604,0.4349861,91.68485,103.104,79.22776,91.74442,93.83415,101.849976,48.0876,54.694115,33.259983,38.39056,20.549013,23.603338,42.142357,46.143158,22.584097,26.043402,14.153451,16.35994,25.440521,30.951561,31.392971,34.534405,66.99645,72.51292,55.813675,59.818405
q68ers8KpX1SPgX0jbGF-cK0SOLGfikQ_tJlyhVGO_Y,0ad3cd583e7ac4aa628c1b059f609041,154.0,0,61.0,95.910965,96.13545,0.2244873,85.18321,83.92578,1.257431,96.865974,98.04598,1.1800079,52.623486,52.04646,0.57702637,36.5669,36.143833,0.4230652,21.766254,22.050444,0.28418922,42.376167,43.96667,1.5905037,25.13848,24.188,0.9504795,15.5204735,15.05841,0.4620638,29.940554,28.194052,1.7465019,32.617237,32.80011,0.18287277,66.64844,69.37323,2.7247925,58.251026,57.776962,0.47406387,90.42588,101.845024,77.66745,90.18411,94.03807,102.053894,48.743202,55.349716,33.578545,38.70912,20.523281,23.577606,41.96627,45.96707,22.458347,25.917652,13.955165,16.161655,25.438532,30.949572,31.229393,34.370827,66.615,72.13146,55.774597,59.779327
q68ers8KpX1SPgX0jbGF-cK0SOLGfikQ_tJlyhVGO_Y,5ab32542a2fbc5bd994c587b7e9c48ea,154.0,0,61.0,95.910965,95.905014,0.0059509277,85.18321,83.87998,1.3032303,96.865974,97.050964,0.18498993,52.623486,51.425503,1.1979828,36.5669,36.59925,0.032352448,21.766254,22.285706,0.51945114,42.376167,43.87234,1.4961739,25.13848,24.31375,0.8247299,15.5204735,15.308103,0.21237087,29.940554,27.969248,1.9713058,32.617237,32.88592,0.2686844,66.64844,69.21184,2.5634003,58.251026,57.7965,0.454525,90.19544,101.614586,77.62165,90.13831,93.04305,101.058876,48.122246,54.72876,34.033962,39.16454,20.758543,23.812868,41.87194,45.87274,22.584097,26.043402,14.204858,16.411346,25.213728,30.724768,31.315205,34.45664,66.453606,71.97007,55.794136,59.798866
q68ers8KpX1SPgX0jbGF-cK0SOLGfikQ_tJlyhVGO_Y,53c5e33627c476174ba36d17ff854cab,154.0,0,61.0,95.910965,94.55611,1.3548584,85.18321,82.205185,2.9780273,96.865974,98.39486,1.5288849,52.623486,52.616783,0.006702423,36.5669,36.149246,0.41765213,21.766254,22.057795,0.29154015,42.376167,43.86605,1.4898834,25.13848,24.142027,0.99645233,15.5204735,15.09366,0.42681313,29.940554,28.204,1.7365532,32.617237,32.54267,0.07456589,66.64844,69.280304,2.6318665,58.251026,57.68903,0.56199646,88.846535,100.26568,75.94685,88.46352,94.38695,102.40277,49.313526,55.92004,33.583958,38.714535,20.530632,23.584957,41.86565,45.86645,22.412374,25.87168,13.990416,16.196905,25.44848,30.95952,30.971954,34.113388,66.52207,72.038536,55.686665,59.691395
q68ers8KpX1SPgX0jbGF-cK0SOLGfikQ_tJlyhVGO_Y,779cb4ec1a250f390f6a068f530d9717,154.0,0,61.0,95.910965,95.93311,0.022148132,85.18321,84.23981,0.94340515,96.865974,97.95508,1.0891037,52.623486,51.71333,0.91015625,36.5669,35.760323,0.8065758,21.766254,21.890537,0.12428284,42.376167,43.83461,1.4584427,25.13848,24.058193,1.080286,15.5204735,15.036378,0.48409557,29.940554,27.943386,1.9971676,32.617237,32.644573,0.02733612,66.64844,69.35366,2.705223,58.251026,57.772076,0.4789505,90.22354,101.642685,77.981476,90.49814,93.94717,101.96299,48.410072,55.016586,33.195034,38.32561,20.363375,23.4177,41.83421,45.83501,22.32854,25.787846,13.933133,16.139622,25.187866,30.698906,31.073856,34.21529,66.59543,72.11189,55.76971,59.77444
q68ers8KpX1SPgX0jbGF-cK0SOLGfikQ_tJlyhVGO_Y,082643cec8cc39f87efaa74268974022,154.0,0,61.0,95.910965,95.09005,0.8209152,85.18321,83.27811,1.9051056,96.865974,98.67248,1.8065033,52.623486,52.702065,0.07857895,36.5669,36.404404,0.16249466,21.766254,22.188293,0.42203903,42.376167,44.13018,1.7540131,25.13848,24.274538,0.8639412,15.5204735,15.118629,0.40184402,29.940554,28.289545,1.6510086,32.617237,32.80011,0.18287277,66.64844,69.5933,2.9448624,58.251026,58.19707,0.053955078,89.38048,100.79962,77.019775,89.53644,94.664566,102.68039,49.398808,56.00532,33.839115,38.969692,20.66113,23.715456,42.12978,46.13058,22.544886,26.00419,14.015385,16.221874,25.534025,31.045065,31.229393,34.370827,66.83507,72.35153,56.194706,60.199436
oP_caYV94VClEmcKqdXPcwfMeQYmYdeW5LbFijNGoDE,26e5a7a82e964c0bdb0fcc6cb05bc811,167.0,1,73.7,106.15216,101.92485,4.22731,90.36793,88.227264,2.1406631,100.52637,99.652756,0.87361145,57.544743,54.00511,3.539631,39.847103,38.376076,1.4710274,23.645367,24.364363,0.71899605,45.24906,47.689606,2.4405441,29.456669,27.583242,1.8734264,16.017792,16.733671,0.71587944,32.841816,31.585524,1.2562923,36.94604,36.937187,0.008853912,73.289154,73.97029,0.6811371,64.87018,65.31361,0.44342804,96.21528,107.63442,81.96893,94.485596,95.644844,103.66067,50.701855,57.30837,35.810787,40.941364,22.8372,25.891525,45.689205,49.690006,25.85359,29.312895,15.630426,17.836916,28.830004,34.34104,35.36647,38.507904,71.21206,76.72852,63.31124,67.31597
oP_caYV94VClEmcKqdXPcwfMeQYmYdeW5LbFijNGoDE,4b3a722bb7004e26918ae5060090b8c8,167.0,1,73.7,106.15216,103.64014,2.512024,90.36793,91.734695,1.3667679,100.52637,100.48808,0.0382843,57.544743,53.171783,4.372959,39.847103,37.453835,2.3932686,23.645367,24.009975,0.36460876,45.24906,47.70376,2.4546967,29.456669,27.2425,2.2141685,16.017792,16.636435,0.6186428,32.841816,31.17023,1.6715851,36.94604,36.72735,0.21869278,73.289154,74.38598,1.0968246,64.87018,65.24674,0.37656403,97.930565,109.34971,85.476364,97.99303,96.48017,104.495995,49.868526,56.47504,34.888546,40.019123,22.482813,25.537138,45.703358,49.70416,25.512848,28.972153,15.53319,17.73968,28.414711,33.92575,35.15663,38.298065,71.62775,77.14421,63.244377,67.24911
cbi5o8uB6vm_EucKeEnWr7tLbEpxDuXkedWMJRE8bVs,495d21c7d0a05312efaa0aa06864e575,160.5,1,68.75,107.10484,101.72321,5.38163,93.09553,87.86254,5.2329865,101.937096,97.04114,4.895958,53.19881,51.676018,1.5227928,37.462997,36.501053,0.9619446,23.93561,23.383907,0.5517025,44.7739,46.31866,1.5447617,28.029224,26.932182,1.0970421,16.54084,16.278969,0.26187134,33.530632,30.774336,2.7562962,36.57486,36.437397,0.13746262,69.97697,71.7011,1.7241364,63.101517,63.27015,0.1686325,96.01364,107.432785,81.60421,94.12087,93.033226,101.04905,48.37276,54.979275,33.935764,39.06634,21.856745,24.91107,44.31826,48.31906,25.20253,28.661835,15.175724,17.382214,28.018816,33.529854,34.86668,38.008114,68.94287,74.459335,61.267784,65.272514
cbi5o8uB6vm_EucKeEnWr7tLbEpxDuXkedWMJRE8bVs,6910d994c61b1ab8ed62e2824305add3,160.5,1,68.75,107.10484,101.36597,5.7388763,93.09553,88.3483,4.7472305,101.937096,97.144325,4.7927704,53.19881,51.449486,1.7493248,37.462997,36.825413,0.6375847,23.93561,23.456049,0.47956085,44.7739,45.74324,0.9693413,28.029224,26.72894,1.3002853,16.54084,16.292923,0.24791718,33.530632,30.367622,3.1630096,36.57486,36.24935,0.32550812,69.97697,70.85504,0.87807465,63.101517,63.496082,0.39456558,95.656395,107.07554,82.089966,94.60663,93.13641,101.15224,48.14623,54.752743,34.260124,39.3907,21.928886,24.983212,43.74284,47.74364,24.999287,28.458591,15.189678,17.396168,27.612103,33.123142,34.678635,37.82007,68.09681,73.61327,61.493717,65.49844
cbi5o8uB6vm_EucKeEnWr7tLbEpxDuXkedWMJRE8bVs,ec25612a7d727921d4a6a8c8232a2b59,160.5,1,68.75,107.10484,101.7478,5.3570404,93.09553,88.516754,4.5787735,101.937096,97.37035,4.566742,53.19881,51.73598,1.4628296,37.462997,36.83817,0.62482834,23.93561,23.405964,0.5296459,44.7739,45.57659,0.8026924,28.029224,26.69767,1.3315544,16.54084,16.15045,0.3903904,33.530632,30.587229,2.9434032,36.57486,36.243988,0.33087158,69.97697,70.61052,0.63355255,63.101517,63.287247,0.18572998,96.03823,107.457375,82.25842,94.775085,93.36244,101.378265,48.432724,55.039238,34.27288,39.403458,21.878801,24.933126,43.57619,47.576992,24.968018,28.427322,15.047205,17.253695,27.831709,33.34275,34.67327,37.814705,67.85229,73.36875,61.28488,65.28961
cbi5o8uB6vm_EucKeEnWr7tLbEpxDuXkedWMJRE8bVs,159d8946e48b2beccc10349aa33b97c7,160.5,1,68.75,107.10484,101.11937,5.9854736,93.09553,86.56555,6.529976,101.937096,98.1418,3.7952957,53.19881,52.628777,0.570034,37.462997,36.521156,0.9418411,23.93561,23.545193,0.3904171,44.7739,46.430286,1.6563873,28.029224,27.309433,0.7197914,16.54084,16.582272,0.041431427,33.530632,31.44328,2.0873528,36.57486,36.43874,0.13611984,69.97697,71.818474,1.841507,63.101517,63.345867,0.24435043,95.4098,106.82894,80.30722,92.82388,94.13389,102.14971,49.32552,55.932034,33.955868,39.086445,22.01803,25.072355,44.429886,48.430687,25.57978,29.039085,15.479027,17.685516,28.68776,34.1988,34.868023,38.009457,69.06024,74.576706,61.343502,65.348236
9gXNSs0fKryeE1p3HbJYSkH_gv_ipvySjQrz90dRHN0,2448f394ff03a87ccfa1292145bb70c8,178.0,1,81.8,109.80169,103.593765,6.207924,87.103065,89.40118,2.298111,103.27432,103.2399,0.034423828,57.493237,56.0747,1.4185371,39.729885,38.523758,1.2061272,25.324015,25.174114,0.14990044,50.81269,51.837032,1.0243416,29.130522,28.494589,0.6359329,17.786974,17.444448,0.34252548,33.40606,32.51608,0.8899803,37.54992,37.889835,0.33991623,80.83627,81.10307,0.26679993,67.22157,68.255295,1.0337219,97.88419,109.30334,83.142845,95.65951,99.23199,107.24781,52.771442,59.377956,35.95847,41.089046,23.646952,26.701277,49.83663,53.837433,26.764936,30.224241,16.341204,18.547693,29.76056,35.2716,36.31912,39.460552,78.34484,83.861305,66.25293,70.25766
9gXNSs0fKryeE1p3HbJYSkH_gv_ipvySjQrz90dRHN0,6b2d63b212d5ace52f0cdef7747c4803,178.0,1,81.8,109.80169,104.06589,5.7358017,87.103065,91.26611,4.163048,103.27432,104.61435,1.3400269,57.493237,56.34387,1.1493683,39.729885,38.663708,1.0661774,25.324015,25.174114,0.14990044,50.81269,52.179768,1.3670769,29.130522,28.228216,0.9023056,17.786974,17.43894,0.3480339,33.40606,32.196774,1.2092857,37.54992,37.60156,0.051639557,80.83627,81.98092,1.1446457,67.22157,68.27239,1.0508194,98.356316,109.77546,85.00778,97.524445,100.60644,108.62226,53.04061,59.647125,36.09842,41.228996,23.646952,26.701277,50.179367,54.18017,26.498564,29.957869,16.335695,18.542185,29.441254,34.952293,36.03084,39.172276,79.22269,84.73915,66.27003,70.27476
9gXNSs0fKryeE1p3HbJYSkH_gv_ipvySjQrz90dRHN0,126ab7f883dcc8d1e5bf932ecbf2729b,178.0,1,81.8,109.80169,106.59508,3.2066116,87.103065,95.90779,8.804726,103.27432,103.52904,0.25471497,57.493237,53.840378,3.6528587,39.729885,37.770462,1.9594231,25.324015,24.952637,0.37137794,50.81269,51.57133,0.7586403,29.130522,27.83136,1.2991619,17.786974,17.307117,0.4798565,33.40606,31.348286,2.0577736,37.54992,37.93274,0.38282013,80.83627,80.777855,0.058418274,67.22157,68.95874,1.7371674,100.885506,112.30465,89.64946,102.16612,99.521126,107.53695,50.53712,57.143635,35.205173,40.33575,23.425474,26.4798,49.57093,53.57173,26.101707,29.561012,16.203873,18.410362,28.592766,34.103806,36.362022,39.503456,78.01962,83.53609,66.956375,70.961105
9gXNSs0fKryeE1p3HbJYSkH_gv_ipvySjQrz90dRHN0,f3d2145598712164a1182ca8e786c3f2,178.0,1,81.8,109.80169,105.864426,3.9372635,87.103065,93.1846,6.0815353,103.27432,102.25639,1.0179291,57.493237,54.282112,3.2111244,39.729885,39.01861,0.711277,25.324015,25.38916,0.06514549,50.81269,50.44329,0.36940002,29.130522,28.402643,0.7278786,17.786974,17.546528,0.24044609,33.40606,32.01375,1.3923111,37.54992,37.975647,0.42572784,80.83627,79.16338,1.6728897,67.22157,68.86104,1.6394653,100.154854,111.574,86.92627,99.44293,98.24848,106.264305,50.978855,57.58537,36.45332,41.583897,23.861998,26.916323,48.44289,52.44369,26.67299,30.132296,16.443283,18.649773,29.258228,34.769268,36.40493,39.546364,76.40515,81.921616,66.85867,70.8634
9gXNSs0fKryeE1p3HbJYSkH_gv_ipvySjQrz90dRHN0,8b9663fdfd004d3636d018fb5d720b03,178.0,1,81.8,109.80169,105.6649,4.1367874,87.103065,93.13554,6.0324707,103.27432,103.95407,0.67974854,57.493237,55.3498,2.1434364,39.729885,38.009575,1.7203102,25.324015,24.93931,0.3847046,50.81269,51.802444,0.9897537,29.130522,28.307993,0.82252884,17.786974,17.387165,0.39980888,33.40606,32.289284,1.1167755,37.54992,37.7705,0.22058105,80.83627,81.50654,0.6702652,67.22157,68.186905,0.96533203,99.95533,111.37447,86.877205,99.39387,99.94616,107.96198,52.046543,58.653057,35.444286,40.574863,23.412148,26.466473,49.802044,53.802845,26.57834,30.037645,16.28392,18.49041,29.533764,35.044804,36.199783,39.341217,78.74831,84.26477,66.18454,70.18927
9gXNSs0fKryeE1p3HbJYSkH_gv_ipvySjQrz90dRHN0,c71b6fb5c7e55d0fe06998363b1afddc,178.0,1,81.8,109.80169,105.645226,4.1564636,87.103065,90.8932,3.7901382,103.27432,103.035675,0.23864746,57.493237,55.558342,1.9348946,39.729885,37.791145,1.9387398,25.324015,24.988478,0.33553696,50.81269,51.959663,1.1469727,29.130522,28.989475,0.14104652,17.786974,17.656687,0.13028717,33.40606,33.161644,0.24441528,37.54992,38.184814,0.6348953,80.83627,81.592125,0.75585175,67.22157,68.142944,0.92137146,99.93565,111.3548,84.63487,97.151535,99.02776,107.04359,52.255085,58.8616,35.225857,40.356434,23.461315,26.51564,49.959263,53.960064,27.259823,30.719128,16.553442,18.759932,30.406124,35.917164,36.614098,39.75553,78.83389,84.35036,66.14058,70.14531
QD6ovtOw9zxOZ6WdyfubnDySb43N6CMB70x5nzS257U,24790c0b3fd35615242bc2298b54cf85,182.8,1,85.2,104.35874,105.839134,1.4803925,96.1969,97.70361,1.5067139,103.25986,106.219894,2.9600372,54.02796,54.35307,0.32510757,41.493816,38.976856,2.5169601,25.224974,25.82017,0.5951958,53.584618,53.538136,0.046482086,27.471441,27.252304,0.21913719,17.988728,17.714705,0.27402306,30.995207,30.001444,0.99376297,37.299168,37.66726,0.36809158,84.2841,84.3577,0.07359314,70.6297,70.780846,0.15114594,100.12956,111.548706,91.44528,103.961945,102.21198,110.227806,51.049812,57.656326,36.411568,41.542145,24.293007,27.347332,51.537735,55.538536,25.522652,28.981956,16.61146,18.81795,27.245924,32.756966,36.096542,39.237976,81.599464,87.11593,68.77848,72.78321
yFwn7aVInJZ3B8jS-mJhWYPwTVQHndSgQiahVTBh5fk,a87d5f6daf47684eee6d199b182ace1c,171.0,1,76.2,106.74431,105.108475,1.6358337,90.058876,93.47246,3.4135818,99.732155,102.07029,2.3381348,53.287254,52.96924,0.31801605,35.794327,35.58558,0.20874786,23.150335,23.775171,0.62483597,50.49152,50.87407,0.3825493,28.933964,27.431126,1.5028381,18.16654,17.130863,1.035677,33.313927,31.211512,2.102415,37.21766,37.101437,0.11622238,78.31526,79.49532,1.1800613,66.024605,66.030785,0.0061798096,99.3989,110.81805,87.21413,99.73079,98.06238,106.0782,49.66598,56.272495,33.02029,38.150867,22.248009,25.302334,48.87367,52.87447,25.701473,29.160778,16.027618,18.234108,28.455992,33.967033,35.53072,38.672153,76.73709,82.253555,64.02842,68.03315
WN5vfoa5N3L_TefOY_LT6EtCWhKor__7LmepFzJPudQ,c620d23205d72ba7c56a326224a1d991,189.25,1,89.85,107.25906,108.129456,0.87039185,99.63814,95.13254,4.5056,106.47548,105.72361,0.7518692,52.60347,55.67494,3.0714684,35.781136,38.38999,2.6088562,24.356134,26.101383,1.7452488,56.614105,55.98131,0.6327934,27.94705,28.670368,0.7233181,17.157114,17.774925,0.6178112,32.17081,32.064476,0.10633469,38.9941,39.083157,0.08905792,89.32093,88.68089,0.64003754,71.91709,72.05583,0.13874054,102.41988,113.83903,88.87421,101.39087,101.7157,109.73152,52.37168,58.978195,35.824703,40.95528,24.57422,27.628546,53.98091,57.981712,26.940716,30.40002,16.67168,18.87817,29.308956,34.819996,37.51244,40.653873,85.92266,91.439125,70.05347,74.0582
WN5vfoa5N3L_TefOY_LT6EtCWhKor__7LmepFzJPudQ,6a314eca2a3aebbcb9cc0f160cefd331,189.25,1,89.85,107.25906,108.35989,1.1008301,99.63814,94.15775,5.480385,106.47548,105.66711,0.8083725,52.60347,56.048046,3.4445763,35.781136,37.794044,2.012909,24.356134,25.860605,1.5044708,56.614105,56.371216,0.2428894,27.94705,28.90429,0.95723915,17.157114,17.701485,0.54437065,32.17081,32.561832,0.39102173,38.9941,39.297688,0.30358887,89.32093,89.19929,0.12164307,71.91709,71.82135,0.09574127,102.65032,114.069466,87.89942,100.416084,101.659195,109.67502,52.74479,59.351303,35.228756,40.359333,24.333443,27.387768,54.370815,58.371616,27.174637,30.633942,16.59824,18.80473,29.806313,35.317352,37.72697,40.868404,86.441055,91.95752,69.818985,73.823715
WN5vfoa5N3L_TefOY_LT6EtCWhKor__7LmepFzJPudQ,ee017c64c64c071751c780abea80524a,189.25,1,89.85,107.25906,107.76132,0.5022583,99.63814,95.67554,3.9626007,106.47548,106.51962,0.044143677,52.60347,55.741566,3.1380959,35.781136,38.08535,2.3042145,24.356134,25.963533,1.607399,56.614105,56.44668,0.16742706,27.94705,28.229568,0.2825184,17.157114,17.632452,0.47533798,32.17081,31.555185,0.6156254,38.9941,38.87131,0.122787476,89.32093,89.37534,0.05441284,71.91709,72.07049,0.1533966,102.05175,113.470894,89.417206,101.93387,102.51171,110.527534,52.43831,59.044823,35.52006,40.65064,24.43637,27.490696,54.446278,58.44708,26.499916,29.95922,16.529207,18.735697,28.799665,34.310707,37.300594,40.442028,86.61711,92.133575,70.06812,74.07285
WN5vfoa5N3L_TefOY_LT6EtCWhKor__7LmepFzJPudQ,f0d008faa73252ce6e2e033819ebe923,189.25,1,89.85,107.25906,108.640915,1.3818512,99.63814,98.15503,1.4831085,106.47548,106.78251,0.30702972,52.60347,55.031994,2.428524,35.781136,38.216793,2.4356575,24.356134,25.914825,1.558691,56.614105,55.729763,0.8843422,27.94705,28.007816,0.06076622,17.157114,17.681656,0.52454185,32.17081,31.169237,1.0015736,38.9941,38.63801,0.35609055,89.32093,88.32878,0.99214935,71.91709,72.05583,0.13874054,102.93134,114.35049,91.8967,104.41336,102.7746,110.79042,51.728737,58.33525,35.651505,40.78208,24.387663,27.441988,53.729362,57.730164,26.278164,29.737469,16.578411,18.7849,28.413717,33.92476,37.06729,40.208725,85.57055,91.08701,70.05347,74.0582
WN5vfoa5N3L_TefOY_LT6EtCWhKor__7LmepFzJPudQ,5b49b856e17cf02b4db278260d04efe4,189.25,1,89.85,107.25906,108.393616,1.134552,99.63814,97.298004,2.3401337,106.47548,107.32056,0.8450775,52.60347,55.79087,3.1874008,35.781136,37.774715,1.9935799,24.356134,25.769625,1.4134903,56.614105,56.163685,0.45042038,27.94705,28.094353,0.14730263,17.157114,17.492184,0.33506966,32.17081,31.531809,0.63900185,38.9941,38.80695,0.18714905,89.32093,88.92542,0.3955078,71.91709,72.20238,0.28528595,102.684044,114.10319,91.03967,103.556335,103.312645,111.32847,52.487614,59.094128,35.209427,40.340004,24.242462,27.296787,54.163284,58.164085,26.3647,29.824005,16.388939,18.595428,28.776289,34.28733,37.236233,40.377666,86.16719,91.683655,70.20001,74.20474
WN5vfoa5N3L_TefOY_LT6EtCWhKor__7LmepFzJPudQ,263a2d7b1e2ca77a98d4f9f70bca9514,189.25,1,89.85,107.25906,108.14632,0.8872528,99.63814,95.33208,4.306061,106.47548,105.97912,0.49636078,52.60347,55.846836,3.2433662,35.781136,38.374527,2.5933914,24.356134,25.918503,1.5623684,56.614105,56.113377,0.5007286,27.94705,28.43239,0.48534012,17.157114,17.611889,0.45477486,32.17081,31.916265,0.2545452,38.9941,38.729183,0.26491547,89.32093,89.11126,0.20967102,71.91709,71.29377,0.62332153,102.436745,113.85589,89.073746,101.59041,101.97121,109.98703,52.54358,59.150093,35.80924,40.939816,24.39134,27.445665,54.112976,58.113777,26.702738,30.162043,16.508644,18.715134,29.160746,34.671783,37.158466,40.2999,86.35303,91.86949,69.291405,73.296135
WN5vfoa5N3L_TefOY_LT6EtCWhKor__7LmepFzJPudQ,d5eeae4b33ddfc1a1fb8d5c24f535ac2,189.25,1,89.85,107.25906,108.388,1.1289368,99.63814,97.94568,1.6924591,106.47548,107.22965,0.7541733,52.60347,55.329815,2.726345,35.781136,37.510567,1.7294312,24.356134,25.661182,1.305048,56.614105,56.107086,0.50701904,27.94705,27.987534,0.040483475,17.157114,17.575905,0.41879082,32.17081,31.356243,0.81456757,38.9941,38.6541,0.34000015,89.32093,88.8863,0.43463135,71.91709,71.972786,0.05569458,102.67843,114.09757,91.68735,104.20401,103.22174,111.237564,52.026558,58.63307,34.94528,40.075855,24.13402,27.188345,54.106686,58.107487,26.257881,29.717186,16.47266,18.67915,28.600723,34.111763,37.08338,40.224815,86.12807,91.64453,69.97042,73.97515
WN5vfoa5N3L_TefOY_LT6EtCWhKor__7LmepFzJPudQ,0fa7dbd7ca0e34a14977e9c31d7a0427,189.25,1,89.85,107.25906,107.29482,0.035758972,99.63814,95.13581,4.502327,106.47548,106.293594,0.18188477,52.60347,55.97209,3.3686218,35.781136,38.74876,2.9676247,24.356134,26.187769,1.8316345,56.614105,56.220284,0.39382172,27.94705,28.197117,0.25006676,17.157114,17.596468,0.43935394,32.17081,31.48108,0.6897316,38.9941,38.85254,0.1415596,89.32093,88.99389,0.32704163,71.91709,71.97767,0.060577393,101.58525,113.004395,88.87748,101.39414,102.28568,110.301506,52.668835,59.27535,36.18347,41.31405,24.660606,27.714931,54.219883,58.220684,26.467464,29.92677,16.493223,18.699713,28.72556,34.2366,37.281822,40.423256,86.23566,91.75212,69.9753,73.980034
1h1YOTgYdWkDBeOowQ-UOSkvmV6JjhMOMvP8xNGMg9k,a64d27d1ae58474f8c8c7bce6ec5521a,173.8,1,78.2,103.03875,102.103386,0.93536377,89.61148,89.33617,0.27531433,103.567955,103.64267,0.07471466,55.688545,56.55441,0.8658638,38.654205,39.255207,0.60100174,23.808361,25.153437,1.3450756,49.97664,50.47473,0.49809265,28.591728,27.980774,0.6109543,16.839739,17.14959,0.3098507,33.735573,32.105263,1.63031,37.403847,37.22211,0.18173599,75.918144,78.84092,2.9227753,68.81856,67.34913,1.469429,96.393814,107.81296,83.077835,95.5945,99.63476,107.65058,53.251152,59.857666,36.68992,41.820496,23.626274,26.6806,48.47433,52.475132,26.251122,29.710426,16.046345,18.252834,29.349743,34.860783,35.651394,38.792828,76.08269,81.59915,65.34676,69.351494
bpyWGHqAZ_F8jjeg0pH3UeLMZ0Hp2Afwy9pnuLsQiN0,4f0bee8a155230ee357db80d052cc101,180.5,1,83.2,108.73136,106.8199,1.9114609,95.61492,98.52793,2.9130096,104.89856,105.1524,0.2538376,54.347916,53.652824,0.69509125,37.282738,38.110477,0.8277397,25.670713,25.280718,0.38999557,53.54996,52.76305,0.786911,27.538826,27.279684,0.25914192,18.565512,17.400017,1.1654949,29.238667,30.35693,1.1182632,37.16155,37.657875,0.49632645,85.575516,83.03238,2.5431366,68.13345,69.68172,1.5482635,101.11033,112.52947,92.2696,104.78626,101.144485,109.16031,50.349567,56.95608,35.54519,40.675766,23.753555,26.80788,50.76265,54.76345,25.550032,29.009336,16.296772,18.503262,27.60141,33.11245,36.08716,39.228592,80.27415,85.79061,67.67935,71.68408
BNldbDpAydeJs9HMe4pjl5PF65x7iRBWOhN8P6lTKpg,3d2e1b284ac918e77d74a45e7f534b34,163.5,0,46.3,79.63896,80.94341,1.304451,64.667816,68.97035,4.302536,85.35106,88.054016,2.7029572,44.15644,44.960068,0.803627,31.62736,31.810791,0.18343163,21.301739,21.315245,0.013505936,48.165176,47.34058,0.8245964,21.844492,21.134851,0.7096405,15.052383,14.156577,0.8958063,22.596476,22.989717,0.39324188,32.000343,31.113365,0.88697815,75.013176,75.56215,0.5489731,57.652023,58.045635,0.3936119,75.23384,86.652985,62.71202,75.22868,84.046104,92.06193,41.65681,48.263325,29.245502,34.37608,19.788082,22.842407,45.34018,49.34098,19.4052,22.864504,13.053332,15.259822,20.234198,25.745237,29.542648,32.684082,72.80392,78.32038,56.04327,60.048
BNldbDpAydeJs9HMe4pjl5PF65x7iRBWOhN8P6lTKpg,93132b5cf1bc5b03ed941f5b8c05f054,163.5,0,46.3,79.63896,80.74108,1.1021194,64.667816,69.127365,4.459549,85.35106,87.945915,2.5948563,44.15644,44.67224,0.5158005,31.62736,32.27162,0.6442623,21.301739,21.581755,0.28001595,48.165176,47.516666,0.64851,21.844492,21.015863,0.82862854,15.052383,14.287298,0.7650852,22.596476,22.651516,0.05504036,32.000343,31.032917,0.9674263,75.013176,75.87636,0.86318207,57.652023,58.157993,0.50597,75.03151,86.45065,62.869034,75.3857,83.938,91.95383,41.368984,47.9755,29.706333,34.83691,20.054592,23.108917,45.516266,49.517067,19.286211,22.745516,13.184053,15.390543,19.895996,25.407036,29.4622,32.603634,73.118126,78.63459,56.15563,60.16036
UJ-lC5Qr0xris1r9m23uwU-CY5wGgUnWIaa3GuPQXlI,456e9e6dd398535aab729598f76a32f7,178.5,1,81.6,106.13642,107.221756,1.0853348,96.6511,97.31763,0.6665268,104.82453,103.94916,0.87537384,55.030357,53.335682,1.6946754,36.130497,37.53048,1.3999825,24.367153,24.863033,0.49588013,51.045742,52.085438,1.0396957,27.05847,27.584595,0.52612495,16.596174,17.439308,0.8431339,30.493769,30.921057,0.42728806,37.04273,37.533176,0.490448,81.40804,82.13986,0.73181915,69.36985,68.48,0.8898468,101.512184,112.93133,91.059296,103.57596,99.941246,107.95707,50.032425,56.63894,34.96519,40.095768,23.33587,26.390196,50.085037,54.08584,25.854942,29.314247,16.336063,18.542553,28.165537,33.676575,35.96246,39.103893,79.38163,84.898094,66.47764,70.48237
59bc2770681516389ccf492e,8fa0e4f6513cf05db1664098b9d6c50f,177.5,1,60.7,90.764175,92.20115,1.4369736,80.20658,75.10692,5.099663,94.424904,90.766365,3.6585388,46.970722,46.84693,0.12379074,34.44735,33.830402,0.6169472,24.643599,24.101357,0.54224205,54.166355,52.665573,1.500782,24.009333,24.865425,0.85609245,17.284697,15.994392,1.2903042,24.060637,27.312737,3.2521,36.744682,35.99912,0.7455635,83.30726,82.80008,0.50717926,67.8166,65.86164,1.954956,86.49158,97.91072,68.84859,81.36525,86.75845,94.77428,43.543674,50.15019,31.265114,36.39569,22.574194,25.62852,50.665173,54.665974,23.135773,26.595078,14.891148,17.097637,24.557217,30.068256,34.428402,37.569836,80.04185,85.55831,63.859276,67.864006
59bc2770681516389ccf492e,19cdcf61e65034031e45cef14fc1327a,177.5,1,60.7,90.764175,91.72341,0.95923615,80.20658,75.957405,4.249176,94.424904,91.90634,2.5185623,46.970722,47.134758,0.1640358,34.44735,33.688133,0.7592163,24.643599,23.95943,0.68416786,54.166355,52.924984,1.2413712,24.009333,24.615278,0.6059456,17.284697,16.034416,1.2502804,24.060637,26.887001,2.8263645,36.744682,35.61196,1.132721,83.30726,83.418724,0.111465454,67.8166,65.62411,2.1924896,86.01384,97.43298,69.69907,82.21574,87.89843,95.91425,43.8315,50.438015,31.122845,36.25342,22.432268,25.486593,50.924583,54.925385,22.885626,26.34493,14.931171,17.137661,24.131481,29.64252,34.041245,37.18268,80.66049,86.176956,63.621742,67.62647
59bc2770681516389ccf492e,249cedf59de38affcc1a384f122f4306,177.5,1,60.7,90.764175,91.92574,1.1615677,80.20658,77.09574,3.1108398,94.424904,92.63357,1.791336,46.970722,47.26268,0.29195786,34.44735,33.635555,0.8117943,24.643599,23.846853,0.7967453,54.166355,52.12946,2.0368958,24.009333,24.620687,0.6113548,17.284697,16.095003,1.1896935,24.060637,26.801456,2.74082,36.744682,35.593525,1.1511574,83.30726,82.02249,1.2847672,67.8166,66.54188,1.2747192,86.21617,97.635315,70.83741,83.35407,88.625656,96.64148,43.959423,50.565937,31.070267,36.200844,22.31969,25.374016,50.12906,54.12986,22.891035,26.35034,14.991758,17.198248,24.045937,29.556976,34.022808,37.16424,79.26426,84.78072,64.53951,68.54424
59bc2770681516389ccf492e,371a777767332f5a4927c189fa1c9d54,177.5,1,60.7,90.764175,91.75713,0.99295807,80.20658,77.39668,2.8098984,94.424904,92.89399,1.5309143,46.970722,46.953533,0.017189026,34.44735,33.499474,0.947876,24.643599,23.919224,0.7243748,54.166355,53.500404,0.6659508,24.009333,24.18124,0.17190742,17.284697,16.074074,1.2106228,24.060637,26.097198,2.036562,36.744682,35.503353,1.2413292,83.30726,84.1523,0.84503937,67.8166,66.22436,1.5922394,86.04756,97.466705,71.13835,83.655014,88.88608,96.9019,43.650276,50.25679,30.934185,36.064762,22.392061,25.446386,51.500004,55.500805,22.451588,25.910892,14.970829,17.177319,23.341679,28.852718,33.932636,37.07407,81.394066,86.91053,64.22199,68.22672
59bc2770681516389ccf492e,c70a196bca9ba1a84913f479fcaa1648,177.5,1,60.7,90.764175,92.41472,1.6505432,80.20658,74.72747,5.4791107,94.424904,91.100494,3.3244095,46.970722,47.29466,0.32393646,34.44735,32.95823,1.4891205,24.643599,23.609982,1.033617,54.166355,52.731606,1.4347496,24.009333,25.161547,1.152214,17.284697,16.066729,1.217968,24.060637,27.835957,3.77532,36.744682,35.781364,0.9633179,83.30726,83.205986,0.10127258,67.8166,64.89491,2.9216843,86.70515,98.12429,68.46914,80.9858,87.09258,95.108406,43.9914,50.597916,30.39294,35.523518,22.082819,25.137144,50.731205,54.732006,23.431894,26.8912,14.963484,17.169973,25.080437,30.591476,34.210648,37.35208,80.447754,85.96422,62.892548,66.89728
59bc2770681516389ccf492e,98b7a589edc69e66e08958ee90c49043,177.5,1,60.7,90.764175,91.47049,0.7063141,80.20658,77.036865,3.169716,94.424904,92.18151,2.243393,46.970722,46.548443,0.42227936,34.44735,34.28505,0.16230011,24.643599,24.308304,0.33529472,54.166355,52.32441,1.8419456,24.009333,24.369188,0.35985565,17.284697,16.26428,1.0204163,24.060637,26.148924,2.0882874,36.744682,35.591515,1.1531677,83.30726,82.19121,1.1160507,67.8166,66.925354,0.891243,85.76092,97.18006,70.778534,83.2952,88.1736,96.18942,43.245186,49.8517,31.71976,36.850338,22.781141,25.835466,50.32401,54.32481,22.639536,26.09884,15.161036,17.367525,23.393404,28.904444,34.020798,37.16223,79.432976,84.94944,64.92299,68.92772
59bc2770681516389ccf492e,b8d5bb240e925c85dd94927348c71b6e,177.5,1,60.7,90.764175,91.81334,1.0491638,80.20658,77.02378,3.1828003,94.424904,91.896515,2.528389,46.970722,46.41519,0.55553055,34.44735,33.36648,1.0808678,24.643599,23.947023,0.69657516,54.166355,52.508354,1.658001,24.009333,24.486824,0.47749138,17.284697,16.135029,1.1496677,24.060637,26.451317,2.3906803,36.744682,35.749393,0.99528885,83.30726,82.43818,0.8690796,67.8166,66.701866,1.1147308,86.10377,97.52291,70.76545,83.28211,87.8886,95.90443,43.111935,49.71845,30.801193,35.93177,22.41986,25.474186,50.507954,54.508755,22.757172,26.216476,15.031784,17.238274,23.695797,29.206837,34.178677,37.32011,79.67995,85.19641,64.6995,68.70423
59bc2770681516389ccf492e,df46f041a197013a970e95990cab5f40,177.5,1,60.7,90.764175,91.75151,0.9873352,80.20658,75.90507,4.3015137,94.424904,91.35601,3.0688934,46.970722,46.516464,0.45425797,34.44735,33.264416,1.1829338,24.643599,23.896479,0.7471199,54.166355,52.849518,1.3168373,24.009333,24.661251,0.6519184,17.284697,16.149715,1.1349812,24.060637,26.795486,2.73485,36.744682,35.725006,1.0196762,83.30726,83.093506,0.21375275,67.8166,65.91782,1.8987732,86.04194,97.46108,69.646736,82.1634,87.3481,95.36392,43.213207,49.81972,30.699127,35.829704,22.369316,25.423641,50.849117,54.84992,22.931599,26.390903,15.046471,17.25296,24.039967,29.551006,34.15429,37.295723,80.33527,85.85174,63.91546,67.92019
59bc2770681516389ccf492e,acc28c275c7281ee858604500692fd0e,177.5,1,60.7,90.764175,91.21757,0.45339203,80.20658,75.159256,5.047325,94.424904,92.53529,1.8896103,46.970722,47.459892,0.48917007,34.44735,33.07885,1.3684998,24.643599,23.799984,0.8436146,54.166355,53.305454,0.8609009,24.009333,24.701817,0.6924839,17.284697,16.157059,1.1276379,24.060637,27.016314,2.955677,36.744682,35.799026,0.9456558,83.30726,83.66814,0.360878,67.8166,66.0717,1.7448959,85.507996,96.92714,68.900925,81.41759,88.52738,96.543205,44.156635,50.76315,30.513561,35.64414,22.272821,25.327147,51.305054,55.305855,22.972164,26.431469,15.053814,17.260303,24.260794,29.771833,34.22831,37.369743,80.909904,86.42637,64.069336,68.074066
59bc2770681516389ccf492e,b13e0859ad1b8ba966b580a4c52d8d24,177.5,1,60.7,90.764175,92.02692,1.2627411,80.20658,77.09574,3.1108398,94.424904,91.896515,2.528389,46.970722,46.559105,0.41161728,34.44735,33.06957,1.3777809,24.643599,23.768509,0.87508965,54.166355,52.65771,1.5086441,24.009333,24.489529,0.480196,17.284697,15.985947,1.2987499,24.060637,26.64628,2.5856438,36.744682,35.71135,1.0333328,83.30726,82.80741,0.4998474,67.8166,66.284195,1.532402,86.317345,97.73649,70.83741,83.35407,87.8886,95.90443,43.255848,49.862362,30.50428,35.634857,22.241346,25.295671,50.65731,54.65811,22.759876,26.219181,14.882702,17.089191,23.89076,29.4018,34.140633,37.282066,80.04918,85.56564,64.28183,68.28656
R2oQsZsj0aVNB5JF8rS1AwZranVfJ3b5YWVVZ1etG7A,c0416efe55bdf151cc091887ce4e8cfd,162.5,0,65.8,95.483284,98.26279,2.7795029,85.88341,88.13895,2.255539,106.377106,103.92582,2.4512863,55.55287,54.08773,1.4651413,33.450928,33.96958,0.51865387,21.107466,21.796799,0.68933296,49.2161,47.52767,1.688427,23.560757,23.798582,0.2378254,14.232791,14.968814,0.73602295,27.48994,28.635704,1.1457634,32.16311,32.74111,0.5780029,76.59189,76.1001,0.49179077,61.283333,59.62838,1.654953,92.553215,103.97236,81.880615,94.39728,99.91791,107.93373,50.784473,57.390987,31.404293,36.53487,20.269636,23.323961,45.52727,49.528072,22.06893,25.528234,13.865569,16.07206,25.880184,31.391224,31.170395,34.31183,73.341866,78.85833,57.626015,61.630745
R2oQsZsj0aVNB5JF8rS1AwZranVfJ3b5YWVVZ1etG7A,2b3e5422b0df35ebdef118171ef8ec67,162.5,0,65.8,95.483284,98.30775,2.824463,85.88341,88.83814,2.9547348,106.377106,104.05664,2.320465,55.55287,54.35057,1.202301,33.450928,34.591236,1.1403084,21.107466,21.912594,0.8051281,49.2161,47.2604,1.9556999,23.560757,23.831034,0.27027702,14.232791,14.838093,0.60530186,27.48994,28.555134,1.0651932,32.16311,32.859104,0.69599533,76.59189,75.57926,1.0126266,61.283333,60.03872,1.2446136,92.598175,104.01732,82.57981,95.09647,100.04873,108.06455,51.047314,57.653828,32.025948,37.156525,20.385431,23.439756,45.26,49.2608,22.101381,25.560686,13.734848,15.941338,25.799614,31.310654,31.288387,34.42982,72.82103,78.337494,58.036354,62.041084
iqh-P4vqGKCTAkySq9mt7oqpEujpSiENp6W7piq4iNg,31f85d87d9c6d0bfd4666c152c1b85cc,193.0,1,92.4,105.17271,107.62362,2.4509125,91.54563,92.10678,0.5611496,104.375595,105.758,1.3824081,57.8532,57.259315,0.5938835,44.08519,40.5944,3.4907913,27.362978,27.090223,0.27275467,53.995808,55.126045,1.1302376,29.169827,29.6669,0.49707413,18.480608,18.463049,0.017559052,31.528736,33.131805,1.6030693,39.73536,39.257465,0.47789383,89.686775,87.70769,1.9790878,72.0633,72.73973,0.67642975,101.91405,113.33319,85.84845,98.36511,101.75009,109.765915,53.95606,60.562572,38.02911,43.159687,25.56306,28.617386,53.125645,57.126446,27.937248,31.396553,17.359804,19.566294,30.376286,35.887325,37.68675,40.828182,84.949455,90.46592,70.737366,74.742096
iqh-P4vqGKCTAkySq9mt7oqpEujpSiENp6W7piq4iNg,1f2efa5d0ba39af40f6dda7390986a86,193.0,1,92.4,105.17271,108.44982,3.2771149,91.54563,96.01247,4.466835,104.375595,107.033104,2.6575089,57.8532,56.279907,1.5732918,44.08519,39.824287,4.2609024,27.362978,26.820038,0.54294014,53.995808,56.028477,2.032669,29.169827,29.047617,0.12220955,18.480608,18.452768,0.02783966,31.528736,32.050552,0.52181625,39.73536,39.163605,0.57175446,89.686775,89.02323,0.6635437,72.0633,73.1745,1.1111984,102.74025,114.15939,89.754135,102.2708,103.02519,111.041016,52.97665,59.583164,37.259,42.389576,25.292875,28.3472,54.028076,58.028877,27.317965,30.77727,17.349524,19.556013,29.295033,34.806072,37.592888,40.73432,86.265,91.78146,71.172134,75.176865
iqh-P4vqGKCTAkySq9mt7oqpEujpSiENp6W7piq4iNg,12999c475bb8888f89b00354ae954ef9,193.0,1,92.4,105.17271,107.66016,2.4874496,91.54563,94.56991,3.0242767,104.375595,106.61053,2.234932,57.8532,56.36119,1.4920082,44.08519,40.187695,3.8974953,27.362978,27.031408,0.33156967,53.995808,56.308327,2.312519,29.169827,28.831274,0.33855247,18.480608,18.302952,0.17765617,31.528736,31.718319,0.18958282,39.73536,39.096565,0.63879395,89.686775,89.5025,0.18427277,72.0633,73.18915,1.1258469,101.950584,113.36973,88.31158,100.82824,102.602615,110.61844,53.057934,59.664448,37.622406,42.752983,25.504246,28.55857,54.307926,58.308727,27.101622,30.560926,17.199707,19.406197,28.9628,34.47384,37.52585,40.667282,86.74427,92.260735,71.18678,75.19151
iqh-P4vqGKCTAkySq9mt7oqpEujpSiENp6W7piq4iNg,c02e7b65ac26f0aeac3114891432f31b,193.0,1,92.4,105.17271,107.66016,2.4874496,91.54563,94.56991,3.0242767,104.375595,106.61053,2.234932,57.8532,56.36119,1.4920082,44.08519,40.187695,3.8974953,27.362978,27.031408,0.33156967,53.995808,56.308327,2.312519,29.169827,28.831274,0.33855247,18.480608,18.302952,0.17765617,31.528736,31.718319,0.18958282,39.73536,39.096565,0.63879395,89.686775,89.5025,0.18427277,72.0633,73.18915,1.1258469,101.950584,113.36973,88.31158,100.82824,102.602615,110.61844,53.057934,59.664448,37.622406,42.752983,25.504246,28.55857,54.307926,58.308727,27.101622,30.560926,17.199707,19.406197,28.9628,34.47384,37.52585,40.667282,86.74427,92.260735,71.18678,75.19151
iqh-P4vqGKCTAkySq9mt7oqpEujpSiENp6W7piq4iNg,3e596ad4f3e3e9c8ef2d92917e14a706,193.0,1,92.4,105.17271,107.66016,2.4874496,91.54563,94.56991,3.0242767,104.375595,106.61053,2.234932,57.8532,56.36119,1.4920082,44.08519,40.187695,3.8974953,27.362978,27.031408,0.33156967,53.995808,56.308327,2.312519,29.169827,28.831274,0.33855247,18.480608,18.302952,0.17765617,31.528736,31.718319,0.18958282,39.73536,39.096565,0.63879395,89.686775,89.5025,0.18427277,72.0633,73.18915,1.1258469,101.950584,113.36973,88.31158,100.82824,102.602615,110.61844,53.057934,59.664448,37.622406,42.752983,25.504246,28.55857,54.307926,58.308727,27.101622,30.560926,17.199707,19.406197,28.9628,34.47384,37.52585,40.667282,86.74427,92.260735,71.18678,75.19151
iqh-P4vqGKCTAkySq9mt7oqpEujpSiENp6W7piq4iNg,7f885669989c7e9b7163ab1bf44dd1a4,193.0,1,92.4,105.17271,107.66016,2.4874496,91.54563,94.56991,3.0242767,104.375595,106.61053,2.234932,57.8532,56.36119,1.4920082,44.08519,40.187695,3.8974953,27.362978,27.031408,0.33156967,53.995808,56.308327,2.312519,29.169827,28.831274,0.33855247,18.480608,18.302952,0.17765617,31.528736,31.718319,0.18958282,39.73536,39.096565,0.63879395,89.686775,89.5025,0.18427277,72.0633,73.18915,1.1258469,101.950584,113.36973,88.31158,100.82824,102.602615,110.61844,53.057934,59.664448,37.622406,42.752983,25.504246,28.55857,54.307926,58.308727,27.101622,30.560926,17.199707,19.406197,28.9628,34.47384,37.52585,40.667282,86.74427,92.260735,71.18678,75.19151
iqh-P4vqGKCTAkySq9mt7oqpEujpSiENp6W7piq4iNg,60bc96e46e445ffb501d9bba1f86edb0,193.0,1,92.4,105.17271,107.66016,2.4874496,91.54563,94.56991,3.0242767,104.375595,106.61053,2.234932,57.8532,56.36119,1.4920082,44.08519,40.187695,3.8974953,27.362978,27.031408,0.33156967,53.995808,56.308327,2.312519,29.169827,28.831274,0.33855247,18.480608,18.302952,0.17765617,31.528736,31.718319,0.18958282,39.73536,39.096565,0.63879395,89.686775,89.5025,0.18427277,72.0633,73.18915,1.1258469,101.950584,113.36973,88.31158,100.82824,102.602615,110.61844,53.057934,59.664448,37.622406,42.752983,25.504246,28.55857,54.307926,58.308727,27.101622,30.560926,17.199707,19.406197,28.9628,34.47384,37.52585,40.667282,86.74427,92.260735,71.18678,75.19151
iqh-P4vqGKCTAkySq9mt7oqpEujpSiENp6W7piq4iNg,7fea11d6af00a82191d94b6376ee1c60,193.0,1,92.4,105.17271,107.66016,2.4874496,91.54563,94.56991,3.0242767,104.375595,106.61053,2.234932,57.8532,56.36119,1.4920082,44.08519,40.187695,3.8974953,27.362978,27.031408,0.33156967,53.995808,56.308327,2.312519,29.169827,28.831274,0.33855247,18.480608,18.302952,0.17765617,31.528736,31.718319,0.18958282,39.73536,39.096565,0.63879395,89.686775,89.5025,0.18427277,72.0633,73.18915,1.1258469,101.950584,113.36973,88.31158,100.82824,102.602615,110.61844,53.057934,59.664448,37.622406,42.752983,25.504246,28.55857,54.307926,58.308727,27.101622,30.560926,17.199707,19.406197,28.9628,34.47384,37.52585,40.667282,86.74427,92.260735,71.18678,75.19151
iqh-P4vqGKCTAkySq9mt7oqpEujpSiENp6W7piq4iNg,8e4c98372da3dcd1cc187a4792c444c7,193.0,1,92.4,105.17271,107.66016,2.4874496,91.54563,94.56991,3.0242767,104.375595,106.61053,2.234932,57.8532,56.36119,1.4920082,44.08519,40.187695,3.8974953,27.362978,27.031408,0.33156967,53.995808,56.308327,2.312519,29.169827,28.831274,0.33855247,18.480608,18.302952,0.17765617,31.528736,31.718319,0.18958282,39.73536,39.096565,0.63879395,89.686775,89.5025,0.18427277,72.0633,73.18915,1.1258469,101.950584,113.36973,88.31158,100.82824,102.602615,110.61844,53.057934,59.664448,37.622406,42.752983,25.504246,28.55857,54.307926,58.308727,27.101622,30.560926,17.199707,19.406197,28.9628,34.47384,37.52585,40.667282,86.74427,92.260735,71.18678,75.19151
iqh-P4vqGKCTAkySq9mt7oqpEujpSiENp6W7piq4iNg,826fd67be07c4635f0071bc707f2ddb1,193.0,1,92.4,105.17271,106.14545,0.9727402,91.54563,94.125046,2.5794144,104.375595,107.7677,3.392105,57.8532,57.222004,0.63119507,44.08519,40.953167,3.1320229,27.362978,27.274023,0.088954926,53.995808,55.22981,1.2340012,29.169827,28.827217,0.3426094,18.480608,18.53355,0.052942276,31.528736,31.762085,0.23334885,39.73536,38.69432,1.0410385,89.686775,87.800606,1.8861694,72.0633,73.24289,1.1795883,100.435875,111.85502,87.866714,100.38338,103.75979,111.77561,53.918747,60.52526,38.38788,43.518456,25.74686,28.801186,53.22941,57.23021,27.097565,30.55687,17.430305,19.636795,29.006565,34.517605,37.123604,40.265038,85.04237,90.55884,71.240524,75.245255
iqh-P4vqGKCTAkySq9mt7oqpEujpSiENp6W7piq4iNg,6d73280301a0f5d7b299d298846a0ce2,193.0,1,92.4,105.17271,107.14869,1.9759827,91.54563,94.949356,3.4037247,104.375595,106.90781,2.5322113,57.8532,56.4025,1.4506989,44.08519,40.851105,3.234085,27.362978,27.299755,0.063222885,53.995808,55.40904,1.4132309,29.169827,28.867783,0.3020439,18.480608,18.530613,0.05000496,31.528736,31.62581,0.09707451,39.73536,39.02148,0.71387863,89.686775,87.88374,1.8030319,72.0633,73.579956,1.516655,101.43912,112.85826,88.691025,101.20769,102.899895,110.91572,53.099243,59.705757,38.285816,43.416393,25.772593,28.826918,53.408638,57.40944,27.13813,30.597435,17.427368,19.633858,28.87029,34.381332,37.450764,40.592197,85.12551,90.641975,71.57759,75.58232
iqh-P4vqGKCTAkySq9mt7oqpEujpSiENp6W7piq4iNg,c4e387a7bc50a65383c2ab4007b708ba,193.0,1,92.4,105.17271,107.80628,2.6335754,91.54563,93.21895,1.673317,104.375595,106.12653,1.7509384,57.8532,56.391838,1.4613609,44.08519,39.459335,4.6258545,27.362978,26.864151,0.49882698,53.995808,56.35864,2.362831,29.169827,29.349146,0.17931938,18.480608,18.496832,0.016223907,31.528736,32.460373,0.9316368,39.73536,39.50149,0.23386765,89.686775,89.37534,0.31143188,72.0633,73.457825,1.3945236,102.09671,113.515854,86.96062,99.47728,102.11862,110.134445,53.08858,59.695095,36.894047,42.024624,25.336988,28.391314,54.35824,58.35904,27.619493,31.078798,17.393587,19.600077,29.704853,35.215893,37.930775,41.07221,86.61711,92.133575,71.45546,75.46019
iqh-P4vqGKCTAkySq9mt7oqpEujpSiENp6W7piq4iNg,4ec1fbc6e3e425f4a946ecaf73cb210f,193.0,1,92.4,105.17271,106.923874,1.7511673,91.54563,93.46755,1.9219208,104.375595,106.81936,2.4437637,57.8532,56.86222,0.99097824,44.08519,40.319138,3.7660522,27.362978,27.143526,0.2194519,53.995808,55.559967,1.5641594,29.169827,29.089535,0.08029175,18.480608,18.439548,0.041059494,31.528736,32.136097,0.60736084,39.73536,39.214558,0.52080154,89.686775,88.138054,1.5487213,72.0633,73.785126,1.7218246,101.2143,112.633446,87.20922,99.72588,102.81145,110.82727,53.558964,60.165478,37.75385,42.884426,25.616364,28.670689,53.559566,57.560368,27.359882,30.819187,17.336304,19.542793,29.380577,34.891617,37.64384,40.785275,85.37982,90.896286,71.78276,75.78749
iqh-P4vqGKCTAkySq9mt7oqpEujpSiENp6W7piq4iNg,b51e5f3edc6f722de166e26b11ab288e,193.0,1,92.4,105.17271,107.05315,1.8804398,91.54563,92.72829,1.1826553,104.375595,106.8857,2.5101013,57.8532,57.67773,0.17546844,44.08519,40.909866,3.1753235,27.362978,27.264833,0.09814453,53.995808,55.478214,1.4824066,29.169827,29.38295,0.21312332,18.480608,18.433674,0.046934128,31.528736,32.69612,1.1673851,39.73536,39.107292,0.628067,89.686775,88.29944,1.3873367,72.0633,72.930244,0.86694336,101.343575,112.76272,86.469955,98.98662,102.877785,110.89361,54.374474,60.980988,38.344578,43.475155,25.73767,28.791996,53.477814,57.478615,27.653297,31.112602,17.33043,19.536919,29.940601,35.45164,37.536575,40.67801,85.54121,91.05767,70.92788,74.93261
mxHdyqO0muEOOY8F9RPm4GeZqhWO1pjThEJFK1dkjHU,e1841a958db9b94cfd50909b73b2f5e5,169.0,1,74.1,99.02821,101.989395,2.9611816,84.49024,89.6735,5.183258,102.06644,100.56793,1.4985046,54.171562,53.864033,0.30752945,36.40829,37.658154,1.2498627,24.921797,24.198555,0.7232418,48.627502,48.275246,0.35225677,27.259165,27.22188,0.03728485,16.79664,16.506079,0.29056168,30.331732,31.192116,0.860384,36.632927,36.867466,0.23453903,73.49466,75.01441,1.5197525,66.694,65.95568,0.7383194,96.27982,107.69897,83.41517,95.93183,96.56002,104.57584,50.560776,57.16729,35.092865,40.223442,22.671392,25.725718,46.274845,50.275646,25.492228,28.951532,15.402834,17.609324,28.436596,33.947636,35.29675,38.438183,72.25618,77.772644,63.953316,67.958046
mxHdyqO0muEOOY8F9RPm4GeZqhWO1pjThEJFK1dkjHU,67f3d8b9b64ffd2809f1d17322e3beaf,169.0,1,74.1,99.02821,103.305016,4.276802,84.49024,91.096016,6.605774,102.06644,100.23749,1.828949,54.171562,53.05252,1.1190414,36.40829,37.090816,0.68252563,24.921797,24.057302,0.8644943,48.627502,48.46155,0.16595078,27.259165,27.265488,0.0063228607,16.79664,16.597052,0.19958878,30.331732,31.166252,0.83452034,36.632927,36.963333,0.3304062,73.49466,75.457,1.9623413,66.694,65.81096,0.8830414,97.59544,109.01459,84.837685,97.35435,96.229576,104.2454,49.749264,56.355778,34.525528,39.656105,22.53014,25.584465,46.46115,50.461952,25.535835,28.99514,15.493807,17.700296,28.410732,33.921772,35.392616,38.53405,72.69877,78.21523,63.808594,67.813324
DNDgaE6BmUFno7fz7Lv2jHwHZ7Za8QFpLVa0hgdtcxk,caa2c743a5c8cb28dc842d8a3dfe1d5f,166.5,0,68.0,92.20428,94.089615,1.8853378,84.03578,81.57713,2.4586487,102.019516,102.526955,0.50743866,57.23265,55.71225,1.520401,37.808357,37.037464,0.7708931,23.39905,23.184486,0.21456337,47.13336,47.790226,0.65686417,24.332876,25.064192,0.7313156,14.895272,15.642985,0.7477131,28.708248,29.44341,0.73516273,32.534847,33.471855,0.9370079,75.745766,76.28227,0.53650665,62.83473,61.42606,1.4086685,88.38004,99.79919,75.3188,87.835464,98.51904,106.53487,52.408993,59.015507,34.472176,39.602753,21.657324,24.711649,45.789825,49.790627,23.33454,26.793844,14.539741,16.746231,26.687891,32.19893,31.901138,35.042572,73.52404,79.040504,59.423695,63.428425
DNDgaE6BmUFno7fz7Lv2jHwHZ7Za8QFpLVa0hgdtcxk,b1fa7bbfcc15a92a309167b0bc8d566d,166.5,0,68.0,92.20428,95.35421,3.1499329,84.03578,83.69026,0.34552002,102.019516,102.371254,0.35173798,57.23265,55.18923,2.043419,37.808357,37.091976,0.7163811,23.39905,23.147726,0.2513237,47.13336,48.151043,1.0176811,24.332876,24.919512,0.5866356,14.895272,15.5577965,0.6625242,28.708248,29.127092,0.41884422,32.534847,33.568394,1.0335464,75.745766,76.80556,1.0597916,62.83473,61.25997,1.5747566,89.64464,101.06378,77.43193,89.94859,98.36334,106.379166,51.885975,58.49249,34.526688,39.657265,21.620564,24.674889,46.150642,50.151443,23.18986,26.649164,14.454552,16.661041,26.371572,31.882612,31.997677,35.13911,74.047325,79.56379,59.257607,63.262337
DNDgaE6BmUFno7fz7Lv2jHwHZ7Za8QFpLVa0hgdtcxk,93eb5cf5a3ff9944c31cc056f4e41901,166.5,0,68.0,92.20428,94.17954,1.9752655,84.03578,82.94445,1.0913315,102.019516,103.52106,1.5015411,57.23265,55.938778,1.2938728,37.808357,37.140686,0.6676712,23.39905,23.137617,0.26143265,47.13336,47.927006,0.79364395,24.332876,24.815397,0.48252106,14.895272,15.604797,0.7095251,28.708248,29.158924,0.45067596,32.534847,33.24794,0.7130928,75.745766,76.46567,0.71990204,62.83473,61.401634,1.433094,88.46997,99.889114,76.68612,89.20278,99.513145,107.52897,52.63552,59.242035,34.575397,39.705975,21.610455,24.66478,45.926605,49.927406,23.085745,26.54505,14.501553,16.708042,26.403404,31.914444,31.677223,34.818657,73.707436,79.2239,59.39927,63.404
DNDgaE6BmUFno7fz7Lv2jHwHZ7Za8QFpLVa0hgdtcxk,7b264715ab38fb24240961d2eae283fd,166.5,0,68.0,92.20428,95.08443,2.8801498,84.03578,82.558464,1.4773178,102.019516,102.34208,0.32256317,57.23265,55.574333,1.6583176,37.808357,37.1028,0.7055588,23.39905,23.16243,0.23661995,47.13336,48.540947,1.4075851,24.332876,25.05743,0.72455406,14.895272,15.638579,0.7433071,28.708248,29.385717,0.67746925,32.534847,33.520126,0.9852791,75.745766,77.49145,1.7456818,62.83473,60.786125,2.048603,89.374855,100.794,76.30013,88.816795,98.33417,106.34999,52.271076,58.87759,34.53751,39.668087,21.635267,24.689592,46.540546,50.541348,23.327778,26.787083,14.535335,16.741825,26.630198,32.141235,31.94941,35.090843,74.733215,80.24968,58.78376,62.78849
DNDgaE6BmUFno7fz7Lv2jHwHZ7Za8QFpLVa0hgdtcxk,42872cccd21f7ed65a37638adb0b5202,166.5,0,68.0,92.20428,94.010925,1.8066483,84.03578,83.26502,0.7707596,102.019516,103.51061,1.4910965,57.23265,55.729572,1.5030785,37.808357,36.794483,1.013874,23.39905,23.008038,0.3910122,47.13336,48.30669,1.1733284,24.332876,24.554432,0.22155571,14.895272,15.472607,0.5773344,28.708248,28.83962,0.13137245,32.534847,33.1447,0.60985184,75.745766,77.125885,1.3801193,62.83473,61.135403,1.6993256,88.30135,99.7205,77.00669,89.52335,99.5027,107.518524,52.426315,59.03283,34.229195,39.35977,21.480875,24.5352,46.30629,50.30709,22.82478,26.284084,14.369362,16.575851,26.0841,31.59514,31.573982,34.715416,74.36765,79.88412,59.133038,63.137768
DNDgaE6BmUFno7fz7Lv2jHwHZ7Za8QFpLVa0hgdtcxk,c3b18060d318bfe8ddbd8ca95d0c2584,166.5,0,68.0,92.20428,94.522385,2.3181076,84.03578,82.57155,1.4642334,102.019516,102.18761,0.16809082,57.23265,55.203888,2.0287628,37.808357,36.780952,1.0274048,23.39905,23.031933,0.36711693,47.13336,48.114883,0.9815216,24.332876,24.957373,0.62449646,14.895272,15.592313,0.69704056,28.708248,29.163897,0.45564842,32.534847,33.471855,0.9370079,75.745766,76.68696,0.9411926,62.83473,61.2331,1.6016273,88.81281,100.23196,76.31322,88.82988,98.179695,106.19552,51.90063,58.507145,34.215664,39.34624,21.50477,24.559095,46.114483,50.115284,23.22772,26.687025,14.489068,16.695557,26.408377,31.919416,31.901138,35.042572,73.92873,79.44519,59.230736,63.235466
DNDgaE6BmUFno7fz7Lv2jHwHZ7Za8QFpLVa0hgdtcxk,5b15de1490b655c39bbfc47a7c443a4c,166.5,0,68.0,92.20428,95.63523,3.430954,84.03578,83.75896,0.27682495,102.019516,103.13594,1.1164246,57.23265,55.4111,1.8215523,37.808357,36.98856,0.8197975,23.39905,23.165186,0.23386383,47.13336,48.401806,1.2684441,24.332876,24.98712,0.65424347,14.895272,15.803082,0.9078102,28.708248,29.281273,0.57302475,32.534847,33.206375,0.67152786,75.745766,77.64794,1.9021759,62.83473,60.747044,2.0876846,89.92566,101.3448,77.500626,90.01729,99.12803,107.14385,52.10784,58.714355,34.42327,39.55385,21.638023,24.692348,46.401405,50.402206,23.257467,26.716772,14.699838,16.906326,26.525753,32.036793,31.635658,34.777092,74.88971,80.40617,58.74468,62.74941
EZSFs4NfveRhx2gyv5v3qrH1_Rh53qhl24r5JzUSCoA,158cf3e74cb18ae55e9f522f52128e7a,179.2,1,81.5,105.875305,104.2893,1.5860062,93.393135,93.99093,0.5977936,100.4568,103.48635,3.0295486,54.41898,54.217663,0.20131683,42.150444,39.84903,2.3014145,25.906475,26.041647,0.13517189,52.788296,52.41874,0.36955643,28.979933,27.604876,1.3750572,17.695616,17.712502,0.016885757,32.59328,30.550806,2.0424747,38.219505,37.614967,0.60453796,83.46404,82.511536,0.952507,68.13916,69.20787,1.0687103,98.57973,109.99887,87.7326,100.24926,99.47844,107.49426,50.914406,57.52092,37.28374,42.414318,24.514484,27.56881,50.41834,54.41914,25.875223,29.334528,16.609257,18.815746,27.795286,33.306328,36.04425,39.185684,79.7533,85.26977,67.205505,71.210236
7tXOo2zQVaooe8RHfl4Db8bshORuWkeNqa-z90Ou4lc,ce509a825eeae6a4beb02dced928196a,165.5,0,48.4,85.75194,82.393486,3.3584518,70.17806,70.985344,0.8072815,88.60323,89.852425,1.2491913,44.611233,45.780907,1.1696739,31.905188,33.06029,1.1551037,21.197975,21.945677,0.74770164,47.194267,47.933296,0.73902893,21.091173,21.499931,0.40875816,14.128148,14.620712,0.4925642,21.838026,23.160809,1.3227825,30.437056,31.258173,0.8211174,75.71396,76.75787,1.0439148,59.33272,59.022636,0.3100853,76.683914,88.10306,64.72701,77.243675,85.84451,93.86034,42.47765,49.084164,30.495003,35.62558,20.418514,23.47284,45.932896,49.933697,19.770279,23.229584,13.5174675,15.723957,20.405289,25.916328,29.687456,32.828888,73.99964,79.516106,57.02027,61.025
RCvBZwL6ySv9VZVZ5BZjlncUxRBCExRk8cLHIXkL2mc,71c50acb9c03d99fd9e2f90ecce73342,174.25,1,59.15,90.42782,89.92487,0.50294495,74.92438,75.89198,0.9676056,93.08257,91.33636,1.7462158,45.886616,46.473824,0.5872078,32.06102,33.737617,1.6765976,23.072453,23.754494,0.68204117,52.349846,51.267902,1.0819435,23.644526,24.05549,0.41096497,16.145645,15.847146,0.2984991,24.289238,26.097198,1.8079605,35.768154,35.09491,0.6732445,81.74426,80.46487,1.279396,65.20998,65.44459,0.23461151,84.2153,95.634445,69.63365,82.150314,87.328445,95.34427,43.170567,49.77708,31.172329,36.302906,22.227331,25.281656,49.2675,53.268303,22.325838,25.785143,14.743901,16.95039,23.341679,28.852718,33.524193,36.665627,77.706635,83.2231,63.442223,67.44695
RCvBZwL6ySv9VZVZ5BZjlncUxRBCExRk8cLHIXkL2mc,f59714c646526dd822a4e6842c29cbdb,174.25,1,59.15,90.42782,91.0321,0.60427856,74.92438,75.76114,0.8367615,93.08257,90.569824,2.5127487,45.886616,46.127365,0.24074936,32.06102,33.0139,0.95288086,23.072453,23.511189,0.43873596,52.349846,51.651512,0.69833374,23.644526,24.32592,0.6813946,16.145645,15.783989,0.3616562,24.289238,26.534872,2.245634,35.768154,35.416035,0.35211945,81.74426,81.037056,0.7072067,65.20998,65.18125,0.02872467,85.322525,96.74167,69.50281,82.01947,86.56191,94.577736,42.82411,49.430622,30.448612,35.57919,21.984026,25.038351,49.65111,53.651913,22.596268,26.055573,14.680744,16.887234,23.779352,29.290392,33.845318,36.98675,78.278824,83.79529,63.178886,67.18362
s54yIZNewRa3lzGAm5m3geWsbCp6MKlTEJ-t5WEeY8k,7cf969a3b11e4ee940ba750740e719c2,169.0,0,69.2,96.46299,97.53494,1.0719528,85.455666,84.390274,1.0653915,101.408005,102.659164,1.2511597,52.579483,54.71652,2.1370354,39.167957,35.56857,3.5993881,23.6096,22.949223,0.6603775,48.30303,50.236153,1.9331245,25.021654,25.5895,0.5678463,15.969331,16.255468,0.28613758,27.741804,29.741825,2.000021,33.26899,34.051086,0.78209686,77.69363,80.27658,2.5829544,62.786224,61.780224,1.0060005,91.82537,103.244514,78.13194,90.648605,98.65125,106.667076,51.41326,58.019775,33.00328,38.133858,21.42206,24.476385,48.235752,52.236553,23.859848,27.319153,15.152224,17.358713,26.986305,32.497345,32.48037,35.621803,77.51835,83.03481,59.77786,63.78259
MoVC8zaNHbXveUHEwDF-a7ohr17YeOCTHW_iDKwpc5A,ac8ca4d8fc2bdbc0c68070133cc8167b,172.0,1,75.5,99.35476,101.4176,2.0628433,82.58422,87.72679,5.1425705,98.8374,99.93775,1.1003494,55.370804,54.033596,1.3372078,38.547035,38.153778,0.39325714,25.015644,24.638338,0.37730598,50.181774,49.170998,1.0107765,28.548075,27.606228,0.94184685,17.2899,16.796623,0.4932766,33.548622,31.442286,2.1063366,38.257732,37.248924,1.0088081,77.377106,76.44244,0.9346695,66.43077,66.75194,0.321167,95.70803,107.127174,81.46846,93.98512,95.92984,103.94566,50.73034,57.336853,35.58849,40.719067,23.111176,26.1655,47.170597,51.1714,25.876575,29.33588,15.693378,17.899868,28.686766,34.197807,35.678207,38.81964,73.684204,79.20067,64.74957,68.7543
MoVC8zaNHbXveUHEwDF-a7ohr17YeOCTHW_iDKwpc5A,7f6aff40b72600521c633bc8f0d45cba,172.0,1,75.5,99.35476,100.90509,1.5503311,82.58422,85.06412,2.4798965,98.8374,99.16385,0.32644653,55.370804,54.545452,0.8253517,38.547035,38.772728,0.22569275,25.015644,24.867628,0.14801598,50.181774,48.55824,1.6235352,28.548075,28.052437,0.4956379,17.2899,16.95057,0.33933067,33.548622,32.129135,1.419487,38.257732,37.263676,0.9940567,77.377106,75.613495,1.7636108,66.43077,66.46616,0.03539276,95.19552,106.61466,78.805786,91.32245,95.15594,103.17176,51.242195,57.84871,36.20744,41.338017,23.340466,26.39479,46.55784,50.55864,26.322784,29.78209,15.847324,18.053814,29.373615,34.884655,35.69296,38.834393,72.85526,78.37173,64.4638,68.46853
S9zKF4YjHsOv9MC2NLaW4o0k8o84LWICxS8BJ5wsQnk,de927634c8bf40b42b5094755aeccfac,174.85,1,77.5,104.76808,104.21061,0.5574722,92.96907,92.52384,0.44522858,106.05783,101.75766,4.300171,50.349075,53.20243,2.8533554,38.37118,36.778633,1.5925484,24.067406,24.399975,0.33256912,50.728245,50.96997,0.24172592,28.060654,27.619074,0.44157982,17.149174,17.155832,0.006658554,30.86784,31.176697,0.30885696,37.377773,37.474182,0.096408844,78.374016,79.643265,1.269249,67.97945,67.637344,0.34210205,98.50104,109.92018,86.26551,98.78217,97.74975,105.76557,49.899174,56.505688,34.213345,39.34392,22.872812,25.927137,48.96957,52.97037,25.889421,29.348726,16.052588,18.259077,28.421177,33.932217,35.903465,39.0449,76.88503,82.4015,65.63498,69.63971
S9zKF4YjHsOv9MC2NLaW4o0k8o84LWICxS8BJ5wsQnk,91099b99653b0cb4459e328c38b4b09c,174.85,1,77.5,104.76808,104.0715,0.696579,92.96907,92.08715,0.88191986,106.05783,100.5925,5.465332,50.349075,52.914604,2.5655289,38.37118,38.24231,0.12887192,24.067406,24.979746,0.91234016,50.728245,50.263275,0.46496964,28.060654,27.732655,0.32799911,17.149174,17.290592,0.14141846,30.86784,31.07847,0.21063042,37.377773,37.56402,0.18624496,78.374016,78.5374,0.16338348,67.97945,67.70085,0.27859497,98.36193,109.781075,85.82882,98.34548,96.58459,104.60041,49.611347,56.21786,35.67702,40.8076,23.452583,26.506908,48.262875,52.263676,26.003002,29.462307,16.187347,18.393837,28.32295,33.833992,35.9933,39.134735,75.77917,81.29563,65.69849,69.70322
S9zKF4YjHsOv9MC2NLaW4o0k8o84LWICxS8BJ5wsQnk,0b6483c8674d09602d2b8cb6e5c9edff,174.85,1,77.5,104.76808,104.53378,0.2342987,92.96907,92.936005,0.033065796,106.05783,101.500305,4.5575256,50.349075,53.055187,2.706112,38.37118,37.550774,0.82040787,24.067406,24.695776,0.6283703,50.728245,50.369003,0.3592415,28.060654,27.58527,0.47538376,17.149174,17.176762,0.02758789,30.86784,31.100601,0.23276138,37.377773,37.373623,0.0041503906,78.374016,78.95095,0.5769348,67.97945,67.62269,0.35675812,98.82421,110.243355,86.67767,99.194336,97.49239,105.50822,49.75193,56.358444,34.985485,40.116062,23.168613,26.222939,48.368603,52.369404,25.855618,29.314922,16.073517,18.280006,28.345081,33.85612,35.802906,38.94434,76.19272,81.70918,65.62032,69.62505
S9zKF4YjHsOv9MC2NLaW4o0k8o84LWICxS8BJ5wsQnk,5e64b6725142bfc7c08bf30e1feea9cc,174.85,1,77.5,104.76808,103.2446,1.5234833,92.96907,91.356064,1.6130066,106.05783,101.637886,4.419945,50.349075,53.450947,3.1018715,38.37118,37.637665,0.7335167,24.067406,24.79319,0.7257843,50.728245,50.391014,0.33723068,28.060654,27.77998,0.28067398,17.149174,17.368439,0.21926498,30.86784,31.25528,0.38743973,37.377773,37.425915,0.04814148,78.374016,78.7532,0.3791809,67.97945,67.82053,0.15891266,97.53503,108.95417,85.09773,97.614395,97.629974,105.6458,50.14769,56.754204,35.072376,40.202953,23.266027,26.320353,48.390614,52.391415,26.050327,29.509632,16.265194,18.471684,28.49976,34.0108,35.855198,38.99663,75.994965,81.51143,65.81817,69.8229
S9zKF4YjHsOv9MC2NLaW4o0k8o84LWICxS8BJ5wsQnk,15b4e770eebe6aef1e39b651b82a26f3,174.85,1,77.5,104.76808,103.312744,1.4553375,92.96907,92.30305,0.66602325,106.05783,103.052414,3.0054169,50.349075,54.21297,3.8638954,38.37118,37.44137,0.9298134,24.067406,24.547588,0.48018265,50.728245,51.719116,0.9908714,28.060654,27.341883,0.718771,17.149174,17.153996,0.0048217773,30.86784,30.892706,0.024866104,37.377773,37.04177,0.33600235,78.374016,81.09329,2.7192764,67.97945,67.23677,0.7426758,97.60317,109.022316,86.044716,98.56138,99.0445,107.060326,50.909714,57.516228,34.87608,40.006657,23.020426,26.07475,49.718716,53.719517,25.61223,29.071535,16.05075,18.25724,28.137186,33.648224,35.471054,38.612488,78.33506,83.851524,65.234406,69.239136
S9zKF4YjHsOv9MC2NLaW4o0k8o84LWICxS8BJ5wsQnk,ddf320f8683a05a217719ad2d5051c33,174.85,1,77.5,104.76808,103.21158,1.5565033,92.96907,92.22454,0.7445297,106.05783,102.09363,3.964203,50.349075,53.417633,3.0685577,38.37118,37.308666,1.0625153,24.067406,24.592619,0.52521324,50.728245,51.436123,0.7078781,28.060654,27.193485,0.8671684,17.149174,17.094143,0.055030823,30.86784,30.49047,0.37736893,37.377773,37.186577,0.19119644,78.374016,80.436745,2.062729,67.97945,67.53476,0.4446869,97.50201,108.92115,85.96621,98.48287,98.08572,106.10154,50.114376,56.72089,34.743378,39.873955,23.065456,26.119781,49.435722,53.436523,25.463833,28.923138,15.990898,18.197388,27.734951,33.24599,35.61586,38.757294,77.67851,83.19498,65.532394,69.537125
S9zKF4YjHsOv9MC2NLaW4o0k8o84LWICxS8BJ5wsQnk,470d23e1e8de9ad29b48541c2e1827b6,174.85,1,77.5,104.76808,105.1984,0.43032074,92.96907,95.89471,2.9256363,106.05783,102.10837,3.949463,50.349075,52.40891,2.0598335,38.37118,37.875423,0.49575806,24.067406,24.835005,0.7675991,50.728245,50.743576,0.015331268,28.060654,27.012299,1.0483551,17.149174,17.159504,0.0103302,30.86784,30.033276,0.8345642,37.377773,37.254288,0.123485565,78.374016,79.52956,1.1555405,67.97945,68.142944,0.16349792,99.48883,110.907974,89.636375,102.15304,98.10046,106.11628,49.10565,55.712166,35.310135,40.440712,23.307842,26.362167,48.743176,52.743977,25.282646,28.741951,16.05626,18.262749,27.277756,32.788795,35.68357,38.825005,76.771324,82.28779,66.14058,70.14531
S9zKF4YjHsOv9MC2NLaW4o0k8o84LWICxS8BJ5wsQnk,bd350421c4d3d5efc1dfd08a1be18650,174.85,1,77.5,104.76808,102.55504,2.2130432,92.96907,92.563095,0.40597534,106.05783,103.94731,2.1105194,50.349075,54.492153,4.143078,38.37118,38.182,0.18918228,24.067406,24.9848,0.91739464,50.728245,51.03286,0.30461502,28.060654,27.129934,0.9307194,17.149174,17.25314,0.10396576,30.86784,30.539242,0.32859802,37.377773,36.937187,0.4405861,78.374016,79.91469,1.5406723,67.97945,68.22843,0.24898529,96.84547,108.26461,86.30476,98.82143,99.9394,107.95522,51.188896,57.79541,35.61671,40.747288,23.457638,26.511963,49.03246,53.03326,25.400282,28.859587,16.149895,18.356384,27.783722,33.29476,35.36647,38.507904,77.156456,82.67292,66.22607,70.2308
S9zKF4YjHsOv9MC2NLaW4o0k8o84LWICxS8BJ5wsQnk,e23b5e084734020e218b2f7c215a38b0,174.85,1,77.5,104.76808,104.106636,0.6614456,92.96907,94.03018,1.0611115,106.05783,103.38562,2.6722107,50.349075,53.872692,3.5236168,38.37118,37.441536,0.92964554,24.067406,24.577915,0.5105095,50.728245,51.283623,0.55537796,28.060654,27.078215,0.98243904,17.149174,17.017033,0.13214111,30.86784,30.539492,0.32834816,37.377773,37.05652,0.32125473,78.374016,80.433075,2.0590591,67.97945,67.774124,0.20532227,98.397064,109.81621,87.77185,100.28851,99.37771,107.39353,50.569435,57.17595,34.876247,40.006824,23.050753,26.105078,49.283222,53.284023,25.348562,28.807867,15.913788,18.120277,27.783972,33.295013,35.4858,38.627235,77.67484,83.19131,65.77176,69.77649
S9zKF4YjHsOv9MC2NLaW4o0k8o84LWICxS8BJ5wsQnk,72d1bbd8550cb8331df3c1eb7c44206b,174.85,1,77.5,104.76808,101.957954,2.8101273,92.96907,89.43512,3.5339508,106.05783,101.88787,4.16996,50.349075,54.244488,3.8954124,38.37118,38.491283,0.12010193,24.067406,25.233849,1.1664429,50.728245,50.642956,0.085289,28.060654,27.868546,0.19210815,17.149174,17.611889,0.46271515,30.86784,31.272686,0.4048462,37.377773,37.3696,0.008174896,78.374016,79.10653,0.7325134,67.97945,68.06234,0.08289337,96.24838,107.66753,83.17679,95.69345,97.87996,105.89578,50.94123,57.547745,35.925995,41.056572,23.706686,26.761011,48.642555,52.643356,26.138893,29.598198,16.508644,18.715134,28.517166,34.028206,35.79888,38.940315,76.3483,81.86476,66.059975,70.064705
nABobY93RIm5CgL2YfJ3aZnXF6_za1yd1oNPrC3bszI,f729dbc33ad8f3ade2c81106052653e1,179.0,1,80.6,103.32456,104.795135,1.4705734,96.01816,95.09983,0.91832733,109.72431,105.394394,4.329918,54.075096,54.68087,0.6057739,36.766975,36.73147,0.035507202,24.896877,24.552183,0.34469414,49.716354,52.715885,2.9995308,25.641033,27.013311,1.3722782,15.995802,16.903568,0.90776634,30.616283,30.676668,0.06038475,36.739788,37.212723,0.47293472,82.252556,83.04216,0.7896042,69.298515,68.87325,0.42526245,99.08556,110.50471,88.8415,101.35816,101.38648,109.402306,51.377613,57.984127,34.16618,39.296757,23.02502,26.079346,50.715485,54.716286,25.283659,28.742964,15.8003235,18.006813,27.921148,33.43219,35.642006,38.78344,80.28393,85.80039,66.87089,70.87562
Oy8RHBJN9tp8RgpUs4Pg2x7ALbud1MPkfbF64WxpE2Y,9b0124c8e1402f845c9547c13fb8bbcb,173.0,1,76.1,105.019966,104.699585,0.32038116,93.171555,94.65496,1.4834061,101.75681,101.01262,0.74419403,51.38156,51.73998,0.3584175,36.485043,36.60157,0.11652756,24.022789,24.234684,0.21189499,50.62062,49.8663,0.75432205,27.77919,27.01027,0.7689209,17.141838,16.923397,0.21844101,30.998737,30.304583,0.69415474,38.218056,37.12423,1.0938263,78.83323,78.00403,0.82920074,68.46717,67.05603,1.4111404,98.99001,110.40916,88.39663,100.91329,97.00471,105.02053,48.43672,55.043236,34.03628,39.16686,22.707521,25.761847,47.8659,51.8667,25.280617,28.739922,15.820152,18.026642,27.549063,33.060104,35.553513,38.694946,75.2458,80.76226,65.053665,69.058395
Oy8RHBJN9tp8RgpUs4Pg2x7ALbud1MPkfbF64WxpE2Y,d90995ac7615ca1481cfbdf8ec830cd0,173.0,1,76.1,105.019966,104.85837,0.1615982,93.171555,94.0171,0.8455429,101.75681,100.877495,0.87931824,51.38156,51.911877,0.5303154,36.485043,35.457226,1.0278168,24.022789,23.829851,0.19293785,50.62062,50.79074,0.17012024,27.77919,27.123512,0.6556778,17.141838,16.797817,0.34402084,30.998737,30.65609,0.34264755,38.218056,37.294514,0.923542,78.83323,79.337,0.5037689,68.46717,66.65912,1.8080521,99.148796,110.56794,87.758766,100.27543,96.86958,104.88541,48.60862,55.215134,32.891937,38.022514,22.302689,25.357014,48.79034,52.79114,25.39386,28.853165,15.694572,17.901062,27.90057,33.41161,35.723797,38.86523,76.578766,82.09523,64.65675,68.66148
2A-OwfseLIFUUX6GNQFD8YuEVTs-luhhW0d6P352JyE,5b07d815d62fb8b14776ae8c4ade7259,164.5,1,69.6,103.50388,103.01767,0.48621368,91.2875,91.96939,0.6818924,98.539536,98.47347,0.06606293,50.9447,50.68728,0.2574196,34.9747,34.936085,0.03861618,23.688292,23.128426,0.55986595,47.523838,48.17777,0.65393066,25.290958,26.442114,1.1511555,16.639261,16.283009,0.35625267,27.95919,30.068836,2.1096458,36.32252,36.418293,0.09577179,73.99704,74.941055,0.9440155,63.389336,63.938786,0.5494499,97.3081,108.72724,85.71106,98.22772,94.46556,102.481384,47.38402,53.990536,32.370796,37.501373,21.601263,24.655588,46.17737,50.17817,24.712461,28.171766,15.179764,17.386253,27.313316,32.824356,34.847576,37.98901,72.18282,77.69929,61.93642,65.94115
2A-OwfseLIFUUX6GNQFD8YuEVTs-luhhW0d6P352JyE,69e07a4231c1dc6fb6ecb9a9d8f1d192,164.5,1,69.6,103.50388,102.4212,1.0826797,91.2875,91.5098,0.2223053,98.539536,98.87885,0.33931732,50.9447,50.991096,0.046398163,34.9747,34.987118,0.01241684,23.688292,23.081558,0.6067333,47.523838,48.10938,0.5855408,25.290958,26.321857,1.030899,16.639261,16.271626,0.36763573,27.95919,29.979063,2.0198727,36.32252,36.10555,0.21697235,73.99704,74.99729,1.0002518,63.389336,63.686596,0.29726028,96.71163,108.130775,85.25147,97.768135,94.87094,102.886765,47.68784,54.294353,32.42183,37.552406,21.554396,24.60872,46.10898,50.10978,24.592205,28.05151,15.168381,17.37487,27.223543,32.73458,34.534832,37.676266,72.23906,77.75552,61.68423,65.688965
Uv0m2CsOMq4Ll7gVXkA9zRMJOIu13kj44KrnuOq91jU,e6039ce0bcb8c8f3451e1024ba80489c,173.5,1,76.3,102.67372,103.787674,1.1139526,88.57466,89.672676,1.0980148,96.19048,99.78543,3.5949478,53.5533,52.99389,0.5594101,36.247746,37.64192,1.3941727,24.395866,24.846493,0.45062637,49.99298,50.661823,0.6688423,28.205008,28.251202,0.046194077,17.559332,17.549465,0.0098667145,34.051678,31.88145,2.170227,38.06627,37.69944,0.36682892,76.09228,79.191505,3.099228,67.8792,66.744606,1.1345978,98.0781,109.497246,83.414345,95.93101,95.77752,103.79334,49.69063,56.297146,35.07663,40.207207,23.31933,26.373655,48.661423,52.662224,26.52155,29.980854,16.44622,18.65271,29.12593,34.63697,36.128723,39.270157,76.43327,81.94974,64.74224,68.74697
HTxLE7dUgdo28d3l443uipc24MX6AMIc9oqgSSelXcE,849b58ca6958281be75c6b686227b8bc,168.0,1,55.25,90.16098,91.46487,1.3038864,78.81758,79.37242,0.5548401,91.02038,90.93343,0.08694458,45.81106,45.743595,0.067466736,32.357414,32.61183,0.25441742,22.3807,22.480534,0.09983444,49.266792,48.875034,0.39175797,24.324839,23.522743,0.8020954,15.361691,15.090723,0.27096844,25.591335,25.822659,0.23132324,33.29693,34.23746,0.9405327,77.05383,76.97427,0.079559326,61.95838,62.911102,0.95272064,85.755295,97.17444,73.11409,85.63075,86.92552,94.941345,42.44034,49.046852,30.046543,35.17712,20.953371,24.007696,46.874634,50.875435,21.79309,25.252396,13.987478,16.193968,23.067139,28.578178,32.666744,35.808178,74.21604,79.732506,60.908737,64.91347
HTxLE7dUgdo28d3l443uipc24MX6AMIc9oqgSSelXcE,110f76195cf4d2541d8883f9869f740a,168.0,1,55.25,90.16098,89.86867,0.29231262,78.81758,77.6322,1.185379,91.02038,91.012054,0.008323669,45.81106,46.180664,0.3696022,32.357414,32.5407,0.18328476,22.3807,22.452963,0.07226372,49.266792,49.293434,0.026641846,24.324839,23.447023,0.87781525,15.361691,15.098067,0.2636242,25.591335,25.78685,0.19551468,33.29693,34.063152,0.7662239,77.05383,77.49023,0.43639374,61.95838,62.64609,0.6877098,84.159096,95.57824,71.37387,83.89053,87.00414,95.019966,42.877407,49.48392,29.97541,35.105988,20.9258,23.980125,47.293034,51.293835,21.717371,25.176676,13.9948225,16.201313,23.03133,28.54237,32.492435,35.63387,74.731995,80.24846,60.643726,64.64845
HTxLE7dUgdo28d3l443uipc24MX6AMIc9oqgSSelXcE,19a26fec62fa66b1ef24eb17dd37ed41,168.0,1,55.25,90.16098,90.14969,0.011291504,78.81758,77.29855,1.5190277,91.02038,89.990005,1.0303726,45.81106,45.359825,0.45123672,32.357414,33.3572,0.9997864,22.3807,22.890406,0.5097065,49.266792,48.841232,0.42556,24.324839,23.563309,0.7615299,15.361691,15.387417,0.025725365,25.591335,25.568012,0.02332306,33.29693,34.181145,0.8842163,77.05383,76.82145,0.23238373,61.95838,63.003918,1.045536,84.44012,95.85926,71.04022,83.556885,85.98209,93.99792,42.05657,48.663082,30.791912,35.92249,21.363243,24.417568,46.84083,50.841633,21.833656,25.292961,14.284172,16.490662,22.812492,28.323532,32.610428,35.75186,74.06322,79.57968,61.001553,65.00629
HTxLE7dUgdo28d3l443uipc24MX6AMIc9oqgSSelXcE,95f0df49fd78bb807b8fab33173f5dbe,168.0,1,55.25,90.16098,91.05458,0.89360046,78.81758,79.195786,0.37820435,91.02038,90.60913,0.41124725,45.81106,45.38115,0.42991257,32.357414,32.955135,0.5977211,22.3807,22.654224,0.27352524,49.266792,48.444256,0.82253647,24.324839,23.568716,0.7561226,15.361691,15.26257,0.099121094,25.591335,25.663506,0.07217026,33.29693,34.24148,0.9445534,77.05383,76.195465,0.8583679,61.95838,63.224964,1.2665825,85.34501,96.76415,72.937454,85.45412,86.60122,94.61704,42.077892,48.684406,30.389847,35.520424,21.127062,24.181387,46.443855,50.444656,21.839064,25.298368,14.159326,16.365814,22.907986,28.419025,32.670765,35.8122,73.43723,78.9537,61.2226,65.227325
kIylnWWgtxbfedUMpfR5Ot3-iuysBKh-wHxw0Qwh46c,0a5434c7c6cb555985d493d9d5127cb9,166.0,0,66.5,91.29725,95.75326,4.456009,82.66114,84.68468,2.0235367,100.84612,101.79205,0.9459305,56.602486,54.442516,2.1599693,37.963287,37.598232,0.36505508,23.095634,23.236868,0.14123344,47.510303,47.379887,0.13041687,22.035988,24.803226,2.7672386,14.230476,15.635641,1.4051647,26.794065,28.68743,1.893364,32.40401,33.352524,0.94851303,74.94766,75.72353,0.7758713,61.903725,61.36988,0.533844,90.043686,101.46283,78.426346,90.94301,97.78414,105.799965,51.13926,57.745773,35.032944,40.16352,21.709705,24.76403,45.379486,49.380287,23.073574,26.532879,14.532396,16.738886,25.93191,31.44295,31.781807,34.92324,72.9653,78.481766,59.367516,63.372246
0-XhQ-_PmaT9DVwpTEiOdhAFo0CD2e5T-32D899sQpw,6541800b63e3f708f961befaa94d2603,180.9,1,81.7,105.03558,104.17829,0.8572922,98.82495,92.50585,6.3190994,105.4231,104.167816,1.2552872,50.472446,54.87742,4.404972,38.399452,38.29798,0.10147095,24.348894,25.433271,1.0843773,51.803204,52.64199,0.8387871,27.07511,27.97266,0.8975506,16.861944,17.661093,0.79914856,30.544798,31.476105,0.93130684,38.14338,37.5667,0.5766792,81.87305,83.191315,1.3182678,70.82355,69.16879,1.6547546,98.46872,109.88786,86.24752,98.76418,100.159904,108.17573,51.57416,58.180676,35.732693,40.86327,23.906109,26.960434,50.64159,54.64239,26.243008,29.702312,16.557848,18.764338,28.720585,34.231625,35.995983,39.137417,80.43308,85.94955,67.16643,71.17116
4V0D7qiw6J5sTLHjBGkxAjwpIZRx-KPVaQWLWf8xy4o,61b9a99bb55df380f63abd05b276b317,162.25,0,63.95,95.95661,96.610374,0.6537628,91.83299,85.91788,5.9151154,104.18954,100.64655,3.542984,52.453533,52.762028,0.30849457,34.685295,35.181965,0.49666977,20.74203,22.182777,1.4407482,47.095413,46.96483,0.13058472,23.532934,24.173126,0.64019203,14.917347,15.222179,0.30483246,26.885147,28.110497,1.2253494,33.029617,33.10045,0.0708313,74.43533,74.73565,0.30031586,61.15531,60.058258,1.0970535,90.9008,102.31995,79.659546,92.17621,96.63864,104.654465,49.45877,56.065285,32.616676,37.747253,20.655615,23.70994,44.964428,48.96523,22.443474,25.902779,14.118935,16.325424,25.354977,30.866016,31.529732,34.671165,71.97742,77.49388,58.055893,62.060623
4V0D7qiw6J5sTLHjBGkxAjwpIZRx-KPVaQWLWf8xy4o,ffdc86f6b9ee01f57868fef07be6f889,162.25,0,63.95,95.95661,96.090485,0.13387299,91.83299,85.623474,6.2095184,104.18954,100.0262,4.1633377,52.453533,52.26233,0.19120407,34.685295,35.005676,0.32038116,20.74203,22.09823,1.3562012,47.095413,47.019855,0.07555771,23.532934,23.9987,0.465765,14.917347,15.162693,0.24534607,26.885147,27.778263,0.893116,33.029617,32.926144,0.10347366,74.43533,74.96306,0.5277252,61.15531,59.65769,1.4976234,90.38091,101.80006,79.36514,91.881805,96.01829,104.03411,48.959072,55.565586,32.440388,37.570965,20.571068,23.625393,45.019455,49.020256,22.269047,25.728352,14.059448,16.265938,25.022743,30.533783,31.355427,34.49686,72.20483,77.72129,57.655323,61.660053
fXAVRAvJxNQVKYTuT_YpnJiF36hIZF5FwwZWhhCjkd4,567c0373974a31f526c8bc53ab1606a6,191.0,1,89.2,102.547264,105.51034,2.9630737,87.72942,91.50081,3.7713852,105.68817,104.94234,0.74583435,58.29195,56.17064,2.1213112,42.235077,40.3578,1.8772774,27.517591,26.935833,0.5817585,54.10985,54.868206,0.7583542,29.293617,28.678482,0.6151352,17.85131,18.053993,0.2026825,33.485355,31.703398,1.7819576,39.33932,38.87667,0.4626503,86.79556,86.91054,0.114974976,73.31895,72.89117,0.42778015,99.800766,111.21991,85.24248,97.75914,100.934425,108.95025,52.867382,59.473896,37.79251,42.923088,25.40867,28.462996,52.867805,56.868607,26.94883,30.408134,16.950748,19.157238,28.947878,34.458916,37.305954,40.447388,84.152306,89.66877,70.8888,74.89353
fXAVRAvJxNQVKYTuT_YpnJiF36hIZF5FwwZWhhCjkd4,bd11f9ffcbcf6714fe494a07e72e2b5a,191.0,1,89.2,102.547264,106.72154,4.1742783,87.72942,94.37365,6.644226,105.68817,105.36614,0.3220291,58.29195,55.343803,2.9481468,42.235077,40.071712,2.1633644,27.517591,26.75387,0.76372147,54.10985,55.443626,1.3337746,29.293617,28.16737,1.1262474,17.85131,17.89977,0.048460007,33.485355,30.919315,2.56604,39.33932,38.699684,0.639637,86.79556,87.83973,1.0441666,73.31895,72.56387,0.75507355,101.01197,112.431114,88.11532,100.63198,101.35823,109.374054,52.040546,58.64706,37.506424,42.637,25.226707,28.281033,53.443226,57.444027,26.437717,29.897022,16.796526,19.003016,28.163795,33.674835,37.128967,40.2704,85.0815,90.59796,70.56151,74.56624
fXAVRAvJxNQVKYTuT_YpnJiF36hIZF5FwwZWhhCjkd4,e2bd002e6647396ebd8583be2e1259c9,191.0,1,89.2,102.547264,106.72154,4.1742783,87.72942,94.37365,6.644226,105.68817,105.36614,0.3220291,58.29195,55.343803,2.9481468,42.235077,40.071712,2.1633644,27.517591,26.75387,0.76372147,54.10985,55.443626,1.3337746,29.293617,28.16737,1.1262474,17.85131,17.89977,0.048460007,33.485355,30.919315,2.56604,39.33932,38.699684,0.639637,86.79556,87.83973,1.0441666,73.31895,72.56387,0.75507355,101.01197,112.431114,88.11532,100.63198,101.35823,109.374054,52.040546,58.64706,37.506424,42.637,25.226707,28.281033,53.443226,57.444027,26.437717,29.897022,16.796526,19.003016,28.163795,33.674835,37.128967,40.2704,85.0815,90.59796,70.56151,74.56624
E8-vjMUBIIvCU3QWccMaqpmmwMclKonOuHHZEaPFWis,8dd587e6390f57fad51536cc586d85b5,171.5,1,74.6,107.84385,103.15818,4.685669,91.99726,91.57359,0.4236679,99.51868,100.64655,1.1278763,50.861156,52.75004,1.8888817,38.36775,37.461327,0.90642166,23.902536,24.503246,0.6007099,49.493565,49.21836,0.2752037,27.40609,27.430449,0.02435875,16.547052,17.131598,0.58454514,30.768139,30.927273,0.15913391,38.18393,37.06859,1.1153412,74.74332,76.894806,2.1514893,66.86837,66.78735,0.08101654,97.44861,108.86775,85.31526,97.831924,96.63864,104.654465,49.44678,56.053295,34.896038,40.026615,22.976084,26.030409,47.21796,51.21876,25.700796,29.1601,16.028353,18.234842,28.171753,33.682793,35.49787,38.639305,74.13657,79.65304,64.78499,68.78972
vbZZsZ3TYtTI253SiLaYLGYn-BT6NSlnN-B60PQzdHw,b92b6a00ccb5fff3a2dc99765355190d,161.8,0,63.6,99.646034,95.843185,3.8028488,79.00551,83.24539,4.2398834,100.276665,100.009,0.26766205,53.064594,52.88862,0.1759758,34.604576,35.338154,0.7335777,22.582724,22.366577,0.21614647,45.45928,47.22424,1.7649612,24.654245,24.366484,0.2877617,15.768058,15.60186,0.16619778,29.098202,28.436762,0.6614399,33.004932,32.65262,0.352314,71.58441,75.66485,4.0804367,60.025227,58.495056,1.5301704,90.13361,101.55276,76.98706,89.50372,96.00109,104.016914,49.58536,56.191875,32.772865,37.903442,20.839415,23.89374,45.22384,49.22464,22.636831,26.096136,14.498615,16.705105,25.681242,31.192282,31.081902,34.223335,72.90662,78.42308,56.49269,60.49742
vbZZsZ3TYtTI253SiLaYLGYn-BT6NSlnN-B60PQzdHw,6a57be01ebe6347e7484799d0146bbb7,161.8,0,63.6,99.646034,94.83713,4.8089066,79.00551,83.05567,4.0501633,100.276665,100.72517,0.4485016,53.064594,53.11648,0.051887512,34.604576,34.286594,0.31798172,22.582724,21.862968,0.7197552,45.45928,47.04973,1.5904503,24.654245,23.840498,0.8137474,15.768058,15.087786,0.6802721,29.098202,28.134369,0.96383286,33.004932,32.42736,0.57757187,71.58441,75.398315,3.8139038,60.025227,58.680687,1.3445396,89.127556,100.5467,76.79734,89.314,96.717255,104.73308,49.813225,56.41974,31.721306,36.851883,20.335806,23.390131,45.049328,49.05013,22.110846,25.57015,13.984541,16.19103,25.378849,30.889889,30.856644,33.998077,72.64008,78.15655,56.67832,60.683052
MjvyiQerHJp4LNFaYjErBuE5gZXzJTTBxjRPbdaIkX8,fe236f8e07a1bd213941ceb99c353ebe,181.75,1,65.7,91.810745,94.71348,2.9027328,81.02201,81.07993,0.057922363,96.189804,95.571945,0.6178589,49.28256,48.69115,0.5914078,32.285316,33.802567,1.5172501,23.829031,24.057993,0.22896194,54.21965,53.780254,0.4393959,23.630594,24.850552,1.2199574,15.931312,16.033682,0.10237026,25.869316,27.322685,1.4533691,37.909824,36.040016,1.8698082,86.33903,85.042366,1.2966614,68.348885,67.294174,1.0547104,89.00391,100.42305,74.8216,87.338264,91.56403,99.57986,45.387894,51.994408,31.237278,36.367855,22.53083,25.585155,51.779854,55.780655,23.1209,26.580204,14.930437,17.136927,24.567165,30.078205,34.4693,37.610733,82.284134,87.8006,65.29181,69.29654
MjvyiQerHJp4LNFaYjErBuE5gZXzJTTBxjRPbdaIkX8,1b22d416e007039ee3582c05e0a9012c,181.75,1,65.7,91.810745,95.191216,3.3804703,81.02201,81.13227,0.11026001,96.189804,95.21325,0.9765549,49.28256,48.57389,0.70866776,32.285316,33.59535,1.3100319,23.829031,23.98654,0.15750885,54.21965,54.16072,0.058929443,23.630594,24.91816,1.2875652,15.931312,16.008713,0.07740116,25.869316,27.43608,1.5667648,37.909824,36.11158,1.7982445,86.33903,85.68791,0.6511154,68.348885,66.89726,1.451622,89.48164,100.90079,74.87394,87.3906,91.20534,99.22116,45.270634,51.877148,31.03006,36.160637,22.459377,25.513702,52.16032,56.16112,23.188507,26.647812,14.905468,17.111958,24.680561,30.1916,34.540863,37.682297,82.92968,88.446144,64.8949,68.89963
BGjL1f-CjLwYekISOM-ZP9CGKLtlVbXMfak4uh6NEtU,c88d92aa939936de2cb472930bf67bbb,184.5,1,84.1,103.827515,105.521576,1.6940613,98.07346,95.8718,2.2016602,104.00378,105.81206,1.808281,55.761986,54.8028,0.95918655,39.16447,38.295662,0.86880875,25.391754,25.584906,0.19315147,55.574234,54.28335,1.2908821,26.882563,27.23574,0.35317802,17.721226,17.287655,0.43357086,29.677294,30.30508,0.62778664,38.089035,37.806705,0.28232956,82.60047,85.73682,3.136345,71.92138,70.868774,1.0526047,99.812004,111.23115,89.61347,102.130135,101.804146,109.81997,51.499542,58.106056,35.730373,40.86095,24.057743,27.112068,52.28295,56.283752,25.506088,28.965393,16.18441,18.3909,27.54956,33.0606,36.23599,39.377422,82.978584,88.49505,68.86641,72.87114
jgZVDpdG6tLTkZXoAq80mPzizScTJEG7n1vuu76jn9o,3327f5ded6979666d773085c18030bf9,183.5,1,83.3,102.10693,104.77968,2.6727448,89.49951,93.508446,4.008934,106.12407,103.67767,2.4463959,55.991238,54.819454,1.1717834,38.967716,39.425316,0.45759964,26.365297,25.827522,0.53777504,52.199142,52.20964,0.010498047,28.38982,27.739414,0.6504059,17.7768,17.32768,0.44911957,32.090797,30.993422,1.0973759,38.77405,37.88581,0.8882408,82.00844,82.25478,0.24634552,70.298584,70.39493,0.096343994,99.07011,110.48925,87.250114,99.76678,99.66976,107.685585,51.516197,58.12271,36.860027,41.990604,24.30036,27.354685,50.20924,54.21004,26.009762,29.469067,16.224436,18.430925,28.237902,33.74894,36.315094,39.456528,79.49655,85.013016,68.39256,72.39729
jgZVDpdG6tLTkZXoAq80mPzizScTJEG7n1vuu76jn9o,f82276ae013c63cfa114fb0a2345cb2b,183.5,1,83.3,102.10693,104.209206,2.102272,89.49951,92.345566,2.846054,106.12407,103.17218,2.951889,55.991238,54.481327,1.5099106,38.967716,39.28768,0.31996536,26.365297,26.007645,0.35765266,52.199142,52.473766,0.27462387,28.38982,27.917223,0.47259712,17.7768,17.583982,0.19281769,32.090797,31.062803,1.0279942,38.77405,38.04671,0.7273407,82.00844,82.614235,0.6057968,70.298584,70.64895,0.35036469,98.49963,109.91878,86.087234,98.6039,99.16427,107.18009,51.17807,57.784584,36.722393,41.85297,24.480482,27.534807,50.473366,54.474167,26.18757,29.646875,16.480738,18.687227,28.307283,33.81832,36.475994,39.617428,79.856,85.37247,68.64658,72.65131
yDKNHjVVLnOxD_oBdXqQW1d9SwZDDiKn-VdTJGev_T0,932487de838861c4b1e132858f732bf6,170.05,0,68.8,99.95495,98.17286,1.7820892,85.41655,86.7978,1.3812485,104.382324,102.37218,2.010147,51.066322,53.65982,2.5934982,34.3253,35.655167,1.3298683,22.193794,22.9143,0.72050667,48.273098,49.928005,1.6549072,23.702406,24.79782,1.0954132,14.985678,15.78252,0.7968426,29.663883,28.735176,0.9287071,33.06155,33.514763,0.45321274,79.65187,80.565125,0.9132538,63.58669,61.467583,2.1191063,92.46329,103.88243,80.53947,93.05613,98.364265,106.38009,50.356564,56.963078,33.089878,38.220455,21.387138,24.441463,47.927605,51.928406,23.068167,26.527472,14.6792755,16.885765,25.979656,31.490696,31.944046,35.08548,77.80689,83.32336,59.465218,63.469948
yDKNHjVVLnOxD_oBdXqQW1d9SwZDDiKn-VdTJGev_T0,e6a155c2f5bd35135a6c994c56157df5,170.05,0,68.8,99.95495,98.43983,1.5151215,85.41655,86.47396,1.0574112,104.382324,102.40964,1.9726868,51.066322,53.793076,2.7267532,34.3253,36.083523,1.7582245,22.193794,23.140373,0.946579,48.273098,50.120598,1.8474998,23.702406,25.160194,1.4577885,14.985678,16.155958,1.1702805,29.663883,29.000765,0.66311836,33.06155,33.681023,0.6194725,79.65187,80.785194,1.1333237,63.58669,61.69962,1.8870697,92.730255,104.1494,80.21563,92.73229,98.401726,106.41755,50.48982,57.096333,33.518234,38.64881,21.61321,24.667536,48.120197,52.121,23.430542,26.889847,15.052713,17.259203,26.245245,31.756285,32.110306,35.25174,78.02696,83.54343,59.697254,63.701984
yDKNHjVVLnOxD_oBdXqQW1d9SwZDDiKn-VdTJGev_T0,19386eeb0b174cd7dff1203add3dbadf,170.05,0,68.8,99.95495,98.925995,1.0289536,85.41655,87.80366,2.3871078,104.382324,102.360504,2.02182,51.066322,53.44628,2.379959,34.3253,36.010067,1.6847687,22.193794,23.011713,0.8179188,48.273098,49.009457,0.73635864,23.702406,24.947906,1.2455006,14.985678,15.801614,0.8159361,29.663883,28.831663,0.8322201,33.06155,33.819126,0.757576,79.65187,78.81799,0.83387756,63.58669,62.376194,1.210495,93.21642,104.63557,81.54533,94.06199,98.35259,106.368416,50.143024,56.74954,33.44478,38.575356,21.48455,24.538876,47.009056,51.009857,23.218254,26.677559,14.698369,16.904858,26.076143,31.587183,32.24841,35.389843,76.05976,81.576225,60.37383,64.378555
98ybaqAtTEscPfdBt_pbzyB7uRzO8UymbWubJOh3cd8,53ccb3ee31382f0a1a51d73d8f3f6afe,169.5,0,68.3,94.26928,96.441765,2.1724854,83.76413,83.16035,0.60378265,103.4725,101.480644,1.9918594,54.36176,54.042255,0.31950378,35.557858,35.999245,0.44138718,23.387436,23.108208,0.2792282,50.334385,49.973404,0.360981,25.213486,25.28662,0.07313347,16.163635,16.209936,0.046300888,29.513802,29.176828,0.3369732,33.811264,33.654205,0.15705872,79.99442,80.26313,0.26870728,60.957973,61.235546,0.27757263,90.73219,102.15134,76.902016,89.41868,97.47273,105.488556,50.739,57.345512,33.433956,38.564533,21.581045,24.63537,47.973003,51.973804,23.556967,27.016272,15.106691,17.31318,26.421309,31.932348,32.08349,35.224922,77.5049,83.02136,59.23318,63.23791
Xh60cQvKbDrqtBGVd8w99ZGaHI-9LOZnuYADjpDVlaA,7752b29122bbba6164975013889e475e,176.2,1,77.55,102.035774,104.315994,2.28022,84.591736,89.87814,5.2864075,97.2275,100.31119,3.0836868,53.053665,53.72545,0.67178345,38.81139,37.57871,1.2326813,24.018824,24.883251,0.86442757,51.817917,51.840176,0.022258759,28.394312,28.402643,0.008331299,17.973724,17.375782,0.59794235,29.911585,32.19777,2.2861843,37.55562,37.91665,0.36103058,80.867584,81.350044,0.48246002,68.38042,67.19403,1.1863861,98.60642,110.025566,83.61981,96.136475,96.303276,104.3191,50.42219,57.028706,35.01342,40.143997,23.356089,26.410414,49.839775,53.840576,26.67299,30.132296,16.272537,18.479027,29.44225,34.95329,36.345932,39.487366,78.59181,84.10828,65.191666,69.196396
Xh60cQvKbDrqtBGVd8w99ZGaHI-9LOZnuYADjpDVlaA,87e7f019d7157cf02ab6a6ff4c8bc500,176.2,1,77.55,102.035774,102.30001,0.26423645,84.591736,89.466194,4.8744583,97.2275,101.12932,3.9018173,53.053665,54.180443,1.1267776,38.81139,38.562416,0.24897385,24.018824,25.220064,1.2012405,51.817917,51.08474,0.7331772,28.394312,27.693441,0.7008705,17.973724,17.14298,0.8307438,29.911585,31.235882,1.324297,37.55562,37.51441,0.041210175,80.867584,79.991714,0.87586975,68.38042,67.9451,0.435318,96.59044,108.00958,83.20786,95.724525,97.12141,105.13723,50.877186,57.4837,35.997128,41.127705,23.692902,26.747227,49.08434,53.08514,25.963789,29.423094,16.039736,18.246225,28.480362,33.9914,35.94369,39.085125,77.23348,82.74995,65.94273,69.947464
Xh60cQvKbDrqtBGVd8w99ZGaHI-9LOZnuYADjpDVlaA,6c498688091cf6ba6b29cb10620aabd6,176.2,1,77.55,102.035774,102.29246,0.25668335,84.591736,90.32475,5.733017,97.2275,101.986145,4.758644,53.053665,54.02077,0.96710587,38.81139,38.03741,0.7739792,24.018824,24.954473,0.9356499,51.817917,51.36066,0.45725632,28.394312,27.463577,0.93073463,17.973724,17.217522,0.7562027,29.911585,30.888231,0.9766464,37.55562,37.177193,0.3784256,80.867584,80.47832,0.38926697,68.38042,67.78878,0.59163666,96.582886,108.00203,84.06642,96.583084,97.97823,105.99406,50.717514,57.324028,35.472122,40.6027,23.42731,26.481636,49.36026,53.36106,25.733925,29.19323,16.114277,18.320766,28.132711,33.643753,35.606476,38.74791,77.720085,83.23655,65.786415,69.791145
Xh60cQvKbDrqtBGVd8w99ZGaHI-9LOZnuYADjpDVlaA,3fdd5b5a7a81bf93073df1d4ac2c224e,176.2,1,77.55,102.035774,102.94109,0.9053192,84.591736,88.07189,3.480156,97.2275,100.370155,3.1426544,53.053665,54.185047,1.131382,38.81139,37.645588,1.165802,24.018824,24.835924,0.8171005,51.817917,51.3245,0.49341583,28.394312,28.2174,0.17691231,17.973724,17.197693,0.7760315,29.911585,32.13411,2.2225246,37.55562,37.656532,0.100914,80.867584,80.50277,0.36481476,68.38042,67.12808,1.2523346,97.23152,108.650665,81.81356,94.33022,96.36224,104.37807,50.88179,57.488304,35.0803,40.210876,23.308762,26.363087,49.3241,53.3249,26.487747,29.947052,16.094448,18.300938,29.37859,34.88963,36.085815,39.22725,77.74454,83.261,65.12572,69.13045
Xh60cQvKbDrqtBGVd8w99ZGaHI-9LOZnuYADjpDVlaA,ac184677f6657bc0688077e336b84803,176.2,1,77.55,102.035774,101.779594,0.2561798,84.591736,88.12586,3.5341263,97.2275,100.537224,3.309723,53.053665,53.800068,0.74640274,38.81139,39.054176,0.24278641,24.018824,25.640045,1.6212215,51.817917,51.278908,0.5390091,28.394312,28.02269,0.3716221,17.973724,17.691204,0.2825203,29.911585,31.24782,1.336235,37.55562,37.68469,0.12907028,80.867584,80.12865,0.7389374,68.38042,68.19668,0.18373871,96.07002,107.48917,81.86753,94.38419,96.52931,104.545135,50.49681,57.103325,36.488888,41.619465,24.112883,27.167208,49.278507,53.27931,26.293037,29.752342,16.58796,18.794449,28.4923,34.00334,36.11397,39.255405,77.370415,82.88688,66.19431,70.19904
Xh60cQvKbDrqtBGVd8w99ZGaHI-9LOZnuYADjpDVlaA,ba2879e69a0cf25e5e494441f08611ca,176.2,1,77.55,102.035774,103.31485,1.2790756,84.591736,89.13581,4.544075,97.2275,100.28662,3.0591202,53.053665,53.238407,0.18474197,38.81139,37.31026,1.5011292,24.018824,24.778027,0.75920296,51.817917,50.960537,0.8573799,28.394312,28.178186,0.21612549,17.973724,17.481167,0.49255753,29.911585,31.681513,1.769928,37.55562,37.758434,0.20281601,80.867584,79.756966,1.1106186,68.38042,67.913345,0.46707153,97.60528,109.02442,82.87748,95.39414,96.27871,104.29453,49.93515,56.541664,34.744972,39.87555,23.250864,26.30519,48.960136,52.960938,26.448534,29.907839,16.377922,18.584412,28.925993,34.437035,36.187717,39.32915,76.99873,82.5152,65.91098,69.91571
Xh60cQvKbDrqtBGVd8w99ZGaHI-9LOZnuYADjpDVlaA,7b5b7800ec03150ffa5b835cc559c9c2,176.2,1,77.55,102.035774,102.64146,0.6056824,84.591736,90.49249,5.900757,97.2275,100.92417,3.6966705,53.053665,53.048523,0.005142212,38.81139,38.299526,0.5118637,24.018824,25.258661,1.2398376,51.817917,51.16099,0.6569252,28.394312,27.613665,0.7806473,17.973724,17.519356,0.4543686,29.911585,30.727833,0.81624794,37.55562,37.442,0.11361694,80.867584,80.078514,0.7890701,68.38042,68.118515,0.26190186,96.931885,108.35103,84.23416,96.750824,96.91626,104.93208,49.745266,56.35178,35.734238,40.864815,23.731499,26.785824,49.16059,53.161392,25.884012,29.343317,16.416111,18.6226,27.972313,33.483353,35.871284,39.01272,77.32028,82.83675,66.11615,70.12088
59bc276e681516389ccf4844,052b7e059ec26b5329054dbf4cd3ec55,165.0,0,65.1,92.05766,93.358955,1.3012924,79.854256,81.95004,2.095787,101.00207,100.14167,0.86039734,52.812218,53.631172,0.81895447,39.037395,37.854935,1.1824608,24.17349,23.595278,0.57821274,50.93985,48.036274,2.903576,24.336174,24.72345,0.3872757,14.73667,16.014221,1.2775517,27.328053,28.120443,0.7923908,33.702606,33.27744,0.42516708,79.29649,76.47667,2.8198242,59.798065,60.89848,1.1004143,87.64938,99.06853,75.69171,88.208374,96.13376,104.14958,50.327915,56.93443,35.289646,40.420223,22.068115,25.12244,46.035873,50.036674,22.993797,26.453102,14.910976,17.117466,25.364923,30.875963,31.706722,34.848156,73.71844,79.2349,58.896114,62.900845
O4seCrLSEagQp6BGJTsPYovKuLedF1KiXDYJjsxHV0w,e1baeeec27a69955e28ae05b7d347953,162.2,0,47.9,84.4954,82.22488,2.270523,69.135315,68.446976,0.68833923,86.91593,87.71989,0.8039551,44.69365,45.397137,0.7034874,31.804392,32.09224,0.28784752,22.060488,21.236212,0.824276,44.520947,46.32495,1.8040047,22.134102,21.808222,0.32588005,14.269537,14.3343,0.06476307,23.664371,23.837214,0.17284203,30.48405,31.437843,0.9537926,74.02907,73.561935,0.46713257,57.52296,57.9919,0.46894073,76.515305,87.93445,62.188644,74.70531,83.711975,91.7278,42.09388,48.700394,29.52695,34.657528,19.70905,22.763374,44.32455,48.32535,20.07857,23.537874,13.231055,15.437545,21.081694,26.592733,29.867126,33.00856,70.8037,76.32017,55.989536,59.994267
aKCbIlgkgwR0Tv0hD5Y3Reox0bJEgCiqJMVSaIrRKRQ,93d7480755deaa8afcea22b2f17f2e07,156.4,0,59.3,91.93452,92.92618,0.9916611,78.691956,79.293915,0.6019592,99.82359,96.76597,3.0576248,51.294632,51.775955,0.48132324,36.74583,36.254402,0.49142838,22.934196,22.47318,0.4610157,44.489304,44.969727,0.48042297,22.996927,24.439499,1.4425716,15.003086,15.748004,0.74491787,26.866117,28.06474,1.1986217,31.867128,32.55608,0.6889515,72.772766,71.128914,1.6438522,57.32302,57.71834,0.3953209,87.216606,98.63575,73.03558,85.552246,92.75806,100.77388,48.4727,55.079212,33.689114,38.81969,20.946018,24.000343,42.969326,46.970127,22.709846,26.169151,14.644759,16.85125,25.30922,30.82026,30.985363,34.126797,68.37068,73.887146,55.715977,59.720707
9tplm5gImUViNEcYr2L4gMd5m3cwH61-cy8uJ4SItP0,4ab5322d658424fbe5da464f5af7804a,173.0,1,74.8,101.54571,102.29843,0.7527237,91.79136,91.52207,0.2692871,99.89638,100.711655,0.8152771,50.784653,53.148464,2.3638115,40.16326,38.325043,1.8382187,25.060173,24.858898,0.20127487,50.248943,50.099766,0.14917755,25.877367,26.913929,1.036562,16.597244,16.707756,0.11051178,31.430088,30.30906,1.1210289,36.969566,37.02166,0.052093506,75.263336,78.36183,3.0984955,68.55289,67.10488,1.4480057,96.58886,108.008,85.26374,97.7804,96.70374,104.71957,49.845207,56.45172,35.759754,40.89033,23.331736,26.38606,48.099365,52.100166,25.184277,28.643581,15.604511,17.811,27.55354,33.06458,35.450943,38.592377,75.6036,81.12006,65.102516,69.10725
9tplm5gImUViNEcYr2L4gMd5m3cwH61-cy8uJ4SItP0,583b7ab4db60b40f2bbc325bb1e35fca,173.0,1,74.8,101.54571,102.85679,1.3110809,91.79136,93.43975,1.6483917,99.89638,100.73254,0.83615875,50.784653,51.899883,1.1152306,40.16326,37.94888,2.2143822,25.060173,24.83868,0.22149277,50.248943,50.65396,0.40501785,25.877367,26.598816,0.7214489,16.597244,16.9726,0.37535667,31.430088,29.518015,1.9120731,36.969566,36.841988,0.12757874,75.263336,79.296036,4.0326996,68.55289,67.01084,1.5420456,97.14722,108.56636,87.18142,99.69808,96.724625,104.74045,48.596626,55.20314,35.38359,40.514168,23.311518,26.365843,48.65356,52.65436,24.869164,28.328468,15.869356,18.075846,26.762495,32.273537,35.27127,38.412704,76.5378,82.05427,65.00848,69.01321
KNq9LWzRIJfcCQtM9-zFyifnJQUjTpBQI_cl49HX-Ds,a2ea49685cb768cfc03889f49d957813,167.5,1,70.6,102.133835,101.25707,0.8767624,88.291664,87.08893,1.2027359,100.271736,98.660194,1.6115417,55.446663,52.434227,3.012436,36.139534,35.386093,0.75344086,24.266386,23.36415,0.90223694,49.49951,49.26749,0.23202133,26.803143,27.137033,0.33389091,17.756685,16.517096,1.2395897,30.979357,31.068026,0.08866882,35.39555,36.540977,1.1454277,78.09519,76.86546,1.2297287,64.70921,64.32165,0.3875656,95.5475,106.966644,80.8306,93.34726,94.65228,102.668106,49.13097,55.737484,32.820805,37.95138,21.836987,24.891312,47.26709,51.26789,25.407381,28.866686,15.413851,17.62034,28.312506,33.823547,34.97026,38.111694,74.10723,79.623695,62.319283,66.32401
KNq9LWzRIJfcCQtM9-zFyifnJQUjTpBQI_cl49HX-Ds,f387a4a12bc5cef559cbafaa119b08c6,167.5,1,70.6,102.133835,100.749825,1.3840103,88.291664,86.96135,1.3303146,100.271736,98.89605,1.3756866,55.446663,52.81666,2.630001,36.139534,36.00079,0.13874435,24.266386,23.586086,0.68029976,49.49951,49.091995,0.40751648,26.803143,27.18571,0.38256836,17.756685,16.594297,1.1623878,30.979357,31.120993,0.1416359,35.39555,36.45751,1.0619621,78.09519,76.72608,1.3691101,64.70921,64.313705,0.3955078,95.04025,106.4594,80.70302,93.21968,94.88814,102.90396,49.513405,56.11992,33.4355,38.56608,22.058924,25.113249,47.091595,51.092396,25.456059,28.915363,15.491053,17.697542,28.365473,33.87651,34.886795,38.02823,73.96785,79.484314,62.31134,66.31607
KNq9LWzRIJfcCQtM9-zFyifnJQUjTpBQI_cl49HX-Ds,49245e48972224fee1ce7f9f891ea8d2,167.5,1,70.6,102.133835,100.73578,1.398056,88.291664,87.728424,0.56324005,100.271736,99.09997,1.1717682,55.446663,52.72472,2.721943,36.139534,36.28842,0.14888763,24.266386,23.701881,0.5645046,49.49951,49.269848,0.22966385,26.803143,26.927113,0.12397003,17.756685,16.546288,1.2103977,30.979357,30.716766,0.2625904,35.39555,36.375385,0.9798355,78.09519,76.94493,1.1502609,64.70921,64.33569,0.3735199,95.02621,106.44535,81.47009,93.986755,95.09206,103.10788,49.421463,56.027977,33.723133,38.85371,22.174719,25.229044,47.269447,51.27025,25.19746,28.656765,15.443043,17.649532,27.961246,33.472286,34.80467,37.946102,74.1867,79.70316,62.33333,66.33806
KNq9LWzRIJfcCQtM9-zFyifnJQUjTpBQI_cl49HX-Ds,ac16581b90636f1a3d441093a5c38f24,167.5,1,70.6,102.133835,101.216324,0.917511,88.291664,89.7843,1.4926376,100.271736,100.55196,0.28022766,55.446663,52.644768,2.8018951,36.139534,35.46496,0.6745758,24.266386,23.415154,0.8512325,49.49951,49.683235,0.18372345,26.803143,26.532074,0.27106857,17.756685,16.512321,1.2443638,30.979357,30.317514,0.66184235,35.39555,36.050407,0.65485764,78.09519,77.75553,0.33966064,64.70921,64.31554,0.39367676,95.50675,106.925896,83.52597,96.04263,96.54405,104.559875,49.34151,55.948025,32.89967,38.030247,21.88799,24.942316,47.682835,51.683636,24.802422,28.261726,15.409077,17.615566,27.561995,33.073036,34.47969,37.621124,74.9973,80.51376,62.31317,66.3179
KNq9LWzRIJfcCQtM9-zFyifnJQUjTpBQI_cl49HX-Ds,29680d6932a1d665b4dc5074b4e292d6,167.5,1,70.6,102.133835,101.97376,0.16007233,88.291664,88.84632,0.554657,100.271736,97.83224,2.439499,55.446663,51.268265,4.178398,36.139534,36.24976,0.11022568,24.266386,23.802511,0.46387482,49.49951,49.138374,0.3611374,26.803143,27.18571,0.38256836,17.756685,16.953323,0.8033619,30.979357,30.555935,0.42342186,35.39555,36.654274,1.2587242,78.09519,76.652725,1.4424667,64.70921,64.40805,0.30116272,96.26419,107.683334,82.58799,95.10465,93.824326,101.84015,47.965008,54.57152,33.68447,38.81505,22.275349,25.329674,47.137974,51.138775,25.456059,28.915363,15.850079,18.056568,27.800415,33.311455,35.083557,38.22499,73.89449,79.41096,62.405685,66.410416
KNq9LWzRIJfcCQtM9-zFyifnJQUjTpBQI_cl49HX-Ds,443b2ef7ca63a9e0bc3eec6bbe1a420e,167.5,1,70.6,102.133835,102.47495,0.34111786,88.291664,88.44807,0.15640259,100.271736,97.93788,2.3338547,55.446663,51.75464,3.6920242,36.139534,36.91665,0.77711487,24.266386,24.0928,0.17358589,49.49951,49.211678,0.28783417,26.803143,27.605553,0.8024101,17.756685,17.252405,0.5042801,30.979357,31.088665,0.10930824,35.39555,36.72601,1.3304596,78.09519,76.94004,1.1551514,64.70921,64.14884,0.5603714,96.76538,108.184525,82.189735,94.7064,93.92997,101.94579,48.45138,55.057896,34.35136,39.481937,22.565638,25.619963,47.211277,51.21208,25.8759,29.335205,16.14916,18.35565,28.333145,33.844185,35.155293,38.296726,74.18181,79.69827,62.146477,66.15121
KNq9LWzRIJfcCQtM9-zFyifnJQUjTpBQI_cl49HX-Ds,efc16ea1bd540bbd6e1a7abc980d5b59,167.5,1,70.6,102.133835,102.035416,0.09841919,88.291664,89.72052,1.4288559,100.271736,98.65528,1.6164551,55.446663,51.47614,3.9705238,36.139534,35.367535,0.77199936,24.266386,23.475807,0.79057884,49.49951,49.66083,0.16131973,26.803143,26.848518,0.045375824,17.756685,16.684147,1.0725384,30.979357,30.364017,0.6153393,35.39555,36.585224,1.1896744,78.09519,77.38141,0.71378326,64.70921,64.50667,0.20254517,96.32584,107.74499,83.46219,95.97885,94.64737,102.66319,48.172882,54.779396,32.802246,37.932823,21.948645,25.00297,47.66043,51.661232,25.118866,28.57817,15.580902,17.787392,27.608498,33.119537,35.014507,38.15594,74.62318,80.13964,62.504303,66.50903
KNq9LWzRIJfcCQtM9-zFyifnJQUjTpBQI_cl49HX-Ds,3671088a5166260c9d5c083a66235225,167.5,1,70.6,102.133835,103.01767,0.88383484,88.291664,88.709755,0.41809082,100.271736,98.18603,2.0857086,55.446663,51.3722,4.074463,36.139534,35.061344,1.0781898,24.266386,23.512568,0.7538185,49.49951,50.23694,0.73742676,26.803143,27.586622,0.7834797,17.756685,17.267092,0.4895935,30.979357,31.22892,0.24956322,35.39555,36.72735,1.3317986,78.09519,78.53129,0.4360962,64.70921,63.706135,1.0030785,97.3081,108.72724,82.45142,94.96809,94.178116,102.19394,48.068943,54.675457,32.496056,37.626633,21.985405,25.03973,48.236538,52.23734,25.85697,29.316275,16.163847,18.370337,28.4734,33.98444,35.15663,38.298065,75.773056,81.28952,61.70377,65.708496
KNq9LWzRIJfcCQtM9-zFyifnJQUjTpBQI_cl49HX-Ds,ef0f9f1fabdfc7d4c969a4f4c008e3bb,167.5,1,70.6,102.133835,101.27323,0.86060333,88.291664,87.64011,0.6515579,100.271736,98.0853,2.1864395,55.446663,51.86124,3.5854225,36.139534,37.225548,1.0860138,24.266386,24.324387,0.058000565,49.49951,49.10772,0.3917923,26.803143,27.646116,0.8429737,17.756685,17.424986,0.33169937,30.979357,30.971289,0.008068085,35.39555,36.823887,1.4283371,78.09519,76.441216,1.6539764,64.70921,64.88453,0.17531586,95.56366,106.9828,81.381775,93.89844,94.077385,102.09321,48.557983,55.164497,34.66026,39.790836,22.797224,25.85155,47.10732,51.10812,25.916464,29.375769,16.321741,18.52823,28.215769,33.726807,35.25317,38.394604,73.68298,79.19945,62.882164,66.886894
KNq9LWzRIJfcCQtM9-zFyifnJQUjTpBQI_cl49HX-Ds,8bd6a1ea9ea213e2c0f75b1855085fe9,167.5,1,70.6,102.133835,100.16952,1.9643173,88.291664,87.18215,1.1095123,100.271736,99.50535,0.76638794,55.446663,52.74604,2.7006226,36.139534,36.787525,0.6479912,24.266386,24.016981,0.2494049,49.49951,49.2783,0.22121048,26.803143,27.096807,0.29366493,17.756685,17.008953,0.74773216,30.979357,30.680708,0.29864883,35.39555,36.28421,0.88866043,78.09519,76.94982,1.1453705,64.70921,64.451096,0.25811768,94.459946,105.87909,80.92382,93.44048,95.49744,103.51326,49.442783,56.049297,34.222237,39.352814,22.489819,25.544144,47.2779,51.2787,25.367155,28.82646,15.905708,18.112198,27.925188,33.436226,34.713493,37.854927,74.19159,79.70805,62.44873,66.45346
KNq9LWzRIJfcCQtM9-zFyifnJQUjTpBQI_cl49HX-Ds,ab798c74408f489aef68491c911cc376,167.5,1,70.6,102.133835,102.07871,0.055122375,88.291664,86.16648,2.125183,100.271736,97.91086,2.360878,55.446663,52.47154,2.9751244,36.139534,36.139965,0.0004310608,24.266386,23.869827,0.39655876,49.49951,49.624943,0.12543106,26.803143,28.071367,1.2682247,17.756685,17.265623,0.49106216,30.979357,31.961027,0.9816704,35.39555,36.996853,1.6013031,78.09519,77.52201,0.57318115,64.70921,64.07984,0.62937164,96.36914,107.788284,79.90815,92.42481,93.90295,101.91877,49.16828,55.774796,33.574677,38.705254,22.342665,25.39699,47.624542,51.625343,26.341715,29.80102,16.162378,18.368868,29.205507,34.716545,35.426136,38.56757,74.76378,80.28024,62.077477,66.08221
KNq9LWzRIJfcCQtM9-zFyifnJQUjTpBQI_cl49HX-Ds,be8eed2ebd04cea5392552244810fbd7,167.5,1,70.6,102.133835,102.027336,0.10649872,88.291664,87.82165,0.47001648,100.271736,97.94771,2.324028,55.446663,51.838585,3.608078,36.139534,36.625538,0.48600388,24.266386,24.002163,0.2642231,49.49951,49.275154,0.2243576,26.803143,27.69547,0.89232826,17.756685,17.260117,0.49656868,30.979357,31.180676,0.20131874,35.39555,36.80914,1.4135895,78.09519,76.91804,1.1771545,64.70921,64.39858,0.3106308,96.317764,107.73691,81.56332,94.07998,93.9398,101.95562,48.535328,55.14184,34.06025,39.190826,22.475,25.529325,47.274754,51.275555,25.965818,29.425123,16.156872,18.363361,28.425156,33.936195,35.238422,38.379856,74.159805,79.67627,62.396217,66.40095
p2B4yI1jryEWWbCCxGaBlXZf-6KhftowvESTZC8Sk-c,aa4fe55cb3643f3eed3071a9acff0218,180.85,1,66.0,93.11052,96.24224,3.1317215,78.32154,80.6874,2.36586,93.806114,95.626,1.8198853,47.120407,49.29612,2.1757126,33.11642,33.796383,0.67996216,24.60667,24.05535,0.551321,53.91803,54.15129,0.23326111,26.296917,25.851818,0.44509888,17.84177,16.684147,1.1576233,30.294043,28.446709,1.8473339,36.965176,36.37874,0.5864372,85.4514,85.63901,0.18760681,67.82501,66.86551,0.9595032,90.53267,101.95181,74.42907,86.94573,91.61809,99.63391,45.992863,52.599377,31.231094,36.36167,22.528187,25.582512,52.15089,56.15169,24.122166,27.58147,15.580902,17.787392,25.691189,31.202229,34.80802,37.949455,82.880775,88.39724,64.863144,68.867874
p2B4yI1jryEWWbCCxGaBlXZf-6KhftowvESTZC8Sk-c,31081d78bfcc3d198d11c15c0c75036d,180.85,1,66.0,93.11052,96.230995,3.1204758,78.32154,80.255615,1.9340744,93.806114,93.788284,0.017829895,47.120407,48.461956,1.3415489,33.11642,34.170612,1.0541916,24.60667,24.216953,0.3897171,53.91803,53.80541,0.11262131,26.296917,25.562458,0.7344589,17.84177,16.235271,1.6064987,30.294043,28.198032,2.0960102,36.965176,36.40589,0.5592842,85.4514,85.145065,0.30633545,67.82501,66.48692,1.338089,90.52142,101.94057,73.997284,86.51395,89.78037,97.796196,45.1587,51.765213,31.605324,36.7359,22.68979,25.744116,51.805008,55.80581,23.832806,27.29211,15.132027,17.338516,25.442513,30.953552,34.835175,37.97661,82.38683,87.9033,64.48456,68.48929
SZmnW-xc6SrqiqDHJsWld1yYThhr489nBwJCqzYIh-A,4719e4fee453995d3aaf82e2cdd3e6c1,189.0,1,86.5,106.300995,105.53844,0.762558,90.54426,91.48037,0.93611145,105.10755,104.42026,0.687294,55.11913,55.62963,0.51050186,37.641014,38.720924,1.0799103,25.490822,26.198795,0.7079735,54.108376,55.104034,0.9956589,28.136578,28.50135,0.3647728,17.848944,17.716908,0.13203621,30.407745,31.915272,1.5075264,38.466766,38.526722,0.059955597,87.42992,87.59521,0.16529083,69.39773,71.39147,1.9937439,99.828865,111.24801,85.22204,97.7387,100.412346,108.42817,52.326374,58.932888,36.155636,41.286213,24.671633,27.725958,53.103634,57.104435,26.771698,30.231003,16.613663,18.820152,29.159752,34.67079,36.956005,40.09744,84.836975,90.35344,69.38911,73.39384
SZmnW-xc6SrqiqDHJsWld1yYThhr489nBwJCqzYIh-A,caf05da1fe153fe53cb77300de2ad395,189.0,1,86.5,106.300995,106.74121,0.44021606,90.54426,94.67786,4.1335983,105.10755,104.58855,0.5190048,55.11913,54.393044,0.72608566,37.641014,38.114346,0.47333145,25.490822,25.888176,0.39735413,54.108376,55.40275,1.2943726,28.136578,28.0281,0.108478546,17.848944,17.664032,0.18491173,30.407745,31.199078,0.79133224,38.466766,38.284035,0.18273163,87.42992,88.138054,0.7081375,69.39773,70.96648,1.5687485,101.03164,112.45078,88.419525,100.93619,100.580635,108.59646,51.089787,57.6963,35.549057,40.679634,24.361013,27.415339,53.402348,57.40315,26.298447,29.757751,16.560787,18.767277,28.443558,33.954597,36.713318,39.85475,85.37982,90.896286,68.96411,72.96884
CpFafJDl0f2NkI4XPdcEpqtEtAyQlfh06eeNnLelmTw,68d76ef0dad9a06ce32f7b0067c19909,175.5,1,76.4,100.18814,101.50507,1.3169327,85.797226,86.63751,0.84028625,102.11438,100.733765,1.3806152,54.177452,54.621243,0.44379044,36.55067,37.60577,1.0550995,25.443865,24.659246,0.7846184,50.62341,50.51561,0.10779953,27.995512,28.049732,0.0542202,17.372334,17.09598,0.27635384,31.21282,32.074425,0.8616047,37.322655,37.183228,0.13942719,80.7744,79.414635,1.3597641,67.22563,66.762924,0.46270752,95.7955,107.214645,80.37918,92.89584,96.72585,104.74168,51.317986,57.9245,35.04048,40.17106,23.132084,26.186409,48.51521,52.51601,26.32008,29.779385,15.992735,18.199224,29.318905,34.829945,35.61251,38.753944,76.6564,82.17287,64.76056,68.76529
CpFafJDl0f2NkI4XPdcEpqtEtAyQlfh06eeNnLelmTw,ccfa3d42949a5dff16ce6f6314e87e4b,175.5,1,76.4,100.18814,101.679306,1.4911652,85.797226,85.05103,0.74619293,102.11438,99.4169,2.6974792,54.177452,54.24751,0.070056915,36.55067,37.073997,0.5233269,25.443865,24.629839,0.8140259,50.62341,50.944817,0.32140732,27.995512,28.359375,0.363863,17.372334,17.0868,0.2855339,31.21282,32.54194,1.3291187,37.322655,37.690052,0.3673973,80.7744,79.78998,0.9844208,67.22563,66.78735,0.4382782,95.969734,107.38888,78.7927,91.309364,95.40899,103.42481,50.944252,57.550766,34.50871,39.639286,23.102676,26.157001,48.944416,52.945217,26.629723,30.089027,15.983555,18.190044,29.786419,35.29746,36.119335,39.26077,77.031746,82.54821,64.78499,68.78972
alvViEXcpt6DTJMCIgxAwfPXlieyPGTGoJs62yCtXlc,8a45e33094d25a7d291629bb2a85065c,159.6,0,60.9,94.7642,93.994064,0.770134,82.878105,81.95658,0.92152405,97.48371,97.876465,0.3927536,52.143593,51.62938,0.51421356,34.748077,34.609795,0.13828278,22.37125,21.866644,0.50460625,44.735764,46.22433,1.4885674,24.132048,23.920275,0.21177292,15.424057,15.039316,0.38474083,30.305525,27.676802,2.6287231,31.237926,32.663345,1.4254189,74.16419,73.57905,0.58514404,58.34464,58.680687,0.33604813,88.28449,99.703636,75.69825,88.21491,93.86855,101.88438,48.326122,54.932636,32.044506,37.175083,20.339481,23.393806,44.22393,48.22473,22.190622,25.649927,13.936071,16.142561,24.921282,30.432322,31.092628,34.234062,70.820816,76.33728,56.67832,60.683052
j3scOr7Agpc6mqX7390w1Nn1DSd35AU-mcbecE0rfZU,c64c849df4922bb53abd5a06ccfd2d04,178.0,1,78.2,105.54238,103.66262,1.8797607,94.588036,93.47246,1.1155777,103.27698,102.39705,0.8799286,50.452026,52.918602,2.4665756,33.363796,36.516518,3.1527214,23.65226,24.497044,0.8447838,52.578102,52.629414,0.051311493,26.529127,26.836687,0.30755997,16.6803,16.856293,0.17599297,30.478514,30.135483,0.34303093,36.5219,37.13831,0.6164093,80.910126,82.80008,1.8899536,68.72502,67.78878,0.93624115,97.95305,109.37219,87.21413,99.73079,98.38914,106.40496,49.615345,56.22186,33.95123,39.081806,22.969881,26.024206,50.629013,54.629814,25.107035,28.56634,15.753048,17.959538,27.379963,32.891003,35.567593,38.709026,80.04185,85.55831,65.786415,69.791145
j3scOr7Agpc6mqX7390w1Nn1DSd35AU-mcbecE0rfZU,b91682e66e70a73204f853bd81b22e83,178.0,1,78.2,105.54238,103.72866,1.8137207,94.588036,93.16498,1.4230576,103.27698,102.804886,0.47209167,50.452026,53.19177,2.7397423,33.363796,35.763416,2.39962,23.65226,24.184843,0.53258324,52.578102,52.874676,0.29657364,26.529127,26.910887,0.38175964,16.6803,16.826824,0.14652443,30.478514,30.47443,0.0040836334,36.5219,37.051155,0.5292549,80.910126,83.31847,2.4083405,68.72502,67.44439,1.280632,98.01909,109.43823,86.90665,99.42331,98.796974,106.8128,49.88851,56.495026,33.198128,38.328705,22.65768,25.712006,50.874275,54.875076,25.181234,28.64054,15.723579,17.930069,27.71891,33.22995,35.48044,38.621872,80.560234,86.0767,65.442024,69.446754
j3scOr7Agpc6mqX7390w1Nn1DSd35AU-mcbecE0rfZU,f69319971d28a7676c1f3b9e3f061694,178.0,1,78.2,105.54238,103.72866,1.8137207,94.588036,93.16498,1.4230576,103.27698,102.804886,0.47209167,50.452026,53.19177,2.7397423,33.363796,35.763416,2.39962,23.65226,24.184843,0.53258324,52.578102,52.874676,0.29657364,26.529127,26.910887,0.38175964,16.6803,16.826824,0.14652443,30.478514,30.47443,0.0040836334,36.5219,37.051155,0.5292549,80.910126,83.31847,2.4083405,68.72502,67.44439,1.280632,98.01909,109.43823,86.90665,99.42331,98.796974,106.8128,49.88851,56.495026,33.198128,38.328705,22.65768,25.712006,50.874275,54.875076,25.181234,28.64054,15.723579,17.930069,27.71891,33.22995,35.48044,38.621872,80.560234,86.0767,65.442024,69.446754
UVMzcuNGL27V5zxla6MePU3qTsKddVZxCu0I4JlEq6Y,7afe9815d88c1cc7a0971a79f80fef0c,182.0,1,67.1,97.33743,94.29757,3.0398636,79.41824,80.2687,0.85045624,96.074135,95.3754,0.6987381,44.919823,48.73912,3.8192978,33.245716,35.336605,2.090889,25.606062,24.897038,0.7090244,53.474297,53.387207,0.08708954,25.515955,25.15749,0.3584652,16.90972,16.529396,0.3803234,27.184679,27.23515,0.050470352,37.682373,36.354267,1.3281059,80.4544,84.09361,3.6392136,71.78386,68.69006,3.0937958,88.588,100.00714,74.01037,86.52703,91.367485,99.38331,45.435863,52.042377,32.771317,37.901894,23.369875,26.4242,51.386806,55.387608,23.427837,26.887142,15.426151,17.63264,24.47963,29.99067,34.78355,37.924984,81.33538,86.851845,66.6877,70.69243
UVMzcuNGL27V5zxla6MePU3qTsKddVZxCu0I4JlEq6Y,c048d831e6e25c27ad281470f0ee06e8,182.0,1,67.1,97.33743,95.11815,2.219284,79.41824,82.19865,2.7804031,96.074135,96.64804,0.57390594,44.919823,48.962986,4.0431633,33.245716,34.246387,1.0006714,25.606062,24.31267,1.2933922,53.474297,53.667057,0.19276047,25.515955,25.030388,0.4855671,16.90972,16.420889,0.48883057,27.184679,27.219234,0.034555435,37.682373,36.20812,1.4742546,80.4544,84.61201,4.157608,71.78386,68.35788,3.4259796,89.40858,100.82772,75.940315,88.45698,92.64013,100.65595,45.65973,52.266243,31.681099,36.811676,22.785507,25.839832,51.666656,55.667458,23.300735,26.76004,15.317644,17.524134,24.463715,29.974754,34.6374,37.778835,81.853775,87.37024,66.355515,70.360245
rhUrMSeO7Nb-lPQHSDizeYFdm1ZkYzFozoaL92zkAZ0,2682c8fa5f392434a7a135c0d54c70f4,165.0,0,50.6,81.40649,86.56385,5.157364,74.03399,74.33494,0.3009491,90.703735,91.15946,0.45572662,44.899006,46.585754,1.6867485,31.436182,31.65615,0.2199688,20.923447,21.408983,0.48553658,46.504696,48.62427,2.1195755,22.14433,22.130032,0.014297485,15.124787,14.694152,0.43063545,23.472345,24.449955,0.97760963,32.484856,31.807907,0.67694855,75.203224,77.78824,2.5850143,58.866817,58.431553,0.4352646,80.85428,92.27342,68.07661,80.59327,87.15155,95.16737,43.282497,49.88901,29.090862,34.22144,19.88182,22.936146,46.62387,50.624672,20.40038,23.859684,13.590907,15.797397,21.694435,27.205475,30.23719,33.378624,75.03001,80.54647,56.429188,60.433918
Kt0GsE-I7kELdwI9W4UddWf2678GShfelphWFdlEfgs,a3d287681f14e7b2a2adeed744874e26,155.5,1,61.1,96.96344,94.58421,2.3792267,79.24449,77.39014,1.8543549,93.32987,92.8596,0.47027588,51.58092,50.511387,1.0695343,36.28622,36.84165,0.55542755,23.344572,23.533245,0.18867302,43.814377,44.601833,0.7874565,28.21801,26.401634,1.8163757,16.689552,16.434843,0.25470924,32.485924,29.907942,2.577982,37.796154,35.464302,2.331852,66.74215,68.6152,1.8730469,62.433563,61.743584,0.68997955,88.87464,100.293785,71.131805,83.64847,88.851685,96.86751,47.20813,53.814644,34.27636,39.406937,22.006083,25.060408,42.601433,46.602234,24.671982,28.131287,15.331598,17.538088,27.152422,32.66346,33.893585,37.03502,65.856964,71.37343,59.74122,63.74595
Kt0GsE-I7kELdwI9W4UddWf2678GShfelphWFdlEfgs,5e5e5e5243c2d37e6bbc74b6bc6846b8,155.5,1,61.1,96.96344,97.77943,0.81598663,79.24449,80.419174,1.1746826,93.32987,92.84977,0.48010254,51.58092,49.32277,2.258152,36.28622,34.43814,1.8480797,23.344572,22.654224,0.6903477,43.814377,45.762108,1.947731,28.21801,26.749727,1.4682827,16.689552,16.570797,0.11875534,32.485924,30.233213,2.2527103,37.796154,35.573246,2.222908,66.74215,70.79636,4.054207,62.433563,60.64446,1.7891045,92.069855,103.489,74.16084,86.677505,88.84186,96.85768,46.019512,52.626026,31.872852,37.00343,21.127062,24.181387,43.761707,47.76251,25.020075,28.47938,15.467552,17.674042,27.477694,32.98873,34.00253,37.143963,68.038124,73.55459,58.642094,62.646824
Kt0GsE-I7kELdwI9W4UddWf2678GShfelphWFdlEfgs,3a446cc9bfd9ffaa7340a717e88a564a,155.5,1,61.1,96.96344,96.18041,0.78302765,79.24449,79.01914,0.22534943,93.32987,93.69001,0.36013794,51.58092,50.623318,0.95760345,36.28622,35.44331,0.84291077,23.344572,22.985064,0.3595085,43.814377,45.887882,2.0735054,28.21801,26.694204,1.5238056,16.689552,16.464952,0.22459984,32.485924,30.331316,2.1546078,37.796154,35.549614,2.24654,66.74215,70.75234,4.010193,62.433563,61.052357,1.3812065,90.47084,101.889984,72.76081,85.27747,89.6821,97.69792,47.32006,53.926575,32.87802,38.0086,21.457901,24.512226,43.88748,47.888283,24.964552,28.423857,15.361708,17.568197,27.575796,33.086838,33.978897,37.12033,67.99411,73.510574,59.04999,63.05472
Kt0GsE-I7kELdwI9W4UddWf2678GShfelphWFdlEfgs,cc65c9f30e334d6940056aaaef889680,155.5,1,61.1,96.96344,95.44414,1.5193024,79.24449,78.81634,0.428154,93.32987,93.50329,0.17341614,51.58092,50.31151,1.269413,36.28622,35.528362,0.7578583,23.344572,23.019066,0.3255062,43.814377,45.277874,1.4634972,28.21801,26.42479,1.7932205,16.689552,16.36783,0.32172203,32.485924,29.934301,2.5516224,37.796154,35.36039,2.4357643,66.74215,69.867165,3.1250153,62.433563,61.213562,1.2200012,89.734566,101.15371,72.55801,85.07467,89.49538,97.5112,47.00825,53.614765,32.963074,38.09365,21.491903,24.546228,43.277473,47.278275,24.695137,28.154442,15.2645855,17.471075,27.178782,32.68982,33.789673,36.931107,67.10893,72.6254,59.211197,63.215927
Kt0GsE-I7kELdwI9W4UddWf2678GShfelphWFdlEfgs,cbaeb048d41474c19408ee00626151a5,155.5,1,61.1,96.96344,93.313995,3.6494446,79.24449,77.815384,1.4291077,93.32987,93.96026,0.63038635,51.58092,50.759235,0.8216858,36.28622,35.432484,0.8537369,23.344572,22.846294,0.49827766,43.814377,45.740097,1.9257202,28.21801,25.851141,2.366869,16.689552,16.170647,0.51890564,32.485924,29.367813,3.1181107,37.796154,34.818703,2.9774513,66.74215,70.571396,3.8292465,62.433563,60.602936,1.8306274,87.60442,99.02357,71.55705,84.073715,89.95235,97.96817,47.45598,54.062492,32.867195,37.997772,21.319132,24.373457,43.739697,47.740498,24.121489,27.580793,15.067402,17.273891,26.612293,32.123333,33.247986,36.38942,67.81316,73.32963,58.60057,62.6053
Kt0GsE-I7kELdwI9W4UddWf2678GShfelphWFdlEfgs,72d35c702d3589df127754d62aebd245,155.5,1,61.1,96.96344,96.64129,0.32215118,79.24449,81.053764,1.8092728,93.32987,93.90621,0.5763397,51.58092,49.909084,1.6718369,36.28622,36.01935,0.2668724,23.344572,23.248816,0.09575653,43.814377,44.947716,1.1333389,28.21801,26.497046,1.7209644,16.689552,16.697474,0.007921219,32.485924,29.824883,2.6610413,37.796154,35.321507,2.4746475,66.74215,69.49549,2.7533417,62.433563,61.194023,1.2395401,90.93172,102.35086,74.79543,87.312096,89.8983,97.91412,46.605827,53.21234,33.45406,38.584637,21.721653,24.775978,42.947315,46.948116,24.767393,28.226698,15.594229,17.800718,27.069363,32.580402,33.75079,36.892223,66.73726,72.25372,59.191658,63.19639
Kt0GsE-I7kELdwI9W4UddWf2678GShfelphWFdlEfgs,0e96f4c58e5dbed2cd4dcb104b35c854,155.5,1,61.1,96.96344,95.06195,1.9014893,79.24449,77.435936,1.8085556,93.32987,92.643394,0.68647766,51.58092,50.492733,1.0881882,36.28622,35.878624,0.4075966,23.344572,23.108208,0.23636436,43.814377,45.13009,1.315712,28.21801,26.683725,1.5342846,16.689552,16.493044,0.19650841,32.485924,30.377943,2.1079807,37.796154,35.35905,2.4371033,66.74215,69.58841,2.84626,62.433563,60.346474,2.0870895,89.35238,100.77152,71.177605,83.69427,88.63548,96.651306,47.189476,53.79599,33.313335,38.443913,21.581045,24.63537,43.12969,47.13049,24.954073,28.413378,15.389799,17.596289,27.622423,33.13346,33.788334,36.929768,66.83018,72.34664,58.34411,62.34884
Kt0GsE-I7kELdwI9W4UddWf2678GShfelphWFdlEfgs,171837efd54a0edae1078f94c5ac413d,155.5,1,61.1,96.96344,95.93311,1.0303268,79.24449,79.84346,0.5989685,93.32987,94.09784,0.7679672,51.58092,50.70327,0.8776512,36.28622,34.925262,1.3609581,23.344572,22.66617,0.67840195,43.814377,46.227474,2.4130974,28.21801,26.151655,2.0663548,16.689552,16.090229,0.5993233,32.485924,29.885561,2.6003628,37.796154,35.25983,2.5363235,66.74215,71.34898,4.6068344,62.433563,60.424633,2.0089302,90.22354,101.642685,73.58513,86.10179,90.08993,98.10575,47.400013,54.006527,32.359974,37.49055,21.139008,24.193333,44.227074,48.227875,24.422003,27.881308,14.986984,17.193474,27.130041,32.641083,33.689114,36.830547,68.59075,74.107216,58.422268,62.427
Kt0GsE-I7kELdwI9W4UddWf2678GShfelphWFdlEfgs,52e9a946b9b721875d9108bb4b4a33b6,155.5,1,61.1,96.96344,97.10779,0.14434814,79.24449,81.85845,2.6139603,93.32987,93.27235,0.057525635,51.58092,49.18685,2.3940697,36.28622,35.22217,1.0640488,23.344572,22.83343,0.51114273,43.814377,45.155243,1.3408661,28.21801,26.190868,2.0271416,16.689552,16.346533,0.3430195,32.485924,29.395664,3.0902596,37.796154,35.31782,2.4783325,66.74215,69.83782,3.0956726,62.433563,61.088993,1.3445702,91.39822,102.81736,75.60012,88.11678,89.264435,97.28026,45.883595,52.49011,32.656883,37.78746,21.306267,24.360592,43.154842,47.155643,24.461216,27.92052,15.243288,17.449778,26.640144,32.151184,33.747105,36.88854,67.07959,72.596054,59.086628,63.09136
Kt0GsE-I7kELdwI9W4UddWf2678GShfelphWFdlEfgs,69523054b40130b968c7696cc602fbbd,155.5,1,61.1,96.96344,96.13545,0.8279877,79.24449,79.80421,0.5597153,93.32987,93.03157,0.2983017,51.58092,49.80781,1.7731094,36.28622,35.392277,0.8939438,23.344572,22.842619,0.5019531,43.814377,45.284164,1.4697876,28.21801,26.300392,1.9176178,16.689552,16.226828,0.4627247,32.485924,29.673687,2.8122368,37.796154,35.391228,2.4049263,66.74215,69.881836,3.1396866,62.433563,61.194023,1.2395401,90.42588,101.845024,73.545876,86.06254,89.02366,97.03948,46.504555,53.11107,32.82699,37.957565,21.315456,24.369781,43.283764,47.284565,24.57074,28.030045,15.123583,17.330072,26.918167,32.429207,33.82051,36.961945,67.123604,72.64007,59.191658,63.19639
Kt0GsE-I7kELdwI9W4UddWf2678GShfelphWFdlEfgs,e26a9a309e26864a660ff0b22c694b45,155.5,1,61.1,96.96344,97.630486,0.6670456,79.24449,80.8117,1.5672073,93.32987,92.80063,0.52924347,51.58092,49.54397,2.036953,36.28622,34.71495,1.57127,23.344572,22.690985,0.65358734,43.814377,45.6835,1.8691216,28.21801,26.566185,1.651825,16.689552,16.233437,0.45611572,32.485924,30.083508,2.4024162,37.796154,35.749393,2.0467606,66.74215,70.54205,3.7999039,62.433563,61.02549,1.4080734,91.92091,103.34006,74.55337,87.07003,88.79272,96.80854,46.24071,52.847225,32.149662,37.28024,21.163822,24.218147,43.683098,47.6839,24.836533,28.295837,15.130192,17.336681,27.327988,32.839027,34.178677,37.32011,67.78382,73.300285,59.023125,63.027855
JzUFURmryZAOZBJnIl8-sVLCj5Rc9ZuYnP0LZz7podg,9b3796880d562f4a22ce32499f9882b2,174.5,1,75.3,102.13223,102.649185,0.5169525,86.468956,91.01015,4.541191,100.33536,101.66614,1.33078,54.007854,53.239075,0.76877975,39.023815,36.636364,2.3874512,25.573088,24.279184,1.2939034,50.135777,51.588627,1.4528503,28.71773,27.180302,1.5374279,18.025545,17.067705,0.95783997,31.340036,30.612446,0.72759056,36.060062,36.84333,0.783268,79.99427,81.09329,1.0990219,67.56769,66.631035,0.93665314,96.93961,108.35876,84.751816,97.26848,97.658226,105.67405,49.935818,56.54233,34.071075,39.201653,22.752022,25.806347,49.588226,53.589027,25.45065,28.909954,15.96446,18.17095,27.856926,33.367966,35.272614,38.414047,78.33506,83.851524,64.62867,68.6334
JzUFURmryZAOZBJnIl8-sVLCj5Rc9ZuYnP0LZz7podg,ee719c5131e5553cb2d001e43cc92397,174.5,1,75.3,102.13223,102.84344,0.7112045,86.468956,89.33617,2.8672104,100.33536,99.64784,0.68751526,54.007854,52.760696,1.247158,39.023815,37.185726,1.838089,25.573088,24.571253,1.0018349,50.135777,50.68305,0.5472717,28.71773,27.625835,1.0918941,18.025545,17.075048,0.9504967,31.340036,31.14984,0.19019699,36.060062,37.30524,1.2451782,79.99427,79.48126,0.5130081,67.56769,66.80201,0.7656784,97.133865,108.55301,83.077835,95.5945,95.63993,103.655754,49.45744,56.063953,34.620438,39.751015,23.04409,26.098415,48.682648,52.68345,25.896183,29.355488,15.971804,18.178293,28.39432,33.905357,35.734524,38.875957,76.72303,82.239494,64.799644,68.804375
JzUFURmryZAOZBJnIl8-sVLCj5Rc9ZuYnP0LZz7podg,5a16b5c4f7d9ef8335e22e022efd9cdd,174.5,1,75.3,102.13223,103.6289,1.496666,86.468956,90.250946,3.78199,100.33536,99.999176,0.33618164,54.007854,52.480865,1.526989,39.023815,36.457752,2.566063,25.573088,24.414562,1.1585255,50.135777,51.467567,1.3317909,28.71773,27.801613,0.9161167,18.025545,17.312624,0.71292114,31.340036,31.323418,0.016618729,36.060062,37.448708,1.3886452,79.99427,80.651924,0.6576538,67.56769,66.64202,0.9256668,97.91933,109.33847,83.992615,96.50928,95.991264,104.00709,49.17761,55.784122,33.892464,39.02304,22.8874,25.941725,49.467167,53.467968,26.07196,29.531265,16.20938,18.415869,28.567898,34.078938,35.87799,39.019424,77.89369,83.41016,64.639656,68.64439
JzUFURmryZAOZBJnIl8-sVLCj5Rc9ZuYnP0LZz7podg,f57bb7ee2ac7bf832eb4c24f74cf17ad,174.5,1,75.3,102.13223,103.6289,1.496666,86.468956,90.250946,3.78199,100.33536,99.999176,0.33618164,54.007854,52.480865,1.526989,39.023815,36.457752,2.566063,25.573088,24.414562,1.1585255,50.135777,51.467567,1.3317909,28.71773,27.801613,0.9161167,18.025545,17.312624,0.71292114,31.340036,31.323418,0.016618729,36.060062,37.448708,1.3886452,79.99427,80.651924,0.6576538,67.56769,66.64202,0.9256668,97.91933,109.33847,83.992615,96.50928,95.991264,104.00709,49.17761,55.784122,33.892464,39.02304,22.8874,25.941725,49.467167,53.467968,26.07196,29.531265,16.20938,18.415869,28.567898,34.078938,35.87799,39.019424,77.89369,83.41016,64.639656,68.64439
JzUFURmryZAOZBJnIl8-sVLCj5Rc9ZuYnP0LZz7podg,9d811850369b44fd04e250ff3fde4307,174.5,1,75.3,102.13223,103.441315,1.309082,86.468956,87.83964,1.3706818,100.33536,98.95256,1.3827972,54.007854,52.808666,1.1991882,39.023815,36.58224,2.441574,25.573088,24.43731,1.1357784,50.135777,51.621643,1.4858665,28.71773,28.310698,0.407032,18.025545,17.39561,0.6299343,31.340036,32.09233,0.75229454,36.060062,37.63508,1.575016,79.99427,80.87811,0.88384247,67.56769,65.93797,1.629715,97.73174,109.15089,81.58131,94.09797,94.94465,102.96047,49.50541,56.111923,34.016953,39.14753,22.910147,25.964472,49.621243,53.622044,26.581045,30.04035,16.292366,18.498856,29.336811,34.84785,36.06436,39.205795,78.11988,83.636345,63.935608,67.94034
JzUFURmryZAOZBJnIl8-sVLCj5Rc9ZuYnP0LZz7podg,f8b16db180c3f9a780366b4616d28274,174.5,1,75.3,102.13223,102.83641,0.70417786,86.468956,87.048035,0.5790787,100.33536,99.058205,1.277153,54.007854,53.503582,0.50427246,39.023815,36.82889,2.1949234,25.573088,24.427774,1.1453133,50.135777,51.2003,1.0645218,28.71773,28.270132,0.4475975,18.025545,17.116543,0.9090023,31.340036,32.20473,0.8646946,36.060062,37.754414,1.6943512,79.99427,80.03206,0.03778839,67.56769,66.42953,1.1381607,97.12684,108.54598,80.7897,93.306366,95.05029,103.06612,50.200325,56.80684,34.263603,39.39418,22.900612,25.954937,49.199898,53.2007,26.54048,29.999784,16.013298,18.219788,29.449211,34.96025,36.183697,39.32513,77.27383,82.79029,64.42716,68.43189
JzUFURmryZAOZBJnIl8-sVLCj5Rc9ZuYnP0LZz7podg,58f7cbe8a1f0944de19a8851061091b1,174.5,1,75.3,102.13223,103.078094,0.9458618,86.468956,88.65742,2.1884613,100.33536,99.83211,0.5032501,54.007854,53.28638,0.7214737,39.023815,36.368835,2.6549797,25.573088,24.296644,1.2764435,50.135777,51.62007,1.4842949,28.71773,27.858404,0.8593254,18.025545,17.008587,1.0169582,31.340036,31.77999,0.43995285,36.060062,37.49161,1.4315491,79.99427,80.919685,0.92541504,67.56769,66.13337,1.4343185,97.36852,108.78767,82.399086,94.91575,95.824196,103.84002,49.983124,56.589638,33.803547,38.934124,22.769482,25.823807,49.61967,53.620472,26.128752,29.588057,15.905342,18.111832,29.02447,34.535507,35.920895,39.06233,78.16145,83.67792,64.131004,68.135735
JzUFURmryZAOZBJnIl8-sVLCj5Rc9ZuYnP0LZz7podg,6e8755eab88607cfa38f6d324e3101b6,174.5,1,75.3,102.13223,102.64778,0.5155487,86.468956,88.40227,1.9333115,100.33536,100.03848,0.296875,54.007854,53.526234,0.4816208,39.023815,37.373108,1.6507072,25.573088,24.725183,0.8479042,50.135777,51.451847,1.3160706,28.71773,28.034859,0.68287086,18.025545,17.363665,0.6618805,31.340036,31.753134,0.41309738,36.060062,37.45139,1.3913269,79.99427,80.73751,0.74324036,67.56769,66.52356,1.0441284,96.93821,108.35735,82.143936,94.6606,96.03057,104.046394,50.222977,56.82949,34.80782,39.938396,23.19802,26.252346,49.451447,53.452248,26.305206,29.764511,16.26042,18.46691,28.997614,34.50865,35.880672,39.022106,77.97928,83.49574,64.521194,68.525925
JzUFURmryZAOZBJnIl8-sVLCj5Rc9ZuYnP0LZz7podg,c3baec1f302b8d5a9c8603ce769e9a32,174.5,1,75.3,102.13223,102.7219,0.5896683,86.468956,86.80761,0.33865356,100.33536,99.64047,0.69488525,54.007854,53.70213,0.3057251,39.023815,37.22603,1.7977867,25.573088,24.7477,0.82538795,50.135777,51.565044,1.4292679,28.71773,28.50811,0.20961952,18.025545,17.572231,0.45331383,31.340036,32.357918,1.0178814,36.060062,37.657875,1.5978127,79.99427,80.82065,0.82637787,67.56769,66.40266,1.1650314,97.01233,108.43147,80.54928,93.06594,95.63256,103.648384,50.398872,57.005386,34.66074,39.791317,23.220537,26.274862,49.564644,53.565445,26.778458,30.237762,16.468987,18.675476,29.602398,35.113438,36.08716,39.228592,78.062416,83.57888,64.40029,68.40502
JzUFURmryZAOZBJnIl8-sVLCj5Rc9ZuYnP0LZz7podg,939ffbfa94cae1f13ae08d59fcd7bf75,174.5,1,75.3,102.13223,103.77643,1.6441956,86.468956,90.22718,3.7582245,100.33536,100.58144,0.24608612,54.007854,52.828655,1.1791992,39.023815,36.03017,2.9936447,25.573088,24.252848,1.32024,50.135777,52.248943,2.1131668,28.71773,27.862461,0.8552685,18.025545,17.409931,0.61561394,31.340036,31.482075,0.14203835,36.060062,37.35619,1.2961273,79.99427,81.97359,1.9793167,67.56769,66.21947,1.3482208,98.06686,109.486,83.96885,96.48551,96.57353,104.589355,49.5254,56.131912,33.46488,38.59546,22.725685,25.78001,50.248543,54.249344,26.132809,29.592113,16.306686,18.513176,28.726555,34.237595,35.785473,38.926907,79.215355,84.73182,64.2171,68.22183
JzUFURmryZAOZBJnIl8-sVLCj5Rc9ZuYnP0LZz7podg,4f0116b18fa70d7f0701a6841403eddf,174.5,1,75.3,102.13223,104.84994,2.7177048,86.468956,89.08266,2.6137009,100.33536,99.27441,1.0609512,54.007854,52.652763,1.3550911,39.023815,35.97991,3.0439034,25.573088,24.28573,1.2873573,50.135777,52.40931,2.2735329,28.71773,28.605465,0.11226463,18.025545,17.66697,0.35857582,31.340036,32.4365,1.0964642,36.060062,37.747707,1.687645,79.99427,82.34526,2.3509903,67.56769,65.53221,2.0354767,99.140366,110.55951,82.824326,95.34099,95.266495,103.28232,49.349506,55.95602,33.414623,38.5452,22.758568,25.812893,50.40891,54.40971,26.875813,30.335117,16.563725,18.770214,29.68098,35.19202,36.17699,39.318424,79.58703,85.10349,63.529846,67.53458
59bc2766681516389ccf45b4,c42cc5acb1a3c3a9fe89a4c9de2611d6,173.0,0,69.5,95.53862,95.53969,0.0010681152,81.449036,82.10051,0.651474,104.78086,101.36517,3.4156876,53.880436,54.279987,0.3995514,37.80063,36.267544,1.5330849,24.079395,23.370583,0.7088127,48.931828,49.717236,0.785408,25.795568,25.512428,0.28314018,17.459435,16.14384,1.3155937,29.897776,29.295198,0.6025772,33.83392,34.20126,0.3673401,77.03049,79.57357,2.5430832,63.257538,63.487534,0.22999573,89.83012,101.24926,75.84218,88.35884,97.35726,105.373085,50.97673,57.583244,33.702255,38.832832,21.84342,24.897745,47.716835,51.717636,23.782776,27.24208,15.040596,17.247086,26.539679,32.05072,32.630543,35.771976,76.81534,82.3318,61.48517,65.4899
59bc2766681516389ccf45b4,da54db3cc216538f582a0db5cbb86594,173.0,0,69.5,95.53862,95.7083,0.16967773,81.449036,81.83228,0.38324738,104.78086,101.10721,3.6736526,53.880436,54.40787,0.5274353,37.80063,36.919743,0.8808861,24.079395,23.645823,0.43357277,48.931828,50.661823,1.7299957,25.795568,25.45361,0.341959,17.459435,16.164036,1.2953987,29.897776,29.186775,0.71100044,33.83392,34.014885,0.18096542,77.03049,81.57501,4.544525,63.257538,62.42016,0.83737946,89.998726,101.41787,75.57395,88.090614,97.0993,105.11512,51.104614,57.71113,34.354454,39.48503,22.11866,25.172985,48.661423,52.662224,23.723957,27.183262,15.060791,17.26728,26.431255,31.942295,32.444168,35.5856,78.81678,84.333244,60.417793,64.42252
59bc2766681516389ccf45b4,f402a631667729e42281bf506f58d4d4,173.0,0,69.5,95.53862,93.482605,2.056015,81.449036,80.17057,1.2784653,104.78086,101.56172,3.219139,53.880436,54.515972,0.6355362,37.80063,37.436028,0.36460114,24.079395,24.144205,0.0648098,48.931828,50.61623,1.6844025,25.795568,25.292704,0.50286484,17.459435,16.524164,0.9352703,29.897776,28.73816,1.1596165,33.83392,33.88751,0.053588867,77.03049,81.26691,4.2364197,63.257538,63.11383,0.14370728,87.77303,99.19218,73.91224,86.4289,97.55381,105.56963,51.212715,57.81923,34.87074,40.001316,22.617043,25.671368,48.61583,52.61663,23.563051,27.022356,15.420919,17.627409,25.98264,31.49368,32.31679,35.458225,78.508675,84.02514,61.111465,65.116196
pMnXRR4wol-MqJYDEWJNQo91TG9sdN2LJPzQEZjnroc,9dc1765ee2f9709db0a586a841252f7d,163.5,1,67.0,98.170746,100.25382,2.0830765,90.7143,89.46987,1.2444305,97.1396,97.52759,0.38798523,50.04629,50.575348,0.52905655,32.99956,35.987644,2.988083,23.072952,23.341175,0.2682228,45.83728,46.881504,1.0442238,26.064318,25.872099,0.19221878,16.043478,16.083254,0.03977585,29.88011,29.251432,0.62867737,35.29485,35.706573,0.4117241,71.04451,73.17803,2.133522,65.56598,63.72934,1.8366394,94.54425,105.963394,83.21154,95.7282,93.51968,101.5355,47.27209,53.878605,33.422356,38.552933,21.814013,24.868338,44.881104,48.881905,24.142447,27.601751,14.980009,17.186499,26.495913,32.00695,34.135857,37.27729,70.4198,75.936264,61.726974,65.731705
pMnXRR4wol-MqJYDEWJNQo91TG9sdN2LJPzQEZjnroc,51934a230d14099e2c5ca69f65bf1eed,163.5,1,67.0,98.170746,99.82246,1.6517105,90.7143,88.63779,2.0765152,97.1396,97.237686,0.098083496,50.04629,50.61266,0.5663681,32.99956,35.531452,2.5318909,23.072952,23.241463,0.16851044,45.83728,47.747776,1.9104958,26.064318,25.954243,0.110075,16.043478,16.070034,0.026556015,29.88011,29.30813,0.5719795,35.29485,35.968616,0.6737671,71.04451,74.16347,3.1189575,65.56598,63.809944,1.7560349,94.112885,105.53203,82.379456,94.89612,93.229774,101.2456,47.309402,53.915916,32.966164,38.09674,21.7143,24.768625,45.747375,49.748177,24.22459,27.683895,14.966789,17.173279,26.55261,32.063652,34.3979,37.539333,71.405235,76.9217,61.80758,65.81231
13pX7gY7asIuwkUe84q-h_Y4ih0x3AWA_elpNZmNBKg,7ff8178073432f29124593e07591b2f7,168.0,0,52.8,87.31368,84.45057,2.8631134,67.684814,71.18161,3.4967957,93.661316,91.33636,2.3249588,47.091267,47.481216,0.3899498,31.347073,32.964413,1.6173401,20.825943,21.982437,1.1564941,50.94427,48.569244,2.3750267,21.579315,22.484295,0.9049797,14.785403,14.827811,0.04240799,25.262388,24.74837,0.514019,32.636288,32.06266,0.5736275,78.33565,77.66322,0.6724243,60.765606,59.877514,0.88809204,78.741,90.16014,64.92328,77.43994,87.328445,95.34427,44.17796,50.784473,30.399124,35.5297,20.455275,23.5096,46.568844,50.569645,20.754642,24.213947,13.724566,15.931056,21.99285,27.50389,30.491943,33.633377,74.90499,80.421455,57.87515,61.87988
tSmlCyLORH6VB-Q3-KA93xMd9htfy-YeQytwIAsApCc,ee25713389c84ea9abb5dfbd978612ec,171.0,1,72.5,106.6331,100.92125,5.711853,87.9334,86.097786,1.8356171,101.92882,100.29399,1.6348267,53.92462,53.668816,0.25580597,33.952003,34.14587,0.19386673,22.531778,23.16151,0.62973213,48.77054,51.763138,2.9925995,26.315552,27.179287,0.8637352,15.688556,16.4633,0.774745,29.284626,31.563143,2.2785168,37.42226,36.7307,0.69155884,78.21369,80.96614,2.752449,64.3017,64.415985,0.11428833,95.21168,106.63082,79.839455,92.35612,96.28608,104.3019,50.36556,56.972073,31.580582,36.71116,21.634348,24.688673,49.762737,53.76354,25.449635,28.90894,15.360056,17.566545,28.807623,34.318665,35.159985,38.30142,78.20791,83.72437,62.41362,66.41835
tSmlCyLORH6VB-Q3-KA93xMd9htfy-YeQytwIAsApCc,603526a18085f32dda9764e91fdcfd33,171.0,1,72.5,106.6331,100.99924,5.6338654,87.9334,87.3866,0.54680634,101.92882,99.47341,2.4554062,53.92462,53.05652,0.868103,33.952003,35.480423,1.5284195,22.531778,23.694988,1.1632099,48.77054,50.880356,2.1098175,26.315552,27.188753,0.8732014,15.688556,16.565474,0.87691784,29.284626,31.148846,1.8642197,37.42226,36.992832,0.4294281,78.21369,79.24163,1.0279388,64.3017,65.239876,0.938179,95.289665,106.70881,81.128265,93.64493,95.4655,103.48132,49.75326,56.359776,32.915134,38.04571,22.167826,25.22215,48.879955,52.880756,25.4591,28.918406,15.462229,17.668718,28.393326,33.904366,35.422115,38.56355,76.4834,81.99986,63.23751,67.24224
tSmlCyLORH6VB-Q3-KA93xMd9htfy-YeQytwIAsApCc,9a9e00c1f63b92466a3cb0da66875909,171.0,1,72.5,106.6331,100.30582,6.327286,87.9334,88.17983,0.24642944,101.92882,101.029816,0.8990021,53.92462,53.797073,0.12754822,33.952003,36.3727,2.4206963,22.531778,23.944267,1.4124889,48.77054,50.673615,1.9030762,26.315552,26.807447,0.49189568,15.688556,16.586586,0.8980303,29.284626,30.659758,1.3751316,37.42226,36.455833,0.96642685,78.21369,79.23674,1.0230484,64.3017,65.43359,1.131897,94.596245,106.01539,81.9215,94.43816,97.021904,105.03773,50.493816,57.10033,33.80741,38.93799,22.417105,25.47143,48.673214,52.674015,25.077795,28.5371,15.483341,17.68983,27.904238,33.415276,34.885117,38.02655,76.47851,81.99497,63.43123,67.43596
tSmlCyLORH6VB-Q3-KA93xMd9htfy-YeQytwIAsApCc,8ae20c3d694b86b424efcbf87f7c5799,171.0,1,72.5,106.6331,100.91844,5.7146606,87.9334,85.66927,2.2641296,101.92882,98.35063,3.578186,53.92462,52.869965,1.054657,33.952003,35.868572,1.9165688,22.531778,23.907967,1.3761883,48.77054,50.45351,1.682972,26.315552,27.628538,1.3129864,15.688556,16.775785,1.0872297,29.284626,31.561651,2.2770252,37.42226,37.20803,0.21422958,78.21369,78.575,0.36130524,64.3017,65.28949,0.98779297,95.20887,106.62801,79.41094,91.927605,94.34272,102.35854,49.566708,56.17322,33.303284,38.43386,22.380804,25.43513,48.45311,52.45391,25.898886,29.35819,15.672541,17.87903,28.806131,34.31717,35.637314,38.778748,75.816765,81.33323,63.287125,67.291855
irp9xnYo9ZcKWpPaJUa56QEJ16_8WXAyFIWaB99KIqU,054214eeeb331fb3e11b00cb02e26b08,185.5,1,83.3,100.7151,104.382034,3.6669312,89.80782,90.06255,0.25473022,99.28268,102.45816,3.1754837,54.84284,54.540455,0.30238342,36.807785,38.445663,1.6378784,25.447727,25.86612,0.41839218,52.421776,53.880875,1.4590988,28.22678,28.326923,0.10014343,18.32165,17.622171,0.69947815,31.830463,31.666594,0.16386986,37.60351,38.318893,0.7153816,85.7291,85.21843,0.5106735,69.66937,70.477974,0.8086014,98.67246,110.091606,83.80422,96.320885,98.45025,106.46607,51.237198,57.84371,35.880375,41.010952,24.338957,27.393282,51.880474,55.881275,26.597271,30.056576,16.518927,18.725416,28.911074,34.42211,36.748177,39.88961,82.4602,87.97666,68.47561,72.48034
irp9xnYo9ZcKWpPaJUa56QEJ16_8WXAyFIWaB99KIqU,785d3157943f0b91f292f8be995ba644,185.5,1,83.3,100.7151,104.266815,3.551712,89.80782,92.20655,2.3987274,99.28268,103.342316,4.059639,54.84284,54.152817,0.6900215,36.807785,38.142567,1.3347816,25.447727,25.742054,0.29432678,52.421776,53.855717,1.4339409,28.22678,27.80905,0.41773033,18.32165,17.506872,0.8147774,31.830463,30.966066,0.86439705,37.60351,38.042686,0.43917465,85.7291,85.10594,0.6231613,69.66937,70.54148,0.87210846,98.55724,109.97639,85.94822,98.46488,99.334404,107.35023,50.84956,57.456074,35.57728,40.707855,24.214891,27.269217,51.855316,55.856117,26.079397,29.538702,16.403627,18.610117,28.210546,33.72159,36.47197,39.613403,82.34771,87.864174,68.539116,72.543846
Toz0icy6zg4N3sYsq5kQ4LbEARl-JPPctQSFRY8WgBw,98ba5923a998319776cd5cd10db9cdfd,177.75,1,77.45,103.84755,103.263565,0.5839844,97.67372,91.547424,6.126297,103.5115,101.14037,2.3711243,53.28488,52.79401,0.49087143,33.80861,36.51188,2.70327,23.367008,24.52783,1.1608219,50.53303,52.3873,1.8542671,25.411385,27.045763,1.6343784,16.60258,16.74882,0.14624023,30.021456,30.436382,0.41492653,37.06596,37.475525,0.40956497,79.31465,82.19366,2.8790054,69.72053,68.10142,1.6191101,97.55399,108.97314,85.28909,97.805756,97.13246,105.148285,49.490753,56.097267,33.94659,39.077168,23.000668,26.054993,50.386898,54.3877,25.31611,28.775415,15.645575,17.852064,27.680862,33.191902,35.904808,39.04624,79.435425,84.95189,66.09905,70.10378
Toz0icy6zg4N3sYsq5kQ4LbEARl-JPPctQSFRY8WgBw,f995fd608b5be6fb001afe5e37fd46c5,177.75,1,77.45,103.84755,103.76519,0.082359314,97.67372,93.14208,4.531639,103.5115,101.9542,1.5572968,53.28488,52.790012,0.49486923,33.80861,36.32863,2.5200195,23.367008,24.379871,1.0128632,50.53303,52.448612,1.9155807,25.411385,26.692007,1.2806225,16.60258,16.594023,0.008556366,30.021456,30.063116,0.04166031,37.06596,37.168476,0.102516174,79.31465,82.58,3.2653503,69.72053,67.940216,1.7803116,98.05562,109.47476,86.88375,99.40041,97.94629,105.96211,49.486755,56.09327,33.76334,38.893917,22.852709,25.907034,50.44821,54.449013,24.962355,28.42166,15.490778,17.697268,27.307596,32.818634,35.59776,38.739193,79.82177,85.338234,65.93785,69.94258
Toz0icy6zg4N3sYsq5kQ4LbEARl-JPPctQSFRY8WgBw,2ee5ea9937dcd88aa8a2e01acc09dde6,177.75,1,77.45,103.84755,103.39424,0.4533081,97.67372,93.86663,3.8070908,103.5115,103.04212,0.4693756,53.28488,53.26639,0.018489838,33.80861,36.646416,2.8378067,23.367008,24.404339,1.0373306,50.53303,51.704967,1.171936,25.411385,26.693867,1.2824821,16.60258,16.694439,0.09185982,30.021456,30.132498,0.11104202,37.06596,36.92177,0.14419174,79.31465,81.32804,2.0133896,69.72053,68.03791,1.6826172,97.68467,109.10381,87.6083,100.12496,99.03421,107.05003,49.963135,56.56965,34.081127,39.211704,22.877176,25.931501,49.704567,53.705368,24.964214,28.42352,15.591194,17.797684,27.376978,32.888016,35.35105,38.492485,78.56981,84.08627,66.035545,70.040276
Toz0icy6zg4N3sYsq5kQ4LbEARl-JPPctQSFRY8WgBw,d7c5a4583c748fe4890f1f476e595f0e,177.75,1,77.45,103.84755,104.33566,0.4881134,97.67372,95.24376,2.4299622,103.5115,102.643654,0.8678436,53.28488,52.51418,0.77070236,33.80861,36.50956,2.7009506,23.367008,24.377804,1.0107956,50.53303,51.36066,0.8276291,25.411385,26.5468,1.135416,16.60258,16.653416,0.050836563,30.021456,29.80648,0.21497536,37.06596,37.04043,0.025531769,79.31465,80.73996,1.4253082,69.72053,68.40673,1.313797,98.62609,110.045235,88.98543,101.50209,98.63574,106.651566,49.210922,55.817436,33.94427,39.07485,22.850641,25.904966,49.36026,53.36106,24.817148,28.276453,15.550171,17.75666,27.05096,32.562,35.46971,38.611145,77.98173,83.49819,66.404366,70.409096
W2fLwg08JPv_ss2ekmFaLRwOy2yWqg1Ktl6tf7Y7tHI,b719e1522dbd6c04d0575f5508f932f7,184.0,1,82.0,104.21069,103.31977,0.89092255,84.31805,86.26788,1.9498367,102.15105,102.320885,0.16983795,56.978027,56.193295,0.7847328,36.368835,37.860733,1.4918976,25.382683,25.335857,0.04682541,52.79551,53.814842,1.0193329,27.886364,28.813696,0.9273319,16.571371,17.335024,0.7636528,34.1557,32.893074,1.2626266,38.250755,38.211628,0.03912735,80.855156,85.31135,4.456192,71.78725,69.30069,2.486557,97.6102,109.02934,80.00955,92.526215,98.31297,106.3288,52.890038,59.49655,35.295444,40.42602,23.808695,26.86302,51.81444,55.815243,27.084044,30.543348,16.23178,18.438269,30.137554,35.648594,36.64091,39.782345,82.553116,88.06958,67.298325,71.303055
BFf4wYsA_fQ-YMPs6O0OdFYmwJu3yHbU7_VTRwuvf-0,fc78628ed34c26a8c3703767b69143ca,167.0,1,69.2,95.70614,100.14142,4.43528,89.25455,90.39467,1.1401215,97.97539,99.5766,1.6012115,54.033913,52.10376,1.9301529,37.705807,37.0595,0.6463051,25.346346,23.78482,1.5615253,45.630085,48.342064,2.711979,23.729801,25.917734,2.187933,16.501783,16.12952,0.37226295,27.711363,29.250437,1.539074,36.551067,35.879704,0.67136383,70.963905,75.43744,4.4735336,67.12671,64.905365,2.221344,94.43185,105.85099,84.13634,96.653,95.56869,103.58451,48.800503,55.407017,34.494213,39.62479,22.257658,25.311983,46.341663,50.342464,24.188082,27.647387,15.026276,17.232765,26.494917,32.00596,34.308987,37.45042,72.67921,78.19567,62.903,66.90773
BFf4wYsA_fQ-YMPs6O0OdFYmwJu3yHbU7_VTRwuvf-0,719b88ccdd7cac6459775cfb25523128,167.0,1,69.2,95.70614,99.08618,3.380043,89.25455,87.728424,1.526123,97.97539,98.362915,0.38752747,54.033913,51.967842,2.0660706,37.705807,36.859432,0.8463745,25.346346,23.768967,1.5773792,45.630085,47.694324,2.0642395,23.729801,26.181065,2.4512634,16.501783,16.126583,0.37520027,27.711363,29.593115,1.881752,36.551067,36.151134,0.39993286,70.963905,74.148796,3.1848907,67.12671,65.32002,1.8066864,93.37661,104.79575,81.47009,93.986755,94.355,102.37083,48.664585,55.2711,34.294144,39.42472,22.241804,25.29613,45.693924,49.694725,24.451412,27.910717,15.023338,17.229828,26.837595,32.348633,34.580418,37.72185,71.390564,76.90703,63.317657,67.32239
1D-rS4ceivG5o5yI7oRT4XD61IjRxaI_SeFBoqHYems,bf3b8c2e6954ccf828678f15b3433178,169.5,0,66.7,93.39962,95.60713,2.207512,78.13337,83.82765,5.6942825,100.67453,100.48071,0.19381714,54.663322,53.066513,1.5968094,38.561443,36.81304,1.7484016,23.080414,23.423424,0.34300995,49.12768,49.16746,0.039779663,24.29977,24.924921,0.6251507,16.740795,16.082886,0.6579094,28.41446,28.263683,0.15077591,34.207733,33.73197,0.4757614,77.6395,78.62329,0.98378754,62.634117,62.40306,0.23105621,89.89756,101.3167,77.56932,90.08598,96.4728,104.488625,49.763256,56.36977,34.247753,39.37833,21.896261,24.950586,47.16706,51.167862,23.195269,26.654573,14.979641,17.18613,25.508163,31.019203,32.161255,35.30269,75.86506,81.38152,60.400696,64.405426
wyzXYq1mCO53i8GE8uTF583tYOYGA7-eQOjJp1xBalI,16e7c165079281150e24626a7fff8620,174.0,1,74.4,100.942726,101.150986,0.20825958,91.09764,90.163345,0.93429565,101.24492,100.87872,0.36619568,52.292145,53.061848,0.7697029,37.86064,37.12271,0.7379303,23.214607,24.4079,1.1932926,51.23022,51.02421,0.20600891,26.128643,26.738066,0.6094227,16.842247,16.676664,0.16558266,29.890802,30.053667,0.16286469,37.424534,36.81182,0.61271286,79.49965,79.738625,0.23897552,65.05961,66.954666,1.8950577,95.441414,106.86056,83.905014,96.42168,96.87081,104.886635,49.75859,56.365105,34.557423,39.688,22.880737,25.935062,49.02381,53.024612,25.008413,28.467718,15.57342,17.77991,27.298147,32.80919,35.241104,38.382538,76.98039,82.49686,64.9523,68.95703
wyzXYq1mCO53i8GE8uTF583tYOYGA7-eQOjJp1xBalI,01ba31dc23d1d3b10f5e5a0eec601a6b,174.0,1,74.4,100.942726,101.50472,0.56199646,91.09764,91.69871,0.6010666,101.24492,101.14406,0.100860596,52.292145,52.873962,0.5818176,37.86064,37.632057,0.22858429,23.214607,24.525763,1.3111553,51.23022,50.496742,0.73347855,26.128643,26.472622,0.34397888,16.842247,16.56281,0.2794361,29.890802,29.657274,0.23352814,37.424534,36.67707,0.7474632,79.49965,79.05518,0.44446564,65.05961,67.12076,2.0611496,95.79515,107.214294,85.44038,97.95704,97.13615,105.15197,49.570705,56.17722,35.06677,40.197346,22.9986,26.052925,48.49634,52.497143,24.74297,28.202274,15.459566,17.666056,26.901754,32.412796,35.106354,38.247787,76.29695,81.813416,65.11839,69.12312
m3-xxrOtkDHwzPWWmH0k2JhHuxoCvZySmVljoy4F8JI,fe4eadbec5840fd5801270d02ab65ab1,167.0,1,56.7,92.712036,89.50896,3.2030792,72.47812,75.12,2.6418839,90.04129,90.324135,0.28284454,47.216522,46.862923,0.35359955,33.38145,32.757195,0.62425613,23.293549,22.460316,0.8332329,50.332413,49.25629,1.0761223,25.84583,23.940557,1.9052734,15.552941,15.175913,0.37702847,27.572094,26.58063,0.9914646,35.895603,34.350086,1.545517,78.89398,77.12894,1.7650452,60.984848,62.048897,1.0640488,83.799385,95.21853,68.86167,81.378334,86.31622,94.33205,43.559666,50.16618,30.191906,35.322483,20.933153,23.987478,47.25589,51.25669,22.210905,25.67021,14.072668,16.279158,23.82511,29.33615,32.77937,35.920803,74.370705,79.88717,60.04653,64.05126
m3-xxrOtkDHwzPWWmH0k2JhHuxoCvZySmVljoy4F8JI,e617bdfd19179f94fcb9df20b50c8920,167.0,1,56.7,92.712036,89.17173,3.540306,72.47812,73.96858,1.4904633,90.04129,89.69518,0.34610748,47.216522,46.76165,0.45487213,33.38145,33.239674,0.14177704,23.293549,22.78564,0.50790787,50.332413,49.012993,1.3194199,25.84583,24.190704,1.6551266,15.552941,15.365385,0.18755627,27.572094,26.731825,0.8402691,35.895603,34.689983,1.2056198,78.89398,76.409424,2.484558,60.984848,62.845154,1.8603058,83.46216,94.8813,67.71025,80.22691,85.68727,93.703094,43.458393,50.064907,30.674385,35.804962,21.258478,24.312803,47.012592,51.013393,22.461052,25.920357,14.26214,16.46863,23.976305,29.487345,33.119267,36.2607,73.65119,79.167656,60.84279,64.84752
ytf4AiJs29Zl0YhmcryHTenc9awbx5rimRO5Xixg4Po,637301ab75ac2156c12d4a7f4d668c2a,165.85,1,55.85,87.93465,87.40691,0.52773285,74.29235,74.00783,0.284523,91.24953,90.44206,0.8074646,48.10888,46.798958,1.3099213,35.682743,34.820107,0.86263657,23.345274,23.426182,0.08090782,47.850773,47.953735,0.102962494,23.993881,23.774242,0.21963882,15.564586,15.620954,0.056367874,26.22203,25.830616,0.39141464,35.10812,34.17578,0.9323387,73.630394,74.84569,1.2152939,63.09986,63.579124,0.4792633,81.69734,93.116486,67.7495,80.26616,86.43415,94.449974,43.4957,50.102215,32.254818,37.385395,21.89902,24.953344,45.953335,49.954136,22.04459,25.503895,14.517709,16.724197,23.075096,28.586136,32.605064,35.7465,72.087456,77.60392,61.57676,65.58149
ytf4AiJs29Zl0YhmcryHTenc9awbx5rimRO5Xixg4Po,0273bdca946df4eafa1977f1370384fa,165.85,1,55.85,87.93465,88.07013,0.13548279,74.29235,74.46578,0.1734314,91.24953,90.66809,0.58143616,48.10888,46.8416,1.2672806,35.682743,34.937634,0.74510956,23.345274,23.534164,0.18889046,47.850773,48.12746,0.27668762,23.993881,23.916218,0.07766342,15.564586,15.793536,0.2289505,26.22203,25.92611,0.29592133,35.10812,34.33802,0.77009964,73.630394,75.0193,1.3889084,63.09986,63.78735,0.68748856,82.36056,93.7797,68.20745,80.72411,86.66018,94.676,43.53834,50.144855,32.372345,37.502922,22.007002,25.061327,46.12706,50.12786,22.186565,25.64587,14.690291,16.896782,23.17059,28.68163,32.767303,35.908737,72.26107,77.777534,61.784985,65.78972
91hkFkRlHkbUc_v76OqSfOTGr0WAGZc4nJqeGTs3GOs,f0f429d7fa2611036792c05305deb273,166.75,1,68.9,106.712265,102.15024,4.562027,94.47605,90.55996,3.916092,99.2525,98.15408,1.0984192,50.933964,50.242214,0.6917496,34.1876,34.121128,0.0664711,23.270811,23.019985,0.25082588,48.746788,49.676163,0.9293747,26.609737,26.286871,0.32286644,16.364418,16.517279,0.15286064,29.508884,29.71994,0.21105576,35.204388,36.113926,0.90953827,77.01205,77.750946,0.73889923,65.686714,63.761093,1.925621,96.44067,107.85981,84.30163,96.81829,94.14617,102.161995,46.938957,53.54547,31.55584,36.686417,21.492823,24.547148,47.675762,51.676563,24.557219,28.016523,15.414034,17.620523,26.96442,32.47546,34.54321,37.684643,74.992714,80.50918,61.758728,65.76346
91hkFkRlHkbUc_v76OqSfOTGr0WAGZc4nJqeGTs3GOs,88aa5ef1d7e33ee7a2e287e1840e9dfe,166.75,1,68.9,106.712265,100.972534,5.739731,94.47605,89.31899,5.1570587,99.2525,98.81498,0.4375229,50.933964,51.501457,0.56749344,34.1876,35.30568,1.1180801,23.270811,23.291088,0.020277023,48.746788,49.08256,0.33577347,26.609737,26.287039,0.3226986,16.364418,16.313484,0.050933838,29.508884,29.890533,0.38164902,35.204388,35.995182,0.7907944,77.01205,76.763985,0.24806213,65.686714,63.99496,1.6917534,95.26296,106.682106,83.06066,95.577324,94.80707,102.82289,48.1982,54.804714,32.74039,37.870968,21.763926,24.81825,47.08216,51.082962,24.557386,28.016691,15.210239,17.416729,27.135014,32.646053,34.424465,37.5659,74.00575,79.52222,61.992596,65.99733
BcfLjoZiAgGyAvozpMYCkbXsM37U12f0bmXpYN3dp58,4557b31afa4c798e206373680a5cf485,164.0,1,66.8,97.44533,100.383095,2.937767,86.792885,87.77258,0.9796982,95.08493,95.478584,0.39365387,48.956593,49.77583,0.81923676,36.17374,36.02785,0.14588928,23.666986,23.488214,0.17877197,49.155033,47.98046,1.174572,26.927828,26.287039,0.64078903,16.726568,16.36177,0.3647976,28.648071,29.425507,0.7774353,36.907524,36.13253,0.7749939,73.9849,74.67941,0.6945114,64.03848,63.13703,0.9014511,94.67352,106.09267,81.51425,94.030914,91.47067,99.486496,46.472572,53.079086,33.462563,38.59314,21.961052,25.015377,45.98006,49.98086,24.557386,28.016691,15.258526,17.465015,26.669987,32.181026,34.561813,37.703247,71.92118,77.437645,61.134666,65.1394
BcfLjoZiAgGyAvozpMYCkbXsM37U12f0bmXpYN3dp58,6697197be7684e6184649ebdcd8bb25b,164.0,1,66.8,97.44533,99.57656,2.1312332,86.792885,87.82492,1.0320358,95.08493,96.14194,1.0570068,48.956593,50.22889,1.2722969,36.17374,36.304657,0.1309166,23.666986,23.566788,0.100198746,49.155033,47.977318,1.1777153,26.927828,26.048893,0.87893486,16.726568,16.260242,0.46632576,28.648071,29.157928,0.5098572,36.907524,35.975655,0.9318695,73.9849,74.59383,0.60892487,64.03848,63.370293,0.66819,93.86699,105.28613,81.56659,94.08325,92.134026,100.14985,46.925632,53.532146,33.73937,38.869946,22.039625,25.09395,45.976917,49.97772,24.31924,27.778545,15.156998,17.363487,26.402409,31.913448,34.404938,37.54637,71.835594,77.35206,61.367928,65.37266
X9PXsR-6P0aJrApLb5U99rVuj-a7ZEg3cT4_ZsPdjhY,613f6fbfdb056f723d1fca22a799bc6f,180.5,1,79.1,105.93087,104.87944,1.0514297,98.01014,94.29514,3.7149963,102.84925,102.27175,0.5774994,49.78101,52.312965,2.5319557,32.116405,35.9745,3.8580933,22.782787,24.546898,1.7641106,55.888603,54.113556,1.7750473,25.103533,26.855787,1.7522545,15.584636,16.975172,1.3905363,28.255617,29.968618,1.7130013,36.558773,37.399097,0.8403244,85.87894,85.48251,0.39642334,69.98948,68.40185,1.5876312,99.16987,110.58901,88.03681,100.553474,98.26384,106.27966,49.00971,55.616222,33.40921,38.539787,23.019735,26.07406,52.113155,56.113956,25.126135,28.58544,15.871927,18.078417,27.213099,32.724136,35.82838,38.969814,82.72428,88.240746,66.39948,70.40421
X9PXsR-6P0aJrApLb5U99rVuj-a7ZEg3cT4_ZsPdjhY,34d5790c1d6faedd02c4737e7d89280c,180.5,1,79.1,105.93087,104.7024,1.2284698,98.01014,94.32458,3.6855621,102.84925,103.45933,0.6100769,49.78101,53.00988,3.2288704,32.116405,34.970108,2.8537025,22.782787,24.026861,1.2440739,55.888603,53.434372,2.4542313,25.103533,26.857477,1.7539444,15.584636,16.776243,1.1916075,28.255617,30.478037,2.2224197,36.558773,37.281105,0.722332,85.87894,84.230545,1.6483917,69.98948,68.282166,1.7073135,98.99283,110.41197,88.066246,100.58291,99.451416,107.46724,49.706623,56.313137,32.40482,37.535397,22.499699,25.554024,51.43397,55.434772,25.127825,28.58713,15.672998,17.879488,27.722517,33.23356,35.71039,38.85182,81.47231,86.98878,66.2798,70.28453
w0478BRgZeaZDHTp1jKrUoDgcAfnjTpVDHhWvxJHWIc,707ddcd57dca8f487811528407d8633d,178.5,1,77.6,100.04826,103.263565,3.2153015,90.219604,92.926186,2.706581,100.9064,102.00641,1.1000061,54.4089,52.82599,1.5829124,37.958637,38.328136,0.3694992,24.622005,25.291746,0.6697407,49.520947,51.64837,2.1274223,27.87879,27.136019,0.74277115,17.47263,17.322538,0.15009117,31.320913,30.061127,1.2597866,38.386776,37.263676,1.1231003,79.25383,81.22289,1.9690628,68.14341,68.897675,0.75426483,97.55399,108.97314,86.667854,99.18452,97.9985,106.01432,49.52273,56.129246,35.762848,40.893425,23.764584,26.818909,49.64797,53.64877,25.406366,28.865671,16.219294,18.425783,27.305607,32.816647,35.69296,38.834393,78.46466,83.981125,66.89531,70.90004
w0478BRgZeaZDHTp1jKrUoDgcAfnjTpVDHhWvxJHWIc,dff442f0b27d2b06f20c16c572268f2d,178.5,1,77.6,100.04826,102.2951,2.2468338,90.219604,90.745186,0.52558136,100.9064,101.371315,0.4649124,54.4089,53.147797,1.2611046,37.958637,38.68381,0.72517395,24.622005,25.419487,0.79748154,49.520947,51.494297,1.9733505,27.87879,27.277657,0.60113335,17.47263,17.34457,0.12805939,31.320913,30.257584,1.0633297,38.386776,37.20401,1.182766,79.25383,80.99548,1.7416534,68.14341,68.63389,0.49047852,96.585526,108.00467,84.486855,97.00352,97.3634,105.37923,49.84454,56.451054,36.118523,41.2491,23.892324,26.94665,49.493896,53.494698,25.548004,29.007309,16.241325,18.447815,27.502064,33.013103,35.633293,38.774727,78.23725,83.753716,66.63152,70.63625
rK2atJFxHpSGXjwbvuYsSDsE9FuZYBY1-pTFM4NfxIE,cac5c1395d6f5d50721e196d8e65eb57,182.5,1,80.5,98.62847,102.179306,3.5508347,83.82187,89.20778,5.38591,98.53705,101.34552,2.8084717,54.050655,53.71079,0.33986664,40.166847,39.65109,0.5157585,24.946321,26.178577,1.2322559,53.42181,52.816505,0.6053047,29.523619,27.580538,1.9430809,17.754908,17.594263,0.16064453,31.078215,30.317266,0.7609482,38.162647,37.81743,0.34521866,82.522575,83.04216,0.51958466,69.66739,70.26303,0.5956421,96.469734,107.88888,82.94945,95.46611,97.33761,105.35343,50.40753,57.014046,37.0858,42.216377,24.651415,27.70574,50.816105,54.816906,25.850885,29.31019,16.491018,18.697508,27.561747,33.072784,36.24671,39.388145,80.28393,85.80039,68.260666,72.265396
V_0sGaklZkDdzIbLXXah4By9WGnaX1cyo3uSLJjvl1I,d4257dfa5677dca9a50b64e596818da2,173.75,1,73.4,101.50029,100.42384,1.0764465,87.655365,86.604805,1.05056,101.21452,98.14671,3.06781,53.284138,52.51551,0.76862717,37.121056,38.046688,0.9256325,24.744888,24.795488,0.050600052,49.754547,49.67675,0.077796936,26.60078,27.207344,0.60656357,16.520947,16.825632,0.3046856,31.54669,30.584059,0.9626312,34.929077,36.87819,1.9491119,76.971306,77.93556,0.9642563,66.823494,66.53211,0.29138184,94.71427,106.133415,80.34647,92.86314,94.1388,102.154625,49.212254,55.818768,35.4814,40.611977,23.268326,26.32265,47.67635,51.67715,25.477692,28.936996,15.722387,17.928877,27.828539,33.339577,35.307472,38.448906,75.17733,80.693794,64.52975,68.53448
V_0sGaklZkDdzIbLXXah4By9WGnaX1cyo3uSLJjvl1I,e9a8ccfbfb547bcd361852184d7fb81a,173.75,1,73.4,101.50029,100.88542,0.61486816,87.655365,86.05853,1.5968323,101.21452,98.59877,2.6157532,53.284138,53.144466,0.13967133,37.121056,36.8633,0.25775528,24.744888,24.357815,0.38707352,49.754547,50.542336,0.7877884,26.60078,27.405434,0.80465317,16.520947,16.596226,0.075279236,31.54669,31.28164,0.2650509,34.929077,37.019646,2.0905685,76.971306,79.37123,2.3999252,66.823494,65.968506,0.8549881,95.17585,106.59499,79.8002,92.316864,94.59086,102.60668,49.84121,56.447723,34.29801,39.42859,22.830652,25.884977,48.541935,52.542736,25.675781,29.135086,15.492981,17.69947,28.52612,34.03716,35.44893,38.590363,76.613,82.12946,63.96614,67.97087
V_0sGaklZkDdzIbLXXah4By9WGnaX1cyo3uSLJjvl1I,81d353838c18d564b0f5e21bf56b55e6,173.75,1,73.4,101.50029,100.378876,1.1214142,87.655365,86.104324,1.5510406,101.21452,98.95993,2.254593,53.284138,53.29038,0.0062408447,37.121056,37.321957,0.20090103,24.744888,24.55517,0.18971825,49.754547,50.21257,0.45802307,26.60078,27.341208,0.740427,16.520947,16.66496,0.14401436,31.54669,31.07076,0.47592926,34.929077,37.12423,2.1951523,76.971306,78.48047,1.5091629,66.823494,66.76048,0.06301117,94.669304,106.08845,79.84599,92.362656,94.95202,102.96784,49.98712,56.593636,34.756668,39.887245,23.028008,26.082333,48.21217,52.21297,25.611555,29.07086,15.561716,17.768206,28.31524,33.82628,35.553513,38.694946,75.72224,81.2387,64.75812,68.76285
i3SvfU4QENc_5cPFWOb7r5iNEumdNOYuj28e-Qw4J54,2a1ba63b422dc9323c34d1fafdd8595f,169.0,1,69.8,98.95431,100.927574,1.9732666,85.77534,89.27156,3.4962234,95.30017,97.55216,2.2519913,50.08511,50.663296,0.57818604,36.94941,36.393578,0.5558319,24.603981,23.91233,0.6916504,48.86955,49.123047,0.25349808,26.863821,26.389973,0.47384834,16.381243,16.509567,0.12832451,30.571018,29.455347,1.1156712,36.768044,36.48567,0.28237534,74.68316,76.674736,1.9915771,66.64412,65.43329,1.2108307,95.218,106.637146,83.01323,95.52989,93.54425,101.560074,47.36004,53.966553,33.82829,38.958866,22.385168,25.439493,47.122646,51.123447,24.66032,28.119625,15.4063225,17.612812,26.699827,32.21087,34.91495,38.056385,73.916504,79.43297,63.430923,67.43565
i3SvfU4QENc_5cPFWOb7r5iNEumdNOYuj28e-Qw4J54,1b8a56e1f79ef90b33a711825ba448d8,169.0,1,69.8,98.95431,100.92195,1.9676437,85.77534,90.42237,4.6470337,95.30017,97.71922,2.4190521,50.08511,50.442097,0.356987,36.94941,36.614716,0.3346939,24.603981,23.955524,0.6484566,48.86955,49.182396,0.31284714,26.863821,26.043146,0.8206749,16.381243,16.33717,0.044073105,30.571018,28.971918,1.5991001,36.768044,36.399857,0.36818695,74.68316,76.71386,2.0307007,66.64412,65.49832,1.1457977,95.21238,106.63152,84.16404,96.6807,93.71131,101.727135,47.13884,53.745354,34.049427,39.180004,22.428362,25.482687,47.181995,51.182796,24.313494,27.772799,15.233925,17.440414,26.216398,31.727438,34.82914,37.970573,73.95563,79.47209,63.495956,67.50069
i3SvfU4QENc_5cPFWOb7r5iNEumdNOYuj28e-Qw4J54,140093bd7fb286bc5c4a3058fd7a1b9d,169.0,1,69.8,98.95431,100.127365,1.1730576,85.77534,88.001564,2.2262268,95.30017,97.34579,2.0456161,50.08511,51.204304,1.119194,36.94941,36.72644,0.22296906,24.603981,23.85811,0.7458706,48.86955,47.934868,0.93468094,26.863821,26.454706,0.40911484,16.381243,16.251429,0.12981415,30.571018,29.735857,0.8351612,36.768044,36.47595,0.29209518,74.68316,74.6574,0.025756836,66.64412,65.618004,1.0261154,94.41779,105.83694,81.74323,94.259895,93.337875,101.3537,47.901047,54.50756,34.16115,39.29173,22.330948,25.385273,45.934467,49.93527,24.725054,28.184359,15.148184,17.354673,26.980337,32.49138,34.90523,38.046665,71.89917,77.415634,63.61564,67.62037
i3SvfU4QENc_5cPFWOb7r5iNEumdNOYuj28e-Qw4J54,66fbbc3b02e3d91d4cf235a614e0399e,169.0,1,69.8,98.95431,99.91379,0.9594803,85.77534,87.82655,2.0512161,95.30017,97.90103,2.6008606,50.08511,51.702667,1.6175575,36.94941,36.91665,0.03276062,24.603981,23.943117,0.6608639,48.86955,48.66908,0.20046997,26.863821,26.392845,0.47097588,16.381243,16.295492,0.08575058,30.571018,29.718946,0.85207176,36.768044,36.33114,0.4369049,74.68316,75.92526,1.2421036,66.64412,65.276054,1.3680649,94.204216,105.62336,81.56822,94.084885,93.89312,101.90894,48.39941,55.005924,34.35136,39.481937,22.415955,25.47028,46.66868,50.66948,24.663193,28.122498,15.192247,17.398737,26.963427,32.474464,34.76042,37.901855,73.16703,78.683495,63.27369,67.27842
i3SvfU4QENc_5cPFWOb7r5iNEumdNOYuj28e-Qw4J54,967eeb9910e6a0a512bf82446bf5fda7,169.0,1,69.8,98.95431,100.35921,1.4048996,85.77534,84.71411,1.0612259,95.30017,96.21564,0.9154663,50.08511,51.633377,1.5482674,36.94941,36.10749,0.84191895,24.603981,23.80343,0.80055046,48.86955,48.736683,0.1328659,26.863821,27.320925,0.45710373,16.381243,16.45926,0.07801819,30.571018,31.117014,0.5459957,36.768044,36.951935,0.1838913,74.68316,75.97906,1.2958984,66.64412,64.94927,1.6948471,94.649635,106.06878,78.45578,90.97244,92.207726,100.22355,48.33012,54.936634,33.542202,38.67278,22.276268,25.330593,46.736282,50.737083,25.591272,29.050577,15.356016,17.562506,28.361494,33.872536,35.381218,38.52265,73.220825,78.73729,62.946907,66.95164
i3SvfU4QENc_5cPFWOb7r5iNEumdNOYuj28e-Qw4J54,483b00ba7658928ef2ae6be39e356a50,169.0,1,69.8,98.95431,100.09083,1.1365204,85.77534,84.93001,0.8453293,95.30017,96.441666,1.1414948,50.08511,51.725323,1.640213,36.94941,36.491,0.45840836,24.603981,23.94128,0.66270065,48.86955,48.408882,0.46066666,26.863821,27.248247,0.38442612,16.381243,16.536924,0.15568161,30.571018,30.931252,0.3602333,36.768044,36.849365,0.08132172,74.68316,75.43255,0.74938965,66.64412,65.10508,1.5390396,94.381256,105.8004,78.67168,91.18834,92.433754,100.44958,48.422066,55.02858,33.925713,39.05629,22.414118,25.468443,46.40848,50.409283,25.518595,28.9779,15.43368,17.64017,28.175732,33.68677,35.27865,38.420082,72.67432,78.19078,63.102715,67.107445
wrDOCu7G07S5kJa1UNP7ol5UvBk_emF2JM7U3KQNJjc,c06ba4f679529f6fb35612e18cf1963f,184.0,1,80.95,101.531555,103.34436,1.8128052,92.00662,90.286316,1.7203064,103.925514,101.77731,2.148201,54.152935,53.38232,0.7706146,36.524284,38.094627,1.570343,25.483688,25.785248,0.30155945,53.24273,53.909172,0.6664429,28.183619,27.65423,0.5293884,16.702215,17.484106,0.78189087,30.787987,30.638744,0.1492424,37.857777,37.958214,0.100437164,85.457184,85.159744,0.29743958,68.76923,70.08717,1.3179398,97.63479,109.05393,84.027985,96.54465,97.7694,105.785225,50.079063,56.685577,35.52934,40.659916,24.258085,27.31241,51.90877,55.909573,25.924578,29.383883,16.380861,18.58735,27.883224,33.394264,36.387497,39.52893,82.40151,87.91798,68.08481,72.08954
wrDOCu7G07S5kJa1UNP7ol5UvBk_emF2JM7U3KQNJjc,98158e4ec354fabe7c86290202e12f68,184.0,1,80.95,101.531555,103.50173,1.9701767,92.00662,88.39082,3.615799,103.925514,101.32095,2.6045609,54.152935,54.09689,0.056045532,36.524284,38.10391,1.5796242,25.483688,25.868876,0.38518715,53.24273,54.305363,1.0626335,28.183619,28.248499,0.06488037,16.702215,17.56195,0.8597355,30.787987,31.542751,0.75476456,37.857777,38.407387,0.54961014,85.457184,85.75638,0.29919434,68.76923,70.15556,1.3863297,97.79216,109.2113,82.13249,94.649155,97.31304,105.328865,50.793633,57.400146,35.53862,40.669197,24.341713,27.396038,52.304962,56.305763,26.518847,29.978151,16.458706,18.665195,28.787231,34.29827,36.83667,39.978104,82.998146,88.51461,68.1532,72.15793
wrDOCu7G07S5kJa1UNP7ol5UvBk_emF2JM7U3KQNJjc,8c34173bf7e20a05cd97f481dbd0e15b,184.0,1,80.95,101.531555,103.841064,2.3095093,92.00662,90.96844,1.0381851,103.925514,102.52112,1.404396,54.152935,53.754765,0.39817047,36.524284,37.18901,0.66472626,25.483688,25.19617,0.28751755,53.24273,53.862007,0.61927795,28.183619,27.69209,0.49152946,16.702215,17.321438,0.61922264,30.787987,31.029232,0.24124527,37.857777,37.755753,0.10202408,85.457184,85.29668,0.1605072,68.76923,69.41304,0.64380646,98.13149,109.55064,84.710106,97.22677,98.51321,106.52903,50.451508,57.05802,34.623722,39.7543,23.669008,26.723333,51.861607,55.862408,25.962437,29.421741,16.218193,18.424683,28.273712,33.78475,36.185036,39.32647,82.538445,88.05491,67.410675,71.415405
wrDOCu7G07S5kJa1UNP7ol5UvBk_emF2JM7U3KQNJjc,418013914824a668c8cf7d66587151c4,184.0,1,80.95,101.531555,103.8762,2.3446426,92.00662,92.51076,0.50413513,103.925514,102.573944,1.3515701,54.152935,53.113815,1.0391197,36.524284,37.556477,1.0321922,25.483688,25.393755,0.089933395,53.24273,53.45324,0.21051025,28.183619,27.309433,0.87418556,16.702215,17.325844,0.6236286,30.787987,30.296377,0.49160957,37.857777,37.672623,0.18515396,85.457184,84.49953,0.95765686,68.76923,70.02856,1.2593231,98.166626,109.58577,86.252426,98.76909,98.56603,106.581856,49.81056,56.417072,34.991188,40.121765,23.866592,26.920918,51.45284,55.45364,25.57978,29.039085,16.222599,18.429089,27.540857,33.051895,36.101906,39.24334,81.741295,87.25776,68.02619,72.03092
wrDOCu7G07S5kJa1UNP7ol5UvBk_emF2JM7U3KQNJjc,df4f61e8555971579a3dc08ca84b639e,184.0,1,80.95,101.531555,102.93407,1.4025116,92.00662,90.40152,1.6051025,103.925514,102.73256,1.192955,54.152935,53.98762,0.16531372,36.524284,37.57281,1.0485268,25.483688,25.422243,0.061445236,53.24273,53.733086,0.49035645,28.183619,27.6353,0.54831886,16.702215,17.418377,0.7161617,30.787987,30.863861,0.07587433,37.857777,37.710167,0.14760971,85.457184,84.95923,0.49795532,68.76923,69.73545,0.96621704,97.224495,108.64364,84.14319,96.65985,98.72465,106.74047,50.684364,57.29088,35.007523,40.1381,23.89508,26.949406,51.732685,55.733486,25.905647,29.364952,16.315132,18.521622,28.108341,33.61938,36.13945,39.280884,82.201,87.71746,67.733086,71.737816
wrDOCu7G07S5kJa1UNP7ol5UvBk_emF2JM7U3KQNJjc,a4aaa5131bd7c19cb6c49f5450d612bc,184.0,1,80.95,101.531555,102.72541,1.1938553,92.00662,90.42421,1.5824127,103.925514,103.560974,0.3645401,54.152935,54.93805,0.7851143,36.524284,38.238445,1.7141609,25.483688,25.464518,0.019170761,53.24273,53.92175,0.6790199,28.183619,27.375687,0.8079319,16.702215,17.124989,0.42277336,30.787987,30.738153,0.049833298,37.857777,37.362896,0.49488068,85.457184,85.56076,0.10357666,68.76923,69.288475,0.51924133,97.01584,108.43498,84.16588,96.68254,99.55306,107.568886,51.634792,58.241306,35.673157,40.803734,23.937355,26.99168,51.92135,55.92215,25.646034,29.10534,16.021744,18.228233,27.982634,33.493675,35.79218,38.933613,82.80253,88.31899,67.28611,71.29084
wrDOCu7G07S5kJa1UNP7ol5UvBk_emF2JM7U3KQNJjc,0dc528625358e346f87979bd8d343757,184.0,1,80.95,101.531555,103.52984,1.9982834,92.00662,92.54183,0.53520966,103.925514,103.21533,0.7101822,54.152935,53.264393,0.8885422,36.524284,37.29204,0.7677574,25.483688,25.39008,0.093608856,53.24273,54.74243,1.4997025,28.183619,26.991339,1.1922798,16.702215,17.249834,0.54761887,30.787987,29.831348,0.95663834,37.857777,37.63374,0.22403717,85.457184,86.524185,1.0670013,68.76923,70.048096,1.278862,97.82027,109.23941,86.2835,98.80016,99.20742,107.22324,49.961136,56.56765,34.726753,39.85733,23.862917,26.917242,52.74203,56.742832,25.261686,28.720991,16.14659,18.353079,27.075829,32.58687,36.063023,39.204456,83.76595,89.28242,68.04573,72.05046
-QVnfQ26qAbPK2NBge_b9gErXDn4CdOYWdc4fILEjjQ,dff3637a8300a43b463a162f2171bf0e,158.3,0,58.1,89.473976,88.84575,0.62822723,77.15233,76.98453,0.1678009,94.8722,96.09771,1.2255096,51.796165,51.321564,0.47460175,35.65148,36.117542,0.46606064,22.110947,22.307762,0.19681549,42.741238,44.947716,2.206478,23.593948,23.506517,0.087430954,15.868992,15.134787,0.73420525,27.424707,26.727846,0.69686127,31.470802,31.955397,0.48459435,70.5487,71.251175,0.7024765,58.753235,58.309425,0.4438095,83.13618,94.55532,70.7262,83.24286,92.0898,100.10562,48.018307,54.62482,33.552254,38.68283,20.7806,23.834925,42.947315,46.948116,21.776865,25.23617,14.031542,16.238031,23.972326,29.483366,30.38468,33.526115,68.49294,74.00941,56.30706,60.31179
o9nOvUoHnwP2VDsgiu6eWZT9-w2k3xcdrXzS_3USI6c,a70a3356764485b50ac9f27e7d344cc8,179.5,1,77.4,102.65789,100.782845,1.8750458,85.886406,88.596085,2.7096786,101.013054,100.64901,0.3640442,52.773056,53.386986,0.61392975,38.407738,38.541542,0.13380432,24.753172,25.280718,0.5275459,51.94393,50.787598,1.1563339,26.934702,27.119455,0.18475342,16.775236,16.968195,0.19295883,31.70391,30.291653,1.4122581,38.53317,37.153057,1.3801117,78.17111,79.70439,1.5332794,70.57102,68.69983,1.8711929,95.07327,106.49242,82.33775,94.854416,96.6411,104.65692,50.08373,56.690243,35.976254,41.10683,23.753555,26.80788,48.787197,52.788,25.389803,28.849108,15.86495,18.07144,27.536133,33.047173,35.58234,38.723774,76.94616,82.46262,66.697464,70.702194
o9nOvUoHnwP2VDsgiu6eWZT9-w2k3xcdrXzS_3USI6c,5e6b16ae4efccbe326b14cd2704425d4,179.5,1,77.4,102.65789,102.450714,0.20717621,85.886406,93.145355,7.2589493,101.013054,102.06844,1.0553894,52.773056,52.503517,0.26953888,38.407738,38.265507,0.14223099,24.753172,25.266933,0.5137615,51.94393,51.978527,0.03459549,26.934702,26.50951,0.42519188,16.775236,17.023825,0.24858856,31.70391,29.140024,2.5638866,38.53317,37.016296,1.5168724,78.17111,81.69727,3.5261612,70.57102,69.061325,1.509697,96.74114,108.160286,86.887024,99.40369,98.06053,106.076355,49.20026,55.806774,35.70022,40.830795,23.73977,26.794096,49.978127,53.978928,24.779858,28.239162,15.92058,18.12707,26.384504,31.895544,35.44558,38.587013,78.93904,84.455505,67.05896,71.06369
FwKn-jm3nCeeL0h6WpYdyUgAQd9jn1r7V1DlVSacAFQ,67a787b86f62c92e8a90ae07670a61d6,159.6,0,58.9,94.01924,94.36501,0.3457718,80.23254,80.00047,0.2320633,92.55611,94.15681,1.6007004,48.83685,49.432037,0.59518814,37.488953,34.23247,3.2564812,23.140886,21.919945,1.2209415,47.6834,46.526188,1.1572113,24.418983,24.202873,0.21611023,16.65529,15.388886,1.2664042,27.363503,27.479849,0.11634636,32.033848,32.931507,0.8976593,74.64803,74.095,0.5530319,58.941853,57.74765,1.1942024,88.65544,100.074585,73.74214,86.258804,90.148895,98.16472,46.12878,52.735294,31.667183,36.79776,20.392782,23.447107,44.525787,48.52659,22.47322,25.932526,14.285642,16.49213,24.724329,30.235369,31.36079,34.502224,71.33677,76.85323,55.745285,59.750015
TLI5z5j7y9XIr6a-acw6-gcpuKN6bHj9IOq0Z4CdvN0,39e53280407bbb0f2d4ed5c55c539ea7,167.0,0,63.8,97.998474,93.69056,4.3079147,82.23104,82.0678,0.16323853,100.763405,99.65767,1.1057358,49.894756,52.444885,2.550129,33.565586,35.68764,2.122055,22.793873,22.814129,0.020256042,47.306778,48.167553,0.860775,24.958622,24.323215,0.6354065,15.973859,15.667955,0.30590343,25.841995,27.75837,1.9163742,31.436447,33.00659,1.5701447,77.67524,77.229195,0.44604492,61.042263,61.10609,0.063827515,87.98099,99.40013,75.80947,88.32613,95.64976,103.66558,49.14163,55.748142,33.122353,38.25293,21.286966,24.341291,46.167152,50.167953,22.593563,26.052868,14.564711,16.7712,25.00285,30.51389,31.435875,34.57731,74.47096,79.98743,59.103725,63.108456
TLI5z5j7y9XIr6a-acw6-gcpuKN6bHj9IOq0Z4CdvN0,710d138752c3e2deebeac40b7609b5f5,167.0,0,63.8,97.998474,94.48304,3.5154343,82.23104,82.56501,0.33396912,100.763405,98.58157,2.1818314,49.894756,51.48147,1.5867119,33.565586,35.1031,1.5375137,22.793873,22.745205,0.048667908,47.306778,48.61798,1.311203,24.958622,24.42192,0.5367012,15.973859,15.778848,0.19501114,25.841995,27.71858,1.876585,31.436447,33.273415,1.8369675,77.67524,77.85946,0.18421936,61.042263,60.983967,0.058296204,88.77347,100.19261,76.30668,88.82334,94.57366,102.589485,48.17821,54.784725,32.53781,37.66839,21.218042,24.272367,46.61758,50.61838,22.692268,26.151573,14.675603,16.882092,24.96306,30.4741,31.702698,34.84413,75.10123,80.61769,58.9816,62.986332
lIMBdxq-hL2x3khzzweWS3Utwae_OMRtc6VCQFBZzok,826cefa32b40fd8a862045fc4216456c,174.5,1,73.4,98.98477,98.748955,0.23581696,79.904236,85.26038,5.356148,96.34336,98.07547,1.7321091,53.87956,52.274323,1.605236,38.453583,38.000683,0.45289993,24.957159,24.97607,0.018911362,49.82933,50.635883,0.8065529,27.054688,26.844294,0.2103939,17.558033,16.831324,0.72670937,31.765083,29.881582,1.883501,36.949406,36.9935,0.044094086,79.50123,78.92558,0.57564545,64.30718,67.27219,2.965004,93.03938,104.45853,79.00205,91.518715,94.06756,102.08338,48.971066,55.57758,35.435394,40.56597,23.448908,26.503233,48.635483,52.636284,25.114641,28.573946,15.728079,17.934568,27.126062,32.6371,35.422783,38.564217,76.16735,81.683815,65.26982,69.27455
lIMBdxq-hL2x3khzzweWS3Utwae_OMRtc6VCQFBZzok,9df089dd0b612c64a7390cb7455c5ce3,174.5,1,73.4,98.98477,99.81262,0.82785034,79.904236,86.032364,6.128128,96.34336,98.24253,1.8991699,53.87956,52.25034,1.629219,38.453583,37.395374,1.0582085,24.957159,24.660166,0.29699326,49.82933,50.889004,1.0596733,27.054688,26.88621,0.16847801,17.558033,16.668104,0.8899288,31.765083,30.106636,1.6584473,36.949406,37.092052,0.14264679,79.50123,79.37001,0.13121796,64.30718,67.14152,2.8343353,94.10305,105.522194,79.77403,92.290695,94.23462,102.25044,48.947083,55.553596,34.830086,39.960663,23.133003,26.187328,48.888603,52.889404,25.156557,28.615862,15.564859,17.771349,27.351116,32.862156,35.521336,38.66277,76.61178,82.12824,65.13915,69.14388
a-HTa9SAriNkAGXwse-2uoHH41eWrPaygLHxsSLhZRw,cfaadd66d30e20626afb6ca73f622f57,179.5,1,76.9,99.005,101.73164,2.7266464,88.703064,88.11605,0.58701324,100.129684,100.61215,0.48246765,53.75299,53.27372,0.47927094,36.179367,37.345974,1.1666069,25.808897,25.097837,0.7110596,52.441624,52.962715,0.52109146,27.920645,27.54741,0.3732357,17.413706,17.26856,0.14514542,31.907537,30.828548,1.078989,36.73626,37.45407,0.7178116,81.59926,83.438286,1.8390274,67.99104,68.145386,0.15434265,96.02207,107.441216,81.85772,94.37438,96.60424,104.62006,49.970463,56.576977,34.780685,39.911263,23.570675,26.625,50.962315,54.963116,25.817757,29.277061,16.165316,18.371805,28.073029,33.58407,35.883354,39.024788,80.68005,86.19652,66.14302,70.14775
a-HTa9SAriNkAGXwse-2uoHH41eWrPaygLHxsSLhZRw,4db96a88656c756c419dd43d964e721a,179.5,1,76.9,99.005,102.11007,3.105072,88.703064,87.48963,1.2134323,100.129684,99.638016,0.4916687,53.75299,53.07917,0.6738205,36.179367,37.731995,1.5526276,25.808897,25.263258,0.54563904,52.441624,52.723743,0.28211975,27.920645,27.748203,0.17244148,17.413706,17.237717,0.17598915,31.907537,31.0822,0.82533836,36.73626,37.664577,0.928318,81.59926,83.03238,1.4331207,67.99104,68.0599,0.068855286,96.4005,107.81964,81.2313,93.74796,95.630104,103.64593,49.775913,56.382427,35.166706,40.297283,23.736095,26.79042,50.723343,54.724144,26.01855,29.477856,16.134472,18.340961,28.32668,33.83772,36.09386,39.235294,80.27415,85.79061,66.05753,70.06226
a-HTa9SAriNkAGXwse-2uoHH41eWrPaygLHxsSLhZRw,62be0774eb853d54bd5d2782fb59a2b7,179.5,1,76.9,99.005,101.68247,2.677475,88.703064,89.117004,0.41394043,100.129684,100.89838,0.768692,53.75299,53.226418,0.5265732,36.179367,37.814728,1.6353607,25.808897,25.209955,0.5989418,52.441624,53.097923,0.6562996,27.920645,27.136356,0.7842884,17.413706,17.039982,0.37372398,31.907537,30.245398,1.6621399,36.73626,37.303898,0.5676384,81.59926,83.67303,2.0737686,67.99104,68.20156,0.21051788,95.9729,107.392044,82.85867,95.375336,96.890465,104.90629,49.92316,56.529675,35.24944,40.380016,23.682793,26.737118,51.097523,55.098324,25.406704,28.866009,15.936737,18.143227,27.489878,33.000916,35.73318,38.874615,80.914795,86.43126,66.199196,70.203926
KzVubtjZ59Pk0KE1g03Exy5v9B9VfsKWtn1oiNfoguQ,5115eeef0bec5a85c2f4d9a1b272d969,165.3,1,57.2,88.17984,87.90151,0.27832794,71.047844,72.5293,1.481453,89.294044,90.39293,1.0988846,48.0401,47.960926,0.07917404,36.549267,34.093292,2.4559746,23.222704,22.888569,0.33413506,45.948563,47.853115,1.9045525,24.610405,24.277243,0.3331623,15.076686,15.253023,0.17633724,28.39995,27.070028,1.3299217,34.83942,34.595455,0.24396515,71.94011,74.41533,2.4752197,62.187244,63.188324,1.0010796,82.19194,93.611084,66.270966,78.78763,86.38502,94.40084,44.65767,51.264183,31.528004,36.65858,21.361406,24.415731,45.852715,49.853516,22.54759,26.006895,14.149778,16.356268,24.314508,29.825548,33.02474,36.166172,71.6571,77.17356,61.18596,65.19069
KzVubtjZ59Pk0KE1g03Exy5v9B9VfsKWtn1oiNfoguQ,63c71208563740208a188a8242d0094e,165.3,1,57.2,88.17984,88.30618,0.12634277,71.047844,73.37978,2.3319397,89.294044,90.82533,1.5312881,48.0401,48.13149,0.0913887,36.549267,34.470615,2.0786514,23.222704,22.995173,0.22753143,45.948563,47.321716,1.3731537,24.610405,24.44626,0.16414452,15.076686,15.430012,0.35332584,28.39995,27.115784,1.2841663,34.83942,34.577354,0.2620659,71.94011,73.62551,1.6854019,62.187244,63.508293,1.3210487,82.59661,94.015755,67.12145,79.638115,86.81742,94.833244,44.82823,51.434746,31.905327,37.035904,21.46801,24.522335,45.321316,49.322117,22.716608,26.175913,14.326767,16.533257,24.360264,29.871304,33.006638,36.14807,70.86728,76.38374,61.505928,65.51066
YA0piHl32MSDrXwwYSzw0xZkgZhEQ-dT0fbo7jC59FU,5eae6d5de093f311f527d328a2ac2073,153.2,0,45.2,78.264694,80.94341,2.6787186,69.072205,69.951675,0.8794708,86.181885,89.026924,2.8450394,45.696228,46.27128,0.57505035,32.350647,33.196377,0.8457298,22.878912,21.041384,1.8375282,44.211468,44.255955,0.044487,21.20076,21.02668,0.1740799,13.483371,14.040543,0.5571718,24.270567,23.093168,1.1773987,29.64759,30.367874,0.7202835,70.629845,69.994316,0.63552856,55.556377,56.0379,0.4815216,75.23384,86.652985,63.693344,76.21001,85.01901,93.034836,42.96802,49.574535,30.631088,35.761665,19.514221,22.568546,42.255554,46.256355,19.297028,22.756332,12.937298,15.143787,20.337648,25.848688,28.797157,31.938591,67.236084,72.75255,54.035534,58.040264
o7s58PUTsT5yQd8DXsSetqhtl2BHn-coxbDQIC4PKL0,dbac0bd1e48efdbb223d8998cfd92055,151.0,0,44.7,84.76985,84.675385,0.09446716,70.40609,71.4433,1.0372086,87.796135,87.41524,0.38089752,44.41133,44.816154,0.4048233,30.80543,31.346869,0.54143906,21.003836,20.532259,0.4715767,44.674614,44.30941,0.36520386,20.349531,21.613512,1.2639809,13.76465,14.26086,0.4962101,23.803041,23.837214,0.034172058,30.582237,30.767435,0.18519783,71.533424,70.37089,1.1625366,53.951084,54.831303,0.8802185,78.96581,90.38496,65.18497,77.70163,83.407326,91.42315,41.512897,48.11941,28.78158,33.912155,19.005096,22.059422,42.30901,46.30981,19.88386,23.343164,13.157616,15.364105,21.081694,26.592733,29.196718,32.33815,67.612656,73.12912,52.828938,56.833668
USmhBn8O9THhhyAypEL9u68iMWV7Qmy7TR-1EV_jZZQ,8ec5dea2e4ac73b13cb909374f32a31c,165.6,0,62.1,95.09279,95.685814,0.5930252,83.70522,85.26038,1.5551605,97.60537,99.13437,1.5289993,48.440926,50.988434,2.5475082,33.130726,34.80928,1.6785545,21.655945,22.460316,0.8043709,47.604305,48.2383,0.63399506,24.189571,23.877007,0.31256485,16.16528,15.569547,0.5957327,26.369856,27.16552,0.79566383,33.31106,32.864468,0.44659424,76.43897,77.41259,0.97361755,60.189167,60.348915,0.15974808,89.97624,101.395386,79.00205,91.518715,95.12646,103.14228,47.685177,54.29169,32.24399,37.37457,20.933153,23.987478,46.2379,50.2387,22.147354,25.606659,14.466302,16.67279,24.41,29.92104,31.29375,34.435184,74.65436,80.17082,58.34655,62.35128
USmhBn8O9THhhyAypEL9u68iMWV7Qmy7TR-1EV_jZZQ,0317be5e1d9beb8f272d4c3d83a8e516,165.6,0,62.1,95.09279,92.67889,2.4139023,83.70522,81.11919,2.5860367,97.60537,97.72414,0.118766785,48.440926,51.2656,2.8246727,33.130726,35.630424,2.4996986,21.655945,22.63952,0.9835758,47.604305,47.882984,0.2786789,24.189571,23.950022,0.23954964,16.16528,15.542374,0.62290573,26.369856,27.006367,0.63651085,33.31106,32.72502,0.5860405,76.43897,76.63561,0.19664001,60.189167,60.260986,0.071819305,86.969315,98.38846,74.860855,87.37752,93.716225,101.73205,47.96234,54.568855,33.065136,38.195713,21.112358,24.166683,45.882584,49.883385,22.22037,25.679674,14.439129,16.645618,24.250847,29.761887,31.154305,34.29574,73.87738,79.393845,58.25862,62.26335
TH0MiV9KcajD00Dm4oCUNaMx14p36PTQyxhJcUUN3Cg,d0f44a2c41ecbdb7c4bc2b3e31457b79,164.8,0,61.55,90.40472,94.258224,3.853508,84.04014,83.25848,0.781662,98.581505,99.043465,0.46195984,51.512848,51.420174,0.092674255,33.64915,33.929375,0.28022385,21.749308,22.068823,0.31951523,48.138157,48.470196,0.33203888,23.982063,23.74179,0.24027252,15.666235,15.356573,0.30966187,28.805433,27.326664,1.4787693,33.49126,32.633846,0.85741425,76.92793,77.72833,0.8003998,60.189342,59.599068,0.5902748,88.54865,99.9678,77.000145,89.51681,95.03555,103.05138,48.116917,54.72343,31.364086,36.494663,20.54166,23.595985,46.469795,50.470596,22.012138,25.471443,14.253328,16.459818,24.571144,30.082184,31.06313,34.204563,74.9701,80.486565,57.596703,61.601433
TH0MiV9KcajD00Dm4oCUNaMx14p36PTQyxhJcUUN3Cg,56acc65998847f5460fa822c858a5061,164.8,0,61.55,90.40472,93.55567,3.1509552,84.04014,81.6949,2.3452377,98.581505,98.1934,0.3881073,51.512848,51.249607,0.2632408,33.64915,33.347923,0.30122757,21.749308,21.873995,0.124687195,48.138157,48.818043,0.67988586,23.982063,23.76613,0.21593285,15.666235,15.273586,0.3926487,28.805433,27.382368,1.4230652,33.49126,32.810833,0.68042755,76.92793,78.023285,1.0953522,60.189342,59.44275,0.7465935,87.8461,99.26524,75.43657,87.95323,94.185486,102.20131,47.94635,54.552864,30.782635,35.91321,20.346832,23.401157,46.817642,50.818443,22.036478,25.495783,14.1703415,16.376831,24.626848,30.137888,31.240116,34.38155,75.26505,80.78152,57.440384,61.445114
TH0MiV9KcajD00Dm4oCUNaMx14p36PTQyxhJcUUN3Cg,4d7fb694d2ed6e38495a7ebed04a8f2f,164.8,0,61.55,90.40472,93.915375,3.5106583,84.04014,81.81265,2.2274857,98.581505,97.59638,0.9851227,51.512848,51.13501,0.37783813,33.64915,34.7134,1.064251,21.749308,22.329819,0.5805111,48.138157,48.63842,0.5002632,23.982063,23.99194,0.009876251,15.666235,15.437356,0.22887897,28.805433,27.352526,1.4529076,33.49126,32.83765,0.6536102,76.92793,77.912025,0.9840927,60.189342,59.369473,0.81987,88.2058,99.62495,75.55432,88.070984,93.58847,101.604294,47.831753,54.438267,32.148113,37.27869,20.802656,23.856981,46.63802,50.63882,22.262287,25.721592,14.334111,16.5406,24.597006,30.108046,31.266933,34.408367,75.15379,80.67026,57.367107,61.371838
ONExtjPuO-BP4G0Mxy8Hnm5snWhuR8xoomIwRPxkGXc,a6f1b3b949b828d57a3f0b0d19ca116a,153.0,0,53.6,85.57724,87.687935,2.110695,73.502144,76.23218,2.7300339,98.95424,96.07806,2.8761826,51.171524,51.055058,0.11646652,32.81677,34.447422,1.6306534,22.387741,21.497206,0.89053535,44.997475,44.469772,0.52770233,23.442034,22.662779,0.7792549,15.214323,14.667713,0.5466099,26.398945,26.248396,0.15054893,31.085949,31.15359,0.067640305,72.00173,70.52249,1.4792404,56.4621,56.453125,0.008975983,81.97836,93.39751,69.97385,82.49051,92.070145,100.08597,47.7518,54.358315,31.882133,37.01271,19.970043,23.024368,42.46937,46.470173,20.933126,24.392431,13.564468,15.770958,23.492876,29.003916,29.582872,32.724304,67.76426,73.28072,54.45076,58.45549
TjUvH8GaZcADOnXQwNaajoaDp6G_sEk-R_cEFXjm-Oc,379e35b7f752d15298982e6dbb21fec7,183.0,1,70.7,99.3037,96.866104,2.4375992,81.632034,80.92946,0.7025757,98.257996,96.57434,1.6836548,48.00798,50.50339,2.495411,33.75533,34.928352,1.1730232,25.156052,24.588713,0.56733894,52.41611,53.402927,0.9868164,25.626293,26.294983,0.6686897,16.833294,16.59136,0.24193382,28.152428,29.118141,0.9657135,35.548347,37.079983,1.5316353,81.2758,84.16697,2.8911667,70.78518,68.9563,1.8288803,91.15653,102.575676,74.67113,87.18779,92.56643,100.58225,47.200134,53.80665,32.363064,37.49364,23.06155,26.115875,51.402527,55.403328,24.56533,28.024635,15.488115,17.694605,26.362621,31.873661,35.509266,38.6507,81.40874,86.9252,66.95393,70.958664
TjUvH8GaZcADOnXQwNaajoaDp6G_sEk-R_cEFXjm-Oc,b24a701eb42017ef3df23f8621047ace,183.0,1,70.7,99.3037,96.52607,2.7776337,81.632034,82.66968,1.0376434,98.257996,97.64061,0.61738586,48.00798,50.37014,2.3621597,33.75533,35.28712,1.5317917,25.156052,24.720589,0.43546295,52.41611,53.588448,1.1723366,25.626293,25.742294,0.11600113,16.833294,16.550968,0.28232574,28.152428,28.301481,0.14905357,35.548347,36.618744,1.0703964,81.2758,84.700035,3.4242325,70.78518,68.905,1.8801804,90.8165,102.23564,76.41135,88.92801,93.6327,101.64852,47.066883,53.673397,32.721832,37.85241,23.193426,26.247751,51.588047,55.58885,24.012642,27.471947,15.447723,17.654213,25.545961,31.057001,35.048027,38.18946,81.9418,87.45827,66.90263,70.907364
TjUvH8GaZcADOnXQwNaajoaDp6G_sEk-R_cEFXjm-Oc,e5fc62e29d6616d33202530f915b343f,183.0,1,70.7,99.3037,97.05439,2.2493134,81.632034,83.35007,1.7180328,98.257996,97.463715,0.794281,48.00798,50.340824,2.3328438,33.75533,35.08918,1.3338509,25.156052,24.529898,0.62615395,52.41611,53.091637,0.67552567,25.626293,25.922129,0.2958355,16.833294,16.536924,0.29636955,28.152428,28.610836,0.45840836,35.548347,36.635506,1.0871582,81.2758,83.91267,2.6368637,70.78518,68.68762,2.097557,91.34482,102.76396,77.091736,89.6084,93.4558,101.47163,47.037567,53.64408,32.52389,37.65447,23.002735,26.05706,51.091236,55.092037,24.192476,27.651781,15.43368,17.64017,25.855316,31.366356,35.06479,38.206223,81.154434,86.6709,66.68526,70.68999
TjUvH8GaZcADOnXQwNaajoaDp6G_sEk-R_cEFXjm-Oc,2b15f65572c29a57ca0c454f7c22889f,183.0,1,70.7,99.3037,97.81315,1.4905548,81.632034,85.36506,3.7330246,98.257996,98.42434,0.16634369,48.00798,50.45542,2.447441,33.75533,34.931446,1.176117,25.156052,24.44512,0.7109318,52.41611,53.355762,0.9396515,25.626293,25.778801,0.15250778,16.833294,16.467892,0.36540222,28.152428,28.452679,0.300251,35.548347,36.74612,1.197773,81.2758,84.1523,2.8764954,70.78518,68.8586,1.9265823,92.10358,103.52272,79.10673,91.62339,94.41643,102.43225,47.152164,53.75868,32.366158,37.496735,22.917957,25.972282,51.355362,55.356163,24.049149,27.508453,15.364647,17.571136,25.697159,31.208199,35.175404,38.316837,81.394066,86.91053,66.85623,70.86096
TjUvH8GaZcADOnXQwNaajoaDp6G_sEk-R_cEFXjm-Oc,c0785f901e610cb6248d3e03c38d72db,183.0,1,70.7,99.3037,96.00056,3.3031464,81.632034,81.74069,0.10865784,98.257996,97.64061,0.61738586,48.00798,50.996426,2.9884453,33.75533,35.758778,2.0034485,25.156052,24.791811,0.36424065,52.41611,53.17339,0.75727844,25.626293,25.991426,0.3651333,16.833294,16.624866,0.20842743,28.152428,28.680468,0.52803993,35.548347,36.576508,1.0281601,81.2758,84.04471,2.7689056,70.78518,68.624115,2.1610641,90.290985,101.71013,75.48236,87.99902,93.6327,101.64852,47.69317,54.299683,33.19349,38.324066,23.264648,26.318974,51.17299,55.17379,24.261774,27.721079,15.521622,17.728111,25.924948,31.435987,35.00579,38.147224,81.286476,86.80294,66.62175,70.62648
TjUvH8GaZcADOnXQwNaajoaDp6G_sEk-R_cEFXjm-Oc,6cb5611320f19a823ffed4e9adcd6fce,183.0,1,70.7,99.3037,97.36913,1.9345703,81.632034,83.21922,1.5871887,98.257996,97.32613,0.9318619,48.00798,50.01835,2.0103683,33.75533,34.555668,0.80033875,25.156052,24.470163,0.6858883,52.41611,53.862007,1.4458961,25.626293,26.007315,0.3810215,16.833294,16.66565,0.1676445,28.152428,28.57801,0.4255829,35.548347,36.938526,1.3901787,81.2758,84.84675,3.5709457,70.78518,68.86836,1.9168167,91.65956,103.078705,76.96089,89.477554,93.31822,101.334045,46.71509,53.321606,31.99038,37.120956,22.943,25.997326,51.861607,55.862408,24.277662,27.736967,15.562405,17.768894,25.82249,31.33353,35.36781,38.509243,82.08852,87.60498,66.866,70.87073
U1ohsWBuEi2UBf804eKk5bN06_uDIRHjXA3rLbWQYHA,ea9debe8beab8b630b995ed885f4cbd0,157.1,0,48.0,81.1351,82.719475,1.5843735,70.99903,69.31055,1.6884842,86.97566,88.18177,1.2061081,47.40567,46.058075,1.3475952,31.593536,33.072662,1.479126,20.711369,21.254591,0.5432224,44.85261,44.52008,0.33253098,24.676687,22.016453,2.6602345,15.094988,14.450334,0.6446543,25.751411,24.11971,1.6317005,30.979977,31.148228,0.16825104,71.94258,70.53227,1.4103088,54.633728,57.10283,2.469101,77.0099,88.42905,63.052216,75.56888,84.17386,92.18968,42.754818,49.361332,30.507374,35.63795,19.727428,22.781754,42.51968,46.52048,20.2868,23.746105,13.347089,15.553578,21.364191,26.87523,29.57751,32.718945,67.77404,73.290504,55.100464,59.105194
U1ohsWBuEi2UBf804eKk5bN06_uDIRHjXA3rLbWQYHA,3055000004807fa4d84ab39f82ba7844,157.1,0,48.0,81.1351,82.719475,1.5843735,70.99903,69.31055,1.6884842,86.97566,88.18177,1.2061081,47.40567,46.058075,1.3475952,31.593536,33.072662,1.479126,20.711369,21.254591,0.5432224,44.85261,44.52008,0.33253098,24.676687,22.016453,2.6602345,15.094988,14.450334,0.6446543,25.751411,24.11971,1.6317005,30.979977,31.148228,0.16825104,71.94258,70.53227,1.4103088,54.633728,57.10283,2.469101,77.0099,88.42905,63.052216,75.56888,84.17386,92.18968,42.754818,49.361332,30.507374,35.63795,19.727428,22.781754,42.51968,46.52048,20.2868,23.746105,13.347089,15.553578,21.364191,26.87523,29.57751,32.718945,67.77404,73.290504,55.100464,59.105194
GFy9ZiAZQPteKzU20LglQEdnXUvL6Y3Ho1ScbVkm9xg,cb9695efedf5365b12a1d1e1c5fed7eb,157.0,0,56.2,93.755745,90.63304,3.1227036,75.24402,77.79575,2.551735,91.39756,94.09784,2.7002792,50.098686,49.330765,0.76792145,33.376644,32.918022,0.45862198,22.163666,21.12777,1.0358963,44.233162,45.49169,1.2585297,23.902485,23.076534,0.8259506,14.616485,14.639807,0.023322105,27.082834,26.411528,0.6713066,31.918638,32.014393,0.09575462,72.832375,72.18037,0.65200806,56.1848,57.03444,0.8496399,84.92347,96.34261,71.53742,84.054085,90.08993,98.10575,46.027508,52.63402,30.352734,35.48331,19.600607,22.654932,43.49129,47.492092,21.346882,24.806187,13.536562,15.743052,23.656008,29.167048,30.443676,33.58511,69.422134,74.9386,55.032074,59.036804
6XXC8kAL9hpfWmFp9iu2TtzspgLOeQBVEwfEPIRVs0A,89a035d2bbcb20c396b8abbdcb7590a6,171.5,1,70.4,103.813644,100.65006,3.1635818,90.166595,87.52235,2.644249,99.94906,97.999306,1.9497528,52.742287,51.50412,1.2381668,36.000095,35.630424,0.36967087,24.685688,23.72899,0.95669746,49.35843,49.82542,0.46699142,29.88968,26.712713,3.1769676,18.17371,16.40198,1.7717304,31.47505,30.289663,1.1853867,37.572727,36.60869,0.96403885,77.27845,77.9967,0.71824646,65.830284,65.51939,0.31089783,94.94049,106.359634,81.264015,93.78068,93.991394,102.00722,48.200863,54.807377,33.065136,38.195713,22.201828,25.256153,47.82502,51.82582,24.98306,28.442366,15.298735,17.505224,27.534143,33.04518,35.03797,38.179405,75.238464,80.75493,63.51702,67.52175
6XXC8kAL9hpfWmFp9iu2TtzspgLOeQBVEwfEPIRVs0A,900e5bf48e46a1bd3af11a87cbee8544,171.5,1,70.4,103.813644,98.78268,5.0309677,90.166595,85.407585,4.7590103,99.94906,98.210594,1.7384644,52.742287,52.77802,0.03573227,36.000095,37.562855,1.5627594,24.685688,24.391014,0.29467392,49.35843,49.12501,0.23341751,29.88968,26.63585,3.25383,18.17371,16.331844,1.8418655,31.47505,30.277477,1.1975727,37.572727,36.338512,1.2342148,77.27845,77.019516,0.25893402,65.830284,65.687614,0.14266968,93.073105,104.49225,79.149254,91.66592,94.20268,102.218506,49.474762,56.081276,34.997566,40.128143,22.863852,25.918177,47.12461,51.125412,24.906199,28.365503,15.2286,17.43509,27.521957,33.032997,34.767796,37.90923,74.261284,79.77775,63.68525,67.68998
Qdp6TYwkdxbX5uoZpl2PtFjq4Vq5PnUV4j5xrz-ZQ6Y,37140eae3b9ac0402d0a89c08cbd64f6,163.0,0,60.2,94.99752,93.06107,1.9364471,79.62484,82.44725,2.8224106,97.323105,97.33596,0.01285553,51.311577,50.61266,0.6989174,36.493034,34.832478,1.6605568,22.95701,22.177265,0.7797451,47.218834,47.71948,0.5006447,24.057896,23.48218,0.575716,15.715463,15.175913,0.5395498,26.611301,26.594555,0.016746521,32.437347,32.548035,0.110687256,75.4897,76.13678,0.64707947,58.162083,59.33039,1.1683083,87.3515,98.770645,76.18892,88.70558,93.32805,101.34387,47.309402,53.915916,32.26719,37.397766,20.650103,23.704428,45.719078,49.71988,21.752527,25.211832,14.072668,16.279158,23.839035,29.350075,30.977318,34.11875,73.37855,78.89501,57.328026,61.332756
Qdp6TYwkdxbX5uoZpl2PtFjq4Vq5PnUV4j5xrz-ZQ6Y,7c14378a338577abdb321062ef333add,163.0,0,60.2,94.99752,93.403915,1.593605,79.62484,83.00987,3.3850327,97.323105,96.353226,0.96987915,51.311577,49.669228,1.6423492,36.493034,34.72732,1.7657127,22.95701,22.252623,0.70438766,47.218834,47.406612,0.18777847,24.057896,23.55249,0.5054054,15.715463,15.220711,0.49475193,26.611301,26.391634,0.21966743,32.437347,32.859104,0.42175674,75.4897,75.46922,0.020477295,58.162083,59.977657,1.8155746,87.69434,99.11349,76.75154,89.2682,92.345314,100.36114,46.36597,52.972485,32.162033,37.29261,20.72546,23.779785,45.40621,49.407013,21.822838,25.282143,14.117466,16.323956,23.636114,29.147154,31.288387,34.42982,72.71099,78.227455,57.975292,61.980022
Qdp6TYwkdxbX5uoZpl2PtFjq4Vq5PnUV4j5xrz-ZQ6Y,c1d4ee421d657cb49359a302aa7f1c6f,163.0,0,60.2,94.99752,92.95991,2.037613,79.62484,82.52576,2.900917,97.323105,97.68974,0.36663818,51.311577,50.852516,0.45906067,36.493034,34.96392,1.5291138,22.95701,22.225052,0.7319584,47.218834,47.838966,0.62013245,24.057896,23.48218,0.575716,15.715463,15.193538,0.521925,26.611301,26.592566,0.018735886,32.437347,32.537308,0.09996033,75.4897,76.31895,0.8292465,58.162083,59.44275,1.2806664,87.250336,98.66948,76.267426,88.78409,93.68183,101.697655,47.54926,54.155773,32.398632,37.52921,20.69789,23.752214,45.838566,49.839367,21.752527,25.211832,14.090293,16.296783,23.837046,29.348085,30.96659,34.108025,73.560715,79.07718,57.440384,61.445114
I8BI3wv3aghDCeaSa36TdxzoN8tuvQBE0v4X0ts5EX8,b9c864d63fac7d3062c58698d31d52f5,164.2,0,61.0,88.218124,92.847496,4.6293716,75.05045,80.90329,5.8528366,101.16886,99.5594,1.6094589,55.333138,52.57281,2.7603264,36.07043,34.476803,1.5936279,22.331944,22.116611,0.21533203,45.898396,47.890846,1.9924507,23.793848,23.940557,0.14670944,15.316087,15.308103,0.007984161,27.723003,27.730516,0.0075130463,32.39493,32.598988,0.20405579,74.420044,76.63683,2.2167892,60.983,59.91171,1.0712929,87.137924,98.55707,74.64496,87.16162,95.55149,103.567314,49.269554,55.87607,31.911514,37.04209,20.589449,23.643774,45.890446,49.891247,22.210905,25.67021,14.204858,16.411346,24.974997,30.486036,31.02827,34.169704,73.8786,79.395065,57.909344,61.914074
I8BI3wv3aghDCeaSa36TdxzoN8tuvQBE0v4X0ts5EX8,4be82f01e709267b30fc1d3c49fedc77,164.2,0,61.0,88.218124,90.38574,2.1676178,75.05045,78.90138,3.8509293,101.16886,99.92301,1.2458496,55.333138,53.240406,2.0927315,36.07043,36.153885,0.08345413,22.331944,22.810453,0.4785099,45.898396,47.299706,1.40131,23.793848,23.9365,0.14265251,15.316087,15.608469,0.29238224,27.723003,27.451998,0.27100563,32.39493,32.464905,0.06997299,74.420044,75.42521,1.0051651,60.983,60.524776,0.45822525,84.67617,96.095314,72.64305,85.15971,95.9151,103.93092,49.93715,56.543663,33.588596,38.719173,21.28329,24.337616,45.299305,49.300106,22.206848,25.666153,14.505224,16.711714,24.696478,30.207518,30.894188,34.03562,72.66698,78.18344,58.52241,62.52714
I8BI3wv3aghDCeaSa36TdxzoN8tuvQBE0v4X0ts5EX8,5eee070222ae5b7fb55b19a29230fc92,164.2,0,61.0,88.218124,90.89159,2.673462,75.05045,79.12382,4.0733643,101.16886,98.905876,2.2629852,55.333138,52.748703,2.5844345,36.07043,35.749496,0.3209343,22.331944,22.634007,0.302063,45.898396,47.09218,1.1937828,23.793848,24.020334,0.2264862,15.316087,15.380074,0.06398678,27.723003,27.5833,0.13970375,32.39493,32.70357,0.30863953,74.420044,74.945946,0.5259018,60.983,60.446617,0.5363846,85.182014,96.60116,72.865486,85.38215,94.897964,102.91379,49.445446,56.05196,33.184208,38.314785,21.106844,24.16117,45.091778,49.09258,22.290682,25.749987,14.276829,16.483318,24.82778,30.33882,31.132854,34.27429,72.18771,77.70418,58.444252,62.448982
I8BI3wv3aghDCeaSa36TdxzoN8tuvQBE0v4X0ts5EX8,22b9e090e217a19f63d44dd53fe8eb67,164.2,0,61.0,88.218124,89.94735,1.7292252,75.05045,77.246216,2.1957626,101.16886,97.37527,3.7935944,55.333138,51.990494,3.3426437,36.07043,35.15104,0.91939163,22.331944,22.394148,0.06220436,45.898396,47.21009,1.3116951,23.793848,23.98653,0.19268227,15.316087,15.297087,0.019000053,27.723003,27.386347,0.33665657,32.39493,32.810833,0.41590118,74.420044,74.928825,0.50878143,60.983,60.40998,0.57302094,84.23778,95.65692,70.987885,83.50455,93.367355,101.38318,48.687237,55.29375,32.58575,37.716328,20.866985,23.92131,45.20969,49.21049,22.256878,25.716183,14.193842,16.400331,24.630827,30.141867,31.240116,34.38155,72.17059,77.68706,58.407616,62.412346
I8BI3wv3aghDCeaSa36TdxzoN8tuvQBE0v4X0ts5EX8,53c37341773eec8083686f77b668b4ec,164.2,0,61.0,88.218124,89.84618,1.6280594,75.05045,78.37147,3.3210144,101.16886,99.08523,2.0836334,55.333138,52.98856,2.3445778,36.07043,35.280937,0.78949356,22.331944,22.349117,0.017173767,45.898396,47.357876,1.4594803,23.793848,23.679592,0.114255905,15.316087,15.1098175,0.20626926,27.723003,27.33661,0.3863926,32.39493,32.480995,0.086063385,74.420044,75.41543,0.9953842,60.983,60.05093,0.9320717,84.13661,95.555756,72.11314,84.6298,95.07732,103.09314,49.685303,56.291817,32.71565,37.846226,20.821955,23.87628,45.357475,49.358276,21.94994,25.409245,14.006573,16.213062,24.58109,30.09213,30.910278,34.051712,72.657196,78.17366,58.048565,62.053295
I8BI3wv3aghDCeaSa36TdxzoN8tuvQBE0v4X0ts5EX8,a767ba42a34a138eb859d4b5e628bbd5,164.2,0,61.0,88.218124,89.45275,1.2346268,75.05045,76.33685,1.2863998,101.16886,97.522675,3.6461868,55.333138,52.606125,2.7270126,36.07043,35.75723,0.3132019,22.331944,22.618383,0.2864399,45.898396,47.38303,1.4846344,23.793848,24.069012,0.27516365,15.316087,15.374198,0.05811119,27.723003,27.571363,0.15163994,32.39493,32.74111,0.34617996,74.420044,75.31762,0.8975754,60.983,60.043602,0.9393997,83.74318,95.16232,70.07852,82.595184,93.51476,101.53059,49.302868,55.90938,33.19194,38.322517,21.09122,24.145546,45.38263,49.38343,22.33936,25.798664,14.270953,16.477444,24.815844,30.326883,31.170395,34.31183,72.55939,78.07585,58.041237,62.045967
I8BI3wv3aghDCeaSa36TdxzoN8tuvQBE0v4X0ts5EX8,7a8a49ddbf3934077aa37ea9a20cfb9f,164.2,0,61.0,88.218124,91.6391,3.4209747,75.05045,80.6874,5.6369476,101.16886,101.06422,0.104644775,55.333138,53.621178,1.7119598,36.07043,35.069077,1.0013542,22.331944,22.256298,0.07564545,45.898396,47.142487,1.244091,23.793848,23.649845,0.14400291,15.316087,15.118629,0.19745731,27.723003,27.68874,0.03426361,32.39493,32.325462,0.06946945,74.420044,75.523026,1.1029816,60.983,60.23412,0.7488823,85.92953,97.34867,74.42907,86.94573,97.056305,105.07213,50.31792,56.924435,32.503788,37.634365,20.729136,23.78346,45.142086,49.142887,21.920193,25.379498,14.015385,16.221874,24.93322,30.44426,30.754745,33.89618,72.76479,78.28126,58.231754,62.236485
OkD_s5l3lVIhaNKIZPzRPwKaGobxBEXGVQ0qW86r5A0,ca15d118f47f70a78909e99cac1e5a50,152.0,0,44.9,80.46855,83.011734,2.5431824,71.44941,70.867584,0.58182526,87.03439,88.417625,1.3832321,45.153946,45.791565,0.637619,32.578117,31.65615,0.92196655,20.87356,20.409115,0.4644451,44.839245,44.149044,0.6902008,20.808674,21.27818,0.4695053,13.776617,13.852539,0.07592201,23.097218,23.650208,0.55298996,31.20451,30.555588,0.64892197,69.99267,69.969864,0.02280426,55.162445,55.212334,0.04988861,77.30216,88.721306,64.60925,77.125916,84.40971,92.42554,42.488308,49.094822,29.090862,34.22144,18.881952,21.936277,42.148643,46.149445,19.548527,23.007832,12.749294,14.955784,20.894688,26.405727,28.98487,32.126305,67.21163,72.728096,53.20997,57.2147
OkD_s5l3lVIhaNKIZPzRPwKaGobxBEXGVQ0qW86r5A0,23dd55bd20057fbe73430cad070753c0,152.0,0,44.9,80.46855,82.74196,2.273407,71.44941,70.187195,1.2622147,87.03439,87.34644,0.31204987,45.153946,45.00804,0.14590454,32.578117,31.430374,1.1477432,20.87356,20.335594,0.5379658,44.839245,43.98554,0.85370636,20.808674,21.205164,0.3964901,13.776617,13.868695,0.09207821,23.097218,23.379646,0.28242874,31.20451,30.461731,0.7427788,69.99267,69.764465,0.22820282,55.162445,54.929005,0.2334404,77.03239,88.45153,63.928864,76.445526,83.33853,91.354355,41.704784,48.3113,28.865086,33.995663,18.808432,21.862757,41.985138,45.98594,19.475512,22.934816,12.7654505,14.97194,20.624126,26.135166,28.891014,32.032448,67.00623,72.5227,52.92664,56.93137
mU1drvS29MI7Z3LXMpudK_NMTUwuBHDFilo491kDmqQ,47b9aaf4993de1965d5251ab1eab7d3d,181.5,1,69.7,92.14655,93.73553,1.588974,77.64407,79.392044,1.7479706,97.55647,96.9576,0.5988693,50.871403,51.206966,0.33556366,36.71086,37.475292,0.764431,24.037205,25.643723,1.6065178,52.397106,52.56181,0.16470337,25.18282,25.874804,0.6919842,15.68552,16.816084,1.1305637,28.686756,28.315407,0.37134933,36.3862,36.58187,0.19567108,81.35421,82.729164,1.3749542,68.48249,69.15658,0.6740875,88.025955,99.4451,73.13371,85.650375,92.94969,100.965515,47.90371,54.510223,34.910004,40.04058,24.11656,27.170885,50.56141,54.56221,24.145151,27.604456,15.712839,17.919329,25.559887,31.070927,35.011154,38.152588,79.97093,85.4874,67.15421,71.15894
mU1drvS29MI7Z3LXMpudK_NMTUwuBHDFilo491kDmqQ,c92d7b8b5d51b1edab2d7a1914ead059,181.5,1,69.7,92.14655,93.965965,1.8194122,77.64407,79.365875,1.7218018,97.55647,96.12719,1.4292831,50.871403,50.37547,0.49593353,36.71086,37.279285,0.5684242,24.037205,25.688753,1.6515484,52.397106,52.55552,0.15841293,25.18282,25.834915,0.6520958,15.68552,16.914951,1.2294312,28.686756,28.054792,0.63196373,36.3862,36.731373,0.34517288,81.35421,82.58489,1.2306824,68.48249,69.447235,0.96474457,88.25639,99.67554,73.107544,85.62421,92.11928,100.1351,47.072212,53.678726,34.713997,39.844574,24.16159,27.215916,50.55512,54.55592,24.105263,27.564568,15.811707,18.018196,25.299273,30.810312,35.160656,38.30209,79.82666,85.343124,67.44487,71.4496
mU1drvS29MI7Z3LXMpudK_NMTUwuBHDFilo491kDmqQ,97de24f3e34896bfb06bdfa2beea9816,181.5,1,69.7,92.14655,93.965965,1.8194122,77.64407,79.365875,1.7218018,97.55647,96.12719,1.4292831,50.871403,50.37547,0.49593353,36.71086,37.279285,0.5684242,24.037205,25.688753,1.6515484,52.397106,52.55552,0.15841293,25.18282,25.834915,0.6520958,15.68552,16.914951,1.2294312,28.686756,28.054792,0.63196373,36.3862,36.731373,0.34517288,81.35421,82.58489,1.2306824,68.48249,69.447235,0.96474457,88.25639,99.67554,73.107544,85.62421,92.11928,100.1351,47.072212,53.678726,34.713997,39.844574,24.16159,27.215916,50.55512,54.55592,24.105263,27.564568,15.811707,18.018196,25.299273,30.810312,35.160656,38.30209,79.82666,85.343124,67.44487,71.4496
vK1-RUhICFZPQ66-rt3Ee3pOShmpzuq2ubSV1I_hdio,f7ed1c4f124da4b91de6ee7d8bf54a2c,160.8,0,58.6,95.45561,91.1164,4.3392105,80.970604,79.54252,1.4280853,94.97169,96.10754,1.135849,48.059402,50.082314,2.022911,34.487377,34.90516,0.41778183,20.640116,22.296734,1.6566181,46.751564,46.585934,0.16563034,23.640148,23.506517,0.13363075,15.596645,15.457185,0.13946056,25.476826,26.495083,1.0182571,32.510033,32.250374,0.2596588,74.28129,74.112114,0.1691742,57.628803,58.71,1.0811958,85.40683,96.82597,73.28419,85.80085,92.099625,100.11545,46.779057,53.38557,32.33987,37.470448,20.769571,23.823896,44.585533,48.586334,21.776865,25.23617,14.35394,16.560429,23.739563,29.250603,30.679657,33.82109,71.35388,76.870346,56.707634,60.712364
i45bbTSs4418BrHmSgp2-1cYp3Yj9BI6em6C9m4yCsQ,f0b0890c8ad84bf251eee9659ce12ef0,159.1,0,49.6,89.48484,86.23786,3.2469788,71.07589,71.966675,0.8907852,88.57456,89.31192,0.7373581,43.02799,46.047413,3.0194244,32.30509,32.163372,0.14171982,22.072367,21.368547,0.7038193,46.734818,46.33438,0.4004364,22.25636,22.614101,0.3577423,14.92128,15.078973,0.15769291,23.993254,24.823967,0.8307133,31.066845,31.6336,0.5667553,74.741646,73.71109,1.0305557,57.531837,57.351967,0.1798706,80.52829,91.94743,65.70834,78.225006,85.30401,93.31983,42.744156,49.35067,29.598083,34.72866,19.841385,22.89571,44.33398,48.33478,20.884449,24.343754,13.975728,16.182217,22.068447,27.579487,30.062883,33.204315,70.95286,76.46932,55.3496,59.354332
YPz4NM-Qc1eTi_-HSz5bGAq0Fz1uc-s6OPD3FuQ1Osg,07084298bc8c61c0e470c5a22dd802ef,174.0,1,64.3,97.81305,95.37107,2.4419785,76.071884,82.02855,5.956665,94.41196,94.37792,0.03403473,48.882137,48.30738,0.5747566,35.789265,35.853107,0.06384277,23.982815,24.44868,0.4658661,51.59974,50.95425,0.64548874,25.9223,25.461046,0.46125412,16.169735,16.754488,0.58475304,28.699062,27.54749,1.1515732,36.154034,35.873795,0.2802391,79.63792,79.93425,0.2963333,66.13976,66.398994,0.25923157,89.6615,101.08064,75.77022,88.28688,90.37001,98.38583,45.004124,51.610638,33.28782,38.418396,22.921518,25.975843,48.95385,52.95465,23.731394,27.190699,15.651243,17.857733,24.79197,30.303009,34.303078,37.44451,77.17602,82.69248,64.39663,68.40136
EJ9WxsKpBR1iAQXdMdj1nrUbRPwihEfi_SGgd1NN4ac,93d361e240acb80b1cdc6fa23e8f295c,159.6,0,50.0,78.76677,84.33816,5.5713882,68.02214,71.168526,3.1463852,90.74471,89.164505,1.5802078,48.110672,46.345898,1.7647743,33.627575,32.877815,0.7497597,22.25923,21.443905,0.8153248,47.268394,46.593792,0.6746025,23.159983,22.157074,1.0029087,14.478578,14.697089,0.21851158,24.950935,24.302738,0.6481972,30.866095,31.341305,0.4752102,73.017944,74.04854,1.0305939,56.65071,56.765766,0.115055084,78.628586,90.04773,64.910194,77.42686,85.15659,93.17242,43.04264,49.649155,30.312527,35.443104,19.916742,22.971067,44.59339,48.594193,20.427422,23.886726,13.593844,15.800334,21.547218,27.058258,29.770588,32.91202,71.290306,76.80677,54.7634,58.76813
oUuBVZfCJazF-eHB_8vEqHuLJsp_EpzDzEM_ipglDEo,4d43f0c945ab8f093db84296506d244a,155.5,0,47.3,84.800255,83.416405,1.3838501,74.3623,71.82274,2.5395584,87.42253,88.56504,1.1425095,46.80153,45.626335,1.1751938,32.408073,32.87472,0.4666481,20.764593,20.98073,0.21613693,43.267887,44.366005,1.0981178,21.941252,21.375534,0.5657177,14.003663,13.986198,0.017464638,24.78277,23.463202,1.3195686,32.547882,30.853249,1.6946335,68.79389,70.42468,1.6307907,58.31083,56.40916,1.9016685,77.70683,89.12598,65.56441,78.08107,84.55713,92.57295,42.32308,48.929592,30.309433,35.44001,19.453568,22.507893,42.365604,46.366405,19.645882,23.105186,12.882954,15.089443,20.707682,26.218721,29.282532,32.423965,67.66645,73.182915,54.406796,58.411526
oUuBVZfCJazF-eHB_8vEqHuLJsp_EpzDzEM_ipglDEo,8cb03114f00c2377e4384293388d8821,155.5,0,47.3,84.800255,84.9002,0.09994507,74.3623,73.51063,0.8516693,87.42253,89.4495,2.02697,46.80153,45.86086,0.94067,32.408073,31.971619,0.43645477,20.764593,20.66827,0.09632301,43.267887,44.77163,1.5037422,21.941252,21.407986,0.53326607,14.003663,13.928916,0.074747086,24.78277,23.773552,1.0092182,32.547882,30.813023,1.7348595,68.79389,71.42234,2.6284485,58.31083,55.998817,2.3120117,79.19063,90.60977,67.2523,79.76896,85.44159,93.45741,42.557602,49.164116,29.40633,34.536907,19.141108,22.195433,42.77123,46.77203,19.678333,23.137638,12.825671,15.032161,21.018032,26.529072,29.242306,32.38374,68.66411,74.18057,53.996452,58.001183
PhWGxRdPqcxq4ZCkS_EgGaro9Nq3krfllRS9EsD7ppg,8bc89c06282105b8ec452b21643772b8,179.5,1,76.0,101.81149,100.64163,1.1698608,88.08077,90.1718,2.0910263,100.968315,102.584076,1.6157608,53.18774,53.8607,0.6729584,38.024128,37.150352,0.8737755,24.229612,24.580212,0.3505993,50.314903,51.560326,1.2454224,26.168518,26.527426,0.3589077,16.044931,16.565197,0.5202656,29.548903,29.914906,0.36600304,36.691578,36.64489,0.04668808,79.20688,81.17643,1.9695511,70.60165,68.29926,2.3023834,94.93206,106.351204,83.91347,96.43013,98.576164,106.59199,50.55744,57.163956,34.585064,39.71564,23.05305,26.107374,49.559925,53.560726,24.797773,28.257078,15.461952,17.668442,27.159386,32.670425,35.074173,38.215607,78.4182,83.93466,66.2969,70.30163
PhWGxRdPqcxq4ZCkS_EgGaro9Nq3krfllRS9EsD7ppg,dff3edcb22c1b3a4a92f7022e9678f44,179.5,1,76.0,101.81149,101.489265,0.32222748,88.08077,91.19987,3.1190948,100.968315,101.58383,0.61551666,53.18774,53.14047,0.04727173,38.024128,38.24231,0.21818161,24.229612,25.15114,0.92152786,50.314903,51.48958,1.174675,26.168518,26.574661,0.4061432,16.044931,16.757103,0.71217155,29.548903,29.541887,0.0070152283,36.691578,37.0116,0.32002258,79.20688,80.85611,1.649231,70.60165,68.97828,1.6233673,95.77969,107.19884,84.941536,97.4582,97.57592,105.59174,49.83721,56.443726,35.67702,40.8076,23.623978,26.678303,49.489178,53.48998,24.845009,28.304314,15.653858,17.860348,26.786367,32.29741,35.440884,38.582317,78.09788,83.61434,66.975914,70.980644
_FfeVbuKdnPu_iK2drIo6jQFc3BRA1yPCiK0-V51NaI,db4929a36c1f61cfc538a7bed81e65a5,183.5,1,78.9,97.541794,102.86452,5.3227234,85.31779,87.96885,2.651062,101.33446,100.31365,1.0208054,52.784554,53.38432,0.5997658,38.090443,38.487415,0.39697266,23.966017,25.862444,1.8964272,51.51582,52.38258,0.86676025,27.271948,28.28771,1.0157623,16.465763,17.736736,1.2709732,31.795904,31.557175,0.23872948,37.08487,37.97833,0.8934593,83.28992,82.92478,0.3651352,72.71694,69.72324,2.9936981,97.154945,108.57409,81.71052,94.22718,96.30574,104.32156,50.081062,56.687576,35.922127,41.052704,24.335281,27.389606,50.38218,54.38298,26.558058,30.017363,16.633492,18.839981,28.801655,34.312695,36.40761,39.549046,80.16655,85.683014,67.72088,71.72561
lf1daDsTtl1HzV9Oozra0F_D4_8v6DaFaGXiFHp7pGQ,ac7264001d460b463fdb9ee9eeb8b4fd,174.5,1,64.9,96.818565,94.62917,2.189392,83.78177,80.20328,3.5784912,94.95766,93.59665,1.3610077,46.72325,48.63252,1.9092674,35.905926,35.2531,0.6528244,24.59445,24.098946,0.49550438,50.902557,49.758995,1.1435623,25.835806,25.646292,0.18951416,16.319715,16.267952,0.051763535,28.487661,28.289545,0.1981163,36.735943,36.061634,0.6743088,80.98688,77.99853,2.98835,65.55485,66.46372,0.9088745,88.9196,100.338745,73.94495,86.46161,89.58874,97.60456,45.32926,51.935776,32.687813,37.81839,22.571783,25.626108,47.758595,51.759396,23.91664,27.375944,15.164707,17.371197,25.534025,31.045065,34.490917,37.63235,75.240295,80.75676,64.46136,68.46609
lf1daDsTtl1HzV9Oozra0F_D4_8v6DaFaGXiFHp7pGQ,0fbbd17ed0384f190e78ceb8772204dd,174.5,1,64.9,96.818565,94.29195,2.526619,83.78177,79.79766,3.984108,94.95766,94.43198,0.52568054,46.72325,49.474678,2.7514267,35.905926,34.93454,0.97138596,24.59445,23.844786,0.7496643,50.902557,50.766373,0.13618469,25.835806,25.476597,0.35920906,16.319715,16.019728,0.2999878,28.487661,28.385036,0.10262489,36.735943,35.78815,0.94779205,80.98688,79.849884,1.1369934,65.55485,65.6351,0.0802536,88.582375,100.00152,73.53933,86.05599,90.424065,98.43989,46.17142,52.777935,32.36925,37.49983,22.317623,25.371948,48.765972,52.766773,23.746944,27.20625,14.916483,17.122972,25.629517,31.140556,34.217434,37.358868,77.09165,82.608116,63.632736,67.63747
d2xqnAOrGaPfe9I4-9-7pWpEua2KD7e84_fzJ30lB4E,57c2a38be86e731055e97f858e1e62be,171.0,1,62.4,93.60049,93.22968,0.37080383,84.33421,82.49304,1.8411713,92.650085,94.382835,1.7327499,49.05518,48.15814,0.8970413,34.221638,34.472164,0.25052643,24.231659,23.21665,1.0150089,48.85408,49.596848,0.74276733,24.297266,24.129858,0.16740799,16.4248,15.455715,0.9690857,26.18327,26.53885,0.35558128,34.193867,34.78116,0.5872917,77.223885,77.91967,0.6957855,66.00999,64.57292,1.4370651,87.52011,98.939255,76.23471,88.75137,90.37492,98.39075,44.85488,51.461395,31.906876,37.037453,21.689487,24.743813,47.596447,51.597248,22.400206,25.85951,14.35247,16.55896,23.78333,29.29437,33.21044,36.351875,75.16144,80.6779,62.570557,66.57529
d2xqnAOrGaPfe9I4-9-7pWpEua2KD7e84_fzJ30lB4E,526ec397de194818976bcd2ad49991c5,171.0,1,62.4,93.60049,92.79129,0.8091965,84.33421,81.15844,3.1757736,92.650085,94.20595,1.5558624,49.05518,48.552567,0.50261307,34.221638,35.642796,1.4211578,24.231659,23.890276,0.34138298,48.85408,49.911694,1.0576134,24.297266,24.419218,0.12195206,16.4248,15.74066,0.68414116,26.18327,26.78554,0.6022701,34.193867,35.14318,0.9493141,77.223885,78.211266,0.987381,66.00999,65.22949,0.7804947,87.08172,98.50086,74.90011,87.41677,90.19804,98.21386,45.24931,51.855824,33.077507,38.208084,22.363113,25.417439,47.911293,51.912094,22.689566,26.14887,14.637415,16.843904,24.03002,29.54106,33.572464,36.713898,75.45303,80.9695,63.227127,67.23186
59bc2767681516389ccf45ec,1d6be767a44ec2394537b8bffcd4dd08,164.2,0,53.4,85.85062,85.93436,0.083740234,72.02368,74.13867,2.1149902,92.64947,93.925865,1.2763977,49.448414,49.32277,0.12564468,34.292152,34.20154,0.090610504,21.963127,21.885023,0.07810402,45.1164,46.867355,1.7509537,22.281086,22.370714,0.08962822,14.536464,14.473834,0.0626297,25.43262,25.130339,0.30228043,30.443775,31.478065,1.0342903,73.14523,75.45211,2.3068771,57.861145,58.817467,0.9563217,80.224785,91.64393,67.88034,80.397,89.91795,97.93378,46.019512,52.626026,31.636253,36.76683,20.35786,23.412186,44.866955,48.867756,20.641062,24.100367,13.370589,15.577079,22.374819,27.885859,29.907349,33.048782,72.69388,78.21034,56.8151,60.81983
59bc2767681516389ccf45ec,0d041ffd4c4773b5066c5059c7859117,164.2,0,53.4,85.85062,86.42896,0.57834625,72.02368,75.067665,3.0439835,92.64947,93.56717,0.9177017,49.448414,48.408653,1.0397606,34.292152,32.744823,1.547329,21.963127,21.465961,0.49716568,45.1164,47.216377,2.0999756,22.281086,22.13544,0.14564514,14.536464,14.366613,0.16985035,25.43262,24.923439,0.50918007,30.443775,31.601421,1.1576462,73.14523,75.747986,2.6027527,57.861145,58.837006,0.9758606,80.71939,92.138535,68.80933,81.326,89.55926,97.57508,45.105396,51.71191,30.179535,35.310112,19.938799,22.993124,45.215977,49.216778,20.405788,23.865093,13.263369,15.469858,22.16792,27.678959,30.030704,33.17214,72.98975,78.50622,56.83464,60.83937
59bc2767681516389ccf45ec,133c167e7991179d12354481c0e85027,164.2,0,53.4,85.85062,84.94517,0.9054489,72.02368,73.94241,1.9187317,92.64947,93.134766,0.48529816,49.448414,48.547237,0.90117645,34.292152,34.28814,0.0040130615,21.963127,22.085365,0.12223816,45.1164,47.2038,2.0873985,22.281086,22.19764,0.0834465,14.536464,14.617775,0.081311226,25.43262,24.577278,0.85534096,30.443775,31.577286,1.1335106,73.14523,75.523026,2.3777924,57.861145,59.17896,1.3178139,79.235596,90.65474,67.68408,80.200745,89.126854,97.14268,45.24398,51.850494,31.72285,36.853428,20.558203,23.612528,45.2034,49.2042,20.467987,23.927292,13.51453,15.72102,21.821758,27.332798,30.006569,33.148003,72.76479,78.28126,57.176594,61.181324
-fxrku1rAPX8f7w4HIrk9oRUecKAfNNFJd1xriLbB2A,7ab1e46a10302f1f0b989a41a856164b,166.5,1,65.8,97.81636,98.47917,0.6628113,90.39958,88.065346,2.3342361,97.56271,97.79293,0.23021698,50.936096,50.31417,0.62192535,34.993958,34.03762,0.956337,22.063173,22.720392,0.65721893,51.94348,49.434242,2.5092392,24.351513,25.061487,0.7099743,15.613967,15.703206,0.08923912,29.011816,28.369122,0.6426945,34.313942,35.26184,0.94789886,80.80277,77.37958,3.423195,62.23643,63.40082,1.1643906,92.7696,104.18874,81.807014,94.32368,93.78502,101.80084,47.010914,53.617428,31.472332,36.60291,21.19323,24.247555,47.43384,51.434643,23.331835,26.79114,14.599961,16.80645,25.613602,31.124641,33.691124,36.832558,74.621346,80.13781,61.398457,65.40318
-fxrku1rAPX8f7w4HIrk9oRUecKAfNNFJd1xriLbB2A,e43ae21d377ae58e7e751a7b58774aa8,166.5,1,65.8,97.81636,97.81877,0.0024108887,90.39958,86.33003,4.0695496,97.56271,98.36046,0.79774475,50.936096,51.30291,0.36681366,34.993958,34.342266,0.65169144,22.063173,22.872946,0.8097725,51.94348,49.411247,2.5322342,24.351513,25.580036,1.2285233,15.613967,15.928664,0.31469727,29.011816,29.10322,0.09140396,34.313942,35.459946,1.1460037,80.80277,77.18212,3.6206512,62.23643,63.85391,1.6174774,92.1092,103.52834,80.0717,92.58836,94.35255,102.36837,47.999653,54.606167,31.776978,36.907555,21.345783,24.400108,47.410847,51.411648,23.850384,27.309689,14.825419,17.03191,26.3477,31.85874,33.88923,37.030663,74.42389,79.94035,61.851543,65.85628
3QXMgxLgcifTE3JD5gChuT-j8lWjnEzRmQDINN_h3tM,607f57c30a95624aaaa5ba3ef2f1aa7f,180.5,1,69.8,99.0267,96.8633,2.1634064,80.51778,80.03973,0.47805023,95.4387,95.39997,0.038726807,49.014004,50.796547,1.7825432,35.020664,35.989964,0.9692993,25.077698,24.797325,0.28037262,51.782703,52.585392,0.8026886,27.302652,26.670036,0.63261604,16.994265,16.591543,0.4027214,29.454111,29.726904,0.27279282,37.919926,37.017635,0.90229034,78.95356,82.868546,3.9149857,70.94774,67.70085,3.2468872,91.153725,102.57287,73.781395,86.29806,91.39206,99.40788,47.49329,54.099804,33.424675,38.555252,23.270163,26.324488,50.58499,54.585793,24.940384,28.399689,15.488298,17.694788,26.971384,32.48242,35.44692,38.588352,80.11031,85.62678,65.69849,69.70322
3QXMgxLgcifTE3JD5gChuT-j8lWjnEzRmQDINN_h3tM,d11236767ebc8f80aa7b56623f74b130,180.5,1,69.8,99.0267,97.92556,1.1011429,80.51778,84.37392,3.8561401,95.4387,96.13211,0.6934128,49.014004,49.29079,0.2767868,35.020664,35.481968,0.4613037,25.077698,24.655571,0.42212677,51.782703,52.896687,1.1139832,27.302652,25.871424,1.4312286,16.994265,16.608252,0.38601303,29.454111,28.321375,1.1327362,37.919926,36.673046,1.2468796,78.95356,83.47741,4.5238495,70.94774,67.95487,2.9928665,92.21599,103.63513,78.115585,90.63225,92.1242,100.14002,45.987534,52.594048,32.91668,38.047256,23.128408,26.182734,50.896286,54.897087,24.141771,27.601076,15.505007,17.711496,25.565855,31.076895,35.10233,38.243763,80.71918,86.23564,65.95251,69.95724
UbixyJ3QdnK9uOm6YjoaGHrNwsTpwNaeuWEuEOs9nsc,92d1cf4eee5b3c9daf182742cfc3d874,164.7,0,60.4,88.49869,91.50421,3.0055237,80.41668,79.948135,0.468544,97.381195,97.65535,0.27415466,52.658203,51.406845,1.251358,33.815487,34.847942,1.0324554,21.531729,22.335331,0.8036022,48.470177,48.366432,0.10374451,22.838789,23.706636,0.86784744,15.017593,15.392558,0.3749647,26.68234,26.877054,0.19471359,32.134243,32.609715,0.4754715,75.95285,77.127716,1.1748657,59.618793,59.77981,0.16101837,85.79464,97.21378,73.689804,86.20647,93.64744,101.66326,48.10359,54.710102,32.282654,37.41323,20.808168,23.862494,46.36603,50.366833,21.976984,25.436289,14.289313,16.495804,24.121534,29.632574,31.038998,34.18043,74.369484,79.88595,57.777447,61.782177
FYyN-I3eUVTrNJplKYfglP48b18n5SFmNaF-3XPqTWE,470a0f8a3a3c279011486cce1bf212e8,154.75,0,47.6,80.91333,82.98926,2.0759277,67.820915,70.69749,2.8765717,86.9816,89.6657,2.684105,47.529533,46.8949,0.6346321,33.795254,32.747917,1.0473366,20.650572,20.918238,0.26766586,45.23767,44.787354,0.45031738,22.274696,21.659485,0.6152115,14.070781,14.172733,0.10195255,24.04203,24.067986,0.0259552,31.992266,30.670897,1.3213692,70.63936,71.246284,0.60692596,55.04692,55.837616,0.7906952,77.279686,88.69883,64.439156,76.95582,85.65779,93.673615,43.591644,50.19816,30.182629,35.313206,19.391075,22.4454,42.786953,46.787754,19.929832,23.389137,13.069489,15.275978,21.312466,26.823505,29.10018,32.241615,68.48805,74.00452,53.83525,57.83998
FYyN-I3eUVTrNJplKYfglP48b18n5SFmNaF-3XPqTWE,0609fb4c565895f2ba0e60e7ae9d15f1,154.75,0,47.6,80.91333,83.38268,2.4693527,67.820915,70.65823,2.8373184,86.9816,89.06624,2.0846405,47.529533,46.41519,1.1143417,33.795254,32.515953,1.2793007,20.650572,20.949484,0.29891205,45.23767,45.202408,0.03526306,22.274696,21.654076,0.6206207,14.070781,14.385707,0.31492615,24.04203,23.98443,0.05760002,31.992266,30.6119,1.3803654,70.63936,71.87716,1.2378006,55.04692,55.080437,0.03351593,77.67311,89.092255,64.3999,76.916565,85.05833,93.07415,43.111935,49.71845,29.950665,35.08124,19.422321,22.476646,43.202007,47.20281,19.924423,23.383728,13.282462,15.488952,21.22891,26.73995,29.041183,32.182617,69.11893,74.63539,53.07807,57.0828
ZNGNCePYeJ8WkZFu-d5LHrMkuzGvEKDkF2--LrkNSLY,d5a928b2f6094dea1d7f6a9e17f5f292,187.0,1,80.8,103.00704,101.79927,1.2077713,81.813736,88.44152,6.6277847,101.88447,101.70791,0.17655945,52.95394,52.98523,0.031288147,37.99116,38.428654,0.43749237,26.603338,26.252098,0.35124016,53.445843,55.053722,1.6078796,28.14296,27.435858,0.7071018,17.756887,17.88655,0.12966347,30.43511,29.793053,0.6420574,38.42769,37.86972,0.55796814,85.420296,87.111046,1.6907501,72.741646,71.06906,1.6725845,96.0897,107.50884,82.18319,94.69985,97.7,105.71582,49.681973,56.288486,35.863365,40.993942,24.724936,27.77926,53.05332,57.054123,25.706205,29.16551,16.783306,18.989796,27.037533,32.548573,36.299004,39.440437,84.35281,89.86928,69.066696,73.07143
KRhhODp3IdNvOwJrGTgxyFFSajMFzlvI6-oXD7zUB1M,db6b48f3cbe79ff9473ac63723c0bfdd,171.0,0,58.6,86.35266,91.30188,4.9492188,76.72072,80.20982,3.4891052,94.66975,96.166504,1.4967575,49.53753,49.482674,0.054855347,34.720284,35.15104,0.43075562,22.341955,23.05215,0.71019554,50.763943,50.039238,0.72470474,23.13227,23.449728,0.3174572,15.017077,15.533562,0.51648426,26.323837,25.77889,0.5449467,31.020594,33.0495,2.0289059,79.05863,80.2668,1.208168,60.461933,62.063553,1.6016197,85.59231,97.01145,73.95149,86.468155,92.15859,100.174416,46.179417,52.78593,32.58575,37.716328,21.524988,24.579313,48.038837,52.03964,21.720076,25.17938,14.430317,16.636806,23.02337,28.53441,31.478783,34.620216,77.50857,83.02503,60.061188,64.06592
KRhhODp3IdNvOwJrGTgxyFFSajMFzlvI6-oXD7zUB1M,6542d3e225e1bedbb216de70c139041b,171.0,0,58.6,86.35266,89.16049,2.8078308,76.72072,77.46864,0.7479248,94.66975,95.8078,1.1380539,49.53753,49.890427,0.35289764,34.720284,34.88196,0.16167831,22.341955,22.773693,0.4317379,50.763943,49.40054,1.3634033,23.13227,23.319921,0.18765068,15.017077,15.2515545,0.23447704,26.323837,25.874384,0.44945335,31.020594,32.690163,1.669569,79.05863,79.32477,0.26613617,60.461933,61.462696,1.0007629,83.45092,94.87006,71.21031,83.726974,91.79989,99.81571,46.58717,53.193684,32.316673,37.44725,21.24653,24.300856,47.40014,51.40094,21.59027,25.049574,14.14831,16.3548,23.118864,28.629904,31.119446,34.26088,76.566536,82.083,59.46033,63.46506
KRhhODp3IdNvOwJrGTgxyFFSajMFzlvI6-oXD7zUB1M,bcb48b05b8eec372ee59fb49b82eefac,171.0,0,58.6,86.35266,88.4748,2.122139,76.72072,76.82097,0.100250244,94.66975,95.449104,0.7793579,49.53753,49.63991,0.10238266,34.720284,34.591236,0.1290474,22.341955,22.720392,0.37843704,50.763943,49.453697,1.3102455,23.13227,23.238792,0.10652161,15.017077,15.277259,0.26018143,26.323837,25.707272,0.6165657,31.020594,32.730385,1.7097912,79.05863,79.2618,0.20317078,60.461933,61.704506,1.2425728,82.76523,94.18437,70.56264,83.0793,91.44119,99.457016,46.336655,52.94317,32.025948,37.156525,21.19323,24.247555,47.453297,51.454098,21.50914,24.968445,14.174014,16.380505,22.951752,28.462791,31.159668,34.3011,76.50357,82.020035,59.70214,63.70687
m5iE5ONAl9oOehQUPESjjt3iAA68qXS_JJKffnRNnjE,7ab33f9e67ff5cca0cfc566dc02be023,174.0,1,71.0,97.19215,98.212204,1.0200577,87.01091,84.96599,2.0449219,99.39551,98.68476,0.71074677,53.537346,52.692738,0.8446083,35.96737,36.732243,0.7648735,24.354418,24.234224,0.12019348,51.41682,50.354855,1.061966,26.707104,26.52996,0.1771431,16.280115,16.335701,0.05558586,30.897873,30.04173,0.85614204,37.16095,36.410248,0.7507019,80.238365,78.91244,1.3259277,65.529945,66.25367,0.72372437,92.50263,103.921776,78.70766,91.22432,94.67685,102.69267,49.38948,55.995995,34.166954,39.29753,22.707062,25.761387,48.354454,52.355255,24.800308,28.259613,15.232456,17.438946,27.286211,32.79725,34.83953,37.980965,76.154205,81.67067,64.251305,68.256035
m5iE5ONAl9oOehQUPESjjt3iAA68qXS_JJKffnRNnjE,c8f6c3321342c22e4bc3ee03948d67ea,174.0,1,71.0,97.19215,99.162056,1.9699097,87.01091,85.55479,1.4561234,99.39551,98.13443,1.2610779,53.537346,52.191708,1.3456383,35.96737,36.608143,0.6407738,24.354418,24.240255,0.114162445,51.41682,50.528187,0.8886337,26.707104,26.757418,0.05031395,16.280115,16.520493,0.24037743,30.897873,30.178503,0.7193699,37.16095,36.589916,0.5710335,80.238365,79.27464,0.9637222,65.529945,66.09307,0.5631256,93.452484,104.87163,79.296455,91.81312,94.12652,102.14234,48.88845,55.494965,34.042854,39.17343,22.713093,25.767418,48.527786,52.528587,25.027765,28.48707,15.417248,17.623737,27.422983,32.93402,35.0192,38.160633,76.51641,82.032875,64.090706,68.095436
m5iE5ONAl9oOehQUPESjjt3iAA68qXS_JJKffnRNnjE,b9b9874cd4328d873b6dc147dcfcfd59,174.0,1,71.0,97.19215,99.31662,2.1244736,87.01091,87.510895,0.49998474,99.39551,98.74864,0.64686584,53.537346,51.807938,1.7294083,35.96737,36.767036,0.79966736,24.354418,24.318644,0.03577423,51.41682,50.64689,0.7699318,26.707104,26.275715,0.43138885,16.280115,16.445492,0.16537666,30.897873,29.461315,1.4365578,37.16095,36.319744,0.8412056,80.238365,79.66405,0.57431793,65.529945,66.23901,0.7090683,93.60705,105.02619,81.25256,93.769226,94.74073,102.75655,48.50468,55.111195,34.201748,39.332325,22.791481,25.845806,48.64649,52.64729,24.546062,28.005367,15.342247,17.548737,26.705795,32.216835,34.749027,37.89046,76.905815,82.42228,64.23665,68.24138
m5iE5ONAl9oOehQUPESjjt3iAA68qXS_JJKffnRNnjE,55942945406afd92ff25bfd7f56adf77,174.0,1,71.0,97.19215,98.88665,1.6945038,87.01091,86.35293,0.6579819,99.39551,98.61843,0.7770767,53.537346,51.82526,1.7120857,35.96737,35.789703,0.17766571,24.354418,23.995846,0.358572,51.41682,51.124832,0.29198837,26.707104,26.394873,0.31223106,16.280115,16.458344,0.17822838,30.897873,29.687115,1.2107582,37.16095,36.446114,0.7148361,80.238365,80.17999,0.058372498,65.529945,66.15353,0.62358093,93.17708,104.59622,80.0946,92.61126,94.61052,102.62634,48.522003,55.128517,33.224415,38.354992,22.468683,25.523008,49.12443,53.125233,24.66522,28.124525,15.355099,17.561588,26.931595,32.442635,34.875397,38.01683,77.42176,82.938225,64.15116,68.15589
m5iE5ONAl9oOehQUPESjjt3iAA68qXS_JJKffnRNnjE,191ecab5a7f996d16c1ac3ded21af679,174.0,1,71.0,97.19215,99.57516,2.3830109,87.01091,86.04545,0.96546173,99.39551,96.854416,2.541092,53.537346,50.88183,2.6555176,35.96737,36.013935,0.04656601,24.354418,24.137888,0.21652985,51.41682,50.864635,0.55218506,26.707104,26.459776,0.2473278,16.280115,16.345247,0.06513214,30.897873,29.649815,1.2480583,37.16095,36.817184,0.34376526,80.238365,79.61636,0.62200165,65.529945,66.32694,0.7969971,93.865585,105.28473,79.78712,92.30378,92.846504,100.86233,47.57857,54.185085,33.448647,38.579224,22.610725,25.66505,48.864235,52.865036,24.730124,28.189428,15.2420025,17.448492,26.894295,32.405334,35.246468,38.3879,76.85813,82.374596,64.32458,68.32931
m5iE5ONAl9oOehQUPESjjt3iAA68qXS_JJKffnRNnjE,ba298f88ba1c0f7df9e59134a819022c,174.0,1,71.0,97.19215,99.72129,2.5291443,87.01091,86.39218,0.61872864,99.39551,97.19837,2.197136,53.537346,51.132347,2.4049988,35.96737,36.39744,0.43007278,24.354418,24.263187,0.09123039,51.41682,50.761658,0.6551628,26.707104,26.564367,0.14273643,16.280115,16.478172,0.19805717,30.897873,29.762714,1.1351585,37.16095,36.753494,0.40745544,80.238365,79.537506,0.70085907,65.529945,66.18527,0.65532684,94.01172,105.43086,80.13385,92.65051,93.19046,101.20628,47.82909,54.435604,33.832153,38.96273,22.736025,25.79035,48.761257,52.76206,24.834715,28.29402,15.3749275,17.581417,27.007195,32.518234,35.182777,38.32421,76.779274,82.29574,64.18291,68.18764
_r5m-6Cs1ruZ6VecGYZlSbNSMDLCVT3wYpjoXQ46NQQ,a80fe46d1432ddffe6d7ff33e275c144,174.5,0,66.6,93.91475,92.51027,1.40448,78.197495,79.74532,1.5478287,99.8994,99.93038,0.030982971,52.03629,53.1438,1.1075096,36.99745,36.81536,0.18209076,23.429932,23.761845,0.331913,50.135864,50.514038,0.37817383,24.959898,24.720747,0.239151,15.853481,16.1152,0.26171875,27.893951,27.828,0.0659523,34.194668,33.49599,0.69867706,80.63821,81.42096,0.782753,62.15955,62.775543,0.6159935,86.8007,98.21984,73.48699,86.003654,95.92247,103.93829,49.84054,56.447056,34.250072,39.38065,22.234682,25.289007,48.513638,52.51444,22.991095,26.4504,15.011955,17.218445,25.07248,30.583519,31.925274,35.066708,78.66273,84.17919,60.77318,64.77791
_r5m-6Cs1ruZ6VecGYZlSbNSMDLCVT3wYpjoXQ46NQQ,5c7451cbb6056cb72504cc218fd4d6fa,174.5,0,66.6,93.91475,93.27465,0.6400986,78.197495,82.33603,4.1385345,99.8994,99.04838,0.8510208,52.03629,51.60406,0.4322281,36.99745,36.494865,0.50258636,23.429932,23.702341,0.27240944,50.135864,50.632736,0.49687195,24.959898,24.33268,0.62721825,15.853481,15.940414,0.086933136,27.893951,26.932758,0.9611931,34.194668,33.734653,0.46001434,80.63821,81.16665,0.5284424,62.15955,63.527832,1.3682823,87.56508,98.98422,76.0777,88.59436,95.04047,103.05629,48.300804,54.90732,33.929577,39.060154,22.175179,25.229504,48.632336,52.633137,22.603027,26.062332,14.83717,17.04366,24.177238,29.688278,32.163937,35.30537,78.40842,83.92488,61.525467,65.5302
9HxPwgDHs897rkdxq6WDeGiyOKMKHtlOitUDZNRk6xY,a2441b66c0cd68a99b8544d10ca76b46,169.5,1,67.6,96.521965,96.74527,0.22330475,80.90094,82.6108,1.7098618,101.03822,96.67753,4.360695,52.467,51.54543,0.9215698,35.880245,36.878376,0.9981308,26.07739,24.27884,1.7985516,49.574936,49.224648,0.3502884,25.322218,26.671387,1.3491688,17.358656,16.820215,0.5384407,27.614864,29.84627,2.2314053,37.232277,36.187336,1.044941,75.84317,76.82878,0.98561096,66.1156,65.10447,1.0111313,91.0357,102.45484,76.35247,88.86913,92.66962,100.68544,48.242172,54.848686,34.313087,39.443665,22.751677,25.806002,47.224247,51.225048,24.941734,28.40104,15.71697,17.92346,27.09075,32.60179,34.61662,37.758053,74.07055,79.58701,63.102104,67.106834
8PEXA0Sfr-ccgI-cjmAYWSeB_SOb61Ow4AvERq7vKGU,37670d27086ae96aabfb077e184b5847,162.2,0,58.3,89.07317,89.756256,0.6830826,69.03462,76.546196,7.511574,92.85268,94.92825,2.0755768,51.794518,50.4874,1.3071175,37.867886,35.056705,2.81118,24.849777,22.354631,2.4951458,49.100327,47.453777,1.6465492,25.015219,23.76613,1.2490883,15.472335,15.353636,0.118699074,26.530403,26.81936,0.2889576,33.388554,32.5239,0.86465454,76.41837,75.498566,0.91980743,57.877922,58.690456,0.81253433,84.046684,95.46583,70.287865,82.80453,90.92034,98.936165,47.184143,53.790657,32.491417,37.621994,20.827469,23.881794,45.453377,49.454178,22.036478,25.495783,14.250391,16.45688,24.06384,29.57488,30.953182,34.094616,72.74033,78.2568,56.68809,60.69282
8PEXA0Sfr-ccgI-cjmAYWSeB_SOb61Ow4AvERq7vKGU,3eed3c6cf76738b09f46607049c87f78,162.2,0,58.3,89.07317,89.00312,0.0700531,69.03462,77.59949,8.564865,92.85268,94.594124,1.7414474,51.794518,49.92507,1.8694458,37.867886,36.99204,0.87584686,24.849777,23.22584,1.6239376,49.100327,47.42548,1.6748466,25.015219,23.403755,1.6114635,15.472335,15.468935,0.003399849,26.530403,25.870405,0.65999794,33.388554,32.617756,0.7707977,76.41837,75.13178,1.2865906,57.877922,59.457405,1.579483,83.29355,94.71269,71.341156,83.85782,90.58621,98.602036,46.621815,53.22833,34.42675,39.557327,21.698677,24.753002,45.42508,49.42588,21.674103,25.133408,14.36569,16.57218,23.114885,28.625925,31.047039,34.188473,72.37355,77.890015,57.45504,61.45977
8PEXA0Sfr-ccgI-cjmAYWSeB_SOb61Ow4AvERq7vKGU,77d1eb7182ccfa2efc45918f17b89264,162.2,0,58.3,89.07317,87.935234,1.1379395,69.03462,75.93124,6.896614,92.85268,94.48602,1.6333466,51.794518,50.18625,1.6082687,37.867886,36.01316,1.8547249,24.849777,22.70293,2.1468468,49.100327,47.156635,1.9436913,25.015219,23.376713,1.6385059,15.472335,15.3844795,0.08785534,26.530403,25.981812,0.5485916,33.388554,32.35764,1.0309143,76.41837,74.64762,1.770752,57.877922,59.203384,1.3254623,82.22566,93.644806,69.672905,82.18957,90.47811,98.493935,46.88299,53.489506,33.447872,38.57845,21.175768,24.230093,45.156235,49.157036,21.64706,25.106365,14.281235,16.487724,23.226292,28.737331,30.786922,33.928356,71.88939,77.40585,57.20102,61.20575
8PEXA0Sfr-ccgI-cjmAYWSeB_SOb61Ow4AvERq7vKGU,21d6a060c932d139c0deaed73d6e9bae,162.2,0,58.3,89.07317,91.27377,2.2005997,69.03462,77.978935,8.944313,92.85268,94.48602,1.6333466,51.794518,49.906418,1.8880997,37.867886,35.523724,2.344162,24.849777,22.54762,2.3021564,49.100327,47.46793,1.6323967,25.015219,23.89864,1.116579,15.472335,15.532826,0.060491562,26.530403,26.787529,0.25712585,33.388554,32.54267,0.8458824,76.41837,75.71375,0.70462036,57.877922,58.377815,0.4998932,85.5642,96.983345,71.720604,84.23727,90.47811,98.493935,46.60316,53.209675,32.958435,38.089012,21.020458,24.074783,45.46753,49.46833,22.168987,25.628292,14.429582,16.63607,24.03201,29.543049,30.971954,34.113388,72.95552,78.471985,56.37545,60.38018
8PEXA0Sfr-ccgI-cjmAYWSeB_SOb61Ow4AvERq7vKGU,25b74fb6492c5476c867d269cc0d853e,162.2,0,58.3,89.07317,90.59932,1.5261459,69.03462,77.73033,8.695709,92.85268,95.35083,2.4981537,51.794518,50.37547,1.4190483,37.867886,35.383,2.4848862,24.849777,22.536592,2.3131847,49.100327,47.30914,1.7911873,25.015219,23.858076,1.1571426,15.472335,15.590844,0.11850929,26.530403,26.75371,0.22330666,33.388554,32.580215,0.80833817,76.41837,75.26138,1.15699,57.877922,59.32551,1.447586,84.88975,96.30889,71.472,83.98866,91.34292,99.35874,47.072212,53.678726,32.81771,37.948288,21.00943,24.063755,45.30874,49.30954,22.128424,25.587729,14.487599,16.694088,23.99819,29.50923,31.009499,34.150932,72.50315,78.019615,57.323143,61.327873
8PEXA0Sfr-ccgI-cjmAYWSeB_SOb61Ow4AvERq7vKGU,c0b2068143254c1e4c0eaef489d3208f,162.2,0,58.3,89.07317,88.575966,0.49720764,69.03462,74.43961,5.404991,92.85268,92.4665,0.38617706,51.794518,49.36541,2.4291077,37.867886,35.67527,2.1926155,24.849777,22.645952,2.203825,49.100327,46.788746,2.3115807,25.015219,23.818865,1.1963539,15.472335,15.484357,0.012022018,26.530403,26.47519,0.05521393,33.388554,32.716976,0.67157745,76.41837,74.03876,2.3796158,57.877922,58.93959,1.0616684,82.866394,94.28554,68.18128,80.697945,88.45859,96.47441,46.062153,52.668667,33.10998,38.24056,21.11879,24.173115,44.788345,48.789146,22.089212,25.548517,14.381112,16.5876,23.71967,29.23071,31.14626,34.287693,71.280525,76.79699,56.937225,60.941956
8PEXA0Sfr-ccgI-cjmAYWSeB_SOb61Ow4AvERq7vKGU,5c3bd955f3007b017efeeee7ee9ffbcb,162.2,0,58.3,89.07317,91.0321,1.9589233,69.03462,79.52289,10.488266,92.85268,95.144455,2.2917786,51.794518,49.994366,1.8001518,37.867886,35.440216,2.4276695,24.849777,22.471344,2.3784332,49.100327,47.587414,1.5129128,25.015219,23.528152,1.4870663,15.472335,15.265509,0.20682621,26.530403,26.296143,0.23426056,33.388554,32.5534,0.8351555,76.41837,75.78466,0.63371277,57.877922,58.98844,1.1105194,85.322525,96.74167,73.26456,85.78122,91.13654,99.15237,46.69111,53.297623,32.874928,38.005505,20.944181,23.998507,45.587013,49.587814,21.7985,25.257805,14.162264,16.368753,23.540623,29.051662,30.982681,34.124115,73.02643,78.54289,56.986076,60.990807
8PEXA0Sfr-ccgI-cjmAYWSeB_SOb61Ow4AvERq7vKGU,bf4ee51b4215eb20d76405fbd7c426f7,162.2,0,58.3,89.07317,90.09348,1.0203094,69.03462,77.93968,8.90506,92.85268,95.54738,2.6947021,51.794518,50.538036,1.2564812,37.867886,35.650528,2.2173576,24.849777,22.46491,2.3848667,49.100327,47.134624,1.965702,25.015219,23.663366,1.3518524,15.472335,15.351432,0.120903015,26.530403,26.57665,0.046247482,33.388554,32.36032,1.0282326,76.41837,75.043755,1.3746185,57.877922,58.944477,1.066555,84.38391,95.803055,71.68135,84.19801,91.53947,99.55529,47.23478,53.841293,33.08524,38.215816,20.937748,23.992073,45.134224,49.135025,21.933714,25.393019,14.248187,16.454678,23.82113,29.33217,30.789604,33.931038,72.28552,77.80199,56.942112,60.946842
AYTfYEz3WD-XDPEqz4dwBmf_kEM8aL1V3rC8IaXKhFY,262dcad6037418650b69615536574290,168.5,0,57.1,85.43072,86.788666,1.3579483,73.99421,73.680725,0.3134842,92.270584,93.94552,1.6749344,48.979324,49.51199,0.53266525,35.26788,35.198975,0.06890488,21.293219,22.836185,1.5429668,47.630497,48.338135,0.7076378,23.858278,23.300991,0.5572872,14.434747,15.357307,0.9225607,27.050121,25.790829,1.2592926,32.939976,32.32814,0.6118355,76.82989,77.65528,0.8253937,60.479717,60.593166,0.1134491,81.079094,92.49824,67.42239,79.93906,89.93761,97.95343,46.208733,52.815247,32.633686,37.764263,21.309023,24.363348,46.337734,50.338535,21.571339,25.030643,14.254063,16.460552,23.035309,28.546349,30.757423,33.898857,74.89705,80.41351,58.5908,62.59553
AYTfYEz3WD-XDPEqz4dwBmf_kEM8aL1V3rC8IaXKhFY,473e2414a8b662dc2b3a33e8079112ea,168.5,0,57.1,85.43072,88.81203,3.3813095,73.99421,77.52098,3.5267715,92.270584,95.00196,2.7313766,48.979324,49.01895,0.039627075,35.26788,34.76289,0.5049896,21.293219,22.761747,1.4685287,47.630497,49.336666,1.7061691,23.858278,23.084648,0.77363014,14.434747,15.461591,1.026844,27.050121,25.281536,1.7685852,32.939976,32.548035,0.39194107,76.82989,78.950035,2.1201477,60.479717,61.17448,0.6947632,83.102455,94.5216,71.26265,83.77931,90.99405,99.00987,45.715694,52.32221,32.1976,37.32818,21.234585,24.28891,47.336266,51.337067,21.354996,24.8143,14.358346,16.564835,22.526016,28.037056,30.977318,34.11875,76.1918,81.70827,59.172115,63.176846
AYTfYEz3WD-XDPEqz4dwBmf_kEM8aL1V3rC8IaXKhFY,82c46978185eb30b06f1515b81b9f58a,168.5,0,57.1,85.43072,89.09305,3.6623306,73.99421,77.16771,3.1735,92.270584,95.178856,2.9082718,48.979324,49.503994,0.52466965,35.26788,35.02887,0.23900986,21.293219,22.825157,1.5319386,47.630497,48.967793,1.3372955,23.858278,23.455135,0.40314293,14.434747,15.558531,1.1237841,27.050121,25.866426,1.1836948,32.939976,32.679436,0.26054,76.82989,78.334404,1.5045166,60.479717,61.09144,0.61172104,83.38348,94.80262,70.90938,83.42604,91.170944,99.18677,46.200737,52.80725,32.46358,37.59416,21.297995,24.35232,46.967392,50.968193,21.725483,25.184788,14.455286,16.661776,23.110907,28.621946,31.108719,34.250153,75.57617,81.092636,59.089073,63.093803
AYTfYEz3WD-XDPEqz4dwBmf_kEM8aL1V3rC8IaXKhFY,2ee8c694dfe68713da81f3069489ff0e,168.5,0,57.1,85.43072,88.63217,3.2014542,73.99421,75.604126,1.6099167,92.270584,93.896385,1.6258011,48.979324,49.026947,0.04762268,35.26788,34.148964,1.1189156,21.293219,22.478695,1.1854763,47.630497,49.41331,1.782814,23.858278,23.300991,0.5572872,14.434747,15.345557,0.9108105,27.050121,25.806744,1.2433777,32.939976,32.467587,0.47238922,76.82989,79.45498,2.6250916,60.479717,59.977657,0.50205994,82.9226,94.34174,69.345795,81.86246,89.88847,97.9043,45.72369,52.330204,31.583675,36.714252,20.951532,24.005857,47.41291,51.41371,21.571339,25.030643,14.242312,16.448803,23.051224,28.562263,30.89687,34.038303,76.69675,82.21321,57.975292,61.980022
AYTfYEz3WD-XDPEqz4dwBmf_kEM8aL1V3rC8IaXKhFY,0646b203554ad6151c04cbb32490ca34,168.5,0,57.1,85.43072,86.31655,0.88583374,73.99421,74.1125,0.11829376,92.270584,94.49585,2.2252655,48.979324,49.866444,0.8871193,35.26788,35.77424,0.5063591,21.293219,23.108208,1.8149891,47.630497,48.804287,1.17379,23.858278,23.114395,0.74388313,14.434747,15.338213,0.9034662,27.050121,25.484457,1.5656643,32.939976,32.494404,0.4455719,76.82989,77.96949,1.1396027,60.479717,60.91802,0.4383011,80.60698,92.02612,67.85417,80.370834,90.48794,98.50376,46.563187,53.1697,33.20895,38.339527,21.581045,24.63537,46.803886,50.804688,21.384743,24.844048,14.234968,16.441458,22.728937,28.239977,30.923687,34.06512,75.21126,80.72772,58.915653,62.920383
AYTfYEz3WD-XDPEqz4dwBmf_kEM8aL1V3rC8IaXKhFY,bbf827f5335c86757fd5235f423e5d2e,168.5,0,57.1,85.43072,89.36282,3.932106,73.99421,76.3761,2.3818893,92.270584,93.69001,1.419426,48.979324,48.56323,0.41609573,35.26788,34.10257,1.1653099,21.293219,22.488804,1.1955853,47.630497,49.33136,1.7008629,23.858278,23.333443,0.5248356,14.434747,15.416793,0.9820461,27.050121,25.731144,1.3189774,32.939976,32.596306,0.3436699,76.82989,79.13771,2.3078232,60.479717,60.231674,0.24804306,83.65325,95.072395,70.11777,82.63443,89.6821,97.69792,45.25997,51.866486,31.537281,36.66786,20.961641,24.015966,47.33096,51.33176,21.60379,25.063095,14.313548,16.520039,22.975624,28.486664,31.025589,34.167023,76.37948,81.89594,58.22931,62.23404
AYTfYEz3WD-XDPEqz4dwBmf_kEM8aL1V3rC8IaXKhFY,d9186dc16a347ecdafc4776edf0245f4,168.5,0,57.1,85.43072,86.69874,1.2680206,73.99421,72.22836,1.7658463,92.270584,92.70236,0.43177795,48.979324,49.05893,0.0796051,35.26788,35.16186,0.10601807,21.293219,22.895,1.6017818,47.630497,48.374294,0.7437973,23.858278,23.441614,0.41666412,14.434747,15.430746,0.99599934,27.050121,25.878363,1.1717587,32.939976,32.647255,0.2927208,76.82989,77.3808,0.55091095,60.479717,60.707966,0.2282486,80.98917,92.40831,65.97003,78.486694,88.69445,96.71027,45.755672,52.362186,32.596573,37.72715,21.367838,24.422163,46.373894,50.374695,21.711962,25.171267,14.327501,16.53399,23.122843,28.633883,31.076538,34.21797,74.62257,80.13903,58.7056,62.71033
TvPLietnYNztbsCXuzZoZQlAFfGmiZkfW_EM4Qzd8Hc,c39b6081186f7b3cfe0fbdb13e7496bc,168.0,0,56.8,87.49178,88.40735,0.9155655,76.14011,76.87331,0.7332001,89.26465,93.911125,4.6464767,48.832134,48.312714,0.5194206,35.875587,33.394318,2.4812698,23.338884,22.212187,1.1266975,50.25973,49.370667,0.8890648,23.791933,22.84126,0.95067215,15.77764,15.096599,0.6810417,24.782612,25.16217,0.37955856,32.2946,32.615074,0.32047272,80.37954,78.77459,1.60495,59.361725,60.77147,1.4097443,82.69778,94.11692,70.614975,83.13164,89.90321,97.91904,45.009457,51.61597,30.82903,35.959606,20.685024,23.73935,47.370266,51.371067,21.111609,24.570913,13.993354,16.199844,22.40665,27.91769,31.044357,34.18579,76.01636,81.53282,58.769104,62.773834
82t2wzhvpYRd2rudDmLHb-gjlDhOB-gpZa4XCmeD-5k,ff89a45dd6f75c9ddf5e55fbaecbb7e0,168.0,1,61.1,90.94263,95.2137,4.2710724,80.51427,83.79494,3.2806702,90.51259,93.955345,3.4427567,46.69622,47.58782,0.89159775,35.3083,35.112377,0.19592285,22.724491,23.63709,0.91259956,49.396233,49.40211,0.0058784485,24.976154,24.883003,0.09315109,16.584812,16.322664,0.2621479,29.20907,27.044165,2.1649055,36.139004,35.169323,0.9696808,75.65241,77.39303,1.7406158,64.7102,64.22944,0.48075867,89.50413,100.92327,77.536606,90.05327,89.94743,97.96326,44.28456,50.891075,32.54709,37.677666,22.109928,25.164253,47.40171,51.40251,23.15335,26.612656,15.2194195,17.425909,24.288645,29.799685,33.598606,36.74004,74.634796,80.15126,62.227074,66.231804
TFIecvIbX-tK0pUO3SJc4RL3hHQ8ybyG6IIvoTX5Wl0,e001372394208a4510770d63781f2ef3,184.5,1,73.5,98.340965,99.90536,1.5643921,82.69966,87.17397,4.474312,99.317055,99.72155,0.40449524,48.96988,51.028408,2.058529,36.86866,35.604134,1.2645264,24.23091,24.799164,0.5682545,54.534054,54.729855,0.19580078,27.495007,26.270475,1.2245312,17.339094,17.072294,0.26679993,30.681393,28.700361,1.9810314,35.570305,36.917076,1.3467712,86.24702,86.63667,0.38965607,68.79982,68.93675,0.13693237,94.195786,105.61493,80.91564,93.432304,95.71364,103.72946,47.72515,54.331665,33.038845,38.169422,23.272001,26.326326,52.729454,56.730255,24.540823,28.000128,15.969049,18.175539,25.944841,31.455881,35.34636,38.487793,83.87844,89.394905,66.93439,70.93912
TFIecvIbX-tK0pUO3SJc4RL3hHQ8ybyG6IIvoTX5Wl0,f0128d57840499df9cf666e603f8e97d,184.5,1,73.5,98.340965,98.9541,0.6131363,82.69966,86.65387,3.9542084,99.317055,99.920555,0.60350037,48.96988,51.057724,2.0878448,36.86866,35.715477,1.153183,24.23091,24.845114,0.6142044,54.534054,54.616657,0.082603455,27.495007,26.019484,1.475523,17.339094,17.014278,0.32481575,30.681393,28.404932,2.2764606,35.570305,36.670364,1.1000595,86.24702,86.57799,0.33097076,68.79982,68.946526,0.14670563,93.24453,104.66367,80.39554,92.9122,95.91264,103.92847,47.754467,54.36098,33.15019,38.280766,23.317951,26.372276,52.616257,56.617058,24.289831,27.749136,15.911034,18.117523,25.649412,31.160452,35.099648,38.24108,83.819756,89.33622,66.94416,70.94889
TFIecvIbX-tK0pUO3SJc4RL3hHQ8ybyG6IIvoTX5Wl0,6b6bebe40dd1aa4d40f902eda70b8e3e,184.5,1,73.5,98.340965,99.21264,0.8716736,82.69966,83.87998,1.1803207,99.317055,98.48084,0.83621216,48.96988,51.188313,2.2184334,36.86866,35.285576,1.5830841,24.23091,24.882792,0.6518822,54.534054,55.022278,0.48822403,27.495007,26.795616,0.6993904,17.339094,17.214216,0.12487793,30.681393,29.587147,1.0942459,35.570305,37.20401,1.6337051,86.24702,87.213745,0.9667282,68.79982,68.48489,0.31492615,93.50307,104.92221,77.62165,90.13831,94.47293,102.488754,47.885056,54.49157,32.720287,37.850864,23.355629,26.409954,53.021877,57.02268,25.065964,28.525269,16.110971,18.317461,26.831627,32.342667,35.633293,38.774727,84.45551,89.97198,66.48253,70.48726
TFIecvIbX-tK0pUO3SJc4RL3hHQ8ybyG6IIvoTX5Wl0,e4edbb5491438d062498c2d6d6c642f5,184.5,1,73.5,98.340965,99.722694,1.3817291,82.69966,84.32158,1.6219177,99.317055,99.18596,0.13109589,48.96988,51.93586,2.9659805,36.86866,34.834023,2.0346375,24.23091,24.409624,0.17871475,54.534054,55.201508,0.66745377,27.495007,26.919506,0.5755005,17.339094,17.074865,0.26422882,30.681393,29.933308,0.748085,35.570305,37.20736,1.6370544,86.24702,87.360466,1.1134491,68.79982,67.96708,0.8327408,94.01312,105.43227,78.06325,90.57991,95.17805,103.19387,48.632603,55.239117,32.268734,37.39931,22.882462,25.936787,53.201107,57.20191,25.189854,28.649158,15.971621,18.17811,27.177788,32.688828,35.636642,38.778076,84.602234,90.1187,65.964714,69.969444
TFIecvIbX-tK0pUO3SJc4RL3hHQ8ybyG6IIvoTX5Wl0,556c6086f8f5cf5ada4fb666f978b708,184.5,1,73.5,98.340965,100.10348,1.7625122,82.69966,86.820694,4.1210327,99.317055,99.04592,0.27113342,48.96988,50.863174,1.8932953,36.86866,35.652073,1.2165871,24.23091,24.797785,0.56687546,54.534054,54.311653,0.22240067,27.495007,26.421917,1.0730896,17.339094,16.990227,0.34886742,30.681393,28.998775,1.6826172,35.570305,36.9573,1.3869934,86.24702,86.12317,0.12384796,68.79982,68.81463,0.014808655,94.393906,105.81305,80.56236,93.079025,95.03801,103.05383,47.559917,54.16643,33.086784,38.21736,23.270622,26.324947,52.311253,56.312054,24.692265,28.15157,15.886982,18.093472,26.243256,31.754295,35.38658,38.528015,83.36494,88.8814,66.81226,70.81699
TFIecvIbX-tK0pUO3SJc4RL3hHQ8ybyG6IIvoTX5Wl0,39b6b991cfc1e5cb9c67ba255123e90a,184.5,1,73.5,98.340965,99.08899,0.748024,82.69966,84.72393,2.024269,99.317055,98.54964,0.7674179,48.96988,50.932465,1.9625854,36.86866,36.547443,0.32121658,24.23091,25.404783,1.1738739,54.534054,54.299072,0.23498154,27.495007,26.741024,0.75398254,17.339094,17.44298,0.10388565,30.681393,29.095263,1.5861301,35.570305,37.20602,1.6357155,86.24702,85.91288,0.33413696,68.79982,69.42281,0.62299347,93.37942,104.79856,78.4656,90.98226,94.541725,102.55755,47.629208,54.23572,33.982155,39.112732,23.87762,26.931946,52.29867,56.299473,25.011372,28.470676,16.339735,18.546225,26.339743,31.850782,35.635303,38.776737,83.15465,88.67111,67.42045,71.42518
TFIecvIbX-tK0pUO3SJc4RL3hHQ8ybyG6IIvoTX5Wl0,465644339b119d4e93d5c49bfb924a16,184.5,1,73.5,98.340965,99.23653,0.8955612,82.69966,84.39682,1.6971588,99.317055,98.54227,0.7747879,48.96988,50.967113,1.9972343,36.86866,36.339455,0.5292053,24.23091,25.374456,1.143547,54.534054,54.544334,0.010280609,27.495007,26.790207,0.70479965,17.339094,17.448486,0.109392166,30.681393,29.197718,1.483675,35.570305,37.282448,1.712143,86.24702,86.34813,0.101112366,68.79982,69.47899,0.6791687,93.526955,104.9461,78.13849,90.65515,94.534355,102.55018,47.663857,54.27037,33.774166,38.904743,23.847294,26.901619,52.543934,56.544735,25.060555,28.51986,16.345242,18.551731,26.442198,31.953238,35.71173,38.853165,83.5899,89.10636,67.47662,71.48135
TFIecvIbX-tK0pUO3SJc4RL3hHQ8ybyG6IIvoTX5Wl0,34e44678951b9cafb548d34d2ca55a8d,184.5,1,73.5,98.340965,99.41638,1.0754166,82.69966,84.47859,1.7789307,99.317055,98.01896,1.2980957,48.96988,50.673954,1.7040749,36.86866,35.565475,1.3031845,24.23091,24.9485,0.71759033,54.534054,54.343094,0.19095993,27.495007,26.657656,0.83735085,17.339094,17.085331,0.2537632,30.681393,29.28923,1.3921623,35.570305,37.25965,1.6893463,86.24702,86.0547,0.19231415,68.79982,69.21276,0.41294098,93.70681,105.12595,78.22026,90.73692,94.01105,102.02687,47.370697,53.97721,33.000187,38.130764,23.421337,26.475662,52.342693,56.343494,24.928003,28.387308,15.982086,18.188576,26.53371,32.04475,35.688934,38.830368,83.29647,88.812935,67.210396,71.215126
TFIecvIbX-tK0pUO3SJc4RL3hHQ8ybyG6IIvoTX5Wl0,a93c617cf48f902104829621ed5e4354,184.5,1,73.5,98.340965,99.3939,1.0529327,82.69966,84.40663,1.7069702,99.317055,98.34326,0.973793,48.96988,50.791218,1.8213387,36.86866,35.607227,1.2614326,24.23091,25.032589,0.8016796,54.534054,54.352528,0.18152618,27.495007,26.819954,0.67505264,17.339094,17.371744,0.032649994,30.681393,29.313105,1.368288,35.570305,37.350826,1.7805214,86.24702,85.844406,0.40261078,68.79982,69.47655,0.6767273,93.684326,105.10347,78.1483,90.66496,94.33535,102.35117,47.48796,54.094475,33.04194,38.172516,23.505426,26.559752,52.352127,56.35293,25.090302,28.549606,16.2685,18.474989,26.557585,32.068626,35.78011,38.921543,83.086174,88.60264,67.47418,71.47891
TFIecvIbX-tK0pUO3SJc4RL3hHQ8ybyG6IIvoTX5Wl0,37b67dffc867aca6b91c77e9d32ed292,184.5,1,73.5,98.340965,100.22572,1.884758,82.69966,86.61462,3.9149551,99.317055,98.667564,0.64949036,48.96988,50.52471,1.5548325,36.86866,36.429916,0.4387436,24.23091,25.35148,1.1205711,54.534054,54.19531,0.33874512,27.495007,26.719727,0.77528,17.339094,17.468683,0.12958908,30.681393,29.011705,1.6696873,35.570305,37.23954,1.6692352,86.24702,85.81506,0.43195343,68.79982,69.518074,0.7182541,94.51615,105.935295,80.356285,92.87295,94.65965,102.675476,47.221455,53.82797,33.864628,38.995205,23.824318,26.878643,52.19491,56.19571,24.990074,28.449379,16.365438,18.571928,26.256186,31.767225,35.668823,38.810257,83.05683,88.573296,67.51571,71.52044
rBm27O5ZrP9rBC42jUthUitX75oq8ro6WrJdzyjKx_g,ba4235bf5253491b0713c4ccbda9ad8b,181.0,1,70.9,98.33466,96.40523,1.9294357,82.13711,83.06221,0.92510223,99.84396,97.188545,2.6554184,52.73033,50.383465,2.3468666,36.339336,37.07883,0.7394943,25.70757,25.458084,0.24948502,53.79583,53.500404,0.29542542,26.693407,25.762575,0.9308319,17.381666,16.799974,0.58169174,27.914331,27.981184,0.06685257,35.353916,36.640198,1.2862816,82.18662,84.40171,2.215088,70.59804,68.56061,2.0374298,90.695656,102.1148,76.80388,89.32054,93.18063,101.19646,47.080208,53.68672,34.513542,39.64412,23.930922,26.985247,51.500004,55.500805,24.032923,27.492228,15.69673,17.90322,25.225664,30.736704,35.06948,38.210915,81.64348,87.15994,66.55824,70.56297
rBm27O5ZrP9rBC42jUthUitX75oq8ro6WrJdzyjKx_g,8acae5fd3631b2d2ace1032c846512b0,181.0,1,70.9,98.33466,95.905014,2.4296494,82.13711,84.12205,1.9849396,99.84396,98.77812,1.0658417,52.73033,50.972443,1.7578888,36.339336,36.6901,0.35076523,25.70757,25.175953,0.5316162,53.79583,53.33375,0.4620781,26.693407,25.440765,1.2526417,17.381666,16.6424,0.73926544,27.914331,27.704655,0.20967674,35.353916,36.344883,0.9909668,82.18662,84.15719,1.9705658,70.59804,68.944084,1.6539536,90.19544,101.614586,77.863716,90.38038,94.77021,102.78603,47.669186,54.2757,34.124813,39.25539,23.64879,26.703115,51.33335,55.334152,23.711113,27.170418,15.539156,17.745646,24.949135,30.460175,34.774166,37.9156,81.39896,86.91542,66.94172,70.94645
u-19n5ZqWqhr06xLR-DOLpXuTZ45cUnyQKTNCI5HuYk,3db4285726b1a58c8d74b0180fb2e53b,159.75,0,56.4,87.24679,88.35115,1.1043625,76.186,77.017235,0.8312378,95.41038,94.88895,0.52143097,52.197426,49.898422,2.2990036,37.99746,35.23145,2.7660103,22.227825,22.160723,0.06710243,45.96138,45.982212,0.020832062,22.793404,22.989998,0.19659424,14.497762,14.980564,0.4828024,26.976955,25.806744,1.1702118,31.207916,31.791817,0.58390045,73.26387,73.324745,0.06087494,57.596813,58.328968,0.73215485,82.64158,94.06072,70.7589,83.275566,90.881035,98.89686,46.595165,53.20168,32.66616,37.796738,20.63356,23.687885,43.98181,47.982613,21.260345,24.71965,13.877319,16.083809,23.051224,28.562263,30.2211,33.362534,70.56651,76.08298,56.326603,60.331333
u-19n5ZqWqhr06xLR-DOLpXuTZ45cUnyQKTNCI5HuYk,c1c5f71b5d5825f513d726f3c04b29f7,159.75,0,56.4,87.24679,88.249985,1.0031967,76.186,76.36302,0.17702484,95.41038,95.24273,0.16764832,52.197426,50.407448,1.789978,37.99746,35.237637,2.7598228,22.227825,22.19932,0.028505325,45.96138,46.06397,0.10258865,22.793404,23.246906,0.45350266,14.497762,15.180319,0.6825571,26.976955,26.2285,0.74845505,31.207916,31.81327,0.6053543,73.26387,73.37854,0.1146698,57.596813,58.1873,0.59048843,82.54041,93.95956,70.10469,82.62135,91.23482,99.25064,47.10419,53.710705,32.672348,37.802925,20.672157,23.726482,44.06357,48.06437,21.517254,24.976559,14.077074,16.283564,23.47298,28.98402,30.242554,33.383987,70.62031,76.13677,56.184937,60.189667
1nSApcOD6a09iy7U6DOEzyGvDHe9c6-z2lrg56PkEww,1863a1e0afb01991368d320c9a9a417c,172.0,1,64.2,96.72266,94.48304,2.2396164,81.01722,79.45093,1.5662918,94.35323,94.687485,0.3342514,50.416435,49.81048,0.60595703,34.41454,34.397934,0.016605377,25.077934,23.6302,1.4477348,49.53959,50.9629,1.4233093,25.29379,25.845734,0.5519428,16.961765,16.350573,0.6111927,28.833126,28.898308,0.06518173,36.30325,35.84184,0.46141052,77.63107,79.984375,2.353302,65.43776,64.735344,0.70241547,88.77347,100.19261,73.1926,85.70926,90.67957,98.6954,46.50722,53.113735,31.832645,36.963223,22.103037,25.157362,48.962498,52.9633,24.116081,27.575386,15.247328,17.453817,26.142788,31.653828,34.271122,37.412556,77.22614,82.74261,62.73298,66.73771
Q8EWvJHo7ZjvwLJNpaJxCxZAky0rrnvcmYsTvGSOPFg,204bdfba14b9ad25fe9d67f7f1632711,155.0,0,53.2,85.87802,87.83407,1.956047,74.47523,76.781715,2.306488,92.97988,93.041405,0.061523438,48.85883,48.65384,0.20499039,35.00172,34.217007,0.78471375,22.45031,21.379574,1.0707359,43.380978,44.494926,1.1139488,22.900175,22.454548,0.4456272,15.781859,14.453271,1.3285885,24.439318,25.22583,0.7865124,31.46621,31.448568,0.017641068,69.02707,70.49804,1.4709702,57.5518,56.912315,0.6394844,82.1245,93.54364,70.523384,83.04005,89.03349,97.04932,45.350582,51.957096,31.651718,36.782295,19.852411,22.906736,42.494526,46.495327,20.724895,24.1842,13.350026,15.556516,22.47031,27.98135,29.877851,33.019287,67.73981,73.25627,54.90995,58.91468
Q8EWvJHo7ZjvwLJNpaJxCxZAky0rrnvcmYsTvGSOPFg,736aef5bb158f4419eafccde2706ba07,155.0,0,53.2,85.87802,85.96809,0.090065,74.47523,75.185425,0.71019745,92.97988,93.292,0.31211853,48.85883,49.181522,0.32269287,35.00172,34.61134,0.39038086,22.45031,21.528452,0.92185783,43.380978,44.372295,0.99131775,22.900175,22.365307,0.53486824,15.781859,14.438583,1.343276,24.439318,25.146254,0.7069359,31.46621,31.35203,0.11417961,69.02707,70.15082,1.1237488,57.5518,57.312885,0.23891449,80.258514,91.67766,68.92709,81.443756,89.28409,97.29991,45.878265,52.48478,32.04605,37.17663,20.00129,23.055614,42.371895,46.372696,20.635654,24.09496,13.335339,15.541828,22.390734,27.901773,29.781313,32.922745,67.392586,72.90905,55.31052,59.31525
ROnYLg06pCSJ47L9kbpeqFAMv8uY2SC0csYHqPwlvUI,53f18798b8f08994a68f25ad0ba5b475,167.7,1,61.0,91.87929,94.78093,2.9016418,84.790085,81.13881,3.6512756,96.77247,92.83012,3.9423523,46.5274,47.918285,1.3908844,34.0171,33.211838,0.8052635,23.193935,22.781965,0.41197014,46.472416,49.551567,3.0791512,24.949512,25.150728,0.20121574,16.839237,15.784723,1.0545139,26.796846,27.99113,1.1942844,36.049522,35.432125,0.6173973,74.117805,77.452934,3.3351288,65.13007,63.414257,1.7158165,89.07136,100.4905,74.88048,87.39714,88.822205,96.83803,44.61503,51.221542,30.64655,35.777126,21.254803,24.309128,47.551167,51.551968,23.421076,26.88038,14.6814785,16.887968,25.235611,30.74665,33.86141,37.002842,74.6947,80.21117,61.411892,65.416626
lboDkkqmFWE6Hd7B441lqe_tT2edIVK71nk-nuYJ_CA,c4a816143eeef7851589e07b942778e2,172.5,1,69.4,107.89975,100.94724,6.952507,89.41615,89.17343,0.24272156,92.352394,97.522675,5.1702805,48.471943,49.76517,1.2932281,33.71404,34.23247,0.5184326,24.127441,23.402288,0.72515297,50.803802,51.030502,0.22669983,25.77814,26.009005,0.23086548,16.30127,16.385271,0.08400154,30.90623,29.029612,1.8766193,37.626564,36.420975,1.2055893,79.51478,80.08585,0.57107544,66.19008,65.75112,0.4389572,95.23767,106.656815,82.9151,95.43176,93.51476,101.53059,46.461914,53.068428,31.667183,36.79776,21.875126,24.929451,49.0301,53.030903,24.279352,27.738657,15.282026,17.488516,26.274092,31.785131,34.850258,37.99169,77.32762,82.844086,63.748756,67.75349
gvFN9-oZ1kTVAlIyBYj0VsEMgoW6NojEmFUY1cB83lQ,e343a9e4f4d6c9768d64865f8acf4932,154.5,0,52.7,89.78159,88.14881,1.632782,74.879654,75.81348,0.93382263,95.83639,93.12493,2.7114563,50.499474,48.81641,1.6830635,32.735233,34.019066,1.2838326,20.787949,21.449419,0.6614704,43.24904,44.52008,1.2710419,24.3784,22.660074,1.7183266,15.041416,14.849843,0.19157314,29.198261,25.607801,3.5904598,31.976229,31.343985,0.6322441,71.29793,70.561615,0.73631287,56.59193,56.2333,0.35863113,82.43924,93.85838,69.555145,82.07181,89.11702,97.13284,45.513153,52.119667,31.453777,36.584354,19.922256,22.976582,42.51968,46.52048,20.930422,24.389727,13.746598,15.953088,22.852282,28.363321,29.773268,32.914703,67.80338,73.31985,54.230934,58.235664
d1WLDI3NCUrqzgXr5gPLsIQAsnllGwuegVQZHJENrTA,63d5e227f36b89fdab5ad9f43a7317ef,174.5,1,70.8,95.67895,99.54565,3.8666992,83.48386,86.56555,3.0816956,98.78522,97.2426,1.5426178,52.66922,50.66063,2.0085907,36.122448,35.659805,0.46264267,24.073652,24.072582,0.0010700226,49.940357,51.057228,1.1168709,25.92731,26.431635,0.50432396,16.377531,16.521961,0.14443016,30.016617,29.522987,0.49362946,36.979607,36.616734,0.36287308,78.84964,80.18122,1.3315811,67.07783,66.27443,0.80339813,93.836075,105.25522,80.30722,92.82388,93.23469,101.25051,47.357372,53.963886,33.094517,38.225094,22.54542,25.599745,49.056828,53.05763,24.701982,28.161287,15.418716,17.625206,26.767467,32.278507,35.046017,38.18745,77.42299,82.93945,64.272064,68.276794
d1WLDI3NCUrqzgXr5gPLsIQAsnllGwuegVQZHJENrTA,7cc6253a5766d813dd0e1569977d2f73,174.5,1,70.8,95.67895,99.87585,4.1968994,83.48386,88.12586,4.642006,98.78522,97.42932,1.355896,52.66922,50.30884,2.3603783,36.122448,37.317074,1.1946259,24.073652,24.828112,0.7544594,49.940357,50.661037,0.72068024,25.92731,26.394367,0.46705627,16.377531,16.933311,0.5557804,30.016617,28.953018,1.0635986,36.979607,36.63349,0.3461151,78.84964,79.50388,0.65424347,67.07783,66.974205,0.10362244,94.166275,105.58542,81.86753,94.38419,93.42141,101.43723,47.005585,53.6121,34.751785,39.882362,23.30095,26.355274,48.660637,52.661438,24.664715,28.12402,15.830067,18.036556,26.197498,31.708538,35.062775,38.20421,76.74565,82.262115,64.97184,68.97657
MOqbYtj3KR1NJkIQUzq-XXifDNs8yYgBo684NtXOzzo,f291dfa85f6980ae579403326111f359,180.5,1,70.8,96.706024,99.30397,2.5979462,82.65169,85.9833,3.3316116,95.22127,97.571815,2.3505478,51.156548,50.058327,1.0982208,33.912132,34.603607,0.6914749,23.707598,24.181282,0.4736843,55.41536,53.6136,1.8017578,25.465963,26.070528,0.60456467,16.215094,16.548307,0.3332138,28.107409,28.902288,0.7948799,37.345333,36.693157,0.6521759,85.97185,84.7196,1.2522507,67.839554,67.386986,0.45256805,93.5944,105.01354,79.72497,92.24163,93.5639,101.57973,46.75507,53.361584,32.03832,37.168896,22.65412,25.708445,51.6132,55.614002,24.340876,27.80018,15.445063,17.651552,26.146769,31.657808,35.12244,38.263874,81.961365,87.47783,65.38462,69.38935
MOqbYtj3KR1NJkIQUzq-XXifDNs8yYgBo684NtXOzzo,b767365e3cae6ff62f52456b47a0f08f,180.5,1,70.8,96.706024,98.17848,1.4724579,82.65169,85.116455,2.4647675,95.22127,98.0165,2.7952347,51.156548,50.474075,0.6824722,33.912132,34.401028,0.48889542,23.707598,24.095556,0.38795853,55.41536,53.6702,1.7451591,25.465963,25.824774,0.35881042,16.215094,16.335516,0.12042236,28.107409,28.695387,0.58797836,37.345333,36.681763,0.6635704,85.97185,84.63646,1.3353882,67.839554,67.79122,0.048332214,92.46891,103.888054,78.85812,91.37479,94.00859,102.024414,47.17082,53.777332,31.83574,36.966316,22.568394,25.622719,51.6698,55.6706,24.095121,27.554426,15.232271,17.43876,25.939867,31.450907,35.111046,38.25248,81.87823,87.39469,65.78886,69.79359
cW9CuaPVbwpK3I1tAfdxvXBqVxfqOng7igmvP1zVy-M,5380c74b47a66840ec6ac3eca14be6fb,175.5,1,67.1,97.67375,97.1668,0.5069504,82.440056,81.30891,1.1311493,93.17116,94.27965,1.10849,48.48308,49.466682,0.9836006,34.66122,34.54175,0.11946869,25.12697,23.87718,1.2497902,51.07715,51.06273,0.014419556,26.629826,26.437973,0.19185257,17.675564,16.385822,1.2897415,27.447048,29.540894,2.0938454,36.50542,36.719303,0.21388245,78.72005,80.13598,1.4159317,67.033646,66.27931,0.7543335,91.45723,102.87637,75.050575,87.56724,90.271736,98.28756,46.163425,52.76994,31.976463,37.10704,22.350018,25.404343,49.06233,53.06313,24.70832,28.167625,15.2825775,17.489067,26.785374,32.296413,35.148586,38.29002,77.37775,82.89421,64.27695,68.28168
VZOdwErQEssn2GRi01V-Co76MIZb7JUCjyshSGFvTyI,e88201f42c64bfcdf3d8bd463e86717c,166.5,0,56.3,94.07234,89.306625,4.7657166,79.091705,77.80884,1.2828674,93.79835,95.58177,1.7834244,49.049328,49.6026,0.55327225,36.522736,34.741238,1.781498,22.45987,22.525564,0.06569481,47.684315,48.477272,0.7929573,25.555168,23.203636,2.351532,17.737156,15.412387,2.324769,28.954647,25.802765,3.1518822,32.14941,32.11093,0.03847885,79.14978,77.96674,1.1830368,59.8578,59.897053,0.039253235,83.59705,95.0162,71.55051,84.06717,91.57386,99.58968,46.299343,52.905857,32.17595,37.306526,20.998402,24.052727,46.47687,50.477673,21.473984,24.933289,14.309142,16.515633,23.047245,28.558285,30.540215,33.68165,75.20851,80.724976,57.894688,61.899418
G2--3a1ZbnW54xZrzDhQDiV0ykwTVJPyaXDJqjk77og,d7bfc92674172fab6719a423f537cfad,170.6,0,63.3,91.65687,93.08356,1.4266891,77.885216,81.034134,3.1489182,99.963875,98.27201,1.691864,51.254337,51.468143,0.21380615,36.383667,35.07217,1.3114967,23.424137,22.880297,0.5438404,49.82386,49.570087,0.25377274,23.622871,24.265072,0.64220047,15.058697,15.631969,0.5732727,26.668068,27.3764,0.70833206,32.664722,33.4504,0.78567886,79.72158,79.37734,0.34423828,62.405434,62.15637,0.2490654,87.373985,98.79313,74.7758,87.292465,94.2641,102.27992,48.164886,54.7714,32.50688,37.63746,21.353134,24.40746,47.569687,51.570488,22.53542,25.994724,14.528725,16.735214,24.62088,30.13192,31.879684,35.02112,76.61911,82.135574,60.154003,64.15874
WONQcdsVSwAdOGdbQ6TwU4Mu2vHCr3To_k1lFiQn7Sk,61d51bcc08929091886c32b84e85a183,171.25,1,64.0,94.32351,93.69056,0.6329498,77.25738,77.98548,0.72810364,94.68054,94.318954,0.36158752,48.825882,50.378136,1.5522537,34.713104,34.043808,0.66929626,23.492285,23.21757,0.27471542,49.98845,50.87957,0.8911209,26.815536,25.719982,1.0955544,16.156286,15.847146,0.3091402,31.922815,29.141018,2.7817974,35.262466,35.71579,0.45332336,77.99407,79.77653,1.7824554,64.98773,63.886883,1.1008492,87.98099,99.40013,71.72715,84.24381,90.31104,98.326866,47.07488,53.681393,31.47852,36.609097,21.690407,24.744732,48.87917,52.87997,23.99033,27.449635,14.743901,16.95039,26.385498,31.896538,34.145073,37.286507,77.018295,82.53476,61.884518,65.88925
WONQcdsVSwAdOGdbQ6TwU4Mu2vHCr3To_k1lFiQn7Sk,d1e38093637509b628d5ad719a194709,171.25,1,64.0,94.32351,95.88253,1.559021,77.25738,80.96871,3.7113342,94.68054,93.53768,1.1428604,48.825882,49.130886,0.30500412,34.713104,34.243294,0.4698105,23.492285,23.379772,0.11251259,49.98845,50.882717,0.89426804,26.815536,25.726068,1.089468,16.156286,15.950696,0.20559025,31.922815,28.819727,3.1030884,35.262466,36.03415,0.77168274,77.99407,79.68606,1.6919861,64.98773,64.12197,0.8657608,90.17296,101.5921,74.71038,87.22704,89.52977,97.54559,45.82763,52.434143,31.678005,36.808582,21.85261,24.906935,48.882317,52.883118,23.996416,27.45572,14.847451,17.05394,26.064207,31.575247,34.463432,37.604866,76.927826,82.44429,62.119606,66.12434
WONQcdsVSwAdOGdbQ6TwU4Mu2vHCr3To_k1lFiQn7Sk,f602673f02d5a4557a5e9376f40eece0,171.25,1,64.0,94.32351,96.722786,2.3992767,77.25738,82.59772,5.3403397,94.68054,93.45906,1.2214813,48.825882,48.23276,0.5931206,34.713104,33.514935,1.1981697,23.492285,23.1707,0.3215847,49.98845,50.766373,0.7779236,26.815536,25.605051,1.2104855,16.156286,16.022299,0.13398743,31.922815,28.547176,3.375639,35.262466,35.983448,0.7209816,77.99407,79.58824,1.5941696,64.98773,64.21173,0.776001,91.013214,102.43236,76.339386,88.85605,89.45115,97.46697,44.929504,51.53602,30.949646,36.080223,21.643538,24.697863,48.765972,52.766773,23.875399,27.334703,14.919054,17.125544,25.791656,31.302696,34.41273,37.554165,76.83001,82.34647,62.209366,66.214096
WONQcdsVSwAdOGdbQ6TwU4Mu2vHCr3To_k1lFiQn7Sk,bb19a9cd23377f86da851ed76cb6f659,171.25,1,64.0,94.32351,94.42684,0.10333252,77.25738,81.08647,3.829094,94.68054,95.223076,0.5425339,48.825882,50.07165,1.2457695,34.713104,34.455154,0.25794983,23.492285,23.257086,0.23519897,49.98845,50.092693,0.10424423,26.815536,25.279182,1.5363541,16.156286,15.676033,0.48025322,31.922815,28.498434,3.4243813,35.262466,35.459946,0.19747925,77.99407,78.6051,0.6110306,64.98773,64.439804,0.54792786,88.71727,100.13641,74.82814,87.3448,91.215164,99.23099,46.768394,53.37491,31.889866,37.020443,21.729923,24.784248,48.092293,52.093094,23.54953,27.008835,14.572788,16.779278,25.742914,31.253954,33.88923,37.030663,75.84687,81.363335,62.43744,66.44217
o-_gWQyCnze7uTFo_sg8XmTniRktMdxB4P0EGtKaMY8,ad434d41d59ce73295d20859c6560e49,163.5,0,58.5,94.107544,92.538376,1.5691681,79.25935,80.183655,0.92430115,94.97872,96.89864,1.9199219,48.405407,50.540703,2.1352959,34.142487,33.830402,0.3120842,23.764376,22.057795,1.7065811,48.211914,48.583393,0.37147903,23.442934,23.758017,0.31508255,15.837467,15.565874,0.2715931,26.207123,26.984482,0.777359,32.26273,32.400547,0.13781738,78.99269,77.8998,1.0928879,58.041386,58.763733,0.72234726,86.828804,98.24795,73.92532,86.441986,92.89073,100.906555,47.237446,53.84396,31.265114,36.39569,20.530632,23.584957,46.582993,50.583794,22.028364,25.487669,14.462629,16.669119,24.228962,29.740002,30.82983,33.971264,75.14157,80.658035,56.761368,60.766098
33kQep-kt5ANgw-ZuhiXxYHHKj9EgooiTmgbFXAxp5M,688fd3c3a3dfd4698d68d71b32a19d9c,162.5,0,57.8,90.9768,90.84662,0.13018036,79.01926,76.97144,2.0478134,95.49356,93.803024,1.6905365,50.7135,49.413383,1.3001175,33.912937,33.70978,0.20315552,22.540655,21.96957,0.571085,47.141663,48.12589,0.9842262,23.047138,23.844555,0.7974167,14.995241,15.417527,0.42228603,26.231049,26.829308,0.598259,34.106037,32.620438,1.4855995,76.51858,76.68818,0.16960144,58.209896,58.133568,0.07632828,85.13705,96.55619,70.71311,83.229774,89.79511,97.810936,46.110126,52.71664,31.144493,36.27507,20.442408,23.496733,46.12549,50.12629,22.114902,25.574207,14.314282,16.520771,24.073788,29.584827,31.04972,34.191154,73.92995,79.44641,56.131203,60.135933
qdsEw-Dvb_xmFa6q7s-GuqdxNzWLX7xR7e3PQfehp4o,a80809b42fd1328cd63692f2a1c07509,166.5,0,56.4,85.17129,87.4294,2.25811,73.851265,76.08825,2.2369843,90.24596,93.773544,3.527588,50.113964,48.637848,1.4761162,34.941307,33.92628,1.0150261,22.034857,22.083527,0.048669815,47.27989,48.124317,0.844429,24.072968,22.63303,1.4399376,15.9713955,14.782279,1.1891165,26.44261,25.034847,1.4077625,31.322157,32.1592,0.83704185,76.29316,76.94616,0.6529999,60.91612,59.96056,0.9555588,81.719826,93.13897,69.82992,82.34658,89.76563,97.781456,45.33459,51.941105,31.360992,36.49157,20.556364,23.61069,46.123917,50.124718,20.903378,24.362682,13.679034,15.885524,22.279327,27.790367,30.588482,33.729916,74.18793,79.70439,57.958195,61.962925
hlYBLwY-wUvLCWi6fGccF18xQgfPH6O55mBqbjlNjL0,9494471992cc80fc89fb803032bb7056,159.0,0,55.4,95.592606,88.2275,7.3651047,73.4273,73.98166,0.55435944,93.87702,92.476326,1.4006958,50.29709,48.992302,1.3047867,35.068405,33.90154,1.1668663,22.110672,21.802313,0.30835915,46.157055,45.702366,0.45468903,24.126318,23.555195,0.5711231,15.474375,15.140661,0.33371353,26.82889,26.47121,0.35767937,32.688892,32.462223,0.22666931,72.25409,72.07767,0.17642212,58.281826,58.495056,0.21323013,82.51793,93.93707,67.72333,80.23999,88.468414,96.48424,45.689045,52.29556,31.33625,36.466827,20.27515,23.329475,43.701965,47.702766,21.825542,25.284847,14.037416,16.243906,23.71569,29.22673,30.891506,34.03294,69.319435,74.8359,56.49269,60.49742
g9j8ZQyw5DBZuJAB5unfmqJDFczHNCsOvSMI1LdWaOU,50d25cb316c56e53e92030b7d06f1f10,172.0,0,60.2,84.92213,88.31743,3.3953018,76.23272,74.04709,2.1856308,94.692314,93.79811,0.8942032,49.79606,49.160202,0.6358566,35.516926,35.13248,0.3844452,21.8389,23.278683,1.4397831,50.71266,49.959057,0.7536049,24.207176,23.66607,0.5411053,15.055287,15.60186,0.5465727,25.778227,26.009665,0.23143768,34.79509,33.26537,1.5297203,79.72144,79.90735,0.18590546,61.17317,62.312687,1.1395187,82.60786,94.027,67.78876,80.30542,89.7902,97.80602,45.856945,52.46346,32.567192,37.69777,21.75152,24.805845,47.958656,51.959457,21.936419,25.395723,14.498615,16.705105,23.254145,28.765184,31.694653,34.836086,77.14912,82.66558,60.31032,64.31505
5rSctrSuzwYcwlosuroM6rtJGcvbPcxme9ZOuJwx2Ps,7dbb9f6f8f9434b5fc87525fd1282bb7,156.0,0,49.7,85.8051,85.91188,0.106781006,71.61744,73.92932,2.311882,89.186905,90.786026,1.5991211,46.515823,47.070793,0.5549698,32.819458,33.02627,0.20681381,21.556246,21.052412,0.5038338,42.25266,44.30941,2.0567513,22.820662,22.092173,0.7284889,15.2158165,14.341644,0.8741722,25.715729,24.529533,1.1861954,30.995495,31.231358,0.23586273,68.52736,70.38556,1.8582001,58.147198,57.14191,1.0052872,80.20231,91.62145,67.67099,80.18765,86.778114,94.79394,43.767536,50.37405,30.460983,35.59156,19.52525,22.579575,42.30901,46.30981,20.36252,23.821825,13.2383995,15.444889,21.774014,27.285053,29.66064,32.802074,67.62733,73.14379,55.139545,59.144276
okmi0_4jJE4x4oUzQGWqaUr7qAXVZmr0M0sWv-wRfCw,142ed957839a124f28f2605200565659,156.25,0,49.9,83.526245,83.50633,0.01991272,72.32203,71.940506,0.38152313,90.22814,90.19638,0.03176117,47.742073,47.118767,0.6233063,34.278744,33.69741,0.58133316,20.947136,21.31157,0.3644333,43.5317,44.89426,1.3625603,20.783304,21.802813,1.0195084,13.738899,14.254986,0.5160866,23.245825,24.05207,0.8062458,30.938828,31.118729,0.17990112,68.51009,70.96753,2.4574356,57.703327,57.08329,0.6200371,77.79676,89.215904,65.682175,78.19884,86.18847,94.20429,43.81551,50.422024,31.132122,36.2627,19.784407,22.838732,42.89386,46.89466,20.07316,23.532465,13.151741,15.358231,21.29655,26.80759,29.548012,32.689445,68.2093,73.72576,55.080925,59.085655
okmi0_4jJE4x4oUzQGWqaUr7qAXVZmr0M0sWv-wRfCw,822fa2e679fa7368f9efb6315420a953,156.25,0,49.9,83.526245,83.821075,0.29483032,72.32203,72.437706,0.11567688,90.22814,91.21843,0.9902878,47.742073,47.928944,0.18687057,34.278744,33.82731,0.4514351,20.947136,21.326273,0.37913704,43.5317,44.466625,0.9349251,20.783304,22.005634,1.2223301,13.738899,14.24911,0.510211,23.245825,24.525555,1.2797298,30.938828,31.118729,0.17990112,68.51009,70.54205,2.0319595,57.703327,57.332428,0.3708992,78.1115,89.53065,66.179375,78.69604,87.21052,95.22634,44.625687,51.2322,31.26202,36.392597,19.79911,22.853436,42.466225,46.467026,20.275982,23.735287,13.145865,15.352355,21.770035,27.281075,29.548012,32.689445,67.78382,73.300285,55.330063,59.334793
okmi0_4jJE4x4oUzQGWqaUr7qAXVZmr0M0sWv-wRfCw,9b16fbbe417a35022ea1578278b1e96f,156.25,0,49.9,83.526245,83.652466,0.1262207,72.32203,71.70499,0.61704254,90.22814,90.707405,0.4792633,47.742073,47.62513,0.11694336,34.278744,33.65102,0.6277237,20.947136,21.34833,0.40119362,43.5317,44.809364,1.2776642,20.783304,22.051607,1.2683029,13.738899,14.384238,0.645339,23.245825,24.513618,1.2677937,30.938828,31.113365,0.17453766,68.51009,71.035995,2.5259018,57.703327,57.039326,0.66400146,77.942894,89.36204,65.446655,77.96332,86.69949,94.71532,44.321873,50.928387,31.085732,36.21631,19.821167,22.875492,42.808964,46.809765,20.321955,23.78126,13.280993,15.487483,21.758099,27.269138,29.542648,32.684082,68.27776,73.79423,55.03696,59.04169
okmi0_4jJE4x4oUzQGWqaUr7qAXVZmr0M0sWv-wRfCw,918e8524b2c15eb229c83d408e8672e0,156.25,0,49.9,83.526245,84.11334,0.58709717,72.32203,71.97975,0.34227753,90.22814,90.48138,0.25323486,47.742073,47.36928,0.3727913,34.278744,33.37576,0.9029846,20.947136,21.133284,0.18614769,43.5317,44.271675,0.739975,20.783304,22.000225,1.2169209,13.738899,14.2520485,0.51314926,23.245825,24.445976,1.2001514,30.938828,31.073141,0.13431358,68.51009,70.224174,1.7140808,57.703327,56.961166,0.7421608,78.40377,89.822914,65.72142,78.23808,86.473465,94.48929,44.066025,50.67254,30.81047,35.941048,19.606121,22.660446,42.271275,46.272076,20.270573,23.729877,13.148804,15.355293,21.690456,27.201496,29.502424,32.64386,67.46594,72.98241,54.9588,58.96353
99rCWDsiu7BmmWXnf7NmjfD2FXdXJBHckHavK5uW9hM,971158933049069f23a1dd306aa2bb83,159.5,0,55.4,91.532745,87.6767,3.8560486,73.95665,76.88639,2.929741,98.44048,94.80541,3.6350708,48.551308,49.805145,1.2538376,34.161686,34.332985,0.17129898,21.855242,21.80599,0.049251556,45.85974,46.485313,0.6255722,21.908648,22.63844,0.72979164,14.15198,14.663307,0.5113268,24.977327,25.587906,0.61057854,32.427147,31.695278,0.73186874,73.30189,74.10478,0.8028946,57.785545,57.987015,0.20146942,81.967125,93.38627,70.62806,83.14472,90.7975,98.813324,46.50189,53.108402,31.767696,36.898273,20.278828,23.333153,44.484913,48.485714,20.908787,24.368092,13.560062,15.766552,22.832386,28.343426,30.124561,33.265995,71.34655,76.863014,55.98465,59.98938
99rCWDsiu7BmmWXnf7NmjfD2FXdXJBHckHavK5uW9hM,9497f7c49980654e79158bc646ca8f5b,159.5,0,55.4,91.532745,88.02516,3.5075836,73.95665,76.38919,2.432541,98.44048,94.68257,3.7579117,48.551308,50.124954,1.5736465,34.161686,34.6933,0.5316124,21.855242,21.912594,0.057352066,45.85974,46.49632,0.6365776,21.908648,22.876417,0.9677696,14.15198,14.642744,0.49076366,24.977327,25.961918,0.98459053,32.427147,31.90981,0.5173378,73.30189,74.02653,0.7246399,57.785545,57.967476,0.18193054,82.31559,93.73473,70.13086,82.64752,90.67466,98.69048,46.821697,53.42821,32.12801,37.258587,20.385431,23.439756,44.49592,48.49672,21.146765,24.60607,13.539499,15.745989,23.206398,28.717438,30.339092,33.480526,71.268295,76.78476,55.96511,59.96984
9Jcfu5TiBNhAQuyvzg-vEbQrKnq90fAEKiS4iY8sS4I,bf85dbe17a8aa026217bd6e7ed9bc170,172.1,1,68.35,93.644455,95.52283,1.8783722,77.27459,81.734146,4.4595566,94.81,96.7414,1.9314041,50.069454,51.316235,1.2467804,38.2024,36.635204,1.5671959,24.683693,24.443281,0.24041176,51.174072,50.28332,0.8907509,24.928139,26.173965,1.2458267,16.523481,16.609446,0.0859642,28.45027,29.106203,0.6559334,36.02736,36.348568,0.32120895,77.84518,78.23946,0.3942871,64.71673,66.53089,1.8141632,89.813255,101.2324,75.475815,87.99248,92.73349,100.74931,48.012978,54.61949,34.069916,39.200493,22.916119,25.970444,48.28292,52.283722,24.444313,27.903618,15.506201,17.71269,26.350683,31.861723,34.77785,37.919285,75.48123,80.997696,64.52853,68.53326
9Jcfu5TiBNhAQuyvzg-vEbQrKnq90fAEKiS4iY8sS4I,c6d3ab1c976748b84dcfe4486c8b81de,172.1,1,68.35,93.644455,97.709175,4.06472,77.27459,84.3085,7.0339127,94.81,95.56703,0.7570343,50.069454,49.690548,0.37890625,38.2024,36.1044,2.0979996,24.683693,24.297678,0.38601494,51.174072,50.631165,0.5429077,24.928139,26.185799,1.2576599,16.523481,16.685328,0.16184616,28.45027,28.871452,0.42118263,36.02736,36.511143,0.48378372,77.84518,79.01972,1.1745453,64.71673,65.97156,1.2548294,91.9996,103.41875,78.05017,90.56683,91.55912,99.57494,46.38729,52.993805,33.539112,38.66969,22.770515,25.82484,48.630764,52.631565,24.456146,27.915451,15.582083,17.788572,26.115932,31.626972,34.940426,38.08186,76.26149,81.777954,63.969193,67.97392
9Jcfu5TiBNhAQuyvzg-vEbQrKnq90fAEKiS4iY8sS4I,27e140be069c5ff0578eba2a9036a2b8,172.1,1,68.35,93.644455,96.27596,2.6315079,77.27459,81.29582,4.0212326,94.81,96.15668,1.3466797,50.069454,51.40951,1.3400574,38.2024,36.49796,1.7044411,24.683693,24.271229,0.41246414,51.174072,49.754967,1.4191055,24.928139,26.670036,1.7418976,16.523481,16.67905,0.15556908,28.45027,29.823889,1.3736191,36.02736,36.471924,0.44456482,77.84518,77.566025,0.27915192,64.71673,66.08575,1.3690186,90.56639,101.985535,75.03749,87.55415,92.148766,100.16459,48.106255,54.71277,33.93267,39.063248,22.744066,25.798391,47.754566,51.755367,24.940384,28.399689,15.575806,17.782295,27.068369,32.579407,34.901207,38.04264,74.80779,80.32426,64.08338,68.08811
9Jcfu5TiBNhAQuyvzg-vEbQrKnq90fAEKiS4iY8sS4I,c560de4dac1882bdc2b6fd3caebadae6,172.1,1,68.35,93.644455,96.00618,2.3617249,77.27459,81.53789,4.263298,94.81,96.304085,1.4940872,50.069454,51.27626,1.2068062,38.2024,36.73804,1.4643593,24.683693,24.48234,0.20135307,51.174072,50.250698,0.9233742,24.928139,26.368845,1.4407063,16.523481,16.664501,0.14101982,28.45027,29.402628,0.95235825,36.02736,36.364994,0.33763504,77.84518,78.412155,0.56697845,64.71673,66.036896,1.3201675,90.29661,101.71575,75.27956,87.79622,92.29617,100.312,47.973003,54.579517,34.172752,39.30333,22.955177,26.009502,48.250298,52.2511,24.639193,28.098497,15.561256,17.767746,26.647108,32.15815,34.794277,37.93571,75.65392,81.17039,64.03453,68.03926
9Jcfu5TiBNhAQuyvzg-vEbQrKnq90fAEKiS4iY8sS4I,318839dc441572023f54775d36bd6e14,172.1,1,68.35,93.644455,96.062386,2.4179306,77.27459,80.67432,3.3997269,94.81,95.10515,0.29515076,50.069454,50.857845,0.7883911,38.2024,37.40417,0.7982292,24.683693,24.780325,0.096632004,51.174072,49.985588,1.1884842,24.928139,26.606295,1.6781559,16.523481,16.856016,0.3325348,28.45027,29.463305,1.0130348,36.02736,36.588573,0.56121445,77.84518,77.897964,0.05278778,64.71673,66.19749,1.4807587,90.35281,101.77196,74.415985,86.93265,91.09724,99.11306,47.55459,54.161102,34.838882,39.96946,23.253162,26.307487,47.985188,51.98599,24.876642,28.335947,15.752771,17.95926,26.707785,32.218826,35.017857,38.15929,75.13973,80.6562,64.19512,68.19985
9Jcfu5TiBNhAQuyvzg-vEbQrKnq90fAEKiS4iY8sS4I,9354c2d169fe20f5fc70d475d534400a,172.1,1,68.35,93.644455,96.46143,2.8169785,77.27459,83.71643,6.441841,94.81,96.795456,1.9854584,50.069454,50.80188,0.7324257,38.2024,36.275276,1.927124,24.683693,24.20804,0.4756527,51.174072,50.667328,0.5067444,24.928139,25.948496,1.0203571,16.523481,16.47652,0.04696083,28.45027,28.719261,0.26899147,36.02736,36.26678,0.23942184,77.84518,78.940865,1.0956879,64.71673,66.220695,1.5039673,90.75186,102.171005,77.4581,89.97476,92.787544,100.80337,47.498623,54.105137,33.709988,38.840565,22.680878,25.735203,48.666927,52.66773,24.218843,27.678148,15.373276,17.579765,25.963741,31.474781,34.696064,37.837498,76.18263,81.6991,64.21833,68.22306
9Jcfu5TiBNhAQuyvzg-vEbQrKnq90fAEKiS4iY8sS4I,12f71e2c681a47bdb31a575b879f7872,172.1,1,68.35,93.644455,96.43614,2.791687,77.27459,83.8898,6.6152115,94.81,97.021484,2.2114868,50.069454,50.60733,0.5378761,38.2024,37.185146,1.0172539,24.683693,24.773891,0.09019852,51.174072,50.166584,1.0074883,24.928139,26.124275,1.1961365,16.523481,16.968195,0.4447136,28.45027,28.646646,0.1963768,36.02736,36.207783,0.18042374,77.84518,78.37924,0.53406525,64.71673,66.700645,1.9839172,90.72657,102.14571,77.63147,90.14813,93.01357,101.029396,47.304073,53.910587,34.619858,39.750435,23.246729,26.301054,48.166183,52.166985,24.394623,27.853928,15.86495,18.07144,25.891127,31.402166,34.637066,37.7785,75.62101,81.137474,64.69828,68.70301
9Jcfu5TiBNhAQuyvzg-vEbQrKnq90fAEKiS4iY8sS4I,6a12d8e88e309e5bd3821dacac042316,172.1,1,68.35,93.644455,97.2764,3.6319427,77.27459,84.47533,7.200737,94.81,96.810196,2.0001984,50.069454,50.290188,0.22073364,38.2024,35.794342,2.4080582,24.683693,24.138865,0.5448284,51.174072,50.724712,0.4493599,24.928139,26.122585,1.1944466,16.523481,16.80461,0.28112793,28.45027,28.76999,0.31972122,36.02736,36.312702,0.28534317,77.84518,79.1102,1.2650223,64.71673,66.173065,1.456337,91.566826,102.98597,78.216995,90.73366,92.802284,100.81811,46.98693,53.593445,33.229053,38.35963,22.611702,25.666027,48.72431,52.725113,24.392933,27.852238,15.7013645,17.907854,26.014471,31.52551,34.741985,37.88342,76.35197,81.86843,64.1707,68.17543
9Jcfu5TiBNhAQuyvzg-vEbQrKnq90fAEKiS4iY8sS4I,073a2e9f5b21609553cfd1ef10e5817f,172.1,1,68.35,93.644455,97.21176,3.5673065,77.27459,82.26407,4.989479,94.81,95.940475,1.1304779,50.069454,51.015083,0.9456291,38.2024,36.229656,1.972744,24.683693,24.18691,0.4967823,51.174072,49.977726,1.1963463,24.928139,26.687107,1.7589684,16.523481,16.676825,0.1533432,28.45027,29.815931,1.3656616,36.02736,36.510807,0.48344803,77.84518,78.095116,0.24993896,64.71673,65.91049,1.1937637,91.50219,102.92133,76.00574,88.5224,91.93256,99.94839,47.711826,54.31834,33.664368,38.794945,22.659748,25.714073,47.977325,51.978127,24.957455,28.41676,15.57358,17.78007,27.060411,32.57145,34.94009,38.081524,75.33688,80.85335,63.908127,67.91286
9Jcfu5TiBNhAQuyvzg-vEbQrKnq90fAEKiS4iY8sS4I,dad9f5cdf090f4cdd3c60d8a8fe2c634,172.1,1,68.35,93.644455,97.61925,3.9747925,77.27459,84.383736,7.109146,94.81,95.984695,1.1746979,50.069454,50.23955,0.17009735,38.2024,36.426826,1.7755737,24.683693,24.301182,0.38251114,51.174072,49.556602,1.6174698,24.928139,26.308167,1.3800278,16.523481,16.630146,0.10666466,28.45027,29.10521,0.65493965,36.02736,36.50645,0.47909164,77.84518,77.28666,0.55851746,64.71673,66.52845,1.8117218,91.909676,103.32882,78.125404,90.64207,91.97678,99.99261,46.936295,53.54281,33.861538,38.992115,22.77402,25.828344,47.556202,51.557003,24.578514,28.037819,15.526901,17.73339,26.34969,31.86073,34.935734,38.077168,74.52843,80.04489,64.526085,68.530815
4ETJJKC9HNKcvTvC-u5DrkNO9ia7tsMZdnpvVuU2kmc,6a17eebe870d783c48583e098be33b1c,169.0,0,58.6,89.699036,89.31786,0.38117218,74.92788,77.64529,2.7174072,95.60245,95.39997,0.2024765,50.785294,49.71187,1.0734253,33.599373,34.34845,0.74907684,21.92442,22.431828,0.50740814,48.170086,49.025963,0.8558769,22.742361,23.255018,0.51265717,15.140247,15.071629,0.068618774,25.903461,25.92611,0.022647858,29.861204,32.7867,2.925497,79.16602,78.25597,0.91005707,60.18283,61.057243,0.87441254,83.60829,95.027435,71.386955,83.90362,91.39206,99.40788,46.40861,53.015125,31.783161,36.91374,20.904665,23.95899,47.025562,51.026363,21.525366,24.98467,13.968384,16.174873,23.17059,28.68163,31.215984,34.357418,75.497734,81.0142,59.05488,63.05961
4ETJJKC9HNKcvTvC-u5DrkNO9ia7tsMZdnpvVuU2kmc,dcd9aa4e4d84a5ab2bf70fce07a23031,169.0,0,58.6,89.699036,89.86867,0.16963196,74.92788,78.38455,3.4566727,95.60245,96.52029,0.91783905,50.785294,50.274197,0.51109695,33.599373,33.842773,0.24340057,21.92442,22.241594,0.3171749,48.170086,49.506462,1.3363762,22.742361,23.295584,0.55322266,15.140247,15.159756,0.019508362,25.903461,26.16882,0.26535797,29.861204,32.6258,2.764597,79.16602,79.3315,0.16547394,60.18283,60.766586,0.5837555,84.159096,95.57824,72.12622,84.64288,92.512375,100.5282,46.97094,53.577454,31.277485,36.408062,20.714432,23.768757,47.50606,51.506863,21.565931,25.025236,14.056511,16.263,23.4133,28.92434,31.055084,34.196518,76.573265,82.08973,58.76422,62.76895
4ETJJKC9HNKcvTvC-u5DrkNO9ia7tsMZdnpvVuU2kmc,081c764b70905170efc0aaa4d7089b42,169.0,0,58.6,89.699036,89.430275,0.26876068,74.92788,78.10324,3.1753616,95.60245,95.9503,0.3478546,50.785294,49.826466,0.958828,33.599373,33.994324,0.39495087,21.92442,22.352793,0.42837334,48.170086,49.40997,1.2398834,22.742361,23.106283,0.36392212,15.140247,15.105411,0.03483677,25.903461,25.81868,0.08478165,29.861204,32.615074,2.75387,79.16602,79.12548,0.040542603,60.18283,60.77147,0.5886383,83.7207,95.13985,71.84491,84.36157,91.94239,99.95821,46.52321,53.129723,31.429035,36.559612,20.82563,23.879955,47.40957,51.41037,21.37663,24.835936,14.002166,16.208656,23.06316,28.5742,31.044357,34.18579,76.36725,81.88371,58.769104,62.773834
4ETJJKC9HNKcvTvC-u5DrkNO9ia7tsMZdnpvVuU2kmc,8feb2910a52715a06379cf546e399d2e,169.0,0,58.6,89.699036,89.475235,0.22380066,74.92788,79.00606,4.0781784,95.60245,96.7414,1.1389542,50.785294,50.031677,0.75361633,33.599373,34.298965,0.6995926,21.92442,22.42815,0.5037308,48.170086,49.14545,0.9753647,22.742361,23.04138,0.29901886,15.140247,15.136255,0.0039920807,25.903461,25.719208,0.1842537,29.861204,32.448814,2.5876102,79.16602,78.787125,0.37889862,60.18283,61.049915,0.8670845,83.76566,95.18481,72.74773,85.26439,92.73349,100.74931,46.72842,53.334934,31.733677,36.864254,20.900988,23.955313,47.14505,51.14585,21.311728,24.771032,14.0330105,16.2395,22.963688,28.474728,30.878098,34.01953,76.02889,81.54536,59.04755,63.05228
4ETJJKC9HNKcvTvC-u5DrkNO9ia7tsMZdnpvVuU2kmc,a07308ad3c77be09913aeb582940065c,169.0,0,58.6,89.699036,89.58765,0.11138916,74.92788,78.35184,3.4239578,95.60245,95.984695,0.38224792,50.785294,49.81847,0.9668236,33.599373,34.03762,0.43824768,21.92442,22.33717,0.41275024,48.170086,49.51791,1.3478241,22.742361,23.095465,0.35310364,15.140247,15.090723,0.049524307,25.903461,25.798786,0.10467529,29.861204,32.515854,2.6546497,79.16602,79.4507,0.2846756,60.18283,60.554085,0.37125397,83.878075,95.29722,72.093506,84.61017,91.97678,99.99261,46.515213,53.121727,31.472332,36.60291,20.810007,23.864332,47.51751,51.51831,21.365812,24.825117,13.987478,16.193968,23.043266,28.554306,30.945137,34.08657,76.69247,82.20893,58.55172,62.55645
4ETJJKC9HNKcvTvC-u5DrkNO9ia7tsMZdnpvVuU2kmc,78b4915bf77f295cc9559d6ea6423c08,169.0,0,58.6,89.699036,87.77786,1.9211731,74.92788,76.32376,1.3958817,95.60245,95.8422,0.23975372,50.785294,50.18625,0.5990448,33.599373,34.418037,0.81866455,21.92442,22.403337,0.47891808,48.170086,48.91984,0.74975586,22.742361,23.01704,0.27467918,15.140247,14.983501,0.15674591,25.903461,25.739103,0.16435814,29.861204,32.346912,2.4857082,79.16602,78.48383,0.68218994,60.18283,60.651787,0.468956,82.06829,93.487434,70.06543,82.58209,91.83429,99.85011,46.88299,53.489506,31.852749,36.983326,20.876175,23.9305,46.91944,50.920242,21.287388,24.746693,13.880257,16.086746,22.983583,28.494623,30.776196,33.91763,75.7256,81.242065,58.64942,62.654152
4ETJJKC9HNKcvTvC-u5DrkNO9ia7tsMZdnpvVuU2kmc,e368666645c6e0c0005b9944a0e7470f,169.0,0,58.6,89.699036,89.13801,0.5610275,74.92788,78.750916,3.8230362,95.60245,96.46133,0.8588791,50.785294,50.20224,0.5830536,33.599373,34.57577,0.97639847,21.92442,22.379444,0.45502472,48.170086,48.890755,0.7206688,22.742361,22.987293,0.24493217,15.140247,14.882156,0.25809097,25.903461,25.671463,0.23199844,29.861204,32.5239,2.662695,79.16602,78.203545,0.96247864,60.18283,61.01816,0.83533096,83.42844,94.84758,72.492584,85.00925,92.453415,100.46924,46.898983,53.505497,32.010483,37.14106,20.852282,23.906607,46.890354,50.891155,21.25764,24.716946,13.778912,15.985401,22.915943,28.426983,30.953182,34.094616,75.44531,80.96178,59.015797,63.020527
4ETJJKC9HNKcvTvC-u5DrkNO9ia7tsMZdnpvVuU2kmc,03c1f83986b5347f071d29b1e22e8577,169.0,0,58.6,89.699036,89.09305,0.60598755,74.92788,77.697624,2.7697449,95.60245,96.04366,0.44121552,50.785294,50.220894,0.5643997,33.599373,34.096386,0.4970131,21.92442,22.214024,0.2896042,48.170086,48.64314,0.47305298,22.742361,23.20634,0.46397972,15.140247,14.85278,0.287467,25.903461,26.148924,0.24546242,29.861204,32.62312,2.7619152,79.16602,77.8402,1.3258209,60.18283,60.91069,0.7278595,83.38348,94.80262,71.43929,83.955956,92.03575,100.051575,46.917637,53.52415,31.531097,36.661674,20.686861,23.741186,46.64274,50.64354,21.476688,24.935993,13.749536,15.956025,23.393404,28.904444,31.052402,34.193836,75.08197,80.598434,58.908325,62.913055
4ETJJKC9HNKcvTvC-u5DrkNO9ia7tsMZdnpvVuU2kmc,c3443c03d68067435fd7d2462ab5d340,169.0,0,58.6,89.699036,89.7675,0.06846619,74.92788,79.313545,4.385666,95.60245,96.86424,1.261795,50.785294,50.18625,0.5990448,33.599373,34.071644,0.47227097,21.92442,22.285706,0.36128616,48.170086,49.576904,1.4068184,22.742361,22.94132,0.19895935,15.140247,14.987908,0.15233898,25.903461,25.719208,0.1842537,29.861204,32.432724,2.5715199,79.16602,79.58824,0.42221832,60.18283,60.69087,0.50803757,84.05793,95.47707,73.055214,85.57188,92.85633,100.872154,46.88299,53.489506,31.506355,36.636932,20.758543,23.812868,47.576504,51.577305,21.211668,24.670973,13.884664,16.091152,22.963688,28.474728,30.862007,34.00344,76.83001,82.34647,58.688503,62.693233
4ETJJKC9HNKcvTvC-u5DrkNO9ia7tsMZdnpvVuU2kmc,db6fe287bd8a3e01e9d82b10249591c1,169.0,0,58.6,89.699036,90.04852,0.3494873,74.92788,78.8883,3.9604187,95.60245,96.53503,0.93257904,50.785294,50.124954,0.66033936,33.599373,33.601536,0.0021629333,21.92442,22.160723,0.23630333,48.170086,49.48897,1.3188858,22.742361,23.138733,0.39637184,15.140247,14.967345,0.1729021,25.903461,26.073326,0.16986465,29.861204,32.75452,2.8933163,79.16602,79.16277,0.003250122,60.18283,60.952213,0.7693825,84.33895,95.758095,72.62997,85.14663,92.527115,100.54294,46.821697,53.42821,31.036247,36.166824,20.63356,23.687885,47.48857,51.489372,21.40908,24.868385,13.8641,16.070591,23.317806,28.828846,31.183804,34.325237,76.40454,81.921005,58.94985,62.95458
t_z08NlVzfrSwudfkajr6oQ6Ba2O4h6Xy31nB_12220,40a948717966b8ec4642f4f974a19bbe,170.2,1,63.85,89.27679,94.87085,5.594063,76.69353,81.82574,5.13221,93.24428,93.989746,0.74546814,51.647144,48.509926,3.1372185,36.990875,34.015972,2.974903,22.747635,23.331984,0.5843487,49.84697,50.39652,0.5495491,26.353685,25.103403,1.2502823,16.624813,15.934539,0.69027424,30.716505,27.762348,2.9541569,35.66337,35.773865,0.11049652,80.35108,78.67922,1.6718597,63.684555,64.95287,1.2683182,89.16128,100.58042,75.567406,88.08407,89.981834,97.99766,45.20667,51.813183,31.450684,36.58126,21.804821,24.859146,48.39612,52.39692,23.37375,26.833055,14.831294,17.037785,25.006828,30.517868,34.203148,37.34458,75.92099,81.437454,62.95051,66.95524
t_z08NlVzfrSwudfkajr6oQ6Ba2O4h6Xy31nB_12220,a65e8222c38073523a30ba24624d76d3,170.2,1,63.85,89.27679,95.13501,5.858223,76.69353,79.84346,3.1499329,93.24428,94.687485,1.4432068,51.647144,50.07165,1.5754929,36.990875,34.41031,2.5805664,22.747635,23.393557,0.6459217,49.84697,50.814323,0.9673538,26.353685,26.047203,0.30648232,16.624813,16.395002,0.22981071,30.716505,29.2007,1.5158043,35.66337,35.77051,0.1071434,80.35108,79.56379,0.7872925,63.684555,63.774525,0.089969635,89.42544,100.84458,73.58513,86.10179,90.67957,98.6954,46.768394,53.37491,31.84502,36.975597,21.866394,24.92072,48.813923,52.814724,24.31755,27.776855,15.291758,17.498247,26.44518,31.95622,34.199795,37.34123,76.80556,82.32202,61.77216,65.776886
lUxLaupdCSzNw8q4fe14GroR2HfT3VHUrsgXRzrxlTo,5389f7c6cf7a0756ccf171ba9fdceced,156.5,0,53.2,88.06959,89.90239,1.8328018,74.4806,77.98548,3.5048828,94.03025,93.193726,0.83652496,50.915398,48.525917,2.3894806,32.551163,32.667503,0.11634064,19.515347,21.092848,1.5775013,47.83469,46.35325,1.4814415,23.612051,22.600578,1.0114727,15.603229,14.513492,1.0897369,26.204914,25.675442,0.52947235,31.317984,31.786453,0.46846962,76.8712,73.654854,3.2163467,56.396584,56.541054,0.14447021,84.19282,95.61196,71.72715,84.24381,89.185814,97.20164,45.22266,51.829174,30.102215,35.23279,19.565685,22.62001,44.352848,48.35365,20.870926,24.33023,13.410247,15.616736,22.919922,28.430962,30.215736,33.35717,70.89662,76.413086,54.53869,58.54342
ZBxQIUTRT9IZJ2O5m306CNiiM4hbKU3YtdHVfzOyfko,f257b42726fa51b8c0eeaa0d30f34fa6,180.5,1,71.6,95.601105,97.92837,2.3272629,82.18189,85.29964,3.1177444,95.78246,97.74871,1.9662476,48.752014,50.188915,1.4369011,39.86166,37.12348,2.7381783,25.3758,25.42592,0.050121307,52.570347,52.66086,0.09051132,26.753819,26.125628,0.628191,16.693163,17.188879,0.4957161,32.235893,28.229862,4.006031,37.1131,36.883553,0.2295456,82.01603,82.81475,0.7987213,69.802666,69.37396,0.4287033,92.218796,103.63794,79.041306,91.55797,93.7408,101.75662,46.88566,53.492172,34.558193,39.68877,23.898758,26.953083,50.660458,54.66126,24.395975,27.85528,16.085634,18.292124,25.474342,30.985382,35.312836,38.45427,80.05652,85.57298,67.3716,71.37633
bPt8_7wDTzCAdQrWWxgdyMntD60mmdc0K5qKNu8RR7o,b37287e7f084d0442fca4f7ed89058e8,162.2,0,56.8,90.451775,89.28414,1.167633,77.26161,77.94623,0.6846161,94.48254,96.51046,2.0279236,50.458614,50.85518,0.39656448,34.386185,35.021137,0.63495255,21.64163,22.208511,0.5668812,46.55489,47.04658,0.4916916,23.271988,23.328035,0.05604744,15.528369,15.145068,0.38330078,26.581284,26.359802,0.22148132,32.188034,32.100204,0.08782959,74.93475,75.06332,0.12856293,59.358574,59.271774,0.08679962,83.57457,94.99371,71.6879,84.20456,92.50255,100.51837,47.55192,54.158436,32.45585,37.586426,20.681349,23.735674,45.04618,49.04698,21.598383,25.057688,14.041823,16.248314,23.604282,29.115322,30.529488,33.67092,72.305084,77.82155,57.26941,61.27414
blo8SH72yux-Yb9SmnP4WcN_94yo9OwgUZLxhb6lyOg,64dc356ee77f26e80632ede6f270162e,175.1,1,70.2,101.166336,100.564354,0.6019821,87.63759,87.91324,0.27565002,97.024086,97.11976,0.09567261,48.84144,49.837128,0.9956894,31.397001,34.458244,3.061243,23.442225,23.74714,0.30491638,50.387394,51.506874,1.1194801,26.770208,26.524807,0.24540138,17.70233,16.683159,1.0191708,30.748983,29.521994,1.2269897,37.870663,36.79573,1.0749321,77.354095,80.87078,3.5166855,68.8226,66.36114,2.461464,94.85478,106.273926,81.65491,94.17157,93.11185,101.12767,46.53387,53.140385,31.892956,37.023533,22.219978,25.274303,49.506474,53.507275,24.795155,28.25446,15.579914,17.786404,26.766474,32.27751,35.225014,38.366447,78.11255,83.62901,64.35877,68.3635
IR9AoadLFZ8kAWZ6HWZAC_RTvMzMnqb8NnRZDUHIA6Y,b2e994cefc748fb1dcab531c10537a11,177.4,1,71.9,97.98524,100.8805,2.8952637,87.01386,88.492226,1.478363,99.56047,98.45136,1.109108,52.548355,50.468746,2.079609,36.48245,36.24435,0.23809814,24.519936,24.687965,0.16802979,51.421734,52.082294,0.6605606,27.79556,26.76249,1.0330715,17.757723,17.29206,0.465662,32.1024,29.34593,2.7564716,38.19017,36.945232,1.2449379,78.89829,81.90511,3.0068207,70.803215,67.76435,3.0388641,95.17093,106.59007,82.233894,94.75056,94.44345,102.459274,47.16549,53.772003,33.67906,38.80964,23.160803,26.215128,50.081894,54.082695,25.032837,28.492142,16.188816,18.395306,26.59041,32.101448,35.374516,38.51595,79.14688,84.663345,65.761986,69.766716
taY0el3_XhjW7ijwqSr1qz5BLr32IGP4RnWVV54M6mw,3797f98fe3a54d73745ae3952bf7e146,161.2,0,53.7,87.17257,86.912315,0.2602539,73.37388,73.34053,0.033348083,90.10992,92.230644,2.1207275,50.535347,48.856384,1.6789627,34.11184,34.39175,0.27991104,22.46019,22.057795,0.40239525,46.17232,46.80918,0.6368599,23.329515,23.122509,0.20700645,15.43974,15.08191,0.35783005,25.1065,25.81868,0.7121792,31.84693,31.917852,0.07092285,74.490654,74.701416,0.21076202,57.888275,57.918625,0.030349731,81.20274,92.62189,67.0822,79.59886,88.22273,96.238556,45.553127,52.15964,31.826462,36.95704,20.530632,23.584957,44.80878,48.80958,21.392857,24.852161,13.978665,16.185154,23.06316,28.5742,30.347136,33.48857,71.943184,77.45965,55.91626,59.92099
wTawr8HsdMVLaNEu2ZOTHUIRFivR018bEUH54zGumB8,c59e56910e91258a0a6af799224992c8,185.0,1,75.2,98.954155,98.74614,0.20801544,86.58818,82.460335,4.127846,101.48761,98.54718,2.9404297,51.166687,52.422234,1.2555466,37.746906,36.751186,0.9957199,25.172535,25.470951,0.29841614,52.345272,54.431137,2.085865,27.057718,26.895506,0.16221237,17.197693,16.810944,0.38674927,27.460585,29.972597,2.5120125,38.450653,37.55195,0.8987045,85.56703,86.1574,0.5903702,69.67972,69.72324,0.043525696,93.03657,104.45571,76.202,88.718666,94.53927,102.55509,49.118977,55.72549,34.185898,39.316475,23.943789,26.998114,52.430737,56.431538,25.165854,28.625158,15.707699,17.914188,27.217077,32.72812,35.98123,39.122665,83.39917,88.915634,67.72088,71.72561
wTawr8HsdMVLaNEu2ZOTHUIRFivR018bEUH54zGumB8,9e20ef796ab962dd1399abd618565c65,185.0,1,75.2,98.954155,98.83888,0.11527252,86.58818,83.94868,2.6395035,101.48761,99.49798,1.9896317,51.166687,52.44755,1.2808647,37.746906,36.180172,1.5667343,25.172535,25.090027,0.08250809,52.345272,54.16072,1.8154488,27.057718,26.711445,0.34627342,17.197693,16.761372,0.43632126,27.460585,29.747793,2.2872086,38.450653,37.40446,1.0461922,85.56703,85.56076,0.0062713623,69.67972,69.64996,0.029754639,93.12931,104.548454,77.690346,90.20701,95.49007,103.50589,49.144295,55.75081,33.614883,38.74546,23.562864,26.61719,52.16032,56.16112,24.981792,28.441097,15.658127,17.864616,26.992273,32.50331,35.833744,38.975178,82.80253,88.31899,67.6476,71.65233
96LtCRgHuVdWN4VIvc2STyiKSLUPLDAQx5GcgbOQXgA,916a251c750d573db722f2a855e5ab62,173.0,0,63.9,84.90122,91.03772,6.1364975,76.09116,78.69858,2.6074142,94.34488,97.89612,3.551239,52.315556,51.97717,0.33838654,38.328594,37.05003,1.2785645,24.032915,23.779535,0.25337982,50.183678,50.22554,0.041862488,24.844425,24.158253,0.6861725,15.617159,15.750941,0.13378239,27.989344,26.85119,1.1381531,32.25009,33.31766,1.0675697,82.138664,80.79253,1.346138,61.46404,62.407948,0.9439087,85.32815,96.74729,72.44025,84.95691,93.88821,101.90403,48.673912,55.280426,34.48474,39.61532,22.252373,25.306698,48.22514,52.22594,22.4286,25.887905,14.6476965,16.854187,24.09567,29.60671,31.746944,34.88838,78.034294,83.55076,60.405582,64.41031
96LtCRgHuVdWN4VIvc2STyiKSLUPLDAQx5GcgbOQXgA,a914fb2278143e38454e4581f187d6f5,173.0,0,63.9,84.90122,90.44195,5.5407257,76.09116,78.10324,2.0120773,94.34488,98.76584,4.4209595,52.315556,52.3636,0.048046112,38.328594,35.48506,2.8435326,24.032915,23.095343,0.9375725,50.183678,50.060463,0.12321472,24.844425,24.025742,0.8186836,15.617159,15.548249,0.068909645,27.989344,27.187405,0.801939,32.25009,33.041454,0.79136276,82.138664,80.687386,1.4512787,61.46404,62.13927,0.67523193,84.732376,96.15152,71.84491,84.36157,94.75793,102.77375,49.060345,55.66686,32.919773,38.05035,21.56818,24.622505,48.060062,52.060863,22.29609,25.755394,14.445004,16.651493,24.431885,29.942924,31.470737,34.61217,77.92915,83.44562,60.136906,64.14163
-gMnbkDTbXza9PMNAhyVL5xBmz4VZQU_7eNooMMvalk,fe422f124ddec8e6833f32af5708a0f2,182.0,0,69.9,93.89011,95.24742,1.3573151,81.50312,83.811295,2.3081741,98.17753,100.59864,2.421112,53.05927,51.88789,1.1713791,37.100914,36.114452,0.98646164,25.12609,24.119738,1.0063515,53.443638,53.214268,0.22937012,25.061728,24.57742,0.48430824,16.282515,16.21324,0.0692749,27.757809,27.036207,0.7216015,33.030476,34.510986,1.4805107,84.92782,85.58032,0.65250397,64.01352,65.781044,1.7675247,89.53785,100.95699,77.55296,90.069626,96.59073,104.60655,48.584633,55.191147,33.549164,38.67974,22.592575,25.6469,51.213867,55.21467,22.847767,26.307072,15.109995,17.316484,24.280687,29.791727,32.94027,36.081703,82.82209,88.338554,63.77868,67.78341
-gMnbkDTbXza9PMNAhyVL5xBmz4VZQU_7eNooMMvalk,ffac6fa3a75ae438da0b4ab63bafdf30,182.0,0,69.9,93.89011,95.72516,1.8350525,81.50312,84.31831,2.8151932,98.17753,100.29399,2.1164627,53.05927,51.705334,1.3539352,37.100914,36.65028,0.450634,25.12609,24.343225,0.7828636,53.443638,52.99416,0.44947815,25.061728,24.661251,0.40047646,16.282515,16.271626,0.010889053,27.757809,27.020292,0.7375164,33.030476,34.548527,1.5180511,84.92782,85.36514,0.43732452,64.01352,65.851265,1.8377457,90.01559,101.43473,78.05998,90.576645,96.28608,104.3019,48.402077,55.00859,34.08499,39.21557,22.816063,25.870388,50.99376,54.99456,22.931599,26.390903,15.168381,17.37487,24.264772,29.775812,32.97781,36.119244,82.60691,88.123375,63.8489,67.85363
9PN2Hyak2W4F0gdWq0Lzcrm-GnEn99_8fKZCbiel4VI,e2caa56d7eb6b947a71d03059087c800,173.0,1,66.4,90.52547,97.1949,6.6694336,79.49871,84.34121,4.842499,96.413666,95.96504,0.44862366,49.210434,50.11696,0.90652466,34.87232,34.894333,0.022014618,23.96008,23.508892,0.45118713,50.22434,50.627235,0.40289688,26.686472,25.459019,1.2274532,16.250252,15.735518,0.5147333,31.08516,28.625757,2.459402,36.039658,35.767662,0.27199554,79.45528,79.78387,0.3285904,66.54543,64.82801,1.7174225,91.48533,102.90447,78.08288,90.59954,91.95713,99.97295,46.8137,53.420216,32.329044,37.45962,21.98173,25.036055,48.626835,52.627636,23.729366,27.188671,14.632274,16.838764,25.870237,31.381277,34.196945,37.33838,77.025635,82.5421,62.825645,66.830376
9PN2Hyak2W4F0gdWq0Lzcrm-GnEn99_8fKZCbiel4VI,f5bb542c683d1db10e0f493ddffc6890,173.0,1,66.4,90.52547,96.08487,5.5594025,79.49871,82.87903,3.3803177,96.413666,95.83729,0.57637787,49.210434,50.170258,0.9598236,34.87232,34.87423,0.0019111633,23.96008,23.62147,0.3386097,50.22434,50.842625,0.61828613,26.686472,25.504992,1.1814804,16.250252,15.9044285,0.3458233,31.08516,28.647642,2.4375172,36.039658,35.80376,0.23589706,79.45528,79.95258,0.49730682,66.54543,65.01524,1.5301895,90.3753,101.79444,76.6207,89.13736,91.82938,99.8452,46.867,53.473515,32.30894,37.439518,22.094307,25.148632,48.842224,52.843025,23.77534,27.234644,14.801184,17.007673,25.892122,31.403162,34.233044,37.374477,77.19435,82.710815,63.01288,67.01761
-JvTra6b-sTRKwQQZ6DHxXMuRtvz2X0fkXKyrXyrcrk,a040c302ff99965ebe367b063d19ee20,172.6,1,68.1,95.779236,98.864174,3.084938,82.21374,85.27347,3.0597305,96.92014,96.245125,0.6750183,50.872368,49.79182,1.0805473,35.234577,34.019066,1.2155113,24.740044,23.440886,1.2991581,50.972893,51.67195,0.69905853,27.32401,26.20439,1.1196213,17.287666,16.531967,0.75569916,30.681303,29.319073,1.3622303,35.66278,36.221527,0.55874634,81.30386,81.21066,0.09320068,65.10942,64.58421,0.5252075,93.1546,104.573746,79.01514,91.5318,92.23721,100.25304,46.488564,53.095078,31.453777,36.584354,21.913723,24.968048,49.67155,53.67235,24.474737,27.934042,15.428722,17.635212,26.563553,32.074593,34.65081,37.792244,78.45243,83.968895,62.58185,66.58658
vhwKWKR4nWlKpBiQxP1iKM7y7_URvtNrJMGwH2pLZpk,990a69deea0d16ad18320bf38a7a3b32,170.4,1,66.4,93.14689,95.36545,2.2185593,83.0925,81.36779,1.7247086,94.743866,95.70953,0.9656677,50.140873,50.831192,0.69031906,35.25493,35.867023,0.6120949,24.11956,23.896938,0.22262192,47.137146,49.172962,2.0358162,24.881275,26.051598,1.1703224,16.479551,16.251062,0.22848892,26.233673,29.2196,2.9859276,36.59645,36.017723,0.5787277,75.70716,76.777435,1.0702744,66.402756,65.38933,1.0134277,89.655876,101.07502,75.10946,87.62612,91.70162,99.717445,47.527935,54.13445,33.301735,38.432312,22.369776,25.4241,47.17256,51.173363,24.321945,27.78125,15.147818,17.354307,26.46408,31.97512,34.447006,37.58844,74.0192,79.53567,63.386963,67.39169
vhwKWKR4nWlKpBiQxP1iKM7y7_URvtNrJMGwH2pLZpk,d574e2b2d599d226b5978f22057ed8e0,170.4,1,66.4,93.14689,93.921,0.7741089,83.0925,79.28083,3.8116684,94.743866,94.61869,0.12517548,50.140873,50.68728,0.5464058,35.25493,37.4404,2.1854706,24.11956,24.706804,0.58724403,47.137146,49.083347,1.9462013,24.881275,26.111092,1.2298164,16.479551,16.605957,0.12640572,26.233673,28.93014,2.6964664,36.59645,36.05141,0.54504013,75.70716,76.523125,0.81596375,66.402756,65.77127,0.631485,88.211426,99.63057,73.0225,85.53916,90.61078,98.6266,47.38402,53.990536,34.87511,40.005688,23.179642,26.233967,47.082947,51.083748,24.38144,27.840744,15.502712,17.709202,26.17462,31.68566,34.480694,37.622128,73.76489,79.28136,63.768906,67.773636
bv5BM24TYdQTIAiXow05WgedRo2huSkBOGlxlVIt2rc,9324906eed120a2043ec9f3928f9e0b3,185.25,1,77.35,98.25739,101.596405,3.3390121,85.599785,89.96687,4.3670883,100.41097,102.07336,1.662384,53.40651,52.60479,0.80171967,38.781292,36.72683,2.0544624,25.955107,25.155735,0.7993717,56.72141,54.91537,1.8060379,26.488415,26.50182,0.013404846,16.905533,17.051365,0.14583206,28.72951,29.178818,0.4493084,36.85676,37.179203,0.32244492,88.270966,86.979004,1.2919617,69.60207,69.679276,0.07720184,95.88683,107.30598,83.70854,96.225204,98.065445,106.08127,49.301533,55.908047,34.16154,39.292118,23.628572,26.682898,52.91497,56.91577,24.772167,28.231472,15.94812,18.15461,26.423298,31.934338,35.608486,38.74992,84.22077,89.737236,67.67691,71.68164
wBNl8HpFrh4wxxJm-3LU1sbkM34RPMlF1qlBFb9FWhg,8bf725a979665895e0872c6aff2d5078,164.5,1,60.3,91.73606,93.246544,1.5104828,82.4375,82.00892,0.42858124,92.671104,93.292,0.6208954,49.800095,48.26474,1.5353546,37.73182,35.76496,1.9668579,23.192217,23.332903,0.14068604,46.510803,47.76507,1.2542686,24.820967,24.384062,0.4369049,15.519743,15.610672,0.09092903,26.609612,26.761667,0.15205574,33.81284,34.757694,0.94485474,76.099815,74.41043,1.6893845,61.218933,63.2213,2.002365,87.53697,98.956116,75.75059,88.26725,89.28409,97.29991,44.961483,51.567997,33.199673,38.33025,21.80574,24.860065,45.76467,49.765472,22.65441,26.113714,14.507427,16.713917,24.006147,29.517187,33.186977,36.32841,71.6522,77.16866,61.218933,65.22366
wBNl8HpFrh4wxxJm-3LU1sbkM34RPMlF1qlBFb9FWhg,c35ca7fe9da19b316fe6ffade4fae15e,164.5,1,60.3,91.73606,92.6564,0.9203415,82.4375,79.51635,2.9211502,92.671104,92.83012,0.15901184,49.800095,48.763107,1.0369873,37.73182,35.027325,2.7044945,23.192217,22.984144,0.20807266,46.510803,47.394035,0.8832321,24.820967,24.815397,0.005569458,15.519743,15.53503,0.015287399,26.609612,27.57932,0.9697094,33.81284,34.838142,1.0253029,76.099815,73.83336,2.2664566,61.218933,62.992924,1.7739906,86.94683,98.365974,73.25802,85.77468,88.822205,96.83803,45.45985,52.066364,32.462036,37.592613,21.456982,24.511307,45.393635,49.394436,23.085745,26.54505,14.431786,16.638275,24.823801,30.33484,33.267426,36.40886,71.07513,76.59159,60.99056,64.995285
wBNl8HpFrh4wxxJm-3LU1sbkM34RPMlF1qlBFb9FWhg,a13e64bf5179ad4af41c3a26d181d105,164.5,1,60.3,91.73606,93.28027,1.5442123,82.4375,83.02296,0.58545685,92.671104,94.230515,1.5594101,49.800095,48.57389,1.2262039,37.73182,35.63197,2.0998497,23.192217,23.167944,0.024272919,46.510803,47.76507,1.2542686,24.820967,24.166367,0.65460014,15.519743,15.479951,0.03979206,26.609612,26.61047,0.0008583069,33.81284,34.439922,0.6270828,76.099815,74.59872,1.5010986,61.218933,62.914764,1.6958313,87.5707,98.989845,76.764626,89.28129,90.2226,98.23843,45.270634,51.877148,33.06668,38.197258,21.640781,24.695107,45.76467,49.765472,22.436714,25.896019,14.376706,16.583195,23.85495,29.36599,32.869205,36.01064,71.840485,77.35695,60.9124,64.91713
wBNl8HpFrh4wxxJm-3LU1sbkM34RPMlF1qlBFb9FWhg,ff9f81b0d8676386f9517f4c148c1595,164.5,1,60.3,91.73606,91.73465,0.001411438,82.4375,78.894844,3.542656,92.671104,92.60408,0.06702423,49.800095,48.85372,0.946373,37.73182,35.440216,2.291603,23.192217,23.131184,0.06103325,46.510803,47.04973,0.5389252,24.820967,24.668013,0.1529541,15.519743,15.451309,0.06843376,26.609612,27.382368,0.7727566,33.81284,34.84284,1.0299988,76.099815,73.094894,3.004921,61.218933,63.366627,2.1476936,86.02508,97.44422,72.63651,85.153175,88.59617,96.61199,45.550465,52.15698,32.874928,38.005505,21.604021,24.658346,45.049328,49.05013,22.93836,26.397665,14.348064,16.554554,24.626848,30.137888,33.27212,36.413555,70.33666,75.85313,61.36426,65.36899
wBNl8HpFrh4wxxJm-3LU1sbkM34RPMlF1qlBFb9FWhg,dcd372ffae3e05f8cd742e7fe259d9b5,164.5,1,60.3,91.73606,94.00531,2.269249,82.4375,82.77435,0.33685303,92.671104,93.64087,0.9697647,49.800095,48.26474,1.5353546,37.73182,34.40412,3.3276978,23.192217,22.678118,0.5140991,46.510803,47.75721,1.2464066,24.820967,24.31375,0.5072174,15.519743,15.301494,0.21824932,26.609612,26.99045,0.3808384,33.81284,34.64708,0.83423996,76.099815,74.54492,1.5548935,61.218933,62.770657,1.5517235,88.29574,99.71488,76.51602,89.032684,89.63296,97.64878,44.961483,51.567997,31.838833,36.96941,21.150955,24.20528,45.75681,49.75761,22.584097,26.043402,14.198249,16.40474,24.23493,29.74597,33.076363,36.217796,71.78669,77.303154,60.76829,64.773026
wBNl8HpFrh4wxxJm-3LU1sbkM34RPMlF1qlBFb9FWhg,e6c0179d0d8ba5d5c77f0c3e85a546d5,164.5,1,60.3,91.73606,93.70742,1.9713593,82.4375,81.851906,0.5855942,92.671104,92.93822,0.26711273,49.800095,47.838333,1.9617615,37.73182,34.34381,3.388008,23.192217,22.826996,0.36522102,46.510803,48.014263,1.5034599,24.820967,24.480064,0.34090233,15.519743,15.543842,0.02409935,26.609612,27.018303,0.4086914,33.81284,34.8301,1.0172615,76.099815,74.77722,1.3225937,61.218933,62.915985,1.697052,87.99785,99.41699,75.593575,88.11024,88.930305,96.94613,44.535076,51.14159,31.778522,36.9091,21.299833,24.354158,46.013863,50.014664,22.750412,26.209717,14.440598,16.647087,24.262783,29.773823,33.259384,36.400818,72.01899,77.53545,60.91362,64.91835
nba34fQdYxD3Bxj1y5BEd1fPxufvWVy9DhQtUfaIH9M,7086f3ea303758623b0d14f275af80ab,181.75,1,74.7,96.39272,100.72453,4.33181,88.77317,89.075294,0.30212402,100.85144,100.04831,0.8031311,54.310345,51.009754,3.3005905,35.711075,35.234543,0.47653198,24.506847,24.525763,0.018915176,54.194637,54.05067,0.14396667,25.096695,26.260841,1.1641464,15.837167,16.85877,1.0216036,30.160238,28.96595,1.1942883,36.16322,37.04043,0.8772087,86.56263,85.30646,1.2561722,65.981705,68.73158,2.749878,95.01496,106.434105,82.81696,95.333626,96.0404,104.05622,47.706497,54.31301,32.669254,37.79983,22.9986,26.052925,52.05027,56.05107,24.531189,27.990494,15.755526,17.962015,26.21043,31.72147,35.46971,38.611145,82.548225,88.06469,66.72922,70.73395
nba34fQdYxD3Bxj1y5BEd1fPxufvWVy9DhQtUfaIH9M,9af25921034295c2de101b935a09b72d,181.75,1,74.7,96.39272,100.04587,3.6531448,88.77317,87.10855,1.6646194,100.85144,100.210464,0.64097595,54.310345,52.201035,2.1093102,35.711075,35.36599,0.34508514,24.506847,24.354254,0.15259361,54.194637,53.384064,0.8105736,25.096695,26.578127,1.481432,15.837167,16.663492,0.8263254,30.160238,29.743317,0.41692162,36.16322,37.03909,0.87586975,86.56263,84.21587,2.346756,65.981705,68.54595,2.5642471,94.336296,105.75544,80.85022,93.36688,96.20255,104.218376,48.897778,55.50429,32.8007,37.93128,22.827091,25.881416,51.383663,55.384464,24.848475,28.30778,15.560247,17.766737,26.987797,32.498837,35.468372,38.609806,81.45764,86.974106,66.54359,70.54832
nba34fQdYxD3Bxj1y5BEd1fPxufvWVy9DhQtUfaIH9M,20c675a47d386bb63af126a05734413d,181.75,1,74.7,96.39272,100.572784,4.1800613,88.77317,87.8331,0.9400711,100.85144,99.7412,1.1102371,54.310345,51.69867,2.6116753,35.711075,36.14847,0.437397,24.506847,24.736671,0.22982407,54.194637,53.362053,0.8325844,25.096695,26.573103,1.476408,15.837167,16.828753,0.99158573,30.160238,29.511051,0.6491871,36.16322,36.90836,0.7451401,86.56263,84.49953,2.0631027,65.981705,68.36032,2.3786163,94.86321,106.28236,81.57477,94.09143,95.73329,103.749115,48.395412,55.001926,33.583183,38.71376,23.209509,26.263834,51.361652,55.362453,24.84345,28.302755,15.725508,17.931997,26.755531,32.26657,35.337643,38.479076,81.741295,87.25776,66.357956,70.362686
nba34fQdYxD3Bxj1y5BEd1fPxufvWVy9DhQtUfaIH9M,7ebcccf22e9ee80f6c9ec6ae14da81ad,181.75,1,74.7,96.39272,102.10401,5.7112885,88.77317,89.14644,0.37326813,100.85144,100.340675,0.5107651,54.310345,51.9785,2.3318443,35.711075,35.33042,0.38065338,24.506847,24.31606,0.19078827,54.194637,53.833706,0.3609314,25.096695,26.853758,1.7570629,15.837167,16.857761,1.0205946,30.160238,30.07555,0.08468819,36.16322,37.094063,0.93084335,86.56263,85.16463,1.3980026,65.981705,67.88648,1.9047775,96.39444,107.81358,82.88811,95.40477,96.33276,104.34859,48.675243,55.281757,32.765133,37.89571,22.788897,25.843222,51.833305,55.834106,25.124105,28.58341,15.754517,17.961006,27.32003,32.83107,35.523346,38.66478,82.406395,87.92286,65.88412,69.88885
4a31Z0HZ45WeaaALMQbtUVsSY3lsBcdn31D-NtXsLI8,f6ef2fae170516a297d99854a312133b,163.2,1,60.8,92.174484,95.1856,3.011116,78.61751,78.90793,0.29042053,91.05143,93.64087,2.5894394,50.023373,49.535976,0.48739624,32.957863,32.825237,0.13262558,23.491163,22.400581,1.0905819,47.640526,48.926918,1.2863922,26.470808,25.954918,0.5158901,16.391098,16.12144,0.26965714,29.046122,29.387707,0.34158516,36.558273,35.413353,1.1449203,74.65615,76.14167,1.4855194,63.50025,61.902348,1.5979042,89.47603,100.89517,72.6496,85.16626,89.63296,97.64878,46.23272,52.839233,30.259949,35.390526,20.873419,23.927744,46.926517,50.92732,24.225266,27.68457,15.018196,17.224686,26.632187,32.143227,33.842636,36.98407,73.38344,78.8999,59.899982,63.904713
3DHVh6yH4O8Yxk5pCf44wqCFmoSfAeKW5YIorkkBRXU,f31f372a99f7f40e6868ab5bb3b5466e,165.5,0,57.1,88.39102,85.91188,2.4791412,75.13499,74.46578,0.6692047,96.786545,94.26982,2.5167236,49.04425,49.610596,0.5663452,34.84154,34.738144,0.10339737,23.249147,22.287544,0.96160316,48.276413,47.379887,0.89652634,24.016186,22.835854,1.1803322,15.332595,14.918876,0.41371918,25.43551,25.365091,0.07041931,33.036575,32.1297,0.9068756,76.92207,75.34207,1.5800018,58.621674,60.173058,1.551384,80.20231,91.62145,68.20745,80.72411,90.26191,98.27773,46.30734,52.913853,32.172855,37.303432,20.760382,23.814707,45.379486,49.380287,21.106201,24.565506,13.815631,16.022121,22.609571,28.120611,30.558983,33.700417,72.58384,78.1003,58.170692,62.175423
3DHVh6yH4O8Yxk5pCf44wqCFmoSfAeKW5YIorkkBRXU,9cac66a1ad6f6408f4379bad7e9e2e48,165.5,0,57.1,88.39102,87.09217,1.298851,75.13499,75.26393,0.1289444,96.786545,93.09054,3.6960068,49.04425,48.51526,0.5289917,34.84154,34.985573,0.14403152,23.249147,22.540268,0.7088795,48.276413,47.81538,0.46103287,24.016186,22.914278,1.1019077,15.332595,15.115692,0.21690273,25.43551,25.134317,0.30119324,33.036575,32.34423,0.69234467,76.92207,75.99618,0.9258957,58.621674,59.984985,1.3633118,81.3826,92.80174,69.0056,81.52226,89.08263,97.09845,45.212,51.818516,32.420284,37.55086,21.013105,24.06743,45.81498,49.81578,21.184626,24.64393,14.012447,16.218937,22.378798,27.889837,30.773514,33.914948,73.237946,78.75441,57.98262,61.98735
d8kAWxZMRdnHRXcIU8akC0q2BCpzHElm3KyDjAgV_3c,8639b7c81257effb1ed3dd0751467a30,163.2,1,60.6,86.82466,94.162674,7.3380127,74.107475,80.02664,5.9191666,93.02391,93.591736,0.5678253,54.123234,49.05893,5.0643044,36.265472,35.251553,1.0139198,24.10853,23.36277,0.74575996,47.883152,47.552826,0.33032608,26.184294,25.653051,0.5312424,16.369226,16.366913,0.002313614,28.293991,28.40891,0.11491966,34.81405,35.320168,0.5061188,74.882454,73.85047,1.0319824,63.026165,63.351974,0.32580948,88.4531,99.872246,73.76831,86.28497,89.583824,97.59965,45.755672,52.362186,32.686264,37.81684,21.835608,24.889933,45.552425,49.553226,23.923399,27.382704,15.263668,17.470158,25.65339,31.16443,33.74945,36.890884,71.09224,76.6087,61.34961,65.35434
FWIpJsIE9XnkEDUdFDJm07EZ2PhHuNzs2f-MJWog-zM,4b200cae9b2ae6b8dfcc164ce90a1bb3,180.5,1,72.5,100.21136,98.793915,1.4174423,81.480385,82.18556,0.7051773,97.94135,96.93304,1.008316,50.26642,51.63071,1.3642921,35.56578,36.502598,0.93681717,25.181128,24.946663,0.23446465,49.66877,52.38101,2.7122383,26.731419,27.376364,0.64494514,17.150919,17.132332,0.018587112,28.091425,30.519503,2.4280777,38.43588,37.330715,1.1051636,79.80711,82.523766,2.716652,70.05581,68.0892,1.9666061,93.08434,104.50349,75.92723,88.44389,92.925125,100.94095,48.327454,54.933968,33.93731,39.067886,23.4195,26.473825,50.380608,54.38141,25.646711,29.106016,16.029087,18.235577,27.763983,33.275024,35.76,38.901432,79.76553,85.282,66.08684,70.09157
FWIpJsIE9XnkEDUdFDJm07EZ2PhHuNzs2f-MJWog-zM,1acc50c13a9d6d7da248d6e9de32dceb,180.5,1,72.5,100.21136,98.909134,1.3022232,81.480385,81.88462,0.40423584,97.94135,96.34339,1.5979614,50.26642,51.492126,1.225708,35.56578,36.516518,0.950737,25.181128,24.937473,0.24365425,49.66877,52.33227,2.6635017,26.731419,27.33377,0.60235214,17.150919,16.948183,0.2027359,28.091425,30.512602,2.421177,38.43588,37.46882,0.9670601,79.80711,82.389275,2.582161,70.05581,68.23087,1.8249359,93.19956,104.618706,75.62629,88.14295,92.33548,100.3513,48.18887,54.795383,33.95123,39.081806,23.41031,26.464636,50.33187,54.332672,25.604118,29.063423,15.844938,18.051428,27.757082,33.26812,35.8981,39.039536,79.63104,85.14751,66.22851,70.23324
FWIpJsIE9XnkEDUdFDJm07EZ2PhHuNzs2f-MJWog-zM,a1baeefccdec9c9d52b066fe08bb84e2,180.5,1,72.5,100.21136,98.08574,2.125618,81.480385,83.70662,2.2262344,97.94135,97.20329,0.73806,50.26642,50.66596,0.39953995,35.56578,35.8562,0.29042053,25.181128,24.74678,0.43434715,49.66877,52.38101,2.7122383,26.731419,26.481241,0.25017738,17.150919,16.787075,0.36384392,28.091425,29.239494,1.1480694,38.43588,37.179874,1.2560043,79.80711,82.164314,2.3572006,70.05581,68.81707,1.238739,92.37617,103.79531,77.44829,89.96495,93.19538,101.211205,47.3627,53.969215,33.290913,38.42149,23.219618,26.273943,50.380608,54.38141,24.751589,28.210894,15.68383,17.89032,26.483974,31.995014,35.609158,38.75059,79.40608,84.92255,66.814705,70.819435
FWIpJsIE9XnkEDUdFDJm07EZ2PhHuNzs2f-MJWog-zM,d63e50a66ee36741cadad888a81d4559,180.5,1,72.5,100.21136,98.45669,1.7546692,81.480385,86.39873,4.9183426,97.94135,98.471016,0.5296631,50.26642,50.74058,0.47416306,35.56578,35.7696,0.20381927,25.181128,24.466717,0.7144108,49.66877,52.198635,2.5298653,26.731419,25.977905,0.75351334,17.150919,16.498919,0.6520004,28.091425,28.66853,0.57710457,38.43588,36.733383,1.7024956,79.80711,81.936905,2.1297913,70.05581,68.51176,1.5440521,92.747116,104.16626,80.140396,92.65706,94.463104,102.47893,47.437325,54.04384,33.20431,38.33489,22.939554,25.99388,50.198235,54.199036,24.248253,27.707558,15.395674,17.602163,25.91301,31.42405,35.162666,38.3041,79.17867,84.69514,66.50939,70.51412
-brqqjqyO72GBQPYhr5Qop65-BnuAvtFdWj2dLeVrak,b403e9bada264bfc40a541acd59db576,178.0,1,71.6,98.269966,97.44782,0.82214355,79.046814,83.3697,4.3228836,95.800446,97.58164,1.7811966,52.334892,51.770626,0.5642662,37.575466,37.64443,0.0689621,26.184065,25.10565,1.0784149,50.90554,51.093388,0.18784714,26.475168,26.74153,0.26636124,16.406305,16.985453,0.57914734,28.226011,29.63738,1.4113693,36.729366,36.591927,0.13743973,79.85947,80.47098,0.61151123,66.34008,67.571396,1.2313156,91.73825,103.157394,77.11137,89.62803,93.57373,101.589554,48.46737,55.073883,35.07914,40.209717,23.578487,26.632812,49.092987,53.09379,25.011877,28.471182,15.882208,18.088697,26.88186,32.3929,35.02121,38.162643,77.712746,83.22921,65.56903,69.57376
-brqqjqyO72GBQPYhr5Qop65-BnuAvtFdWj2dLeVrak,b71abd8585d1243729f8c1c78ed13f7b,178.0,1,71.6,98.269966,97.44782,0.82214355,79.046814,83.3697,4.3228836,95.800446,97.58164,1.7811966,52.334892,51.770626,0.5642662,37.575466,37.64443,0.0689621,26.184065,25.10565,1.0784149,50.90554,51.093388,0.18784714,26.475168,26.74153,0.26636124,16.406305,16.985453,0.57914734,28.226011,29.63738,1.4113693,36.729366,36.591927,0.13743973,79.85947,80.47098,0.61151123,66.34008,67.571396,1.2313156,91.73825,103.157394,77.11137,89.62803,93.57373,101.589554,48.46737,55.073883,35.07914,40.209717,23.578487,26.632812,49.092987,53.09379,25.011877,28.471182,15.882208,18.088697,26.88186,32.3929,35.02121,38.162643,77.712746,83.22921,65.56903,69.57376
-brqqjqyO72GBQPYhr5Qop65-BnuAvtFdWj2dLeVrak,f072ebfc48919ef07c786717e8ef7dd2,178.0,1,71.6,98.269966,96.88859,1.3813782,79.046814,80.347206,1.3003922,95.800446,96.04366,0.24321747,52.334892,51.723988,0.6109047,37.575466,37.91602,0.34055328,26.184065,25.550903,0.63316154,50.90554,52.170334,1.2647934,26.475168,26.970043,0.49487495,16.406305,17.032639,0.62633324,28.226011,29.864672,1.6386604,36.729366,37.177193,0.4478264,79.85947,81.963806,2.1043396,66.34008,67.842514,1.5024338,91.179016,102.59816,74.088875,86.60554,92.03575,100.051575,48.42073,55.027245,35.35073,40.481308,24.02374,27.078066,50.169933,54.170734,25.24039,28.699696,15.929394,18.135883,27.109152,32.620193,35.606476,38.74791,79.205574,84.72204,65.84015,69.84488
-brqqjqyO72GBQPYhr5Qop65-BnuAvtFdWj2dLeVrak,ec74a50e1819bef59b62476dd4226925,178.0,1,71.6,98.269966,97.70636,0.56360626,79.046814,82.59118,3.544365,95.800446,97.144325,1.3438797,52.334892,51.9292,0.40569305,37.575466,37.624905,0.049438477,26.184065,25.23293,0.95113564,50.90554,51.771,0.86545944,26.475168,26.980185,0.5050163,16.406305,17.044388,0.6380825,28.226011,29.97409,1.7480793,36.729366,36.868805,0.13943863,79.85947,81.62392,1.7644501,66.34008,67.39065,1.0505676,91.99679,103.41593,76.33285,88.84951,93.13641,101.15224,48.625942,55.232456,35.059616,40.190193,23.705767,26.760092,49.7706,53.7714,25.250532,28.709837,15.941143,18.147633,27.21857,32.72961,35.298088,38.43952,78.865685,84.38215,65.38828,69.39301
-brqqjqyO72GBQPYhr5Qop65-BnuAvtFdWj2dLeVrak,5d1f955b63f176fc68debead94c7a130,178.0,1,71.6,98.269966,95.685814,2.5841522,79.046814,80.92946,1.8826447,95.800446,97.30647,1.5060272,52.334892,52.218357,0.11653519,37.575466,37.889343,0.3138771,26.184065,25.28807,0.8959942,50.90554,50.89451,0.0110321045,26.475168,26.641176,0.166008,16.406305,16.892277,0.48597145,28.226011,29.590628,1.3646164,36.729366,36.620754,0.10861206,79.85947,79.88779,0.028320312,66.34008,67.88892,1.5488434,89.97624,101.395386,74.67113,87.18779,93.29856,101.314384,48.9151,55.521614,35.324055,40.45463,23.760908,26.815233,48.894108,52.89491,24.911524,28.370829,15.789032,17.995522,26.835108,32.346146,35.050037,38.19147,77.129555,82.64602,65.88656,69.89129
-brqqjqyO72GBQPYhr5Qop65-BnuAvtFdWj2dLeVrak,30d6ea855d2ab7c7b2184cb158316b99,178.0,1,71.6,98.269966,96.933556,1.3364105,79.046814,82.32949,3.2826767,95.800446,98.15408,2.3536377,52.334892,52.479534,0.14464188,37.575466,36.356464,1.2190018,26.184065,24.452702,1.7313633,50.90554,51.54775,0.6422081,26.475168,26.688543,0.21337509,16.406305,16.591452,0.18514633,28.226011,30.012386,1.786375,36.729366,36.552372,0.17699432,79.85947,81.132416,1.2729492,66.34008,66.96321,0.6231308,91.22398,102.64313,76.07116,88.58782,94.14617,102.161995,49.176277,55.78279,33.791176,38.921753,22.925539,25.979864,49.547348,53.54815,24.95889,28.418196,15.488207,17.694696,27.256866,32.767906,34.981655,38.12309,78.37418,83.89065,64.960846,68.965576
-brqqjqyO72GBQPYhr5Qop65-BnuAvtFdWj2dLeVrak,b97a1703a7219232212106fc43fa3825,178.0,1,71.6,98.269966,97.86092,0.40904236,79.046814,78.72475,0.32206726,95.800446,95.35574,0.44470215,52.334892,52.13041,0.20448303,37.575466,36.392803,1.182663,26.184065,24.805597,1.3784676,50.90554,51.95023,1.0446892,26.475168,27.844206,1.3690376,16.406305,16.976273,0.56996727,28.226011,31.427862,3.201851,36.729366,37.558655,0.8292885,79.85947,81.62636,1.7668915,66.34008,67.0487,0.70861816,92.15135,103.570496,72.466415,84.98308,91.34783,99.363655,48.827152,55.433666,33.827515,38.95809,23.278435,26.33276,49.94983,53.95063,26.114553,29.573858,15.873028,18.079517,28.672342,34.18338,35.987938,39.12937,78.868126,84.38459,65.04633,69.05106
-brqqjqyO72GBQPYhr5Qop65-BnuAvtFdWj2dLeVrak,51848d7dcb33156a3fa35187b42b2904,178.0,1,71.6,98.269966,97.99581,0.27415466,79.046814,79.69953,0.6527176,95.800446,95.512985,0.28746033,52.334892,51.60406,0.73083115,37.575466,36.719097,0.856369,26.184065,25.010073,1.1739922,50.90554,51.228596,0.32305527,26.475168,27.690062,1.2148933,16.406305,17.158035,0.75172997,28.226011,31.07449,2.8484783,36.729366,37.446026,0.71665955,79.85947,80.50521,0.6457443,66.34008,67.473694,1.1336136,92.28624,103.70538,73.4412,85.95786,91.50507,99.5209,48.300804,54.90732,34.15381,39.284386,23.48291,26.537235,49.228195,53.228996,25.96041,29.419714,16.05479,18.26128,28.31897,33.83001,35.87531,39.016743,77.74698,83.26344,65.47133,69.47606
-brqqjqyO72GBQPYhr5Qop65-BnuAvtFdWj2dLeVrak,a3a93b671f498d378cef9b77daefb7c9,178.0,1,71.6,98.269966,97.1949,1.0750656,79.046814,80.69394,1.6471252,95.800446,96.702095,0.9016495,52.334892,52.38359,0.048698425,37.575466,37.28286,0.29260635,26.184065,24.959988,1.2240772,50.90554,51.021854,0.116313934,26.475168,27.12047,0.6453018,16.406305,16.771286,0.3649807,28.226011,30.51024,2.2842293,36.729366,36.85875,0.12938309,79.85947,80.41474,0.55527496,66.34008,67.24166,0.9015808,91.48533,102.90447,74.43561,86.95227,92.69418,100.71001,49.080334,55.686848,34.71757,39.84815,23.432825,26.48715,49.021454,53.022255,25.390818,28.850122,15.668041,17.87453,27.75472,33.265762,35.288033,38.429466,77.65651,83.17297,65.239296,69.244026
-brqqjqyO72GBQPYhr5Qop65-BnuAvtFdWj2dLeVrak,5e2a308232e806d757d7e5baeedc7915,178.0,1,71.6,98.269966,97.33541,0.93455505,79.046814,80.87058,1.8237686,95.800446,96.87898,1.078537,52.334892,52.211693,0.12319946,37.575466,36.593838,0.9816284,26.184065,24.741726,1.442339,50.90554,52.041416,1.1358757,26.475168,27.050495,0.5753269,16.406305,16.778584,0.3722782,28.226011,30.392366,2.1663551,36.729366,36.87484,0.14547348,79.85947,82.07873,2.2192612,66.34008,66.993744,0.65366364,91.62584,103.04498,74.61225,87.128914,92.87107,100.886894,48.908436,55.51495,34.02855,39.159126,23.214563,26.268888,50.041016,54.041817,25.320843,28.780148,15.675339,17.881828,27.636847,33.14789,35.304123,38.445557,79.320496,84.83696,64.99138,68.99611
-brqqjqyO72GBQPYhr5Qop65-BnuAvtFdWj2dLeVrak,00e41e2dfd7b6110d0533280665fc9a2,178.0,1,71.6,98.269966,97.321365,0.94860077,79.046814,82.56501,3.518196,95.800446,96.638214,0.83776855,52.334892,51.412178,0.92271423,37.575466,37.40955,0.16591644,26.184065,25.07716,1.106905,50.90554,51.160206,0.25466537,26.475168,26.721333,0.24616432,16.406305,16.850693,0.44438744,28.226011,29.654787,1.4287758,36.729366,36.758858,0.029491425,79.85947,80.49543,0.63596344,66.34008,67.410194,1.0701141,91.61179,103.03094,76.30668,88.82334,92.6303,100.646126,48.10892,54.715435,34.84426,39.97484,23.549997,26.604322,49.159805,53.160606,24.99168,28.450985,15.747448,17.953938,26.899267,32.41031,35.18814,38.329575,77.7372,83.25366,65.40783,69.41256
-brqqjqyO72GBQPYhr5Qop65-BnuAvtFdWj2dLeVrak,954712b2eb9b7e4d41bb849009843276,178.0,1,71.6,98.269966,96.49235,1.7776184,79.046814,82.224815,3.1780014,95.800446,98.1418,2.3413544,52.334892,52.57281,0.23791885,37.575466,36.535072,1.0403938,26.184065,24.45293,1.7311344,50.90554,50.992767,0.08722687,26.475168,26.488003,0.012834549,16.406305,16.394636,0.011669159,28.226011,29.813942,1.5879307,36.729366,36.51986,0.20950699,79.85947,80.07607,0.21660614,66.34008,67.40164,1.0615616,90.782776,102.20192,75.966484,88.48315,94.13389,102.14971,49.269554,55.87607,33.969784,39.10036,22.925768,25.980093,48.992367,52.993168,24.75835,28.217655,15.291391,17.49788,27.058422,32.56946,34.949142,38.090576,77.31784,82.834305,65.39928,69.40401
-brqqjqyO72GBQPYhr5Qop65-BnuAvtFdWj2dLeVrak,55893e6b63c527d73d4b27940a485eb4,178.0,1,71.6,98.269966,99.80138,1.5314102,79.046814,85.31927,6.2724533,95.800446,97.10993,1.3094864,52.334892,50.708603,1.6262894,37.575466,35.16186,2.4136047,26.184065,24.154602,2.0294628,50.90554,52.242657,1.3371162,26.475168,26.853083,0.37791443,16.406305,16.777254,0.3709488,28.226011,29.964144,1.7381325,36.729366,36.94657,0.21720505,79.85947,82.271904,2.4124374,66.34008,66.77392,0.4338379,94.091805,105.51095,79.060936,91.5776,93.10202,101.11784,47.405346,54.01186,32.596573,37.72715,22.62744,25.681765,50.242256,54.243057,25.12343,28.582735,15.674009,17.880499,27.208624,32.719666,35.375854,38.51729,79.51367,85.030136,64.77155,68.77628
-brqqjqyO72GBQPYhr5Qop65-BnuAvtFdWj2dLeVrak,4695ecc7e3ee921f5db4ed3c0c25526f,178.0,1,71.6,98.269966,97.71198,0.5579834,79.046814,84.57673,5.529915,95.800446,97.53251,1.7320633,52.334892,51.27626,1.0586319,37.575466,36.83237,0.7430954,26.184065,24.689802,1.4942627,50.90554,50.745148,0.16039276,26.475168,26.245968,0.22920036,16.406305,16.505344,0.09903908,28.226011,29.194733,0.9687214,36.729366,36.492706,0.23666,79.85947,79.84133,0.01813507,66.34008,67.55186,1.2117767,92.00241,103.421555,78.3184,90.83506,93.5246,101.54042,47.973003,54.579517,34.267082,39.39766,23.16264,26.216965,48.744747,52.74555,24.516315,27.97562,15.4021,17.60859,26.439213,31.950253,34.92199,38.063423,77.0831,82.59956,65.54949,69.55422
-brqqjqyO72GBQPYhr5Qop65-BnuAvtFdWj2dLeVrak,d00b7799725d8dc5fcb69084476a855d,178.0,1,71.6,98.269966,97.6895,0.5804672,79.046814,84.200554,5.15374,95.800446,98.0853,2.284851,52.334892,51.921204,0.41368866,37.575466,36.51265,1.0628166,26.184065,24.50026,1.6838055,50.90554,51.366947,0.4614067,26.475168,26.349577,0.12559128,16.406305,16.428968,0.022663116,28.226011,29.46231,1.2362995,36.729366,36.540977,0.18838882,79.85947,80.808426,0.94895935,66.34008,67.38332,1.0432434,91.97993,103.39907,77.94222,90.458885,94.077385,102.09321,48.617947,55.22446,33.94736,39.077938,22.973097,26.027422,49.366547,53.367348,24.619925,28.07923,15.325724,17.532213,26.70679,32.21783,34.97026,38.111694,78.05019,83.56666,65.38096,69.38569
6GY7MGgcD8y0dG5ul2mm8JrMe4nkDDvvXu1ZejVL6L4,c201fc518f7fadf3189a4d482c467126,159.5,0,53.4,84.44433,86.45144,2.0071106,73.49688,73.66764,0.17076111,92.06872,90.68775,1.3809662,50.79026,47.23603,3.5542297,34.937332,33.381943,1.5553894,22.676859,21.504559,1.1723003,44.392273,45.768394,1.3761215,22.308184,22.63303,0.32484627,14.355133,14.651557,0.2964239,24.188204,25.050762,0.86255836,31.17903,31.86422,0.6851902,69.8672,72.56672,2.6995163,60.22172,57.81604,2.4056816,80.74187,92.16101,67.40931,79.92597,86.67984,94.69566,43.932774,50.539288,30.816654,35.94723,19.977396,23.031721,43.767994,47.768795,20.903378,24.362682,13.548312,15.754802,22.295242,27.806282,30.293503,33.434937,69.80849,75.32495,55.813675,59.818405
6GY7MGgcD8y0dG5ul2mm8JrMe4nkDDvvXu1ZejVL6L4,a404bb64bb2db433dac793c80451343f,159.5,0,53.4,84.44433,86.20414,1.7598114,73.49688,74.33494,0.8380585,92.06872,91.100494,0.9682236,50.79026,47.571827,3.2184334,34.937332,34.043808,0.89352417,22.676859,21.646084,1.0307751,44.392273,45.70551,1.3132362,22.308184,22.39235,0.08416557,14.355133,14.535523,0.18039036,24.188204,24.724497,0.536293,31.17903,31.786453,0.6074238,69.8672,72.3711,2.5038986,60.22172,58.035866,2.1858559,80.49457,91.91371,68.07661,80.59327,87.09258,95.108406,44.26857,50.875084,31.47852,36.609097,20.118921,23.173246,43.70511,47.70591,20.662697,24.122002,13.432279,15.638768,21.968977,27.480017,30.215736,33.35717,69.61287,75.12933,56.0335,60.03823
ciLRduStcoRnAQ-__Qs6QLQWSGY8dxjjK1d0PyYwF-Q,caec875596fbead7ef84011e8aff0926,160.5,0,54.1,88.86256,88.542244,0.3203125,78.52277,77.47519,1.0475845,88.576164,92.37805,3.8018875,47.711586,47.363953,0.34763336,32.8188,34.12422,1.3054199,20.949629,22.094555,1.1449261,47.732086,46.99313,0.73895645,22.22723,22.643848,0.41661835,15.047673,15.15535,0.107676506,24.957859,24.839882,0.11797714,31.415102,31.91249,0.49738884,73.31542,74.823685,1.5082626,59.290775,58.27523,1.0155449,82.83267,94.251816,71.21686,83.73352,88.37014,96.38596,44.060696,50.66721,31.558933,36.68951,20.567392,23.621717,44.99273,48.99353,20.914196,24.3735,14.052105,16.258595,22.084362,27.595402,30.341774,33.483208,72.06545,77.58192,56.272865,60.277596
RZGVhoCaP47IHpVlPgcaB8_FpevNIj4qwzBE3mqIJ-s,7613a9a708de44dd6c99685a3d2164dc,173.1,0,63.1,91.62933,93.46012,1.8307877,73.94306,80.092064,6.149002,97.457054,99.036095,1.5790405,51.86271,51.969173,0.106464386,36.296608,35.203613,1.0929947,23.959475,23.150482,0.8089924,50.85404,50.861492,0.0074539185,23.902994,24.589588,0.686594,15.20345,16.13099,0.9275389,26.467104,27.662876,1.1957722,32.374626,33.438335,1.0637093,81.869934,82.00537,0.13543701,61.518105,62.40062,0.88251495,87.75055,99.16969,73.83373,86.350395,95.02818,103.04401,48.665916,55.27243,32.638325,37.7689,21.62332,24.677645,48.86109,52.861893,22.859936,26.31924,15.027744,17.234234,24.907356,30.418396,31.867619,35.009052,79.24714,84.7636,60.398254,64.402985
RZGVhoCaP47IHpVlPgcaB8_FpevNIj4qwzBE3mqIJ-s,b8bda15a9b162359bd5661955978ba65,173.1,0,63.1,91.62933,91.3637,0.26563263,73.94306,78.2995,4.3564377,97.457054,99.421814,1.9647598,51.86271,52.73538,0.8726692,36.296608,36.200275,0.09633255,23.959475,23.442265,0.51721,50.85404,50.314762,0.5392761,23.902994,24.423273,0.52027893,15.20345,16.057917,0.85446644,26.467104,27.469902,1.0027981,32.374626,33.253304,0.87867737,81.869934,80.914795,0.95513916,61.518105,62.72303,1.2049255,85.65413,97.07327,72.04117,84.55783,95.4139,103.429726,49.43212,56.038635,33.634987,38.765564,21.915102,24.969427,48.31436,52.315163,22.69362,26.152925,14.954672,17.161161,24.714382,30.225422,31.682587,34.82402,78.15656,83.67303,60.720665,64.725395
RZGVhoCaP47IHpVlPgcaB8_FpevNIj4qwzBE3mqIJ-s,4f71e16b9ab95015b1a8a630f49ebf7a,173.1,0,63.1,91.62933,92.206764,0.5774307,73.94306,79.647194,5.704132,97.457054,97.463715,0.0066604614,51.86271,50.63398,1.2287292,36.296608,34.69794,1.5986671,23.959475,23.06226,0.8972149,50.85404,51.363804,0.5097656,23.902994,23.974361,0.071367264,15.20345,15.853022,0.6495714,26.467104,26.560736,0.093631744,32.374626,33.458447,1.0838203,81.869934,82.47486,0.60492706,61.518105,62.76333,1.245224,86.49719,97.916336,73.38886,85.905525,93.4558,101.47163,47.330723,53.937237,32.132652,37.26323,21.535097,24.589422,49.363403,53.364204,22.244709,25.704014,14.749777,16.956266,23.805216,29.316256,31.88773,35.029163,79.71663,85.23309,60.760963,64.76569
ysjUTkYsWk2w5-l05KpGpo41quzoU-YWRTZCrndNlLI,390346a2732fad8e46266f3a4eb2cabc,165.75,1,62.2,98.22166,95.7083,2.513359,86.48991,81.6949,4.795006,98.70777,94.02414,4.683632,47.295322,48.981644,1.6863213,31.808147,32.80668,0.99853134,21.337719,22.42723,1.0895119,50.210323,49.098286,1.1120377,23.766415,25.423187,1.6567726,14.98583,15.716425,0.73059464,26.304558,28.75507,2.450512,34.43921,35.369106,0.9298973,78.36856,76.778656,1.5899048,62.825344,62.621666,0.20367813,89.998726,101.41787,75.43657,87.95323,90.01623,98.03205,45.678387,52.2849,30.24139,35.371967,20.900068,23.954393,47.097885,51.098686,23.693535,27.15284,14.61318,16.81967,25.99955,31.51059,33.79839,36.939823,74.020424,79.53689,60.6193,64.62403
ysjUTkYsWk2w5-l05KpGpo41quzoU-YWRTZCrndNlLI,b8099b056a76363cfc5e1ea69abc3d2f,165.75,1,62.2,98.22166,95.41603,2.805626,86.48991,83.14072,3.3491898,98.70777,94.34353,4.3642426,47.295322,48.60054,1.3052177,31.808147,33.165447,1.3572998,21.337719,22.546701,1.2089825,50.210323,48.79328,1.4170418,23.766415,25.003345,1.2369308,14.98583,15.631235,0.6454048,26.304558,28.066729,1.7621708,34.43921,35.165638,0.726429,78.36856,76.29572,2.0728378,62.825344,63.028343,0.20299911,89.70646,101.1256,76.882385,89.39905,90.33562,98.35144,45.297283,51.903797,30.600159,35.730736,21.019539,24.073864,46.79288,50.793682,23.273693,26.732998,14.52799,16.73448,25.311209,30.822248,33.59492,36.736355,73.53749,79.053955,61.025978,65.03071
ysjUTkYsWk2w5-l05KpGpo41quzoU-YWRTZCrndNlLI,3d5dcd34d7141ae1bfa7428777db4090,165.75,1,62.2,98.22166,96.35746,1.8641968,86.48991,84.272514,2.217392,98.70777,94.4762,4.231575,47.295322,48.286064,0.9907417,31.808147,32.76029,0.9521408,21.337719,22.435503,1.097784,50.210323,49.019676,1.1906471,23.766415,25.034445,1.2680302,14.98583,15.688518,0.70268726,26.304558,28.09856,1.7940025,34.43921,35.21994,0.7807312,78.36856,76.72119,1.6473694,62.825344,62.95873,0.1333847,90.64789,102.06703,78.01418,90.530846,90.468285,98.48411,44.982807,51.58932,30.195,35.325577,20.90834,23.962666,47.019276,51.020077,23.304792,26.764097,14.585273,16.791763,25.34304,30.85408,33.649223,36.790657,73.96296,79.47942,60.956364,64.96109
ysjUTkYsWk2w5-l05KpGpo41quzoU-YWRTZCrndNlLI,c41e45209fcbc7e029f79e8c5ca695a3,165.75,1,62.2,98.22166,95.66895,2.5527039,86.48991,83.02296,3.4669495,98.70777,94.289474,4.418297,47.295322,48.56323,1.2679062,31.808147,32.67369,0.86554337,21.337719,22.298573,0.9608536,50.210323,48.84477,1.3655548,23.766415,24.966837,1.2004223,14.98583,15.524014,0.53818417,26.304558,28.156254,1.851696,34.43921,35.082172,0.6429634,78.36856,76.46322,1.9053421,62.825344,62.67662,0.1487236,89.95938,101.378525,76.764626,89.28129,90.28156,98.297386,45.25997,51.866486,30.108402,35.23898,20.77141,23.825735,46.844368,50.84517,23.237185,26.69649,14.42077,16.627258,25.400734,30.911774,33.511456,36.65289,73.70499,79.22145,60.674255,64.678986
xmH69ldFvRNLGcaQLwW_bCUUU5H_GIuskbslCoMFw4Q,569278a57a697c40676dc11e27804266,191.85,1,81.3,104.47482,101.8286,2.646225,83.753174,87.0464,3.2932281,101.41166,102.25578,0.84412384,55.441982,53.73011,1.7118721,37.621876,37.37243,0.24944687,25.60552,25.878067,0.27254677,56.289192,55.594555,0.6946373,28.792389,27.563635,1.228754,17.390049,17.62364,0.23359108,32.000984,30.315027,1.685957,38.038227,37.94883,0.08939743,90.0806,88.42659,1.654007,70.73317,71.533134,0.7999649,96.119026,107.53817,80.78807,93.30473,98.24787,106.263695,50.426853,57.033367,34.80714,39.937717,24.350904,27.40523,53.594154,57.594955,25.833982,29.293287,16.520395,18.726885,27.559507,33.07055,36.378113,39.519547,85.66836,91.18482,69.53077,73.5355
xmH69ldFvRNLGcaQLwW_bCUUU5H_GIuskbslCoMFw4Q,e33baf0b9cfd09cba9c0c99d0332c625,191.85,1,81.3,104.47482,101.059654,3.4151688,83.753174,87.48637,3.7331924,101.41166,102.25578,0.84412384,55.441982,52.72472,2.7172623,37.621876,37.348824,0.27305222,25.60552,26.23188,0.62635994,56.289192,56.35864,0.06944656,28.792389,26.893309,1.8990803,17.390049,17.64053,0.25048065,32.000984,29.12212,2.8788643,38.038227,37.9314,0.10682678,90.0806,89.424255,0.65634155,70.73317,72.30008,1.5669098,95.35008,106.769226,81.228035,93.7447,98.24787,106.263695,49.421463,56.027977,34.783535,39.914112,24.704718,27.759043,54.35824,58.35904,25.163656,28.622961,16.537285,18.743774,26.3666,31.87764,36.360683,39.502117,86.66602,92.18249,70.297714,74.302444
xmH69ldFvRNLGcaQLwW_bCUUU5H_GIuskbslCoMFw4Q,2d3c3c5209f6e1b234856d9a166067b0,191.85,1,81.3,104.47482,101.21773,3.2570953,83.753174,88.27797,4.5247955,101.41166,102.896034,1.484375,55.441982,53.456944,1.9850388,37.621876,37.832897,0.21102142,25.60552,25.980993,0.37547302,56.289192,54.965683,1.3235092,28.792389,27.083286,1.7091026,17.390049,17.64053,0.25048065,32.000984,29.64484,2.356144,38.038227,37.350826,0.6874008,90.0806,87.673454,2.4071426,70.73317,71.17653,0.44335938,95.508156,106.9273,82.01964,94.5363,98.88812,106.903946,50.153687,56.7602,35.26761,40.398186,24.45383,27.508156,52.965282,56.966084,25.353634,28.812939,16.537285,18.743774,26.88932,32.40036,35.78011,38.921543,84.91522,90.43169,69.174164,73.178894
xmH69ldFvRNLGcaQLwW_bCUUU5H_GIuskbslCoMFw4Q,d7c632c2c8ffa89d49eb4ecbfc21b841,191.85,1,81.3,104.47482,102.88981,1.5850143,83.753174,87.79875,4.045578,101.41166,101.768715,0.35705566,55.441982,53.05052,2.3914604,37.621876,36.57992,1.041954,25.60552,25.730108,0.12458801,56.289192,56.276882,0.012310028,28.792389,27.532536,1.2598534,17.390049,17.489246,0.09919739,32.000984,30.370483,1.6305008,38.038227,38.186153,0.14792633,90.0806,89.522064,0.5585327,70.73317,71.39147,0.6583023,97.18024,108.59938,81.54042,94.05708,97.7608,105.77663,49.747265,56.35378,34.014633,39.14521,24.202946,27.25727,54.27648,58.277283,25.802883,29.262188,16.386002,18.592491,27.614964,33.126003,36.615437,39.75687,86.76383,92.2803,69.38911,73.39384
xmH69ldFvRNLGcaQLwW_bCUUU5H_GIuskbslCoMFw4Q,20f21e23e210f1e1c01a60c37b61b791,191.85,1,81.3,104.47482,102.23143,2.243393,83.753174,86.33003,2.5768585,101.41166,102.09486,0.683197,55.441982,53.932823,1.5091591,37.621876,37.50564,0.11623764,25.60552,26.13998,0.53446007,56.289192,56.427814,0.13862228,28.792389,27.830685,0.96170425,17.390049,17.7808,0.39075089,32.000984,30.615711,1.385273,38.038227,38.31219,0.27396393,90.0806,89.756805,0.3237915,70.73317,71.718765,0.9855957,96.52186,107.941,80.0717,92.58836,98.086945,106.10277,50.629566,57.23608,34.94035,40.070927,24.612818,27.667143,54.427414,58.428215,26.101032,29.560337,16.677555,18.884045,27.860191,33.37123,36.741474,39.882908,86.99857,92.51504,69.7164,73.72113
xmH69ldFvRNLGcaQLwW_bCUUU5H_GIuskbslCoMFw4Q,2c077a299093054544094cfcc2297c60,191.85,1,81.3,104.47482,102.53818,1.9366455,83.753174,88.047356,4.294182,101.41166,102.2435,0.8318405,55.441982,53.42696,2.0150223,37.621876,37.754032,0.13215637,25.60552,26.117924,0.5124035,56.289192,55.566254,0.72293854,28.792389,27.725893,1.0664959,17.390049,17.88141,0.49136162,32.000984,30.37931,1.6216736,38.038227,37.952854,0.085372925,90.0806,88.53418,1.5464172,70.73317,71.464745,0.731575,96.828606,108.24775,81.789024,94.30569,98.23559,106.25141,50.123703,56.730217,35.188744,40.31932,24.590761,27.645086,53.565853,57.566654,25.99624,29.455545,16.778166,18.984655,27.62379,33.13483,36.382137,39.52357,85.77595,91.29241,69.46238,73.46711
xmH69ldFvRNLGcaQLwW_bCUUU5H_GIuskbslCoMFw4Q,dd235af9d0608fe189943ca36ede4a0b,191.85,1,81.3,104.47482,102.36922,2.105606,83.753174,87.873985,4.1208115,101.41166,101.884186,0.47252655,55.441982,52.871296,2.5706863,37.621876,37.341625,0.28025055,25.60552,26.13998,0.53446007,56.289192,56.13853,0.15066147,28.792389,27.51834,1.2740498,17.390049,17.84616,0.4561119,32.000984,29.943254,2.0577297,38.038227,38.1942,0.15597153,90.0806,89.160164,0.92043304,70.73317,72.153534,1.4203644,96.659645,108.07879,81.615654,94.13232,97.876274,105.8921,49.56804,56.174553,34.776337,39.906914,24.612818,27.667143,54.13813,58.13893,25.788687,29.247992,16.742916,18.949406,27.187735,32.698776,36.62348,39.764915,86.40193,91.918396,70.15117,74.1559
xmH69ldFvRNLGcaQLwW_bCUUU5H_GIuskbslCoMFw4Q,cdfd9bc71bbdc942abe5666374b1c765,191.85,1,81.3,104.47482,102.79883,1.6759949,83.753174,88.04899,4.2958145,101.41166,102.95571,1.5440521,55.441982,53.933323,1.5086594,37.621876,36.756985,0.86489105,25.60552,25.644642,0.039121628,56.289192,56.14482,0.14437103,28.792389,27.751585,1.0408039,17.390049,17.741877,0.35182762,32.000984,30.688604,1.3123798,38.038227,38.053413,0.01518631,90.0806,89.32644,0.754158,70.73317,71.25469,0.5215225,97.08926,108.5084,81.79066,94.30732,98.9478,106.96362,50.630066,57.23658,34.191696,39.322273,24.11748,27.171804,54.14442,58.14522,26.021933,29.481237,16.638632,18.845121,27.933084,33.444122,36.482697,39.62413,86.56821,92.08467,69.25233,73.25706
xmH69ldFvRNLGcaQLwW_bCUUU5H_GIuskbslCoMFw4Q,06dce778fd7c65b00599dff9c775572c,191.85,1,81.3,104.47482,102.97974,1.4950867,83.753174,88.881485,5.128311,101.41166,103.0412,1.6295395,55.441982,53.72878,1.7132034,37.621876,36.565228,1.0566483,25.60552,25.447975,0.15754509,56.289192,56.069355,0.21983719,28.792389,27.55958,1.2328091,17.390049,17.600874,0.21082497,32.000984,30.493578,1.5074062,38.038227,37.88313,0.15509796,90.0806,89.277534,0.80306244,70.73317,70.92739,0.1942215,97.270164,108.68931,82.62315,95.13982,99.03329,107.04911,50.42552,57.032036,33.99994,39.130516,23.920813,26.975138,54.068954,58.069756,25.829927,29.289232,16.49763,18.704119,27.738058,33.2491,36.312412,39.453846,86.5193,92.03577,68.925026,72.929756
imuiUv8YPQ3dlNu6BmbAghuxOMm1hG-rabvRQfDMkPM,96aa80262471ff79a8bf265113765579,177.5,1,70.6,95.09461,97.60239,2.5077744,82.552895,85.01178,2.4588852,100.448105,98.891136,1.5569687,50.44223,51.61472,1.1724892,36.471455,35.8562,0.61525345,24.631319,24.32387,0.30744934,51.085697,52.074432,0.9887352,26.504604,26.018131,0.48647308,16.60686,16.499102,0.10775757,28.364557,28.933125,0.5685673,37.465546,36.42265,1.0428963,79.896706,81.84154,1.9448318,67.1041,67.60559,0.50148773,91.892815,103.31196,78.75345,91.27011,94.883224,102.89905,48.311462,54.917976,33.290913,38.42149,22.796707,25.851032,50.07403,54.074833,24.288479,27.747784,15.395857,17.602346,26.177605,31.688644,34.851933,37.993366,79.083305,84.59977,65.603226,69.607956
imuiUv8YPQ3dlNu6BmbAghuxOMm1hG-rabvRQfDMkPM,97cf4ba560af535e04ce73562f011bad,177.5,1,70.6,95.09461,97.262344,2.1677322,82.552895,83.29119,0.7382965,100.448105,97.05588,3.3922272,50.44223,50.783222,0.34099197,36.471455,35.743313,0.7281418,24.631319,24.440525,0.19079399,51.085697,52.00997,0.92427444,26.504604,26.260504,0.24410057,16.60686,16.630697,0.023838043,28.364557,29.081335,0.7167778,37.465546,36.79171,0.67383575,79.896706,81.42585,1.5291443,67.1041,67.732605,0.6285019,91.55277,102.97192,77.03286,89.54952,93.047966,101.06379,47.479965,54.08648,33.178024,38.3086,22.913363,25.967688,50.00957,54.010372,24.530851,27.990156,15.527452,17.733942,26.325815,31.836855,35.220993,38.362427,78.66762,84.18408,65.73024,69.73497
XY5IBUxnQ981n3UvFegHkU9lz5ho3m7QETaeJ6BJlwo,eab326dc2f0d032349f34d3fa475ae2c,179.4,1,72.05,103.896706,98.7349,5.161804,82.12385,84.5571,2.4332504,95.5044,99.593796,4.0893936,50.299553,52.571476,2.271923,37.18254,35.741764,1.4407768,25.148508,24.347591,0.8009167,53.59524,52.924984,0.67025757,28.923681,26.794094,2.1295872,17.885923,16.908894,0.9770298,32.430435,30.057646,2.3727894,36.93588,36.59662,0.3392601,85.87157,83.69259,2.178978,66.94031,67.23555,0.2952423,93.02533,104.44447,78.29877,90.81543,95.585884,103.60171,49.26822,55.874733,33.176476,38.307053,22.820429,25.874754,50.924583,54.925385,25.064442,28.523746,15.805649,18.012138,27.302126,32.813164,35.0259,38.167336,80.93436,86.45082,65.233185,69.237915
XY5IBUxnQ981n3UvFegHkU9lz5ho3m7QETaeJ6BJlwo,7b72e3f19f5ed8824d4e3ec6602f3619,179.4,1,72.05,103.896706,98.66465,5.2320557,82.12385,83.29119,1.1673431,95.5044,98.82481,3.320404,50.299553,52.27166,1.9721069,37.18254,35.018047,2.1644936,25.148508,24.192396,0.9561119,53.59524,53.78654,0.19129944,28.923681,26.920351,2.0033302,17.885923,16.988024,0.8978996,32.430435,30.212572,2.217863,36.93588,36.742767,0.19311142,85.87157,85.04726,0.8243103,66.94031,66.6176,0.32270813,92.95508,104.37422,77.03286,89.54952,94.816895,102.83272,48.968403,55.574917,32.45276,37.583336,22.665234,25.719559,51.78614,55.78694,25.190699,28.650003,15.884779,18.091269,27.457052,32.968094,35.17205,38.313484,82.289024,87.80549,64.615234,68.619965
fFrDCPtjMVOQo6lhZX1j8YB4DI96KbJWvHj9Cfql690,da6f04b1763c6d167017bef1d02db264,162.5,0,55.9,92.98049,89.93611,3.0443802,75.07634,78.81634,3.7399979,90.14705,93.40993,3.2628784,48.720722,48.10484,0.6158829,34.850693,33.808754,1.0419388,22.73085,21.923622,0.8072281,48.88708,47.450634,1.4364471,23.976149,22.860191,1.1159573,15.149046,14.868937,0.2801094,27.072645,25.412838,1.6598072,32.080723,32.2906,0.20987701,76.51633,75.62817,0.8881607,58.435307,58.812584,0.37727737,84.22654,95.64568,72.55801,85.07467,89.402016,97.41784,44.801582,51.408096,31.243465,36.374043,20.39646,23.450785,45.450233,49.451035,21.130539,24.589844,13.765692,15.972181,22.657318,28.168358,30.719883,33.861317,72.869934,78.3864,56.81022,60.81495
fFrDCPtjMVOQo6lhZX1j8YB4DI96KbJWvHj9Cfql690,b7544d6cad05c544fe65adaa3be115cb,162.5,0,55.9,92.98049,89.16049,3.8199997,75.07634,78.09016,3.0138168,90.14705,94.16172,4.0146713,48.720722,49.01629,0.29556656,34.850693,33.72834,1.1223526,22.73085,21.721441,1.009409,48.88708,47.46636,1.420723,23.976149,22.754725,1.2214241,15.149046,14.651557,0.49748898,27.072645,25.536182,1.5364628,32.080723,32.14311,0.06238556,76.51633,75.55481,0.96151733,58.435307,58.71977,0.28446198,83.45092,94.87006,71.831825,84.34849,90.15381,98.16963,45.71303,52.319546,31.163052,36.29363,20.194279,23.248604,45.465958,49.46676,21.025072,24.484377,13.548312,15.754802,22.780663,28.291702,30.572392,33.713825,72.79658,78.31304,56.717403,60.722134
zrydWW1YldsSPK0Dey0YMyjPCF0jOvwBTfofxzTnNQI,7a9bd49e515456d819cde0e3ce5aa4a0,164.6,0,57.3,87.90978,90.98713,3.0773468,78.58945,79.902336,1.3128891,92.65615,93.97991,1.323761,47.03644,48.14215,1.1057091,34.001297,33.932465,0.0688324,22.504633,22.186455,0.31817818,50.35205,47.925434,2.4266167,23.449825,23.182003,0.26782227,15.806385,15.159756,0.64662933,25.394594,25.571991,0.17739677,35.27274,32.78402,2.48872,76.770035,76.18446,0.5855713,58.37508,60.3538,1.9787216,85.27756,96.6967,73.644005,86.16067,89.972,97.98782,44.838894,51.445408,31.367176,36.497753,20.659292,23.713617,45.925034,49.925835,21.45235,24.911655,14.056511,16.263,22.816471,28.32751,31.213303,34.354736,73.42623,78.942696,58.351437,62.356167
c_RN0nF9LW71ZYJQnSp8mUN88GQlyQ_zc3QrUUqerRM,5d9adc6d19d86c6e7b0c379805346e4b,159.8,0,54.0,88.0613,85.77699,2.2843094,73.35225,73.562965,0.21071625,92.80914,93.50329,0.6941452,51.15559,49.33343,1.8221588,35.07546,33.774734,1.300724,23.590187,21.646084,1.9441032,45.831997,46.29665,0.46465302,22.532183,22.630327,0.09814453,14.523639,14.791091,0.26745224,27.062014,25.44069,1.6213245,31.251076,31.59874,0.34766388,76.588066,73.539925,3.0481415,56.42749,58.099373,1.6718826,80.06742,91.486565,67.304634,79.8213,89.49538,97.5112,46.030174,52.63669,31.209446,36.340023,20.118921,23.173246,44.29625,48.29705,20.900675,24.35998,13.687846,15.894336,22.68517,28.196209,30.028023,33.169456,70.78169,76.29816,56.097008,60.101738
c_RN0nF9LW71ZYJQnSp8mUN88GQlyQ_zc3QrUUqerRM,973d5396bf7ad4ae09b2e6116c872e44,159.8,0,54.0,88.0613,88.51976,0.45845795,73.35225,76.219086,2.8668365,92.80914,92.86942,0.060279846,51.15559,48.488605,2.6669846,35.07546,33.616997,1.4584618,23.590187,21.559698,2.030489,45.831997,46.28093,0.44893265,22.532183,22.765541,0.23335838,14.523639,14.644213,0.120574,27.062014,25.583927,1.4780865,31.251076,31.86422,0.6131439,76.588066,73.84069,2.7473755,56.42749,57.78673,1.3592415,82.81019,94.22933,69.960754,82.47742,88.86151,96.877335,45.18535,51.791862,31.051708,36.182285,20.032536,23.08686,44.28053,48.28133,21.035889,24.495193,13.540968,15.7474575,22.828407,28.339447,30.293503,33.434937,71.08246,76.59892,55.784367,59.789097
5D0ey117hSU15IhFwv_AMoW12dWLH-hA78F27-tMvGk,5f4ef9b05c954311271d46798d9528a2,161.5,0,55.1,88.81797,89.68881,0.870842,77.46622,77.553696,0.08747864,94.7457,93.36571,1.3799896,49.874508,48.371346,1.5031624,31.180643,32.3675,1.1868572,20.956255,21.212318,0.25606346,45.791862,46.917664,1.1258011,22.66315,22.730385,0.06723404,14.863141,14.457678,0.40546322,25.176716,25.762976,0.58625984,32.230362,32.12702,0.10334015,73.1367,74.90193,1.7652283,58.49322,58.153107,0.3401146,83.97924,95.398384,71.295364,83.81203,89.357796,97.37362,45.06809,51.674603,29.802212,34.93279,19.685156,22.739481,44.917263,48.918064,21.000732,24.460037,13.354433,15.560923,23.007456,28.518496,30.556305,33.69774,72.1437,77.660164,56.15074,60.15547
5D0ey117hSU15IhFwv_AMoW12dWLH-hA78F27-tMvGk,848672483ac4ece62cb68f5f06c41cb1,161.5,0,55.1,88.81797,89.65509,0.83712006,77.46622,76.41535,1.0508652,94.7457,92.643394,2.1023026,49.874508,48.371346,1.5031624,31.180643,32.596367,1.4157238,20.956255,21.340977,0.38472176,45.791862,47.01514,1.223278,22.66315,23.046787,0.38363647,14.863141,14.572243,0.29089832,25.176716,26.081284,0.9045677,32.230362,32.312054,0.08169174,73.1367,75.06576,1.9290543,58.49322,58.12868,0.3645401,83.94552,95.36466,70.15702,82.67368,88.63548,96.651306,45.06809,51.674603,30.031078,35.161655,19.813814,22.86814,45.01474,49.01554,21.317135,24.77644,13.468998,15.6754875,23.325764,28.836803,30.741337,33.88277,72.307526,77.82399,56.126316,60.131046
5D0ey117hSU15IhFwv_AMoW12dWLH-hA78F27-tMvGk,b31c25634908c521eed8cf6812afdfea,161.5,0,55.1,88.81797,89.09305,0.27507782,77.46622,77.26584,0.20037842,94.7457,92.417366,2.328331,49.874508,47.811684,2.0628242,31.180643,33.097404,1.9167614,20.956255,21.521101,0.56484604,45.791862,47.184937,1.393074,22.66315,22.630327,0.032823563,14.863141,14.58693,0.27621078,25.176716,25.305408,0.12869263,32.230362,32.065342,0.16501999,73.1367,75.25649,2.1197891,58.49322,57.903973,0.58924866,83.38348,94.80262,71.00751,83.52417,88.409454,96.42528,44.508427,51.11494,30.532116,35.662693,19.993938,23.048264,45.184536,49.185337,20.900675,24.35998,13.4836855,15.690175,22.549889,28.060928,30.494625,33.63606,72.49826,78.014725,55.901608,59.906338
5D0ey117hSU15IhFwv_AMoW12dWLH-hA78F27-tMvGk,1aebf8989616b2fc6a1badfaf7694099,161.5,0,55.1,88.81797,87.85655,0.96141815,77.46622,75.64338,1.8228378,94.7457,93.41484,1.3308563,49.874508,48.701813,1.1726952,31.180643,33.103592,1.9229488,20.956255,21.543156,0.5869007,45.791862,46.681835,0.8899727,22.66315,22.816923,0.15377235,14.863141,14.741153,0.1219883,25.176716,25.647589,0.47087288,32.230362,31.888355,0.34200668,73.1367,74.55715,1.4204483,58.49322,58.34362,0.14960098,82.14698,93.566124,69.38505,81.90171,89.40693,97.42275,45.398556,52.00507,30.538303,35.66888,20.015993,23.070318,44.681435,48.682236,21.08727,24.546576,13.637908,15.844398,22.892069,28.403109,30.317638,33.459072,71.79892,77.315384,56.341255,60.345985
5D0ey117hSU15IhFwv_AMoW12dWLH-hA78F27-tMvGk,866fb70d7207be0c0666af6c1ad70af7,161.5,0,55.1,88.81797,89.430275,0.6123047,77.46622,77.95931,0.4930954,94.7457,92.8596,1.8861008,49.874508,47.875645,1.9988632,31.180643,33.054108,1.8734646,20.956255,21.451256,0.49500084,45.791862,46.889366,1.0975037,22.66315,22.589762,0.07338905,14.863141,14.576649,0.28649235,25.176716,25.241747,0.06503105,32.230362,31.976849,0.25351334,73.1367,74.933716,1.7970123,58.49322,58.074947,0.41827393,83.7207,95.13985,71.70098,84.21764,88.851685,96.86751,44.572388,51.1789,30.48882,35.619396,19.924093,22.978418,44.888966,48.889767,20.86011,24.319414,13.473404,15.6798935,22.486227,27.997267,30.406132,33.547565,72.17548,77.69195,56.072582,60.077312
5D0ey117hSU15IhFwv_AMoW12dWLH-hA78F27-tMvGk,f73c012a248bf722c2b068cd30590b92,161.5,0,55.1,88.81797,87.02473,1.7932434,77.46622,75.538704,1.9275131,94.7457,93.79811,0.94758606,49.874508,49.14954,0.72496796,31.180643,33.731434,2.5507908,20.956255,21.657112,0.70085716,45.791862,46.93653,1.1446686,22.66315,22.50052,0.16263008,14.863141,14.588399,0.27474213,25.176716,25.257662,0.08094597,32.230362,31.700642,0.5297203,73.1367,74.9924,1.8556976,58.49322,58.19219,0.30103302,81.315155,92.7343,69.28037,81.797035,89.7902,97.80602,45.846283,52.452797,31.166145,36.296722,20.12995,23.184275,44.93613,48.93693,20.770868,24.230173,13.485154,15.691644,22.502142,28.013182,30.129925,33.27136,72.23417,77.75063,56.189823,60.194553
t8e5FBXCLjG2YndD7s8U4bOme2PDNMrXqjETMJPc154,4cdacef364633622110cfc9c2b424b85,178.0,1,149.6,137.54697,146.02805,8.481079,140.94803,149.22984,8.281815,141.4084,148.92468,7.516281,70.54765,75.64023,5.092575,50.355556,48.595524,1.7600327,29.487091,29.709366,0.22227478,49.942814,51.283623,1.3408089,33.680267,34.21282,0.5325508,20.61986,21.078953,0.4590931,40.711075,44.04181,3.3307343,43.23426,42.191162,1.0430984,75.34242,79.20618,3.8637543,77.49086,76.393715,1.0971451,140.31848,151.73761,142.97151,155.48817,144.91678,152.93259,72.336975,78.94348,46.030235,51.160812,28.182203,31.236528,49.283222,53.284023,32.483166,35.94247,19.975708,22.182198,41.28629,46.79733,40.620445,43.76188,76.447945,81.96441,74.39135,78.39608
t8e5FBXCLjG2YndD7s8U4bOme2PDNMrXqjETMJPc154,1fda6b8d5e715c4da3b22a1e53ced9eb,178.0,1,149.6,137.54697,144.31944,6.772476,140.94803,147.65973,6.7117004,141.4084,147.03784,5.6294403,70.54765,74.83005,4.2823944,50.355556,49.090374,1.2651825,29.487091,29.922573,0.43548203,49.942814,51.2058,1.2629852,33.680267,34.147915,0.46764755,20.61986,21.158266,0.5384064,40.711075,43.365402,2.6543274,43.23426,42.228706,1.0055542,75.34242,78.93842,3.5960007,77.49086,76.49142,0.99944305,138.60986,150.02902,141.4014,153.91806,143.02994,151.04575,71.526794,78.1333,46.525085,51.655663,28.39541,31.449736,49.2054,53.2062,32.418262,35.877567,20.055021,22.26151,40.609882,46.120922,40.65799,43.799423,76.18019,81.696655,74.48905,78.49378
t8e5FBXCLjG2YndD7s8U4bOme2PDNMrXqjETMJPc154,2189835eee2fed5563f1746051e6983c,178.0,1,149.6,137.54697,144.88148,7.3345184,140.94803,147.86908,6.921051,141.4084,146.4482,5.039795,70.54765,74.28638,3.7387238,50.355556,48.87388,1.481678,29.487091,29.81597,0.3288784,49.942814,51.06666,1.123848,33.680267,34.185776,0.5055084,20.61986,21.190578,0.57071877,40.711075,43.460896,2.7498207,43.23426,42.164345,1.0699158,75.34242,78.93781,3.5953903,77.49086,76.04199,1.4488678,139.1719,150.59106,141.61075,154.12741,142.44028,150.45612,70.98312,77.58963,46.30859,51.439167,28.288807,31.343132,49.06626,53.067062,32.456123,35.91543,20.087334,22.293823,40.705376,46.216415,40.593628,43.73506,76.17958,81.696045,74.03963,78.04436
t8e5FBXCLjG2YndD7s8U4bOme2PDNMrXqjETMJPc154,c20b6d24c4c2185195b9bc9dbbaf1517,178.0,1,149.6,137.54697,146.07301,8.526047,140.94803,148.23544,7.2874146,141.4084,147.98126,6.5728607,70.54765,75.30976,4.762108,50.355556,48.11923,2.2363281,29.487091,29.624817,0.13772583,49.942814,51.579193,1.6363792,33.680267,34.888893,1.2086258,20.61986,21.41971,0.79985046,40.711075,44.678425,3.96735,43.23426,42.625587,0.6086731,75.34242,79.54668,4.204254,77.49086,76.31555,1.1753082,140.36343,151.7826,141.97711,154.49377,143.97336,151.98917,72.0065,78.61302,45.55394,50.684517,28.097654,31.15198,49.578793,53.579594,33.15924,36.618546,20.316465,22.522955,41.922905,47.433945,41.05487,44.196304,76.788445,82.30491,74.31319,78.31792
t8e5FBXCLjG2YndD7s8U4bOme2PDNMrXqjETMJPc154,dff179052c9df2b82aeabe853e8c897e,178.0,1,149.6,137.54697,146.56761,9.020645,140.94803,148.86348,7.915451,141.4084,151.4798,10.071396,70.54765,77.878876,7.3312225,50.355556,49.4244,0.93115616,29.487091,30.216652,0.72956085,49.942814,51.464424,1.5216103,33.680267,35.148506,1.4682388,20.61986,21.449085,0.82922554,40.711075,45.537857,4.826782,43.23426,42.539772,0.6944885,75.34242,79.26241,3.9199905,77.49086,76.530495,0.9603653,140.85803,152.27719,142.60515,155.12181,147.4719,155.4877,74.57562,81.18213,46.85911,51.98969,28.68949,31.743814,49.464024,53.464825,33.418854,36.87816,20.34584,22.55233,42.782337,48.293377,40.969055,44.11049,76.50418,82.020645,74.52813,78.53286
t8e5FBXCLjG2YndD7s8U4bOme2PDNMrXqjETMJPc154,37473450f3604315720e4e192e0544e6,178.0,1,149.6,137.54697,145.06134,7.514374,140.94803,147.39804,6.450012,141.4084,144.63995,3.2315521,70.54765,72.847244,2.299591,50.355556,47.469738,2.8858185,29.487091,29.235163,0.25192833,49.942814,51.138195,1.1953812,33.680267,34.196594,0.5163269,20.61986,21.146515,0.5266552,40.711075,43.34153,2.630455,43.23426,42.31988,0.9143791,75.34242,79.00016,3.6577377,77.49086,75.85636,1.6344986,139.35178,150.7709,141.13971,153.65637,140.63205,148.64786,69.54399,76.1505,44.90445,50.035027,27.708,30.762325,49.137794,53.138596,32.46694,35.926247,20.04327,22.24976,40.58601,46.09705,40.749165,43.8906,76.24193,81.75839,73.854,77.85873
t8e5FBXCLjG2YndD7s8U4bOme2PDNMrXqjETMJPc154,2a0fb0e4a51b29246d533279b9c04071,178.0,1,149.6,137.54697,142.74571,5.1987457,140.94803,145.14752,4.1994934,141.4084,147.66678,6.258377,70.54765,76.30116,5.7535095,50.355556,49.820282,0.5352745,29.487091,30.271791,0.7847004,49.942814,50.91652,0.9737053,33.680267,34.47784,0.7975731,20.61986,21.199392,0.5795326,40.711075,43.954273,3.2431984,43.23426,42.1858,1.0484619,75.34242,78.428246,3.085823,77.49086,76.344864,1.1459961,137.03613,148.45529,138.88919,151.40585,143.65887,151.67468,72.99791,79.604416,47.254993,52.38557,28.744629,31.798954,48.91612,52.91692,32.748188,36.207493,20.096148,22.302637,41.198753,46.709793,40.61508,43.756516,75.67001,81.18648,74.3425,78.34723
t8e5FBXCLjG2YndD7s8U4bOme2PDNMrXqjETMJPc154,731eaf27aa45617260d8b6b2df202be5,178.0,1,149.6,137.54697,142.7682,5.221237,140.94803,144.4148,3.4667664,141.4084,143.34274,1.9343414,70.54765,73.156395,2.6087418,50.355556,48.576965,1.7785912,29.487091,29.532917,0.04582596,49.942814,51.183002,1.2401886,33.680267,33.996475,0.3162079,20.61986,20.982012,0.3621521,40.711075,42.816322,2.1052475,43.23426,42.083897,1.1503639,75.34242,79.22696,3.8845367,77.49086,75.641426,1.8494339,137.05862,148.47778,138.15646,150.67313,139.33484,147.35065,69.853134,76.459656,46.011677,51.142254,28.005754,31.06008,49.182602,53.183403,32.266823,35.726128,19.878767,22.085257,40.060802,45.571842,40.51318,43.654613,76.46873,81.98519,73.63906,77.64379
t8e5FBXCLjG2YndD7s8U4bOme2PDNMrXqjETMJPc154,fe2d5106ade84014ec727fe11d7d4b82,178.0,1,149.6,137.54697,145.91565,8.368683,140.94803,148.86348,7.915451,141.4084,146.0551,4.646698,70.54765,73.614784,3.067131,50.355556,48.37284,1.9827156,29.487091,29.690987,0.20389557,49.942814,50.980976,1.0381622,33.680267,34.44539,0.76512146,20.61986,21.372707,0.7528477,40.711075,43.71554,3.004467,43.23426,42.389603,0.8446579,75.34242,78.69971,3.3572845,77.49086,76.02245,1.4684067,140.20609,151.62521,142.60515,155.12181,142.04718,150.06302,70.31152,76.918045,45.807552,50.93813,28.163824,31.21815,48.980576,52.981377,32.715736,36.17504,20.269463,22.475952,40.960022,46.47106,40.818886,43.96032,75.941475,81.45794,74.02009,78.02482
t8e5FBXCLjG2YndD7s8U4bOme2PDNMrXqjETMJPc154,b4951a0e954b9c86c3ba6935e8d56881,178.0,1,149.6,137.54697,145.9831,8.436127,140.94803,149.33452,8.38649,141.4084,147.98126,6.5728607,70.54765,74.659485,4.1118317,50.355556,48.03882,2.3167381,29.487091,29.463074,0.024017334,49.942814,51.330788,1.3879738,33.680267,33.996475,0.3162079,20.61986,21.052513,0.43265343,40.711075,43.667797,2.9567223,43.23426,42.07317,1.1610909,75.34242,79.38712,4.0447006,77.49086,76.24716,1.2436981,140.27353,151.69266,143.07619,155.59285,143.97336,151.98917,71.35623,77.96274,45.47353,50.604107,27.935911,30.990236,49.330387,53.33119,32.266823,35.726128,19.949268,22.155758,40.912277,46.423317,40.502453,43.643887,76.62889,82.145355,74.2448,78.24953
59bc275a681516389ccf40d8,96724bcced77df6a4404952e664f0de6,156.65,0,124.7,139.5377,141.71155,2.1738434,123.22822,133.89497,10.666756,149.45007,146.8806,2.5694733,70.451035,76.1306,5.6795654,41.680626,44.568672,2.8880463,24.929155,27.035084,2.1059284,45.72422,45.70551,0.01871109,31.900314,31.846561,0.0537529,19.21737,19.422165,0.20479584,46.473225,45.084267,1.388958,37.489784,37.706142,0.21635818,66.37553,71.10446,4.7289352,63.992996,64.79862,0.8056259,136.00198,147.42111,127.63664,140.1533,142.87268,150.88852,72.82735,79.43385,42.003384,47.13396,25.507921,28.562246,43.70511,47.70591,30.116909,33.576214,18.31892,20.52541,42.328747,47.839787,36.135426,39.27686,68.34623,73.86269,62.796257,66.80099
59bc275a681516389ccf40d8,06e45b55f5adde24e3a9f636a4419acc,156.65,0,124.7,139.5377,142.88062,3.3429108,123.22822,133.13608,9.90786,149.45007,148.09918,1.3508911,70.451035,77.601715,7.1506805,41.680626,46.27591,4.5952835,24.929155,27.773958,2.8448029,45.72422,44.906837,0.8173828,31.900314,32.660553,0.76023865,19.21737,19.895113,0.6777439,46.473225,46.500736,0.027511597,37.489784,37.726254,0.23646927,66.37553,70.05789,3.6823654,63.992996,64.043816,0.050819397,137.17105,148.59018,126.87775,139.39441,144.09128,152.10709,74.29846,80.90497,43.71062,48.841198,26.246796,29.30112,42.906437,46.907238,30.9309,34.390205,18.791868,20.998358,43.745216,49.256256,36.155537,39.29697,67.29966,72.816124,62.04145,66.04618
59bc275a681516389ccf40d8,f35893434dd8461c513ea691e190afcd,156.65,0,124.7,139.5377,143.55505,4.0173492,123.22822,134.47069,11.24247,149.45007,149.43571,0.0143585205,70.451035,77.40983,6.9587936,41.680626,44.667645,2.9870186,24.929155,27.145363,2.2162075,45.72422,45.43195,0.29227066,31.900314,31.873604,0.02671051,19.21737,19.517635,0.30026627,46.473225,45.935738,0.53748703,37.489784,37.201996,0.2877884,66.37553,70.928406,4.5528793,63.992996,63.850853,0.14214325,137.84549,149.26462,128.21236,140.72902,145.4278,153.44363,74.10657,80.71309,42.102356,47.232933,25.6182,28.672525,43.43155,47.43235,30.143951,33.603256,18.41439,20.62088,43.180218,48.691257,35.63128,38.772713,68.17017,73.68664,61.848488,65.85322
59bc275a681516389ccf40d8,8ddf4e60205459da882fa1641bf363f5,156.65,0,124.7,139.5377,142.85812,3.3204193,123.22822,132.14166,8.9134445,149.45007,145.97647,3.4736023,70.451035,75.736176,5.285141,41.680626,44.76043,3.0798035,24.929155,27.251966,2.3228111,45.72422,45.46968,0.2545395,31.900314,32.725456,0.8251419,19.21737,20.112492,0.8951225,46.473225,46.262005,0.21121979,37.489784,37.743687,0.25390244,66.37553,71.07512,4.6995926,63.992996,63.579124,0.41387177,137.14856,148.56769,125.88333,138.4,141.96857,149.98438,72.43292,79.03943,42.19514,47.325718,25.724804,28.779129,43.46928,47.47008,30.995804,34.45511,19.009247,21.215736,43.506485,49.017525,36.17297,39.314404,68.31689,73.83335,61.57676,65.58149
59bc275a681516389ccf40d8,c7d6410f7d0e4e93908db0b50765a305,156.65,0,124.7,139.5377,146.27534,6.7376404,123.22822,135.41275,12.184532,149.45007,145.03305,4.4170227,70.451035,74.3077,3.8566666,41.680626,43.733612,2.0529861,24.929155,27.064491,2.135336,45.72422,45.982212,0.2579918,31.900314,33.287952,1.3876381,19.21737,20.497314,1.2799454,46.473225,46.890663,0.4174385,37.489784,38.352413,0.86262894,66.37553,71.833145,5.4576187,63.992996,63.18344,0.80955505,140.56577,151.98492,129.15442,141.67108,141.02515,149.04095,71.00444,77.61096,41.168324,46.2989,25.537329,28.591654,43.98181,47.982613,31.5583,35.017605,19.39407,21.60056,44.135143,49.646183,36.781696,39.92313,69.07491,74.59138,61.181076,65.18581
59bc275e681516389ccf422d,5de74414e3f017390c16ad6d824bd032,157.15,0,116.95,126.50959,133.50572,6.996132,114.71344,123.71533,9.001892,147.04784,142.24208,4.8057556,76.8824,75.26712,1.6152802,49.518063,45.39755,4.120514,27.605246,27.141687,0.4635582,44.34827,44.897408,0.5491371,32.43102,31.067726,1.3632927,18.86369,19.059376,0.19568634,45.713074,43.58026,2.1328125,36.13393,36.387455,0.25352478,69.74966,70.463806,0.7141495,63.63776,63.33732,0.30044174,127.79615,139.2153,117.457,129.97366,138.23416,146.25,71.96387,78.57037,42.83226,47.962837,25.614525,28.66885,42.897007,46.897808,29.338074,32.79738,17.956131,20.16262,40.82474,46.33578,34.81674,37.95817,67.705574,73.22204,61.334953,65.33968
59bc275e681516389ccf422d,8098379e0a5c1d1ca2ac49b06dd59538,157.15,0,116.95,126.50959,132.539,6.0294113,114.71344,122.85177,8.138329,147.04784,142.39932,4.648514,76.8824,75.608246,1.2741547,49.518063,45.218166,4.2998962,27.605246,27.08471,0.5205364,44.34827,44.95715,0.6088791,32.43102,30.93251,1.4985085,18.86369,18.925716,0.062026978,45.713074,43.54843,2.1646423,36.13393,36.324436,0.19050598,69.74966,70.27797,0.5283127,63.63776,63.334877,0.30288315,126.82943,138.24857,116.59344,129.1101,138.39142,146.40723,72.30499,78.9115,42.652878,47.783455,25.557547,28.611872,42.95675,46.95755,29.202858,32.662163,17.822472,20.028961,40.79291,46.30395,34.75372,37.895153,67.51974,73.0362,61.33251,65.33724
59bc275e681516389ccf422d,66c253276d5b160eafc6edc331b30cb3,157.15,0,116.95,126.50959,137.50748,10.997887,114.71344,124.971436,10.257996,147.04784,142.98895,4.0588837,76.8824,75.9174,0.96500397,49.518063,45.731575,3.7864876,27.605246,27.79969,0.19444466,44.34827,44.998024,0.6497536,32.43102,33.044563,0.61354446,18.86369,20.206495,1.3428059,45.713074,46.150597,0.4375229,36.13393,37.555973,1.4220428,69.74966,70.21439,0.46473694,63.63776,63.080856,0.55690384,131.79791,143.21704,118.713104,131.22977,138.98105,146.99686,72.614136,79.22066,43.166286,48.296864,26.272528,29.326853,42.997623,46.998425,31.31491,34.774216,19.10325,21.30974,43.395077,48.906116,35.985256,39.12669,67.45616,72.972626,61.07849,65.08322
59bc275e681516389ccf422d,318b0af36703f69f7d6821f23e33647b,157.15,0,116.95,126.50959,136.76558,10.255989,114.71344,126.803246,12.089806,147.04784,145.30823,1.7396088,76.8824,76.81285,0.06954956,49.518063,45.83673,3.6813316,27.605246,27.648973,0.043727875,44.34827,44.7622,0.413929,32.43102,31.889832,0.5411873,18.86369,19.573448,0.70975876,45.713074,45.203632,0.5094414,36.13393,36.835957,0.70202637,69.74966,69.80848,0.05882263,63.63776,63.3422,0.29555893,131.056,142.47516,120.544914,133.06158,141.30032,149.31613,73.5096,80.116104,43.271442,48.40202,26.12181,29.176136,42.7618,46.7626,30.16018,33.619484,18.470203,20.676693,42.448112,47.959152,35.26524,38.406673,67.05025,72.56671,61.339836,65.34457
59bc275e681516389ccf422d,bf1de572816a5fa889b48717f4222354,157.15,0,116.95,126.50959,136.51828,10.00869,114.71344,126.48922,11.77578,147.04784,145.54407,1.5037689,76.8824,76.91946,0.03705597,49.518063,46.18931,3.3287544,27.605246,27.768444,0.16319847,44.34827,44.26224,0.08602905,32.43102,31.665375,0.7656441,18.86369,19.419228,0.5555382,45.713074,45.04448,0.66859436,36.13393,36.612038,0.47810745,69.74966,69.20206,0.5475998,63.63776,63.411816,0.22594452,130.80872,142.22784,120.23089,132.74756,141.53616,149.55197,73.616196,80.22272,43.62402,48.754597,26.241282,29.295607,42.26184,46.26264,29.935722,33.395027,18.315983,20.522472,42.28896,47.8,35.04132,38.182755,66.443825,71.96029,61.40945,65.414185
59bc275e681516389ccf422d,24d613d38f2392f98bef1786cf80440d,157.15,0,116.95,126.50959,139.84558,13.335991,114.71344,127.66681,12.953369,147.04784,145.07236,1.9754791,76.8824,76.57833,0.30406952,49.518063,45.527447,3.9906158,27.605246,27.683895,0.07864952,44.34827,44.89426,0.54599,32.43102,32.806587,0.3755684,18.86369,20.047867,1.1841774,45.713074,46.468906,0.7558327,36.13393,37.46882,1.3348885,69.74966,70.04811,0.29845428,63.63776,63.002697,0.6350632,134.13602,145.55515,121.40848,133.92514,141.06445,149.08026,73.27507,79.88159,42.96216,48.092735,26.156733,29.211058,42.89386,46.89466,31.076935,34.53624,18.944622,21.151112,43.713387,49.224426,35.8981,39.039536,67.28988,72.80634,61.00033,65.005066
59bc275e681516389ccf422d,90c24f75c89c58b6bd58602230e40d7c,157.15,0,116.95,126.50959,132.69638,6.1867905,114.71344,123.401306,8.687866,147.04784,144.011,3.0368347,76.8824,76.55701,0.32539368,49.518063,45.527447,3.9906158,27.605246,27.288727,0.31651878,44.34827,44.847095,0.49882507,32.43102,30.902763,1.5282555,18.86369,18.94628,0.0825901,45.713074,43.803078,1.909996,36.13393,36.08929,0.044639587,69.74966,70.2633,0.51364136,63.63776,63.393497,0.2442627,126.98681,138.40594,117.142975,129.65964,140.00308,148.01892,73.25375,79.86026,42.96216,48.092735,25.761564,28.81589,42.846695,46.847496,29.173111,32.632416,17.843035,20.049524,41.047558,46.558598,34.518574,37.660007,67.505066,73.02153,61.391132,65.39586
59bc275e681516389ccf422d,e641af6a7cc18bf696fa781aac398538,157.15,0,116.95,126.50959,132.24675,5.7371597,114.71344,123.29663,8.583191,147.04784,142.49759,4.550247,76.8824,75.67221,1.2101898,49.518063,45.756317,3.7617455,27.605246,27.365923,0.23932266,44.34827,44.77792,0.42964935,32.43102,31.000118,1.4309006,18.86369,19.009436,0.14574623,45.713074,43.452938,2.2601357,36.13393,36.409576,0.2756462,69.74966,69.94541,0.195755,63.63776,63.886883,0.24912262,126.53718,137.95633,117.0383,129.55496,138.48969,146.5055,72.36896,78.975464,43.19103,48.321606,25.83876,28.893085,42.77752,46.77832,29.270466,32.72977,17.90619,20.11268,40.69742,46.208458,34.83886,37.980293,67.18718,72.70364,61.884518,65.88925
UueDSYaaKwwE0UEq27l9nzA6p5xEn76jwy0yla549PI,742a98e9b133faf3d04290fef83b5c2a,173.05,1,127.15,130.23146,136.74309,6.511627,133.44576,133.76413,0.31837463,122.503654,131.84473,9.341072,66.07466,66.55771,0.4830475,49.76577,44.383102,5.3826675,29.283945,27.6067,1.6772442,49.71087,50.19056,0.47969055,31.920673,33.082424,1.1617508,19.627106,20.614817,0.98771095,39.307446,41.081543,1.7740974,39.301384,40.863758,1.5623741,78.03408,78.20607,0.17198944,71.334145,71.54291,0.20876312,131.03351,142.45267,127.5058,140.02246,127.836815,135.85263,63.25445,69.86096,41.817814,46.94839,26.079538,29.133863,48.19016,52.19096,31.352772,34.812077,19.511572,21.718061,38.326023,43.837063,39.29304,42.434475,75.44784,80.9643,69.54054,73.54527
UueDSYaaKwwE0UEq27l9nzA6p5xEn76jwy0yla549PI,a2b02e7aed1dc4e67e59de949669e12d,173.05,1,127.15,130.23146,137.03535,6.803894,133.44576,133.84264,0.3968811,122.503654,132.82747,10.323814,66.07466,67.53845,1.4637909,49.76577,43.99341,5.7723618,29.283945,27.430252,1.853693,49.71087,50.42285,0.7119827,31.920673,33.20682,1.2861481,19.627106,20.423874,0.7967682,39.307446,41.54309,2.2356453,39.301384,41.169464,1.8680801,78.03408,78.15732,0.12323761,71.334145,71.88486,0.5507126,131.32578,142.74493,127.584305,140.10097,128.81955,136.83539,64.2352,70.841705,41.42812,46.558697,25.90309,28.957415,48.42245,52.423252,31.477169,34.936474,19.32063,21.527119,38.78757,44.29861,39.598747,42.74018,75.399086,80.91555,69.88249,73.88722
UueDSYaaKwwE0UEq27l9nzA6p5xEn76jwy0yla549PI,95be2ff93f4114649897f53fc6298008,173.05,1,127.15,130.23146,134.33755,4.1060944,133.44576,129.55096,3.8947906,122.503654,128.83755,6.3339005,66.07466,66.24856,0.17389679,49.76577,44.945995,4.8197746,29.283945,27.665516,1.6184292,49.71087,50.150864,0.4399948,31.920673,33.439392,1.5187187,19.627106,20.623629,0.9965229,39.307446,41.0338,1.7263527,39.301384,41.06488,1.7634964,78.03408,78.02726,0.0068206787,71.334145,71.12768,0.20646667,128.62799,140.04712,123.29263,135.8093,124.82964,132.84546,62.9453,69.55182,42.380707,47.511284,26.138353,29.192678,48.150463,52.151264,31.70974,35.169044,19.520384,21.726873,38.27828,43.789318,39.494164,42.635597,75.26903,80.78549,69.12531,73.13004
UueDSYaaKwwE0UEq27l9nzA6p5xEn76jwy0yla549PI,03e3fa514fd93f168e1ee1035d6e3643,173.05,1,127.15,130.23146,135.70892,5.477463,133.44576,130.25752,3.1882324,122.503654,132.43437,9.930717,66.07466,68.252686,2.1780243,49.76577,43.01917,6.746601,29.283945,26.851284,2.432661,49.71087,51.39839,1.6875229,31.920673,32.97966,1.0589867,19.627106,20.047867,0.4207611,39.307446,41.773865,2.4664192,39.301384,40.72163,1.4202461,78.03408,80.05651,2.0224304,71.334145,70.51705,0.8170929,129.99936,141.41849,123.99919,136.51585,128.42645,136.44229,64.94943,71.55594,40.45388,45.584457,25.324121,28.378447,49.39799,53.398792,31.250008,34.709312,18.944622,21.151112,39.018345,44.529385,39.150913,42.292347,77.29828,82.81474,68.51469,72.51942
UueDSYaaKwwE0UEq27l9nzA6p5xEn76jwy0yla549PI,a5d491e7c7af0d67df205583e293b0a1,173.05,1,127.15,130.23146,137.17024,6.9387817,133.44576,133.65945,0.21369934,122.503654,130.6458,8.142143,66.07466,65.90743,0.1672287,49.76577,43.26041,6.5053596,29.283945,27.123308,2.160637,49.71087,50.232616,0.5217476,31.920673,32.87149,0.9508171,19.627106,20.185932,0.55882645,39.307446,41.017883,1.7104378,39.301384,41.04879,1.747406,78.03408,78.096794,0.06271362,71.334145,71.29377,0.040374756,131.46066,142.87982,127.40112,139.91779,126.637886,134.65372,62.604176,69.21069,40.69512,45.8257,25.596146,28.65047,48.232216,52.233017,31.141838,34.601143,19.082687,21.289177,38.262363,43.773403,39.478073,42.619507,75.33856,80.85503,69.291405,73.296135
UueDSYaaKwwE0UEq27l9nzA6p5xEn76jwy0yla549PI,10d99ddf2ee990c276a08a60d67d7791,173.05,1,127.15,130.23146,136.74309,6.511627,133.44576,132.32484,1.1209106,122.503654,131.2944,8.790749,66.07466,67.14402,1.0693588,49.76577,44.383102,5.3826675,29.283945,27.507448,1.7764969,49.71087,50.298256,0.5873871,31.920673,33.650326,1.7296524,19.627106,20.65888,1.0317745,39.307446,41.861397,2.5539513,39.301384,41.204323,1.9029388,78.03408,78.23381,0.19972992,71.334145,71.23515,0.098991394,131.03351,142.45267,126.06651,138.58318,127.28649,135.3023,63.840763,70.44728,41.817814,46.94839,25.980286,29.03461,48.297855,52.298656,31.920673,35.37998,19.555635,21.762125,39.105877,44.616917,39.633606,42.77504,75.47558,80.99204,69.23279,73.23752
UueDSYaaKwwE0UEq27l9nzA6p5xEn76jwy0yla549PI,d61a8ab9a27e1eb0428beb25bca5e884,173.05,1,127.15,130.23146,137.48499,7.253525,133.44576,135.30807,1.86232,122.503654,132.57196,10.068306,66.07466,67.09072,1.0160599,49.76577,44.847027,4.918743,29.283945,27.768444,1.515501,49.71087,49.89047,0.17959976,31.920673,33.21764,1.2969666,19.627106,20.606003,0.9788971,39.307446,41.296402,1.9889565,39.301384,41.09974,1.7983551,78.03408,77.50428,0.5298004,71.334145,71.88486,0.5507126,131.77542,143.19455,129.04974,141.5664,128.56406,136.57986,63.787464,70.39398,42.28174,47.412315,26.241282,29.295607,47.890068,51.89087,31.487988,34.947292,19.502758,21.709248,38.540882,44.05192,39.529022,42.670456,74.74605,80.26251,69.88249,73.88722
UueDSYaaKwwE0UEq27l9nzA6p5xEn76jwy0yla549PI,9f39246cf13857aa0658252567d4c8cb,173.05,1,127.15,130.23146,137.48499,7.253525,133.44576,135.30807,1.86232,122.503654,132.57196,10.068306,66.07466,67.09072,1.0160599,49.76577,44.847027,4.918743,29.283945,27.768444,1.515501,49.71087,49.89047,0.17959976,31.920673,33.21764,1.2969666,19.627106,20.606003,0.9788971,39.307446,41.296402,1.9889565,39.301384,41.09974,1.7983551,78.03408,77.50428,0.5298004,71.334145,71.88486,0.5507126,131.77542,143.19455,129.04974,141.5664,128.56406,136.57986,63.787464,70.39398,42.28174,47.412315,26.241282,29.295607,47.890068,51.89087,31.487988,34.947292,19.502758,21.709248,38.540882,44.05192,39.529022,42.670456,74.74605,80.26251,69.88249,73.88722
UueDSYaaKwwE0UEq27l9nzA6p5xEn76jwy0yla549PI,2f435f2bcd967521c25e7deb12284f24,173.05,1,127.15,130.23146,134.29259,4.0611267,133.44576,130.7024,2.7433624,122.503654,127.61897,5.1153183,66.07466,64.75613,1.3185349,49.76577,44.661457,5.104313,29.283945,27.62508,1.658865,49.71087,50.31948,0.60861206,31.920673,33.044563,1.1238899,19.627106,20.608942,0.9818363,39.307446,40.055,0.7475548,39.301384,41.05147,1.7500877,78.03408,78.29643,0.262352,71.334145,71.34262,0.008476257,128.58301,140.00217,124.44406,136.96072,123.61106,131.62689,61.45287,68.05939,42.09617,47.226746,26.097918,29.152243,48.31908,52.31988,31.31491,34.774216,19.505697,21.712187,37.29948,42.81052,39.480755,42.62219,75.5382,81.054665,69.340256,73.344986
UueDSYaaKwwE0UEq27l9nzA6p5xEn76jwy0yla549PI,2c17705f732b9d3135461bc0c5b87bed,173.05,1,127.15,130.23146,135.91127,5.6798096,133.44576,130.67621,2.7695465,122.503654,130.4689,7.965248,66.07466,66.90949,0.83483124,49.76577,43.718147,6.0476227,29.283945,27.327324,1.9566212,49.71087,50.892147,1.1812782,31.920673,33.882896,1.962223,19.627106,20.729382,1.1022758,39.307446,41.99668,2.6892357,39.301384,41.424217,2.1228333,78.03408,78.9699,0.93582153,71.334145,71.29377,0.040374756,130.20169,141.62085,124.41788,136.93454,126.46099,134.4768,63.606236,70.21275,41.15286,46.283436,25.800161,28.854486,48.891747,52.892548,32.153244,35.61255,19.626137,21.832626,39.24116,44.7522,39.8535,42.994934,76.21167,81.728134,69.291405,73.296135
UueDSYaaKwwE0UEq27l9nzA6p5xEn76jwy0yla549PI,3cba17882af185c4f0db464276df6505,173.05,1,127.15,130.23146,134.69725,4.46579,133.44576,130.72855,2.7172089,122.503654,130.66545,8.161797,66.07466,66.37648,0.30181885,49.76577,43.201645,6.564125,29.283945,27.009352,2.2745934,49.71087,51.373238,1.6623688,31.920673,32.471252,0.5505791,19.627106,20.171244,0.54413795,39.307446,40.444927,1.1374817,39.301384,40.434696,1.1333122,78.03408,80.206894,2.1728134,71.334145,70.72711,0.6070328,128.98767,140.40683,124.470215,136.98688,126.65754,134.67337,63.073223,69.67973,40.636356,45.766933,25.48219,28.536514,49.372837,53.37364,30.7416,34.200905,19.067999,21.274488,37.689407,43.200447,38.86398,42.005413,77.44866,82.965126,68.72475,72.72948
JIDeRFzpDbcfojQQ6lmOZQMRkTWTOk7Pat0FtOpYyB4,c572358fffc1375374f270b0f014244e,178.1,0,124.1,135.68686,128.42485,7.2620087,117.192665,121.01996,3.8272934,130.32764,137.07289,6.7452545,75.68178,72.39952,3.282257,45.55042,43.82021,1.7302094,24.73301,26.990973,2.2579632,52.061577,53.01617,0.95459366,32.084255,31.235392,0.8488636,18.141756,19.334038,1.1922817,41.59943,40.54042,1.0590096,37.45889,38.073524,0.61463547,83.63441,84.84186,1.2074509,67.34608,69.70859,2.3625107,122.71528,134.13443,114.76163,127.27829,133.06497,141.08081,69.09627,75.702774,41.25492,46.385498,25.46381,28.518135,51.01577,55.01657,29.50574,32.965042,18.230793,20.437283,37.7849,43.29594,36.502808,39.64424,82.083626,87.60009,67.70622,71.71095
R6lI4XrZv80ND_JSygPq0gmxy-AJ3FqmuLPssZXEWrA,3ec6dbd417482da9e4e429e2d7bbbc0f,178.5,1,127.7,130.44778,133.21346,2.7656708,131.125,128.97525,2.1497498,127.89464,129.36824,1.4736023,63.566704,66.85619,3.2894897,43.3914,44.550117,1.1587181,27.258924,27.856667,0.5977421,51.484802,51.742702,0.25790024,34.051586,33.74227,0.30931473,20.665545,20.603065,0.06247902,41.554443,41.0338,0.52064514,41.178055,41.75674,0.57868576,79.3552,80.458755,1.1035538,73.77787,73.53599,0.24188232,127.50388,138.92303,122.71692,135.23358,125.36033,133.37616,63.552937,70.159454,41.98483,47.115406,26.329504,29.38383,49.742302,53.743103,32.01262,35.471924,19.49982,21.70631,38.27828,43.789318,40.186024,43.327457,77.70052,83.21699,71.53362,75.53835
BzT7pQ7_8gIZuqadGE7M2TJT_LmR--lXZRnZ6QKQl0k,182c7f24d0465ab6a995cb57229e6766,170.5,0,115.7,136.21945,131.01025,5.209198,120.63963,123.218124,2.5784912,127.31318,129.91858,2.6054,67.65677,67.19732,0.45944977,43.423904,42.87381,0.5500946,26.542322,26.138142,0.40418053,52.531925,50.05496,2.4769669,30.542543,30.775661,0.23311806,18.673302,18.978592,0.30529022,40.299854,39.6412,0.65865326,38.477917,38.003803,0.47411346,82.728355,79.76675,2.961609,64.98003,66.69698,1.7169571,125.30068,136.71982,116.95979,129.47646,125.91067,133.92648,63.894062,70.50058,40.30852,45.4391,24.61098,27.665304,48.054558,52.05536,29.04601,32.505314,17.875347,20.081837,36.88568,42.39672,36.433086,39.57452,77.008514,82.52498,64.69462,68.69935
BzT7pQ7_8gIZuqadGE7M2TJT_LmR--lXZRnZ6QKQl0k,58a6894a2597b77e82e341e13c58791b,170.5,0,115.7,136.21945,133.21346,3.0059967,120.63963,125.70416,5.0645294,127.31318,131.5106,4.197426,67.65677,67.53845,0.11831665,43.423904,41.992355,1.4315491,26.542322,25.988346,0.55397606,52.531925,50.407917,2.1240082,30.542543,31.154263,0.61171913,18.673302,19.146034,0.47273254,40.299854,40.43697,0.13711548,38.477917,38.42214,0.055778503,82.728355,80.1641,2.5642548,64.98003,67.084114,2.1040878,127.50388,138.92303,119.44583,131.9625,127.50269,135.51852,64.2352,70.841705,39.427067,44.557644,24.461184,27.515509,48.407516,52.408318,29.42461,32.883915,18.04279,20.249279,37.68145,43.19249,36.85142,39.992855,77.40587,82.92233,65.08175,69.08648
G0ilgccW_OJkq0lraQtSuT_anU-idRoxUedr96glmYI,d43da99a07c0bd6731bb2eec62ec14ba,170.8,0,112.0,126.13592,125.14252,0.9934006,118.67533,117.95821,0.7171173,135.08965,135.7167,0.62705994,72.90735,71.85585,1.0514984,43.265713,43.705776,0.44006348,26.242397,26.463467,0.22106934,48.283936,49.40427,1.1203346,28.033125,29.931921,1.8987961,17.097229,18.476269,1.3790398,36.37495,39.864017,3.489067,35.829903,36.42332,0.5934181,77.764,78.81158,1.0475769,67.785065,66.44418,1.3408813,119.432945,130.85208,111.69988,124.216545,131.7088,139.72461,68.5526,75.1591,41.140488,46.271065,24.936304,27.99063,47.40387,51.40467,28.202269,31.661573,17.373024,19.579514,37.108498,42.619537,34.852604,37.994038,76.053345,81.56981,64.44182,68.44655
G0ilgccW_OJkq0lraQtSuT_anU-idRoxUedr96glmYI,f402375c30201a15f5fabf1d38d6b7a8,170.8,0,112.0,126.13592,123.82733,2.3085861,118.67533,118.612434,0.06289673,135.08965,135.2843,0.19465637,72.90735,71.49339,1.4139557,43.265713,43.56969,0.30397797,26.242397,26.24107,0.0013275146,48.283936,49.278103,0.9941673,28.033125,29.130098,1.0969734,17.097229,17.946037,0.8488083,36.37495,38.511208,2.1362572,35.829903,36.339855,0.50995255,77.764,78.250465,0.48646545,67.785065,67.24532,0.5397415,118.11776,129.5369,112.3541,124.870766,131.2764,139.2922,68.19014,74.796646,41.004402,46.13498,24.713907,27.768232,47.277702,51.278503,27.400446,30.85975,16.842793,19.049282,35.755688,41.266727,34.76914,37.910572,75.49223,81.0087,65.24296,69.24769
qMSCpa4ImZX2Xq_Lxv5Dk_6kC9ky4gHUuXH-B2vJ0nw,4573a95064c5506ba00d842a1a06a42a,177.3,1,119.7,132.77196,130.85287,1.9190826,116.44525,127.45746,11.012207,118.06831,124.65111,6.582794,60.954643,63.48756,2.532917,43.938828,43.563507,0.37532043,26.591656,27.422901,0.8312454,50.766785,51.616924,0.8501396,32.206,32.78495,0.578949,19.865957,20.285809,0.4198513,37.897823,38.95684,1.0590172,42.54948,41.569023,0.9804573,78.05843,80.02717,1.9687347,75.27804,73.15984,2.1181946,125.1433,136.56244,121.19913,133.71579,120.643196,128.65903,60.184303,66.79082,40.99822,46.128796,25.895739,28.950064,49.616524,53.617325,31.055298,34.514603,19.182564,21.389053,36.20132,41.71236,39.998306,43.13974,77.268936,82.7854,71.15748,75.16221
qMSCpa4ImZX2Xq_Lxv5Dk_6kC9ky4gHUuXH-B2vJ0nw,f7b5950b601415240f4145dd6d0669e4,177.3,1,119.7,132.77196,130.15594,2.6160126,116.44525,125.7565,9.311249,118.06831,123.43251,5.364197,60.954643,62.847946,1.8933029,43.938828,43.76454,0.17428589,26.591656,27.549723,0.95806694,50.766785,51.05015,0.28336716,32.206,33.06079,0.85478973,19.865957,20.559002,0.69304466,37.897823,39.15578,1.2579575,42.54948,41.349133,1.2003479,78.05843,79.48982,1.4313889,75.27804,72.656685,2.6213531,124.44637,135.86551,119.49817,132.01483,119.4246,127.44042,59.54469,66.1512,41.199253,46.32983,26.02256,29.076885,49.04975,53.050552,31.331139,34.790443,19.455757,21.662247,36.40026,41.9113,39.778416,42.91985,76.73159,82.248055,70.65432,74.65905
qMSCpa4ImZX2Xq_Lxv5Dk_6kC9ky4gHUuXH-B2vJ0nw,3e692622001997822021f89ea6e21c7f,177.3,1,119.7,132.77196,131.88704,0.8849182,116.44525,127.954666,11.509415,118.06831,126.71485,8.646538,60.954643,64.13783,3.1831894,43.938828,42.091324,1.8475037,26.591656,26.87334,0.28168488,50.766785,51.93608,1.1692963,32.206,32.541565,0.33556366,19.865957,20.124243,0.25828552,37.897823,39.6412,1.7433777,42.54948,40.96834,1.5811386,78.05843,80.90012,2.84169,75.27804,72.11934,3.158699,126.17747,137.59662,121.696335,134.213,122.70694,130.72276,60.834576,67.441086,39.526035,44.656612,25.346178,28.400503,49.93568,53.93648,30.811913,34.271217,19.020998,21.227488,36.88568,42.39672,39.397625,42.53906,78.14189,83.658356,70.116974,74.121704
qMSCpa4ImZX2Xq_Lxv5Dk_6kC9ky4gHUuXH-B2vJ0nw,9d1df177f35e5da0754780d283ac113d,177.3,1,119.7,132.77196,128.6047,4.1672516,116.44525,122.485405,6.0401535,118.06831,124.23836,6.170044,60.954643,64.77745,3.8228073,43.938828,44.092377,0.1535492,26.591656,27.773958,1.1823025,50.766785,51.737984,0.97119904,32.206,33.872078,1.6660767,19.865957,20.761696,0.8957386,37.897823,40.29373,2.3959084,42.54948,41.75674,0.79273987,78.05843,80.25458,2.196144,75.27804,72.83743,2.4406052,122.895134,134.31427,116.22707,128.74374,120.230446,128.24628,61.474194,68.0807,41.52709,46.657665,26.246796,29.30112,49.737583,53.738384,32.142426,35.60173,19.658451,21.86494,37.53821,43.04925,40.186024,43.327457,77.496346,83.01281,70.83507,74.8398
BN5HI-Z_2P6YYrmnCnCxuMkNIK4gXS98XmLvD4GMLwM,687dd2de2df3ee8dc469f633e2d777ba,156.5,0,96.5,119.41284,122.590836,3.1779938,107.16597,109.21786,2.0518875,118.077705,120.53345,2.455742,65.13004,63.626144,1.5038986,44.778587,41.908848,2.8697395,24.714897,25.176872,0.4619751,43.815308,44.26224,0.44693375,33.66049,29.53439,4.1260986,19.883759,18.28092,1.6028385,43.092064,38.141174,4.9508896,35.770718,36.05996,0.2892418,67.122375,69.82804,2.7056656,62.184914,60.859398,1.3255157,116.88126,128.30042,102.959526,115.47619,116.525536,124.54136,60.322887,66.9294,39.34356,44.474136,23.64971,26.704035,42.26184,46.26264,27.804737,31.264042,17.177675,19.384165,35.385654,40.896694,34.489243,37.630676,67.06981,72.58627,58.857033,62.861763
KiK6AcGmaLEwt7mZeZwVpBhirsxCI-QYMA4jBbg-MeE,679c036263db0f8a4f7c89e3266cf8aa,174.55,1,110.95,122.78568,122.15244,0.63323975,107.78699,115.43293,7.6459427,121.23474,121.86014,0.6253967,64.918396,65.129234,0.21083832,44.162987,44.611973,0.44898605,26.16628,27.444956,1.2786751,49.181755,49.615864,0.43410873,32.934174,31.75732,1.1768532,18.596678,19.298786,0.7021084,44.00138,38.26054,5.740841,39.938988,39.99223,0.05324173,78.637505,76.984055,1.65345,69.939896,71.210724,1.2708282,116.44287,127.862015,109.1746,121.69126,117.85223,125.86805,61.825977,68.432495,42.046684,47.17726,25.917793,28.972118,47.615463,51.616264,30.027668,33.486973,18.195541,20.40203,35.50502,41.01606,38.421513,41.562946,74.22582,79.74229,69.20836,73.21309
KiK6AcGmaLEwt7mZeZwVpBhirsxCI-QYMA4jBbg-MeE,9ea191830aa4f4e1579cd273b9830c42,174.55,1,110.95,122.78568,123.197845,0.41216278,107.78699,114.64787,6.8608856,121.23474,119.825874,1.4088669,64.918396,63.663452,1.2549438,44.162987,42.323288,1.8396988,26.16628,26.571909,0.4056282,49.181755,50.940887,1.7591324,32.934174,32.33604,0.5981331,18.596678,19.480915,0.8842373,44.00138,38.757896,5.2434845,39.938988,40.550007,0.61101913,78.637505,78.95829,0.32078552,69.939896,70.60498,0.66508484,117.48827,128.90741,108.38954,120.906204,115.81796,123.833786,60.360195,66.966705,39.758,44.888577,25.044746,28.099072,48.940487,52.941288,30.606388,34.065693,18.37767,20.58416,36.002377,41.513416,38.97929,42.120724,76.20006,81.71652,68.602615,72.607346
KiK6AcGmaLEwt7mZeZwVpBhirsxCI-QYMA4jBbg-MeE,83e334057a984af14ac524bbc4febc5b,174.55,1,110.95,122.78568,123.366455,0.5807724,107.78699,113.20859,5.4216003,121.23474,118.253494,2.981247,64.918396,63.322327,1.5960693,44.162987,43.33773,0.82525635,26.16628,27.02957,0.8632889,49.181755,50.101337,0.91958237,32.934174,32.968845,0.034671783,18.596678,19.806986,1.2103081,44.00138,39.386555,4.614826,39.938988,40.6975,0.7585106,78.637505,78.03093,0.606575,69.939896,70.26303,0.32313538,117.65688,129.07602,106.95026,119.46692,114.24558,122.261406,60.01907,66.62558,40.77244,45.90302,25.502407,28.556732,48.100937,52.101738,31.239193,34.698498,18.703741,20.91023,36.631035,42.142075,39.12678,42.268215,75.2727,80.78916,68.260666,72.265396
KiK6AcGmaLEwt7mZeZwVpBhirsxCI-QYMA4jBbg-MeE,4db116a2a022988940f0fe3ba4d16114,174.55,1,110.95,122.78568,123.029236,0.24355316,107.78699,113.143166,5.3561783,121.23474,118.54832,2.6864243,64.918396,63.674114,1.2442818,44.162987,43.950108,0.21287918,26.16628,27.283213,1.1169319,49.181755,49.814415,0.6326599,32.934174,33.071606,0.1374321,18.596678,19.918613,1.3219357,44.00138,39.47409,4.5272903,39.938988,40.678726,0.73973846,78.637505,77.570305,1.0671997,69.939896,70.37539,0.43549347,117.319664,128.7388,106.884834,119.4015,114.540405,122.55623,60.370857,66.97737,41.38482,46.515396,25.75605,28.810375,47.814014,51.814816,31.341953,34.801258,18.815369,21.021858,36.71857,42.22961,39.10801,42.249443,74.81207,80.32854,68.373024,72.377754
KiK6AcGmaLEwt7mZeZwVpBhirsxCI-QYMA4jBbg-MeE,0ebb45d02c1f369120fb84115bb727a6,174.55,1,110.95,122.78568,122.84938,0.063697815,107.78699,111.8609,4.0739136,121.23474,118.24367,2.9910736,64.918396,63.60482,1.3135757,44.162987,43.520206,0.6427803,26.16628,27.117794,0.9515133,49.181755,49.926235,0.74448013,32.934174,33.21223,0.2780571,18.596678,19.986177,1.3894997,44.00138,39.72078,4.2806015,39.938988,40.58755,0.6485634,78.637505,77.93037,0.70713806,69.939896,69.9333,0.0065994263,117.13981,128.55896,105.60257,118.11923,114.235756,122.25158,60.301563,66.90808,40.954918,46.085495,25.590631,28.644957,47.925835,51.926636,31.482578,34.941883,18.882933,21.089422,36.96526,42.4763,39.016834,42.158268,75.172134,80.6886,67.93093,71.93566
KiK6AcGmaLEwt7mZeZwVpBhirsxCI-QYMA4jBbg-MeE,5db57819c614d471baa4626a8eea1d72,174.55,1,110.95,122.78568,123.81609,1.0304108,107.78699,116.03481,8.247826,121.23474,122.58736,1.3526154,64.918396,65.16122,0.24282074,44.162987,42.870716,1.2922707,26.16628,26.704245,0.53796387,49.181755,51.35594,2.1741867,32.934174,32.0602,0.87397385,18.596678,19.395727,0.7990494,44.00138,38.901134,5.1002464,39.938988,40.155807,0.21681976,78.637505,79.94158,1.3040771,69.939896,70.58544,0.64554596,118.10652,129.52567,109.77648,122.293144,118.579445,126.59527,61.85796,68.46448,40.305428,45.436005,25.177082,28.231407,49.35554,53.356342,30.330547,33.789852,18.292482,20.498972,36.145615,41.656654,38.58509,41.726524,77.18335,82.699814,68.58308,72.58781
4SDP5mkpDsFjc0zFTzxpH2XBbhJ4giz1XYhc-weoWaM,27c9d8083a17c55e3a4bf218bff106a6,189.5,1,122.1,122.10173,124.1758,2.0740662,115.29982,117.932045,2.632225,120.17953,122.22375,2.04422,64.33489,63.96727,0.36762238,45.865715,44.395473,1.4702415,27.460623,28.125015,0.6643925,54.00905,54.157578,0.14852905,35.184513,32.319813,2.8647003,19.679134,20.021427,0.3422928,43.26756,37.53241,5.7351494,41.036983,41.06488,0.027896881,86.35944,85.40916,0.95028687,75.1405,74.928215,0.2122879,118.466225,129.88538,111.67371,124.19038,118.215836,126.23166,60.664013,67.27052,41.830185,46.960762,26.597853,29.652178,52.157177,56.157978,30.59016,34.049465,18.918182,21.124672,34.77689,40.28793,39.494164,42.635597,82.650925,88.16739,72.92585,76.93058
4SDP5mkpDsFjc0zFTzxpH2XBbhJ4giz1XYhc-weoWaM,1754597df567b460fe66be4b255e8d54,189.5,1,122.1,122.10173,122.95055,0.8488159,115.29982,114.92264,0.377182,120.17953,121.68324,1.5037155,64.33489,64.766785,0.4318924,45.865715,44.30269,1.5630264,27.460623,28.12869,0.66806793,54.00905,54.270775,0.26172638,35.184513,32.887714,2.2967987,19.679134,20.112492,0.43335724,43.26756,38.352055,4.9155045,41.036983,41.239185,0.20220184,86.35944,85.55098,0.80846405,75.1405,74.630226,0.5102768,117.240974,128.66013,108.66431,121.18097,117.67533,125.691154,61.463528,68.07004,41.7374,46.867977,26.601528,29.655853,52.270374,56.271175,31.158062,34.617367,19.009247,21.215736,35.596535,41.107574,39.66847,42.809902,82.79275,88.30921,72.62786,76.63259
jBEj27AHI5lyQmg5G-Ecna-VHLx6BnjoQJihBJIcpes,03f92cd461c39b84bc7eceb26989fada,162.3,1,100.3,124.43502,125.14252,0.70749664,125.06216,116.44043,8.621727,122.73294,117.477135,5.255806,61.322872,60.593307,0.72956467,40.929768,39.36191,1.5678558,24.694061,24.972855,0.27879333,47.589138,48.203712,0.61457443,29.655415,31.002823,1.3474083,17.902304,18.831715,0.92941093,36.468246,37.986,1.5177536,39.530792,39.313778,0.21701431,71.522484,74.28084,2.7583542,68.718094,65.90988,2.8082123,119.432945,130.85208,110.1821,122.69876,113.46922,121.48505,57.29005,63.896564,36.796623,41.9272,23.445692,26.500017,46.203312,50.204113,29.27317,32.732475,17.72847,19.93496,35.23048,40.74152,37.74306,40.884495,71.522606,77.03907,63.907516,67.91225
59bc2758681516389ccf4064,ebccfc2c31c3c70434ca396018bfb7de,182.2,0,109.5,118.88298,117.217705,1.6652756,109.017075,109.16552,0.14844513,124.65128,124.80834,0.15705872,70.171585,66.04602,4.1255646,44.01591,42.422256,1.5936546,25.004953,26.28702,1.2820663,51.972393,53.141945,1.1695518,29.3311,29.104408,0.2266922,17.435911,18.192793,0.7568817,36.728565,35.698162,1.0304031,36.192966,36.964005,0.77103806,83.72429,85.68302,1.9587326,69.42646,69.59867,0.1722107,111.50813,122.92728,102.90719,115.42385,120.80043,128.81625,62.742764,69.34927,39.856968,44.987545,24.759857,27.814182,51.141544,55.142345,27.374756,30.83406,17.089548,19.296038,32.942642,38.453682,35.393288,38.53472,82.92479,88.44125,67.596306,71.601036
59bc2758681516389ccf4064,50ec5fb463119a4a48c85bfd69734bfe,182.2,0,109.5,118.88298,116.46456,2.418419,109.017075,109.11318,0.09610748,124.65128,125.24075,0.5894699,70.171585,66.47243,3.6991577,44.01591,42.802673,1.2132378,25.004953,26.432222,1.427269,51.972393,52.97215,0.99975586,29.3311,28.902937,0.42816353,17.435911,18.0819,0.64598846,36.728565,35.46341,1.2651558,36.192966,36.87953,0.6865654,83.72429,85.277115,1.5528259,69.42646,69.73301,0.30654907,110.75499,122.17413,102.85485,115.37151,121.23284,129.24866,63.16917,69.77568,40.237385,45.36796,24.90506,27.959385,50.97175,54.97255,27.173285,30.63259,16.978655,19.185144,32.70789,38.21893,35.308815,38.45025,82.51888,88.03535,67.730644,71.735374
59bc2758681516389ccf4064,1fec089d2e492b8578d5e12e44bf34c9,182.2,0,109.5,118.88298,118.02705,0.85593414,109.017075,109.67581,0.6587372,124.65128,124.59214,0.059143066,70.171585,65.69423,4.477356,44.01591,42.125343,1.8905678,25.004953,26.213501,1.2085476,51.972393,53.283443,1.3110504,29.3311,29.255848,0.07525253,17.435911,18.34114,0.90522957,36.728565,35.87721,0.8513565,36.192966,37.050484,0.85751724,83.72429,85.98624,2.2619476,69.42646,69.44968,0.023216248,112.317474,123.73662,103.41748,115.93414,120.58423,128.60005,62.390972,68.99748,39.560055,44.69063,24.686338,27.740664,51.283043,55.283844,27.526196,30.9855,17.237896,19.444386,33.12169,38.63273,35.479767,38.6212,83.228004,88.74447,67.44731,71.45204
59bc2758681516389ccf4064,c23f8c1cd54bb84449094a9709b1fa14,182.2,0,109.5,118.88298,116.92544,1.9575424,109.017075,108.65523,0.36184692,124.65128,123.196655,1.454628,70.171585,65.2998,4.871788,44.01591,42.38205,1.6338615,25.004953,26.228205,1.2232513,51.972393,53.1388,1.1664085,29.3311,29.092237,0.23886299,17.435911,18.155338,0.7194271,36.728565,35.439537,1.2890282,36.192966,37.042442,0.84947586,83.72429,85.6439,1.9196091,69.42646,69.23718,0.18927765,111.215866,122.63501,102.3969,114.91356,119.18874,127.20457,61.99654,68.60306,39.81676,44.94734,24.701042,27.755367,51.1384,55.139202,27.362585,30.82189,17.052094,19.258583,32.684017,38.195057,35.471725,38.61316,82.885666,88.40213,67.23482,71.23955
59bc2758681516389ccf4064,79a7cc2fca24183dc5e33ccddb31eb9a,182.2,0,109.5,118.88298,118.08325,0.7997284,109.017075,108.825325,0.19174957,124.65128,125.12282,0.47153473,70.171585,66.36582,3.8057632,44.01591,41.2408,2.7751122,25.004953,25.90196,0.897007,51.972393,53.53185,1.5594559,29.3311,29.445148,0.114048004,17.435911,18.21923,0.7833195,36.728565,36.585445,0.14311981,36.192966,37.18591,0.9929428,83.72429,86.32857,2.6042786,69.42646,69.337326,0.08913422,112.37368,123.79282,102.56699,115.08366,121.11491,129.13074,63.062565,69.66908,38.67551,43.806087,24.374798,27.429123,51.53145,55.53225,27.715496,31.1748,17.115986,19.322475,33.829926,39.340965,35.615192,38.756626,83.570335,89.0868,67.33496,71.33969
59bc2758681516389ccf4064,715384b719723a5ce8b3adb7678c1b23,182.2,0,109.5,118.88298,118.62281,0.26016998,109.017075,112.881485,3.8644104,124.65128,125.12282,0.47153473,70.171585,65.075935,5.0956497,44.01591,42.552155,1.4637566,25.004953,26.421194,1.4162407,51.972393,53.107357,1.134964,29.3311,28.794765,0.536335,17.435911,18.27064,0.83472824,36.728565,35.0138,1.7147636,36.192966,37.097412,0.90444565,83.72429,85.3358,1.6115112,69.42646,70.297226,0.8707657,112.91324,124.33238,106.62315,119.13982,121.11491,129.13074,61.77268,68.379196,39.986866,45.117443,24.894032,27.948357,51.106956,55.107758,27.065113,30.524418,17.167395,19.373884,32.25828,37.76932,35.526695,38.66813,82.57757,88.09403,68.29486,72.29959
59bc2758681516389ccf4064,0a603b774953fdc4ff904046fbe08789,182.2,0,109.5,118.88298,117.75726,1.1257172,109.017075,112.083336,3.0662613,124.65128,124.769035,0.117752075,70.171585,65.31046,4.861122,44.01591,43.3068,0.70911026,25.004953,26.83658,1.8316269,51.972393,52.981583,1.0091896,29.3311,29.071957,0.25914383,17.435911,18.457174,1.0212631,36.728565,35.04961,1.6789551,36.192966,37.397755,1.2047882,83.72429,84.83697,1.1126785,69.42646,70.91274,1.4862823,112.04769,123.466835,105.825005,118.34167,120.76112,128.77695,62.007206,68.61372,40.741512,45.87209,25.309418,28.363743,50.981182,54.981983,27.342304,30.801609,17.35393,19.56042,32.29409,37.80513,35.827038,38.96847,82.078735,87.5952,68.91038,72.91511
59bc2758681516389ccf4064,5821f44b2bd8f7f869d592477b094e76,182.2,0,109.5,118.88298,117.44252,1.4404602,109.017075,108.83841,0.17866516,124.65128,123.5701,1.0811844,70.171585,65.52367,4.6479187,44.01591,42.267616,1.7482948,25.004953,26.27783,1.2728767,51.972393,53.17968,1.2072868,29.3311,29.520868,0.18976784,17.435911,18.404297,0.9683857,36.728565,35.956787,0.7717781,36.192966,37.341442,1.1484756,83.72429,85.59499,1.8707047,69.42646,69.59379,0.16732788,111.73295,123.15209,102.58008,115.09674,119.56219,127.57801,62.22041,68.82692,39.702328,44.832905,24.750668,27.804993,51.17928,55.18008,27.791216,31.25052,17.301052,19.507542,33.201267,38.712307,35.770725,38.91216,82.83676,88.353226,67.59142,71.59615
59bc2758681516389ccf4064,deff74af563f1ebe75adc589bd4d46f7,182.2,0,109.5,118.88298,119.005005,0.122024536,109.017075,113.614204,4.59713,124.65128,124.14008,0.51119995,70.171585,64.420334,5.751251,44.01591,42.570713,1.445198,25.004953,26.358702,1.3537483,51.972393,52.962715,0.9903221,29.3311,28.786654,0.54444695,17.435911,18.217762,0.7818508,36.728565,34.715385,2.0131798,36.192966,37.37496,1.1819954,83.72429,84.83697,1.1126785,69.42646,70.45355,1.027092,113.29543,124.71458,107.35587,119.872536,120.13217,128.148,61.117077,67.72359,40.005424,45.136,24.83154,27.885864,50.962315,54.963116,27.057001,30.516306,17.114517,19.321007,31.959866,37.470905,35.804245,38.94568,82.078735,87.5952,68.45119,72.45592
59bc2758681516389ccf4064,98a53d6c3a172449f0439cd50d44f551,182.2,0,109.5,118.88298,119.01624,0.13326263,109.017075,113.614204,4.59713,124.65128,124.14008,0.51119995,70.171585,64.420334,5.751251,44.01591,42.570713,1.445198,25.004953,26.358702,1.3537483,51.972393,52.962715,0.9903221,29.3311,28.788006,0.54309464,17.435911,18.21923,0.7833195,36.728565,34.719364,2.009201,36.192966,37.37496,1.1819954,83.72429,84.83697,1.1126785,69.42646,70.44866,1.0222015,113.30667,124.725815,107.35587,119.872536,120.13217,128.148,61.117077,67.72359,40.005424,45.136,24.83154,27.885864,50.962315,54.963116,27.058353,30.517658,17.115986,19.322475,31.963844,37.474884,35.804245,38.94568,82.078735,87.5952,68.4463,72.45103
59bc2758681516389ccf4064,5dd6f2deae69a21632b62c7f734a3ef6,182.2,0,109.5,118.88298,119.5558,0.67282104,109.017075,112.318855,3.3017807,124.65128,122.54805,2.1032333,70.171585,63.711426,6.4601593,44.01591,42.3171,1.6988106,25.004953,26.393623,1.38867,51.972393,53.252,1.2796059,29.3311,29.4776,0.14649963,17.435911,18.611397,1.1754856,36.728565,35.439537,1.2890282,36.192966,37.63776,1.4447937,83.72429,85.63901,1.9147186,69.42646,70.0139,0.5874405,113.84623,125.26537,106.060524,118.57719,118.54014,126.55596,60.40817,67.01468,39.751812,44.88239,24.86646,27.920786,51.2516,55.2524,27.747948,31.207253,17.508152,19.714642,32.684017,38.195057,36.067043,39.208477,82.880775,88.39724,68.011536,72.016266
JQmPkyFc0qT8MKjYXgb_CIdyM9RqtEbhHzmhbv1npY8,58cf0439fc91351380a1dd69441acb1c,181.0,1,113.4,120.69695,125.14252,4.4455643,122.790504,120.208725,2.5817795,116.37186,120.877396,4.505539,59.077385,62.266964,3.189579,40.71419,42.75628,2.0420876,26.348356,27.016705,0.6683483,55.20245,52.36214,2.8403091,30.868044,31.497707,0.62966347,19.808092,19.444197,0.36389542,33.901035,37.158398,3.2573624,40.801308,40.410564,0.39074326,82.117966,82.19366,0.07569122,73.96977,72.44174,1.5280304,119.432945,130.85208,113.95039,126.46706,116.869484,124.88531,58.963707,65.57022,40.19099,45.321568,25.489542,28.543867,50.36174,54.36254,29.768055,33.22736,18.340952,20.547441,34.402878,39.913918,38.839848,41.98128,79.435425,84.95189,70.43938,74.44411
JQmPkyFc0qT8MKjYXgb_CIdyM9RqtEbhHzmhbv1npY8,2afc77db1beb0145fc628ecb091264e4,181.0,1,113.4,120.69695,125.86193,5.164978,122.790504,121.67417,1.116333,116.37186,120.317245,3.9453888,59.077385,61.33419,2.2568054,40.71419,42.431534,1.7173424,26.348356,26.972591,0.62423515,55.20245,52.34642,2.8560295,30.868044,31.465256,0.59721184,19.808092,19.477978,0.33011436,33.901035,36.911713,3.0106773,40.801308,40.72431,0.07699585,82.117966,81.84888,0.26908875,73.96977,72.813,1.1567688,120.15236,131.5715,115.41584,127.9325,116.30933,124.32516,58.030933,64.63745,39.866245,44.996822,25.445429,28.499754,50.34602,54.34682,29.735603,33.19491,18.374733,20.581223,34.156193,39.667233,39.153595,42.29503,79.090645,84.60711,70.81064,74.81537
0wqJ7taytlPRIH9JbcedVeXCM-qNjXS0lJNhCa6uAG8,28e316baf53ef240ffa3d0fd8c092b3e,181.75,1,113.8,122.55809,123.9285,1.3704071,114.96934,119.8947,4.9253616,116.69393,120.759476,4.065544,63.713768,61.963146,1.7506218,45.141285,42.929478,2.2118073,27.699705,27.03876,0.6609459,52.027164,52.67815,0.6509857,32.83236,30.721575,2.1107845,19.382187,19.112251,0.2699356,38.40901,35.960766,2.448246,40.268833,40.18799,0.08084488,80.00448,82.55311,2.5486298,73.177734,73.14519,0.032546997,118.218925,129.63806,113.63637,126.15303,116.751564,124.76739,58.65989,65.2664,40.36419,45.494766,25.511597,28.565922,50.67775,54.67855,28.991922,32.451225,18.009007,20.215496,33.205246,38.716286,38.61727,41.758705,79.794876,85.31134,71.14282,75.14755
0wqJ7taytlPRIH9JbcedVeXCM-qNjXS0lJNhCa6uAG8,e316a7522c18a1852d2cc64e125ccc73,181.75,1,113.8,122.55809,124.220764,1.662674,114.96934,119.973206,5.003868,116.69393,120.32707,3.6331406,63.713768,61.941826,1.7719421,45.141285,43.727425,1.4138603,27.699705,27.354895,0.3448105,52.027164,51.78515,0.24201584,32.83236,31.08395,1.7484093,19.382187,19.34285,0.03933716,38.40901,36.29897,2.1100426,40.268833,40.324753,0.055919647,80.00448,81.127525,1.1230469,73.177734,73.13053,0.047203064,118.51119,129.93033,113.714874,126.23154,116.31916,124.334984,58.63857,65.24509,41.162136,46.292713,25.827732,28.882057,49.784748,53.78555,29.354298,32.813602,18.239605,20.446095,33.54345,39.05449,38.754036,41.89547,78.36929,83.88576,71.12817,75.1329
0wqJ7taytlPRIH9JbcedVeXCM-qNjXS0lJNhCa6uAG8,2405c5ddc353d82b43952f0838e2bc85,181.75,1,113.8,122.55809,122.84938,0.29129028,114.96934,117.225494,2.256157,116.69393,120.1207,3.4267654,63.713768,62.890587,0.82318115,45.141285,44.35836,0.78292465,27.699705,27.52583,0.17387581,52.027164,51.558754,0.4684105,32.83236,31.35438,1.4779797,19.382187,19.3546,0.027585983,38.40901,36.78837,1.6206436,40.268833,40.07536,0.19347382,80.00448,81.05173,1.0472488,73.177734,72.544334,0.63339996,117.13981,128.55896,110.96716,123.483826,116.112785,124.12861,59.58733,66.19385,41.79307,46.92365,25.998667,29.052992,49.558353,53.559155,29.624727,33.08403,18.251356,20.457846,34.03285,39.543888,38.504642,41.646076,78.293495,83.80996,70.54197,74.5467
0wqJ7taytlPRIH9JbcedVeXCM-qNjXS0lJNhCa6uAG8,06f1ea8825f3af6867cd32df8a3571e3,181.75,1,113.8,122.55809,122.916824,0.35873413,114.96934,117.722694,2.753357,116.69393,120.18948,3.495552,63.713768,62.847946,0.86582184,45.141285,44.5563,0.5849838,27.699705,27.654488,0.045217514,52.027164,51.704967,0.32219696,32.83236,31.332747,1.4996128,19.382187,19.385445,0.0032577515,38.40901,36.621254,1.7877579,40.268833,40.2443,0.024532318,80.00448,81.15198,1.1474991,73.177734,72.96444,0.21329498,117.20725,128.6264,111.46436,123.981026,116.18157,124.197395,59.54469,66.1512,41.991013,47.12159,26.127325,29.18165,49.704567,53.705368,29.603094,33.0624,18.2822,20.48869,33.865734,39.376774,38.673584,41.815018,78.393745,83.91021,70.962074,74.966805
