subject_id,n_captures,true_chest,true_waist,true_hip,true_thigh,true_calf,true_ankle,true_arm-length,true_forearm,true_wrist,true_bicep,true_shoulder-breadth,true_leg-length,true_shoulder-to-crotch,pred_chest,pred_waist,pred_hip,pred_thigh,pred_calf,pred_ankle,pred_arm-length,pred_forearm,pred_wrist,pred_bicep,pred_shoulder-breadth,pred_leg-length,pred_shoulder-to-crotch,abs_error_chest,abs_error_waist,abs_error_hip,abs_error_thigh,abs_error_calf,abs_error_ankle,abs_error_arm-length,abs_error_forearm,abs_error_wrist,abs_error_bicep,abs_error_shoulder-breadth,abs_error_leg-length,abs_error_shoulder-to-crotch,lower_chest,upper_chest,lower_waist,upper_waist,lower_hip,upper_hip,lower_thigh,upper_thigh,lower_calf,upper_calf,lower_ankle,upper_ankle,lower_arm-length,upper_arm-length,lower_forearm,upper_forearm,lower_wrist,upper_wrist,lower_bicep,upper_bicep,lower_shoulder-breadth,upper_shoulder-breadth,lower_leg-length,upper_leg-length,lower_shoulder-to-crotch,upper_shoulder-to-crotch
E8tDQ5IgdBwbjLIXu7GwcupEHYbi0eB18YNcsgsSbP8,8,114.319115,110.02166,123.125084,67.98038,42.416393,25.233662,53.050766,29.861279,17.28145,39.3896,36.19196,84.51344,65.48489,116.55871,107.55124,121.869965,64.610214,41.33745,25.353434,51.389744,28.486477,17.589397,35.400246,36.248722,82.72122,66.402504,2.2395935,2.4704208,1.2551193,3.370163,1.0789452,0.11977196,1.6610222,1.3748016,0.30794716,3.9893532,0.056762695,1.7922211,0.91761017,110.84914,122.26828,101.29291,113.80957,117.86205,125.87788,61.306957,67.91347,38.77216,43.902737,23.826271,26.880596,49.389343,53.390144,26.756824,30.21613,16.486153,18.692642,32.644726,38.155766,34.678005,37.81944,79.96299,85.479454,64.40014,68.40487
fkq68ww6bdyKT16FavI1x_G-u7YZ9SoT1GNMUTSJUek,2,109.65218,96.10684,122.02288,71.169304,39.964336,23.286049,46.116558,29.167526,17.549261,39.6502,35.913807,76.09846,60.1927,115.07632,104.33412,124.277664,66.94681,41.257812,24.734375,46.42478,27.80736,17.05513,36.688896,34.63367,73.780785,61.83396,5.4241333,8.22728,2.2547836,4.222496,1.2934761,1.4483261,0.30822372,1.3601665,0.4941311,2.9613037,1.2801361,2.3176727,1.641262,109.366745,120.78589,98.07579,110.59245,120.26975,128.28558,63.64355,70.25006,38.692524,43.8231,23.207212,26.261538,44.42438,48.425182,26.077707,29.537012,15.951885,18.158375,33.933376,39.444416,33.062954,36.204388,71.02255,76.53902,59.831596,63.836327
nV9DFb-Q2_nOAvjVsdQfU8k4fFb7czvAhHHP-qkAxFY,2,122.040245,110.920006,117.5633,64.54122,45.22301,27.674414,52.324284,31.024563,18.449713,36.96816,40.058727,81.28307,71.849785,120.2696,113.260925,118.83823,62.847946,42.819683,26.901829,52.292183,31.28542,19.096096,36.81025,40.11022,81.6557,72.109566,1.7706451,2.3409195,1.2749252,1.6932755,2.403328,0.7725849,0.032100677,0.26085663,0.6463833,0.1579094,0.0514946,0.37262726,0.25978088,114.56003,125.97917,107.002594,119.51926,114.830315,122.84614,59.54469,66.1512,40.254395,45.38497,25.374666,28.428991,50.291782,54.292583,29.555767,33.01507,17.992851,20.19934,34.05473,39.56577,38.539505,41.68094,78.89747,84.41393,70.1072,74.11193
SDeiJFKVmRceC3qDqcpQTyDnNDOrSB2SriupQya166k,2,121.01269,111.99921,123.88969,64.86902,41.40548,24.384863,45.056553,27.131647,17.70024,35.362404,35.497135,71.45198,60.19866,120.41011,109.479546,120.30742,62.75733,40.376358,24.55362,45.725945,28.569633,17.710114,36.651096,35.697205,72.630295,62.105076,0.6025772,2.519661,3.5822678,2.1116867,1.0291214,0.16875648,0.66939163,1.4379864,0.009874344,1.2886925,0.20006943,1.1783142,1.906414,114.70054,126.11968,103.221214,115.73788,116.29951,124.31533,59.454075,66.06059,37.81107,42.941647,23.026457,26.080782,43.725544,47.726345,26.839981,30.299286,16.606869,18.813358,33.895576,39.406616,34.126488,37.26792,69.87206,75.38853,60.10271,64.10744
HYLKMpRR-ZZA0GvRtRs5stQ0mPS1AmH92glIqg1DLpo,1,124.32279,109.44416,117.40195,63.0382,39.476437,23.004866,44.599438,27.379797,17.28764,35.99024,35.537624,71.28448,61.780914,116.1161,104.63833,120.74965,64.308395,40.996468,24.83087,45.916183,28.48242,17.805035,36.67298,35.150555,72.57161,61.448044,8.206696,4.805832,3.347702,1.270195,1.520031,1.826004,1.3167458,1.102623,0.517395,0.6827431,0.3870697,1.2871323,0.33287048,110.406525,121.82567,98.38,110.89666,116.74174,124.75756,61.00514,67.61165,38.43118,43.561756,23.303707,26.358032,43.915783,47.916584,26.752768,30.212072,16.70179,18.90828,33.91746,39.4285,33.579838,36.72127,69.81338,75.32984,59.44568,63.45041
59bc2770681516389ccf4907,7,121.41436,121.445724,119.46222,64.99778,42.165157,26.709352,54.411743,28.95426,19.352383,34.129513,38.734177,85.55694,74.52387,121.534195,117.85354,120.66821,61.65552,41.866875,26.756496,53.99362,30.046274,18.903475,35.01664,39.75318,84.81531,73.28685,0.1198349,3.592186,1.2059937,3.3422585,0.29828262,0.047143936,0.41812134,1.0920143,0.44890785,0.8871269,1.0190048,0.74163055,1.2370224,115.82462,127.24377,111.59521,124.11187,116.6603,124.676125,58.352264,64.95878,39.301586,44.432163,25.229334,28.283659,51.99322,55.994022,28.316622,31.775927,17.80023,20.00672,32.26112,37.77216,38.182465,41.3239,82.057076,87.57354,71.284485,75.289215
RmX_Gxh2RmFdRfFMJEwqaRRoqhcuFpqhG-ZjiKprUmM,2,118.68711,114.14238,114.92448,60.342422,41.933434,27.026812,48.640778,29.276325,18.319006,33.60262,39.583427,75.55713,71.07929,121.3712,115.00769,115.67873,59.69651,41.461937,25.99294,49.148693,30.34568,18.626083,35.86328,39.445175,76.35135,69.58157,2.6840897,0.86531067,0.7542496,0.6459122,0.47149658,1.0338707,0.5079155,1.069355,0.3070774,2.260662,0.13825226,0.79422,1.4977188,115.66163,127.08077,108.74936,121.26602,111.670815,119.68664,56.393253,62.999767,38.89665,44.027225,24.465778,27.520103,47.148293,51.149094,28.616028,32.075333,17.522839,19.729328,33.10776,38.6188,37.87446,41.015892,73.59312,79.10958,67.57921,71.58394
P1aEQqvvzL2pKMO4Pq17rpAPVgluY9Op1dqv_caiRJM,2,122.815125,108.40144,109.71744,60.60732,43.2759,25.512667,50.488796,28.654713,18.018183,34.072277,40.739315,75.01778,71.09838,121.74216,116.309586,116.24872,59.812443,41.755753,26.046242,49.734802,30.088772,18.548237,35.42959,39.433113,77.3591,69.908875,1.0729675,7.908142,6.5312805,0.7948761,1.5201492,0.53357506,0.753994,1.4340591,0.5300541,1.3573112,1.3062019,2.3413239,1.1895065,116.032585,127.45173,110.051254,122.56792,112.24081,120.25663,56.509186,63.1157,39.190464,44.32104,24.51908,27.573404,47.7344,51.735203,28.35912,31.818424,17.444992,19.651482,32.67407,38.18511,37.862396,41.00383,74.60087,80.11733,67.90651,71.91124
uOvuHjwJCj0pqWmNVTjcbprS1h6pPRfNxdFvEVCkxfE,2,131.93246,128.87277,118.1751,59.664654,43.252693,26.715261,55.342686,30.042955,20.198866,32.708004,41.055183,84.77448,76.288216,122.02879,118.69094,118.67116,59.595238,41.935135,27.086548,54.45472,29.884598,19.04689,34.10662,40.05793,85.81017,74.29805,9.903671,10.181831,0.4960556,0.069416046,1.3175583,0.3712864,0.88796616,0.15835762,1.1519756,1.3986168,0.9972534,1.0356903,1.9901657,116.31922,127.738365,112.43261,124.94927,114.663246,122.67907,56.29198,62.898495,39.369846,44.500423,25.559385,28.61371,52.45432,56.45512,28.154945,31.61425,17.943645,20.150135,31.3511,36.86214,38.487213,41.628647,83.05194,88.568405,72.295685,76.300415
KkcKYV7B1vYaAU3rhnwuJURVMpt_DsVVfOjKhQWyIUY,1,116.850136,108.21609,119.597664,66.15388,39.18963,23.562922,48.94536,26.579412,15.707434,35.366055,34.64256,76.11406,63.05346,119.39843,110.513214,120.818436,62.12838,38.34128,23.719341,47.631435,27.064018,16.96544,34.91831,34.983624,75.87514,61.82663,2.548294,2.2971268,1.2207718,4.0254974,0.8483467,0.15641975,1.3139229,0.4846058,1.258007,0.44774628,0.34106445,0.23892212,1.2268295,113.68886,125.108,104.25488,116.771545,116.810524,124.82635,58.825123,65.43164,35.775993,40.90657,22.192179,25.246504,45.631035,49.631836,25.334366,28.79367,15.862196,18.068686,32.16279,37.67383,33.412907,36.55434,73.116905,78.63337,59.824265,63.828995
W81GbQDdBYQMT5l7mDPGD9UkM1szFi6brOnMm0QZT18,13,112.60908,100.322784,115.81205,67.681755,42.20867,24.61205,45.741974,27.702436,15.94878,35.07473,35.52964,73.21024,62.617817,114.79919,104.27398,119.05405,63.865585,40.91284,24.448078,46.241867,27.662188,16.800688,35.43005,35.220726,73.203804,62.141056,2.1901093,3.9511948,3.2419968,3.8161697,1.2958298,0.16397095,0.4998932,0.04024887,0.85190773,0.35531998,0.30891418,0.006439209,0.47676086,109.089615,120.50876,98.01565,110.53231,115.046135,123.06196,60.56233,67.16884,38.347553,43.47813,22.920916,25.97524,44.241467,48.242268,25.932535,29.39184,15.697443,17.903933,32.67453,38.18557,33.65001,36.791443,70.44557,75.962036,60.13869,64.14342
qQOTtZI_-c558xi6ylqreJDMn_bffPbdd1ZmKGJTKvA,1,127.08306,107.16618,112.84798,62.68392,42.98846,27.380535,53.58548,31.991278,18.727951,35.959637,41.175358,81.53512,71.0572,120.32018,111.40295,117.968506,62.14437,41.819157,26.627048,52.846375,31.862787,19.692421,37.345406,40.09145,82.92478,71.37193,6.7628784,4.236763,5.120529,0.5395508,1.1693039,0.75348663,0.7391052,0.12849045,0.9644699,1.3857689,1.0839081,1.3896637,0.3147354,114.61061,126.029755,105.144615,117.66128,113.960594,121.97642,58.841114,65.44763,39.25387,44.384445,25.099886,28.154211,50.845974,54.846775,30.133135,33.592438,18.589176,20.795666,34.589886,40.100925,38.520733,41.662167,80.16655,85.683014,69.36957,73.3743
fLxvU_dTtBOzidz7xh99ICzTaz4wuNFk0oLjCZ8HedA,1,112.007454,102.46916,113.1898,60.138943,45.647884,25.273403,43.31421,28.256569,18.112295,33.525017,34.96591,68.43722,61.534653,114.83464,103.21867,114.02773,60.29482,40.323776,24.235847,45.108078,27.990238,17.369907,34.878517,35.31547,71.06045,60.434402,2.8271866,0.7495117,0.8379364,0.15587616,5.324108,1.0375557,1.793869,0.26633072,0.7423878,1.3535004,0.34955978,2.62323,1.1002502,109.12507,120.54421,96.96034,109.477005,110.01982,118.035645,56.99156,63.598076,37.758488,42.889065,22.708685,25.76301,43.107677,47.10848,26.260586,29.71989,16.266663,18.473152,32.122997,37.634037,33.744755,36.88619,68.302216,73.81868,58.432037,62.436768
QjI7V3xOO1AI6u5KD4WeyvLAaS_pr4ZsGG6xDhzHRpY,2,116.350945,106.014206,117.9607,59.918568,38.3452,23.39248,45.606747,27.174353,16.0139,33.18871,34.21255,71.199295,63.956047,117.43128,108.328125,118.69081,61.552727,38.402847,23.512337,46.08912,26.994635,16.613392,34.63183,35.06407,72.95918,61.69962,1.0803375,2.313919,0.73011017,1.6341591,0.057647705,0.11985588,0.48237228,0.17971802,0.5994911,1.443119,0.85152054,1.7598877,2.2564278,111.72171,123.140854,102.06979,114.58646,114.6829,122.69872,58.24947,64.85599,35.83756,40.968136,21.985174,25.0395,44.08872,48.08952,25.264982,28.724287,15.510147,17.716637,31.876308,37.38735,33.493355,36.63479,70.20095,75.717415,59.697254,63.701984
fThetEGzg5QWmpMHSnjGRYQXYXPH6UXYBpMxZd-0_Wc,1,119.909424,115.948425,111.374084,59.37237,42.45921,26.91693,49.76033,31.081558,19.668545,34.50972,39.781155,80.56772,73.30621,120.70237,114.386185,116.700775,60.31081,41.553173,26.500227,50.883503,30.916285,19.109314,36.14777,40.016365,79.36267,71.89462,0.79294586,1.5622406,5.3266907,0.9384384,0.9060364,0.41670227,1.1231728,0.16527367,0.5592308,1.6380501,0.23521042,1.2050476,1.4115906,114.9928,126.41194,108.12785,120.644516,112.69286,120.70869,57.007553,63.614067,38.987885,44.11846,24.973064,28.02739,48.883102,52.883904,29.186632,32.645935,18.00607,20.212559,33.39225,38.90329,38.44565,41.587082,76.60444,82.1209,69.89226,73.89699
-EujjqWPZ_L0NO_RqgxJ79mA23Tjj33cYAoFaysL4I0,1,122.962555,112.93948,114.80291,57.096954,37.944653,22.742537,45.379402,26.898844,16.802092,32.748543,35.90963,68.06901,59.71751,118.21814,104.389725,113.035164,58.77307,38.497467,24.08694,45.378494,29.01246,18.277983,36.096046,35.94817,71.2903,59.540447,4.7444153,8.549759,1.767746,1.676117,0.5528145,1.3444042,0.00090789795,2.113617,1.4758911,3.3475037,0.038539886,3.2212906,0.17706299,112.50857,123.92771,98.13139,110.648056,109.02725,117.043076,55.469814,62.07633,35.93218,41.062756,22.559778,25.614103,43.378094,47.378895,27.282808,30.742113,17.174738,19.381227,33.340527,38.851566,34.377453,37.518887,68.53207,74.04853,57.538082,61.542812
UwbYVNhUg-Z7Vg1xyCMcWSFRj4AOQGpk5LtRS-kOwP4,2,118.28099,102.067795,107.27025,58.18516,41.491604,25.999104,46.418526,32.407177,19.358454,37.674076,40.291046,73.86267,70.197525,117.57741,107.28792,110.00834,58.15744,41.48513,25.86428,48.205677,30.530922,18.519598,35.67031,39.38082,74.776,68.1295,0.70358276,5.2201233,2.7380905,0.027721405,0.0064735413,0.13482285,1.7871513,1.876255,0.83885574,2.003765,0.9102249,0.9133301,2.0680237,111.867836,123.28698,101.02959,113.54625,106.00043,114.01625,54.854183,61.460697,38.91984,44.05042,24.337118,27.391443,46.205276,50.206078,28.80127,32.260574,17.416353,19.622843,32.91479,38.42583,37.810104,40.951538,72.01777,77.53423,66.12714,70.13187
QgfeuOOze8IVivTFjCA5CjmcZ2J87GUFLIq9O1Ruy80,2,117.774864,112.85911,118.23272,58.045883,41.1557,25.977694,54.709568,28.753494,18.034653,32.892677,39.539646,83.51149,71.050285,119.90427,114.30768,116.06691,59.46865,40.911415,26.275074,52.822792,30.06849,18.676023,34.785015,39.83938,82.633804,72.13643,2.1294022,1.4485703,2.1658096,1.4227676,0.24428558,0.29738045,1.886776,1.3149948,0.6413708,1.8923378,0.2997322,0.87768555,1.0861435,114.194695,125.61384,108.04935,120.56601,112.059,120.07482,56.165394,62.771908,38.346127,43.476704,24.747911,27.802237,50.82239,54.823193,28.338837,31.798141,17.572779,19.779268,32.029495,37.540535,38.26866,41.410095,79.87557,85.39204,70.13406,74.138794
uS4Nlsd6VQjC_MbPDR76MiYZCfgKQsrZG_UwbKzH20A,1,114.27159,101.80828,112.75625,61.21289,41.455303,24.26184,49.4179,28.233774,16.545229,37.84214,36.07271,79.37754,64.869736,114.54237,104.79534,119.32468,63.327656,41.18822,25.093702,49.232315,28.121397,17.480433,34.97003,35.674644,79.11754,65.277275,0.27078247,2.9870605,6.568428,2.1147652,0.2670822,0.8318615,0.18558502,0.11237717,0.93520355,2.8721085,0.39806366,0.26000214,0.40753937,108.8328,120.251945,98.53701,111.05367,115.316765,123.33259,60.0244,66.63091,38.622932,43.75351,23.56654,26.620865,47.231915,51.232716,26.391745,29.85105,16.377188,18.583677,32.21451,37.72555,34.103928,37.24536,76.35931,81.87577,63.27491,67.27964
JNvYCjFCVizUSPlVWEiT5RvXAV3AcfPFkpa01Y_3DMQ,6,112.78775,101.90261,109.18854,59.710625,38.863407,23.38344,49.85264,25.14511,16.227055,29.29563,36.428917,78.18435,63.868824,115.28614,107.95086,115.41175,59.778687,40.494915,24.88708,49.671253,27.619469,17.23071,33.185852,36.27407,79.41483,65.95527,2.4983902,6.0482483,6.223213,0.06806183,1.6315079,1.5036392,0.18138504,2.4743595,1.0036545,3.8902225,0.15484619,1.230484,2.0864449,109.57657,120.99571,101.69253,114.20919,111.40384,119.41966,56.47543,63.081944,37.929626,43.060204,23.359917,26.414242,47.670853,51.671654,25.889816,29.349121,16.127464,18.333954,30.430332,35.941372,34.703354,37.844788,76.6566,82.173065,63.952904,67.957634
59bc275d681516389ccf41f6,4,106.33675,100.241295,113.55496,63.316322,39.84859,24.17448,47.670956,28.728168,18.228504,36.76393,34.80542,73.20604,61.28897,111.670334,99.49454,115.67873,62.0924,39.79732,24.18472,46.502213,27.738739,17.203156,35.03071,34.838226,73.64446,60.700027,5.3335876,0.7467575,2.123764,1.2239227,0.05126953,0.010238647,1.1687431,0.9894295,1.0253487,1.733223,0.032806396,0.43842316,0.5889435,105.96076,117.379906,93.236206,105.75287,111.670815,119.68664,58.789143,65.39566,37.232033,42.36261,22.657557,25.711882,44.501812,48.502613,26.009087,29.468391,16.09991,18.3064,32.27519,37.78623,33.26751,36.408943,70.88623,76.402695,58.697662,62.702393
730fN81DLQtgxZ5K4FpOgJUOCAIgg9I1bVhmIXOQgmA,11,110.16026,103.14872,119.799706,61.616455,41.032497,24.948172,48.51386,28.129274,16.845716,33.19919,35.386604,80.48795,63.58068,113.28084,104.770966,118.327644,62.15503,39.978226,24.65609,49.77988,27.52381,17.266703,33.97568,35.436253,79.80826,64.86636,3.120575,1.6222458,1.4720612,0.5385742,1.0542717,0.29208183,1.2660217,0.60546494,0.42098618,0.7764931,0.049648285,0.6796951,1.2856827,107.571266,118.99041,98.512634,111.0293,114.31973,122.335556,58.851772,65.45828,37.412937,42.543514,23.128927,26.183252,47.77948,51.78028,25.794157,29.253462,16.163458,18.369947,31.220161,36.7312,33.865536,37.00697,77.050026,82.56649,62.864,66.86873
7bFe7VxhOBSMEBgASPgM3QkOFW6-cFMHDHydK-nTdDU,1,114.8577,99.30367,111.629036,64.88004,44.329693,27.926006,45.53873,28.52715,19.785807,34.168205,34.432434,73.69068,62.49855,113.30588,101.596214,113.51671,60.177555,40.681,24.735292,48.00876,28.341797,17.760237,34.524403,35.655537,76.647835,62.738907,1.5518188,2.2925415,1.8876724,4.702488,3.648693,3.190714,2.470028,0.18535233,2.02557,0.35619736,1.2231026,2.9571533,0.24035645,107.596306,119.01545,95.33788,107.854546,109.5088,117.52462,56.8743,63.480812,38.11571,43.24629,23.20813,26.262455,46.008358,50.00916,26.612144,30.07145,16.656992,18.863482,31.768883,37.279922,34.08482,37.226254,73.8896,79.40607,60.73654,64.74127
59bc2758681516389ccf4077,12,96.68221,94.39581,115.849655,62.346394,39.70743,23.274157,51.456875,25.93713,17.251596,31.168224,33.240887,79.36279,62.73667,110.60151,100.04763,117.048004,62.131042,38.27506,23.821856,49.88029,27.079193,16.890703,33.921276,34.746128,79.972145,62.73789,13.919296,5.6518173,1.198349,0.2153511,1.432373,0.547699,1.5765839,1.1420631,0.36089325,2.7530518,1.5052414,0.6093521,0.0012168884,104.89194,116.31108,93.7893,106.30596,113.04009,121.055916,58.827785,65.434296,35.70977,40.840347,22.294693,25.349018,47.87989,51.88069,25.34954,28.808846,15.787458,17.993948,31.165756,36.676796,33.17541,36.316845,77.21391,82.73038,60.735523,64.74025
nZUlJ3oSfVH51kquU28D-F9NwL3UjnLsxtsY2y6qXts,2,109.72437,96.33212,112.037605,61.810535,41.867054,24.30314,48.961136,27.534142,15.934265,33.913857,36.400707,74.33763,62.79052,109.565475,99.502716,112.89513,60.086945,39.61243,24.03697,47.459282,27.004946,16.650478,33.101963,34.97742,75.381195,62.47084,0.1588974,3.1705933,0.85752106,1.7235909,2.2546234,0.2661705,1.501854,0.5291958,0.7162132,0.81189346,1.4232864,1.0435638,0.31967926,103.8559,115.27505,93.244385,105.76105,108.887215,116.90304,56.783688,63.3902,37.047142,42.17772,22.509808,25.564133,45.45888,49.459682,25.275293,28.734598,15.547234,17.753723,30.346443,35.857483,33.406704,36.548138,72.62296,78.13943,60.468475,64.473206
Kr1whZRnyXXBfX2Qb68APhgjTqQOJoNCbyiyp8KjOUM,1,114.18083,103.804535,112.03219,61.24672,40.52357,24.194279,50.323208,30.100851,18.249456,37.43014,39.54598,75.87402,64.75701,115.025734,105.17479,112.519226,59.423344,39.49645,24.96734,49.335487,29.712873,18.25595,35.403725,38.152634,76.669846,66.263435,0.84490204,1.3702545,0.48703766,1.8233757,1.0271225,0.77306175,0.9877205,0.3879776,0.006494522,2.0264168,1.3933449,0.79582214,1.506424,109.31616,120.735306,98.91646,111.43312,108.511314,116.52714,56.120087,62.7266,36.93116,42.061737,23.440178,26.494503,47.335087,51.335888,27.983221,31.442526,17.152706,19.359196,32.648205,38.159245,36.581917,39.72335,73.91161,79.42808,64.26107,68.2658
vnohRvRete12wDp7zCI0rTWOjQO1NU48ZzyOXpEI_uk,4,112.00716,102.09305,111.614105,59.975044,40.917355,26.812181,51.86262,29.768024,18.575335,34.326332,39.223183,81.41303,73.188866,115.45288,104.927826,112.997086,60.559994,41.785908,26.820498,53.39507,30.871664,18.76158,35.63251,39.980164,83.99214,72.09247,3.4457245,2.8347778,1.3829803,0.5849495,0.86855316,0.00831604,1.5324478,1.1036396,0.18624496,1.306179,0.7569809,2.5791092,1.0963974,109.74331,121.16245,98.669495,111.18616,108.989174,117.005,57.256737,63.86325,39.22062,44.351196,25.293335,28.34766,51.39467,55.39547,29.142012,32.60132,17.658335,19.864824,32.87699,38.38803,38.409447,41.55088,81.23391,86.750374,70.0901,74.09483
oWFBFFV2dtIyJFBBpNkjkPQ5nQBChrUWbW6wxMrxYWE,1,116.50867,99.952286,111.79252,56.023457,42.293083,24.89918,46.192013,26.31245,16.561895,32.09478,34.641525,70.83563,63.256977,109.871796,98.03727,112.69121,60.134914,39.830475,24.074879,45.507412,27.310783,17.08166,33.861923,34.6035,72.062996,60.573627,6.6368713,1.9150162,0.89868927,4.111458,2.4626083,0.82430077,0.68460083,0.998333,0.51976395,1.7671432,0.038024902,1.2273636,2.6833496,104.162224,115.58137,91.77894,104.2956,108.6833,116.69912,56.831657,63.43817,37.265186,42.395763,22.547716,25.602041,43.50701,47.507812,25.581131,29.040436,15.978415,18.184904,31.106403,36.617443,33.032784,36.174217,69.30476,74.82123,58.571262,62.575993
DYJR9xAeblKG6aQwKXKaxyK5toR1c9ih8lq8cztV52k,1,118.088776,111.69343,118.03593,61.578625,36.564495,24.73157,54.35249,28.782852,18.997334,34.758617,39.267178,86.12265,68.51574,116.72311,110.09451,115.2758,59.745815,39.720676,25.747568,53.95948,29.601997,18.404297,34.506496,39.1207,84.79295,70.73688,1.3656693,1.5989151,2.7601242,1.8328094,3.1561813,1.0159988,0.3930092,0.8191452,0.59303665,0.25212097,0.14647675,1.3296967,2.221138,111.013535,122.43268,103.83618,116.352844,111.26789,119.283714,56.44256,63.049072,37.155388,42.285965,24.220406,27.27473,51.95908,55.95988,27.872345,31.33165,17.301052,19.507542,31.750977,37.262016,37.549984,40.691418,82.03472,87.551186,68.73451,72.73924
BUhmNtrPKv9T-5hUVF14PuEsoSx0VEobiP4M-T7dqow,2,112.90577,104.122375,115.25415,61.966755,41.76846,27.503801,52.16592,30.71839,19.25639,36.685818,39.0897,83.477806,70.712326,115.82945,107.75896,114.47487,59.96302,41.31812,26.724463,54.041237,30.133392,18.702461,34.478645,39.705296,85.0815,73.045044,2.9236832,3.6365814,0.7792816,2.0037346,0.45034027,0.77933884,1.8753166,0.5849972,0.5539284,2.2071724,0.6155968,1.6036911,2.332718,110.11988,121.539024,101.500626,114.01729,110.46696,118.48278,56.659763,63.266277,38.75283,43.883408,25.1973,28.251625,52.040836,56.041637,28.40374,31.863045,17.599216,19.805706,31.723125,37.234165,38.13458,41.276012,82.323265,87.83973,71.04268,75.04741
7R6m49IITGG-lT_EavoGCfcnOBAx1QPM16fpE-f9iSc,4,110.459564,98.34022,108.02363,60.969536,41.351387,26.665302,44.26027,29.3582,17.89363,36.832104,38.350163,67.49702,66.507484,111.469406,98.840324,106.19409,57.303623,40.51592,25.067165,46.12607,29.351513,17.686981,34.600994,37.99073,71.1986,65.10745,1.0098419,0.5001068,1.8295364,3.6659126,0.8354683,1.5981369,1.865799,0.0066871643,0.20664787,2.2311096,0.35943222,3.7015839,1.400032,105.759834,117.17898,92.58199,105.098656,102.18618,110.202,54.000366,60.60688,37.95063,43.081207,23.540003,26.594328,44.125668,48.12647,27.62186,31.081165,16.583736,18.790226,31.845474,37.356514,36.420013,39.561447,68.44037,73.95683,63.105087,67.10982
GbOk4JbzF5zpkg24rqvg_gA8BAMUKFen4zBSFPCcQVs,5,117.392105,96.87301,114.76466,60.74018,39.70291,24.676449,51.545853,26.73048,16.080494,34.210438,34.736458,83.61448,65.94525,108.39474,98.37615,115.66496,61.608162,39.637634,24.710941,51.55498,27.282999,17.111843,32.989758,35.27887,83.12823,65.49332,8.997368,1.5031433,0.9002991,0.86798096,0.0652771,0.034492493,0.009128571,0.55251884,1.0313492,1.2206802,0.5424118,0.48625183,0.4519348,102.685165,114.10431,92.11782,104.63448,111.65705,119.672874,58.304905,64.91142,37.072346,42.202923,23.183779,26.238104,49.55458,53.55538,25.553347,29.012651,16.008598,18.215088,30.234238,35.745277,33.708153,36.849586,80.369995,85.88646,63.49095,67.49568
atGuTnEF7KvrxEVHkLzFTY7gdAZ36gghFPcJHudLqXI,2,109.12131,112.81235,116.826584,60.015533,44.82198,29.079845,52.912006,28.58927,18.840487,31.32124,37.69953,84.93842,72.57899,114.56485,108.34775,113.89998,59.49397,42.92948,27.137093,52.879395,29.305202,18.479206,33.26211,38.986618,83.37349,72.07782,5.4435425,4.4645996,2.9266052,0.5215645,1.892498,1.9427528,0.032611847,0.71593285,0.36128044,1.9408722,1.2870865,1.5649338,0.5011673,108.85528,120.27442,102.08942,114.60608,109.89207,117.90789,56.190712,62.797226,40.364193,45.49477,25.60993,28.664255,50.878994,54.879795,27.57555,31.034855,17.375961,19.58245,30.506592,36.01763,37.4159,40.557335,80.61526,86.13172,70.075455,74.080185
vtUetlQRnFggW0gU19iG8wdTL-KlWikPJFIEMbsIWvw,1,114.56316,100.7535,106.42471,56.390903,40.05997,25.115305,46.21197,29.665792,18.140583,34.34121,38.550964,71.10657,65.644875,113.96909,97.99147,105.445984,56.675667,38.181614,24.550575,48.19192,31.100178,18.72743,36.70481,38.83913,74.23193,63.480206,0.59407043,2.7620316,0.97872925,0.28476334,1.8783569,0.5647297,1.97995,1.4343853,0.5868473,2.3636017,0.28816605,3.1253662,2.164669,108.25952,119.678665,91.73314,104.2498,101.43807,109.453896,53.37241,59.978924,35.616325,40.746902,23.023413,26.077738,46.19152,50.19232,29.370525,32.82983,17.624186,19.830675,33.94929,39.46033,37.268414,40.409847,71.4737,76.990166,61.47784,65.482574
2vMs6p-qIdIw0mTEz5emgZpxICq3glcfyQM3vwB3vBo,2,120.33712,105.32634,108.79192,57.41319,41.84759,27.73998,54.017956,29.927399,18.631397,33.950546,40.247902,84.08287,70.98089,116.222885,108.498215,113.909805,59.282097,41.03358,26.437737,53.983067,29.784538,18.524002,34.12353,39.36875,85.25755,72.14865,4.114235,3.171875,5.117882,1.8689079,0.8140106,1.3022442,0.03488922,0.14286041,0.10739517,0.17298508,0.8791504,1.1746826,1.1677628,110.51331,121.93246,102.23988,114.756546,109.90189,117.91772,55.97884,62.585354,38.468292,43.59887,24.910574,27.9649,51.982666,55.983467,28.054886,31.51419,17.420757,19.627247,31.368011,36.87905,37.798035,40.93947,82.49932,88.015785,70.146286,74.15102
k1hi20BJAqls5jIB-NeHd2OqMOb27kUQyoZbB18qx80,3,116.31094,105.950165,105.030556,57.297504,40.584114,25.040554,49.355877,28.452217,17.980854,33.85619,38.272488,80.9189,68.69872,115.80509,106.77981,110.16721,57.1003,39.744904,25.621359,51.371403,29.98781,18.606989,34.503178,39.12249,80.5101,69.34466,0.50585175,0.82964325,5.1366577,0.19720459,0.8392105,0.5808048,2.0155258,1.535593,0.6261349,0.6469879,0.8500023,0.40879822,0.64593506,110.09552,121.51466,100.52148,113.03814,106.1593,114.175125,53.797043,60.403557,37.179615,42.310192,24.094196,27.148521,49.371002,53.371803,28.258158,31.717463,17.503744,19.710234,31.747658,37.258698,37.551773,40.693207,77.75187,83.26833,67.34229,71.34702
GHBbDwaAvfvXX3XyEWZg2vpCJQyH6_xgMKorwr3v_nA,1,119.617584,108.827614,111.901115,60.686325,39.081825,26.07294,51.712696,30.563576,17.843857,36.082863,40.07306,83.461105,70.689606,116.239746,106.70566,112.003296,58.4506,39.791813,26.035215,53.255142,30.261845,18.495363,34.898415,39.72943,83.83442,71.787155,3.3778381,2.1219559,0.10218048,2.2357254,0.70998764,0.03772545,1.5424461,0.3017311,0.6515064,1.1844482,0.34362793,0.3733139,1.0975494,110.530174,121.94932,100.44733,112.96399,107.995384,116.01121,55.147343,61.753857,37.226524,42.3571,24.508053,27.562378,51.25474,55.255543,28.532192,31.991497,17.392118,19.598608,32.142895,37.653934,38.158714,41.300148,81.07619,86.59265,69.78479,73.78952
4d_X7JZm0gneZC8ffiFtMDo1I7gKKmN0V0ER7YrB8pI,1,102.69129,91.19352,107.83266,64.40576,40.272144,23.323523,45.759407,27.32673,16.729063,35.442135,32.24553,74.89495,59.84833,107.77256,95.66245,110.78961,59.681854,39.369644,23.698204,46.054535,26.662472,16.377193,33.01642,34.402378,73.17803,60.395325,5.0812683,4.468933,2.956955,4.7239075,0.90250015,0.37468147,0.29512787,0.66425896,0.35186958,2.4257164,2.156849,1.716919,0.54699326,102.06299,113.48213,89.40412,101.920784,106.7817,114.79752,56.378597,62.98511,36.804356,41.934933,22.171041,25.225367,44.054134,48.054935,24.93282,28.392124,15.273949,17.480438,30.260899,35.77194,32.83166,35.973095,70.4198,75.936264,58.39296,62.39769
wF2Klo0rth7qh_o1oCnMTyv4ApfQTKluNJS2gQqqtFs,4,106.801346,100.21705,110.75583,60.88383,39.520557,25.059938,49.33401,28.369165,17.56216,32.137722,37.667038,75.961205,66.50296,113.393,105.425026,110.21901,57.27131,38.763256,24.59618,48.72902,28.42191,17.378262,33.47647,37.767822,75.906624,67.01145,6.591652,5.2079773,0.53681946,3.6125221,0.75730133,0.46375847,0.6049919,0.05274391,0.18389893,1.3387489,0.1007843,0.05458069,0.5084915,107.683426,119.10257,99.166695,111.68336,106.2111,114.22692,53.968052,60.574566,36.197968,41.328545,23.069017,26.123343,46.72862,50.72942,26.692257,30.151562,16.275017,18.481506,30.720951,36.23199,36.197105,39.33854,73.14839,78.664856,65.00909,69.01382
COXJIiTpnij6N8KobXwfdCeZ5CD68fv3_F0mp3SYlZE,4,116.021095,101.984116,113.0979,60.9376,41.13837,25.27184,51.266876,29.208845,17.258465,35.785606,38.458767,80.75317,68.9596,112.80285,101.362335,110.63606,59.829765,40.755226,26.03154,52.31537,30.221958,18.170578,35.2018,39.178356,82.174095,69.87651,3.2182465,0.6217804,2.4618378,1.1078339,0.38314438,0.7597008,1.0484924,1.013113,0.9121132,0.5838051,0.71958923,1.420929,0.91690826,107.09328,118.51242,95.104004,107.62067,106.62815,114.643974,56.52651,63.133022,38.189938,43.320515,24.504377,27.558702,50.31497,54.31577,28.492306,31.95161,17.067333,19.273823,32.44628,37.95732,37.60764,40.749073,79.41586,84.93233,67.874146,71.878876
peqbN0eHFV0JIsHpIDwxcN9iRKDbQRyZj8Z9LX12cO0,2,110.55946,97.40035,108.34865,59.992603,39.58349,24.239267,48.268646,30.241468,17.961992,35.38617,38.37599,74.89316,68.16692,110.18935,97.618576,107.56255,58.617165,41.33049,25.771463,48.74238,30.033333,18.34775,34.958096,38.391296,75.637955,66.976036,0.3701172,0.21822357,0.78609467,1.3754387,1.7470016,1.532196,0.473732,0.2081356,0.38575745,0.42807388,0.015304565,0.74479675,1.1908875,104.479774,115.89892,91.360245,103.87691,103.55464,111.570465,55.313908,61.92042,38.7652,43.89578,24.2443,27.298626,46.741978,50.74278,28.30368,31.762985,17.244505,19.450994,32.202576,37.713615,36.82058,39.962013,72.87972,78.39619,64.97367,68.9784
4Hy_wkLsPiPHDJIuoAkXO_OdyS0NzY45rDyfxVNtgis,5,115.334755,104.42676,109.86752,57.79055,39.327374,25.504435,50.343456,28.926355,18.548521,33.167755,39.241344,80.43115,69.74821,113.52283,103.01195,109.163185,58.131855,41.305748,26.331501,51.64428,30.267796,18.59524,34.68634,39.34542,80.93069,69.97628,1.8119278,1.4148102,0.7043381,0.34130478,1.9783745,0.8270664,1.3008232,1.3414402,0.046718597,1.5185852,0.104076385,0.4995346,0.22807312,107.813255,119.2324,96.75362,109.27028,105.15527,113.1711,54.828598,61.435112,38.74046,43.871037,24.804338,27.858664,49.64388,53.64468,28.538143,31.997448,17.491995,19.698484,31.93082,37.44186,37.774704,40.916138,78.172455,83.68892,67.973915,71.978645
7tMJnQwy8GllyZBOCK9-GSEBJVNATL2kTlOonwK_p1Y,5,108.19694,90.48159,106.04379,59.288975,40.04466,24.287443,49.730186,29.182024,17.15346,34.798103,38.60092,75.365746,65.9798,110.07975,93.96214,106.08231,58.95376,39.90068,25.236147,49.378593,30.740505,18.196465,36.350693,38.72811,76.607,65.591385,1.8828125,3.4805527,0.038520813,0.33521652,0.14397812,0.94870377,0.35159302,1.5584812,1.043005,1.5525894,0.12718964,1.2412567,0.38841248,104.37018,115.78932,87.70381,100.220474,102.0744,110.090225,55.6505,62.257015,37.335392,42.46597,23.708984,26.76331,47.378193,51.378994,29.010853,32.470158,17.09322,19.29971,33.595173,39.106213,37.157394,40.29883,73.84877,79.365234,63.58902,67.59375
hsBaJx117F-ZlugN6j5r1xKiwRRVFk4hvIgx1MxylpE,2,113.857765,107.50441,108.633896,55.516582,40.33337,26.504166,50.183887,28.945353,18.264801,34.0489,37.521122,78.07923,68.47672,114.01405,107.17015,109.13861,55.99741,39.903152,25.371698,50.392982,28.639269,17.93392,32.80554,38.263252,78.81807,68.33101,0.15628815,0.33425903,0.50471497,0.48082733,0.43021774,1.1324673,0.209095,0.30608368,0.33088112,1.2433624,0.7421303,0.7388382,0.1457138,108.30448,119.723625,100.91182,113.42848,105.1307,113.14652,52.694153,59.300667,37.337864,42.46844,23.844536,26.89886,48.392582,52.393383,26.909616,30.368921,16.830675,19.037165,30.050018,35.561058,36.692535,39.83397,76.05984,81.5763,66.32864,70.333374
XeDRaHj5d6BauYMYPwEltTG_rY04QrkDj7AP0WuqOzA,5,112.10574,100.736,108.791176,55.08744,43.649685,27.19598,53.81224,29.665789,17.323826,31.900225,39.095634,81.65212,69.46871,113.49697,103.48299,109.590675,57.640953,39.53279,25.533442,51.7949,29.872427,18.411053,34.451588,39.02363,80.998665,69.22253,1.3912277,2.7469864,0.7994995,2.5535126,4.116894,1.6625385,2.0173416,0.20663834,1.0872269,2.551363,0.072006226,0.65345764,0.2461853,107.7874,119.20654,97.224655,109.74132,105.58276,113.59859,54.337696,60.94421,36.967503,42.09808,24.006279,27.060604,49.7945,53.7953,28.142775,31.60208,17.307808,19.514297,31.696068,37.207108,37.45291,40.594345,78.24043,83.7569,67.22016,71.22489
Q0xb8LF0NL5XCdHFaoOj5XHT0p5Do8Ei9-IDRuNYOd4,2,113.43327,104.38097,109.46062,55.427055,38.54831,26.145285,53.9321,29.605175,19.174593,31.995209,41.362354,82.24781,71.07499,114.47493,106.646774,110.19015,57.042114,40.214756,25.916664,52.137318,29.292355,18.165253,33.45011,39.045616,81.84766,70.553696,1.0416565,2.265808,0.72953033,1.6150589,1.6664467,0.22862053,1.7947807,0.31282043,1.0093403,1.4549026,2.3167381,0.4001541,0.52129364,108.76536,120.1845,100.38844,112.905106,106.182236,114.19806,53.738857,60.34537,37.649467,42.780045,24.389502,27.443827,50.136917,54.13772,27.562702,31.022007,17.062008,19.268497,30.694592,36.20563,37.4749,40.616333,79.089424,84.60589,68.55133,72.55606
59bc2766681516389ccf4599,9,109.48937,102.33253,109.71575,58.5692,42.37447,26.95492,49.90762,29.794752,19.724104,32.25756,36.300377,80.85841,67.32562,112.81753,104.519844,108.921326,56.68929,40.502304,25.792498,50.451084,29.279135,18.36366,33.48349,38.430332,78.994865,68.61244,3.3281555,2.187317,0.79442596,1.8799095,1.8721657,1.1624222,0.54346466,0.5156174,1.3604431,1.2259293,2.1299553,1.8635483,1.2868195,107.107956,118.5271,98.26151,110.778175,104.913414,112.92924,53.386032,59.992546,37.937016,43.067593,24.265335,27.31966,48.450684,52.451485,27.549482,31.008787,17.260416,19.466906,30.72797,36.23901,36.859615,40.00105,76.23663,81.7531,66.61008,70.61481
POrRNKsiJroy26MF_45GMYIj9GSQYqT1FHIh9ZmkcQI,2,114.52828,110.644196,113.41432,55.623837,40.300446,25.481388,54.994877,30.708057,18.792141,35.885853,39.34348,86.35235,73.78804,113.17942,104.41917,112.76491,59.11953,41.015022,26.789711,55.240814,29.487064,18.429268,33.311844,39.339256,87.47784,73.32593,1.3488617,6.225029,0.64941406,3.4956932,0.7145767,1.3083229,0.24593735,1.220993,0.36287308,2.574009,0.00422287,1.1254883,0.46211243,107.46985,118.88899,98.160835,110.6775,108.756996,116.77282,55.816273,62.422787,38.449734,43.58031,25.262548,28.316874,53.240414,57.241215,27.757412,31.216717,17.326023,19.532513,30.556324,36.067364,37.76854,40.909973,84.719604,90.23607,71.32356,75.32829
0qRH3UAnRSlRrPNxpd94zBYVRZViXIJ98JiQOkF9TOY,2,99.617775,89.17278,108.14351,60.243343,39.716587,24.41597,44.67103,27.057537,16.63929,34.021503,33.483463,70.70781,61.806686,104.46213,94.285324,108.86836,58.186756,39.181366,23.661331,45.71337,26.14574,16.2081,31.64869,34.178467,72.407776,61.216003,4.8443527,5.112541,0.7248535,2.0565872,0.5352211,0.7546387,1.0423431,0.91179657,0.4311905,2.3728142,0.6950035,1.6999664,0.590683,98.752556,110.1717,88.02699,100.543655,104.86045,112.876274,54.8835,61.490013,36.616077,41.746655,22.134169,25.188494,43.71297,47.71377,24.416088,27.875393,15.104855,17.311344,28.89317,34.40421,32.60775,35.749184,69.64954,75.16601,59.21364,63.21837
Td4mIqilWGsvkJvnFS4iNgYNa1DPtYC1niRK-azjLvE,2,114.98216,95.11942,106.67251,61.8333,38.274445,25.262346,51.2095,30.336716,18.063396,34.676647,39.62413,82.26245,68.34755,110.990265,96.799164,108.74307,59.391365,39.948776,25.843605,53.15767,30.475485,18.25742,35.316193,39.331207,83.53365,69.96382,3.9918976,1.6797409,2.0705643,2.4419365,1.6743317,0.5812588,1.9481697,0.13876915,0.19402313,0.63954544,0.29292297,1.2712021,1.616272,105.28069,116.69984,90.54083,103.057495,104.73516,112.750984,56.088108,62.694622,37.383488,42.514065,24.316442,27.370768,51.15727,55.15807,28.745832,32.20514,17.154175,19.360664,32.560673,38.071712,37.76049,40.901924,80.77542,86.291885,67.96146,71.96619
EPzw1EmMy4-2WqBb_LB-GwiPzhsgyqRtkH3DpJl0O7U,2,107.91435,102.08191,109.640724,57.026493,40.85393,25.99277,46.720535,29.297968,18.944115,33.66166,36.807217,72.56975,67.980415,110.18935,101.079384,108.01584,56.856224,39.738075,25.106339,48.561386,28.452673,17.521559,33.035316,37.706146,75.67585,67.69841,2.274994,1.0025253,1.6248856,0.17026901,1.1158562,0.88643074,1.8408508,0.84529495,1.4225559,0.6263428,0.8989296,3.106102,0.2820053,104.479774,115.89892,94.82105,107.337715,104.00793,112.02375,53.552967,60.15948,37.172787,42.303364,23.579176,26.633501,46.560986,50.561787,26.72302,30.182325,16.418314,18.624804,30.279797,35.790836,36.13543,39.276863,72.91762,78.43408,65.696045,69.700775
Ch6e6Z9FIyS6tVflcxYh8mvH-bpXl_wjt47fAAVvo9w,2,111.9989,104.92553,107.194565,56.645653,39.03386,24.712406,50.92155,28.558447,16.82338,33.048615,38.48343,76.96075,69.67318,111.18416,101.88407,107.80824,56.750957,39.968105,25.390997,49.454777,28.930656,17.818989,33.402367,38.196213,77.189766,68.11119,0.81474304,3.0414581,0.613678,0.10530472,0.93424606,0.6785908,1.466774,0.37220955,0.9956093,0.35375214,0.2872162,0.22901917,1.5619888,105.47459,116.89373,95.62574,108.1424,103.80033,111.816154,53.4477,60.054214,37.402817,42.533394,23.863834,26.91816,47.454376,51.455177,27.201004,30.660309,16.715744,18.922234,30.646847,36.157887,36.625496,39.76693,74.43153,79.948,66.108826,70.113556
aG_54Gu9ePArDNEocde5SJNO6j6uCeQkV7knx7MdUrk,7,113.33525,96.01963,106.29546,58.80189,40.523457,26.663183,51.437492,31.844,18.376932,33.685757,39.27156,82.76791,67.67543,111.97545,100.84947,108.31277,57.84982,40.475548,25.907606,52.12609,29.606052,18.001326,34.01937,38.893528,81.9928,69.624146,1.3598022,4.8298416,2.0173035,0.95207214,0.047908783,0.7555771,0.68859863,2.2379475,0.37560654,0.33361435,0.37803268,0.77510834,1.9487152,106.26588,117.68502,94.59114,107.1078,104.304855,112.32068,54.546562,61.153076,37.91026,43.040836,24.380444,27.434769,50.12569,54.12649,27.8764,31.335705,16.89808,19.10457,31.263851,36.77489,37.32281,40.464245,79.234566,84.75103,67.62178,71.62651
MjymGihCG7nyeic8DITCiZw4B1jxJ3mfz7RoNe_CpRA,9,108.89686,96.89744,107.74017,55.870403,36.412067,23.698698,49.30148,25.019716,16.199749,28.200813,35.204308,76.001,61.174805,107.7404,96.85859,107.77016,56.152576,36.818207,23.133736,47.76961,26.285673,16.536797,31.58326,34.62235,75.99869,61.0605,1.156456,0.038848877,0.02998352,0.28217316,0.40613937,0.5649624,1.531868,1.2659569,0.33704758,3.3824463,0.5819588,0.0023117065,0.11430359,102.03083,113.449974,90.60026,103.11692,103.762245,111.77807,52.84932,59.455833,34.25292,39.383495,21.606573,24.660898,45.76921,49.77001,24.55602,28.015326,15.433552,17.640041,28.82774,34.33878,33.051632,36.193066,73.240456,78.75692,59.058136,63.062866
5a1c461fe7cb790004827640,1,103.20253,89.39432,106.909676,60.019905,41.745163,27.355162,50.33036,30.894281,18.570911,36.322823,38.72333,75.44647,70.352295,107.71074,91.27919,105.893135,59.60457,41.02121,26.127115,49.94176,30.978483,18.423391,36.302948,39.17165,77.42664,67.86205,4.508209,1.8848724,1.0165405,0.4153366,0.72395325,1.2280464,0.3885994,0.08420181,0.14752007,0.019874573,0.44831848,1.9801712,2.490242,102.00117,113.42031,85.02086,97.53752,101.88522,109.90105,56.30131,62.907825,38.45592,43.5865,24.599953,27.654278,47.94136,51.94216,29.24883,32.708138,17.320147,19.526636,33.54743,39.058468,37.600933,40.742367,74.66841,80.184875,65.85969,69.86442
4loafOx5K1rLjyttpQw024OkgHFEIcG27Y2jCdudQJ8,2,105.37976,99.201706,108.252144,56.527733,40.75679,24.886665,49.927525,28.174374,17.00185,31.900204,37.246033,78.42345,67.18536,110.50409,101.52753,107.02696,56.216614,39.361137,24.971016,49.463154,28.41143,17.445183,32.830902,37.808716,77.20322,67.00107,5.1243286,2.325821,1.2251816,0.31111908,1.3956528,0.084350586,0.46437073,0.23705673,0.44333267,0.9306984,0.5626831,1.2202301,0.18429565,104.79452,116.21366,95.269196,107.78586,103.01905,111.034874,52.913357,59.51987,36.79585,41.926426,23.443853,26.498178,47.462753,51.463554,26.681778,30.141083,16.341938,18.548428,30.075382,35.586422,36.238,39.379433,74.444984,79.96145,64.9987,69.00343
Nd9tQGPzZWHmXztXwfqP_CNNVoQ5a-YgEhcOnNMObTQ,2,107.90236,93.86033,114.94191,54.789608,36.08423,23.532368,49.011597,24.37355,15.522859,31.339886,35.261623,79.79933,58.924484,105.42884,95.19142,108.19519,56.315216,35.531456,22.62941,48.286255,25.499245,15.966669,30.961216,34.05913,76.98192,60.681095,2.4735184,1.3310928,6.7467194,1.5256081,0.5527725,0.9029579,0.7253418,1.1256943,0.44381046,0.37866974,1.2024918,2.8174133,1.7566109,99.71927,111.13841,88.93309,101.44975,104.18728,112.2031,53.01196,59.618473,32.966167,38.096745,21.102247,24.156572,46.285854,50.286655,23.769592,27.228897,14.863424,17.069914,28.205696,33.716736,32.488415,35.62985,74.22369,79.74015,58.67873,62.68346
EZf8GCv7WZ5l8j5itthrmnOTBx1GAYks9lIEXm7yFd0,2,117.73627,109.5879,106.84943,52.24202,36.495567,23.536867,50.619953,26.788893,16.86556,31.486124,38.90165,77.659256,67.60328,111.61975,103.98738,107.15964,55.029327,38.46306,24.666368,48.957283,27.981787,17.261585,32.310173,37.71553,76.47606,67.43706,6.116516,5.6005173,0.31021118,2.7873077,1.9674911,1.1295013,1.6626701,1.192894,0.3960247,0.824049,1.1861191,1.183197,0.16622162,105.91018,117.32932,97.72905,110.24571,103.151726,111.16755,51.72607,58.332584,35.89777,41.028347,23.139206,26.193531,46.956882,50.957684,26.252134,29.71144,16.15834,18.36483,29.554653,35.065693,36.144814,39.286247,73.71783,79.23429,65.43469,69.43942
Z06eP0fGE6r4C4mNVvfMny0ZwN8WwHX5W10iRv6cmU8,1,108.99378,91.74271,105.22313,57.934704,40.494247,26.366327,56.24334,31.680984,19.906103,35.095367,40.753407,85.574554,73.08472,111.14201,99.973755,109.40395,57.61377,39.93099,26.457954,55.02857,29.780481,18.746525,33.434196,39.541718,86.50462,72.265884,2.1482315,8.231049,4.1808243,0.3209343,0.5632591,0.09162712,1.2147713,1.9005032,1.1595783,1.661171,1.211689,0.93006897,0.8188324,105.43244,116.851585,93.71542,106.232086,105.39604,113.411865,54.310513,60.917027,37.3657,42.496277,24.930792,27.985117,53.028168,57.02897,28.050829,31.510134,17.64328,19.84977,30.678677,36.189716,37.971,41.112434,83.74639,89.262856,70.26352,74.26825
6QUZA0v5ZRqi_OjovOS4Qi0KJvsOSqlt1I1U6Dy4gAM,2,108.77547,99.044395,109.20675,54.753773,38.30161,25.207033,48.764675,28.508247,17.853819,31.254892,39.218822,76.21255,70.34991,111.09143,101.452286,106.538055,55.94078,39.623253,25.292665,49.714256,28.75623,17.616295,33.047253,38.2666,77.74652,68.23209,2.3159637,2.4078903,2.6686935,1.1870079,1.3216438,0.085632324,0.94958115,0.24798203,0.23752403,1.7923603,0.9522209,1.5339737,2.117813,105.38186,116.801,95.193954,107.71062,102.53014,110.54597,52.637524,59.244038,37.057964,42.18854,23.765503,26.819828,47.713856,51.714657,27.026577,30.485882,16.51305,18.71954,30.291733,35.802773,36.695885,39.83732,74.98829,80.50475,66.22973,70.23446
EU_UtqmsPy2xW35iJcsFplr9CMI5BDH-Is0qi5fVYlQ,14,113.53131,100.04561,108.86702,59.505375,41.6667,26.455986,50.631195,28.664078,18.03432,32.294445,37.755634,79.78475,67.81419,110.062485,100.995735,107.80543,56.98805,40.750145,25.841831,50.87121,28.62594,17.719006,32.65342,38.19525,79.771904,69.24608,3.4688263,0.95012665,1.0615921,2.5173264,0.9165535,0.6141548,0.24001312,0.038137436,0.31531525,0.35897446,0.43961716,0.0128479,1.4318848,104.35291,115.77206,94.737404,107.25407,103.797516,111.81334,53.68479,60.291306,38.184856,43.315434,24.314669,27.368994,48.870808,52.87161,26.896288,30.355593,16.61576,18.82225,29.8979,35.40894,36.624535,39.76597,77.01367,82.530136,67.24371,71.24844
0Up4gP44WpK3WbvwdreR2zu-Y9s2ELCBmK14pX_Xy6Y,2,113.47997,96.87876,103.95304,56.374454,38.442608,24.163736,51.407295,27.64499,15.076399,34.128864,38.979492,81.64118,67.92596,110.948105,101.69108,107.15349,55.629967,37.90191,24.659245,51.014385,28.31002,17.304913,32.581726,38.22236,79.7157,68.56427,2.531868,4.812317,3.200447,0.74448776,0.540699,0.4955082,0.39291,0.6650295,2.2285137,1.5471382,0.7571335,1.9254837,0.6383133,105.23853,116.65768,95.43275,107.94941,103.14558,111.1614,52.32671,58.933224,35.33662,40.467197,23.132082,26.186407,49.013985,53.014786,26.580368,30.039673,16.201668,18.408157,29.826206,35.337246,36.65164,39.793076,76.957466,82.47393,66.561905,70.566635
csaAIT3E5P3uy8GXAdLV3OsjNls_Y-_K2rYyutGUcFg,4,113.4382,97.90482,109.59746,59.070885,45.492134,28.399317,53.64568,30.312405,18.730772,34.799862,37.863297,88.642914,73.23259,111.53263,100.20764,111.00582,59.01892,41.229973,27.070925,55.207012,29.94612,18.757172,33.716694,39.36741,87.76637,73.16717,1.905571,2.3028183,1.4083633,0.051963806,4.2621613,1.328392,1.5613327,0.36628532,0.026399612,1.083168,1.5041122,0.87654114,0.06542206,105.82306,117.2422,93.94931,106.46597,106.99791,115.01373,55.715664,62.322178,38.664684,43.79526,25.543762,28.598087,53.20661,57.207413,28.216467,31.675772,17.653927,19.860416,30.961174,36.472214,37.79669,40.938126,85.00814,90.524605,71.1648,75.16953
x1f2s_UJaYPGwtUbwUWwA_KRu6TkqUbomKd-l04lF2M,6,98.377846,83.66989,105.01278,63.508842,39.300037,23.495367,45.05007,27.955256,15.717702,34.399117,33.738125,73.014244,60.07724,100.608734,88.59608,108.91422,59.570812,38.91996,23.645172,46.68367,25.996628,15.997086,31.80262,33.755886,74.34523,60.96768,2.2308884,4.9261856,3.9014435,3.9380302,0.38007736,0.14980507,1.6335983,1.9586277,0.27938366,2.5964966,0.01776123,1.330986,0.8904419,94.89916,106.318306,82.337746,94.85441,104.90631,112.922134,56.267555,62.87407,36.35467,41.48525,22.11801,25.172335,44.68327,48.68407,24.266975,27.72628,14.893841,17.10033,29.0471,34.55814,32.18517,35.326603,71.587,77.10346,58.965317,62.970047
m6bnnhstozF5e3qocMoIjdCFW_yH6vh1K68T40-77SE,2,111.1262,107.45433,110.93001,52.804058,37.283745,24.05735,50.86245,27.28543,16.926672,32.2885,37.45807,78.36721,71.005005,110.762634,103.3528,109.35728,56.396503,37.8097,24.675674,51.471107,27.971308,17.312443,32.38726,37.803352,80.7259,68.68274,0.36356354,4.101532,1.572731,3.5924454,0.5259552,0.6183243,0.60865784,0.68587685,0.3857708,0.0987587,0.3452835,2.3586884,2.3222656,105.05306,116.472206,97.09447,109.61113,105.349365,113.36519,53.093246,59.69976,35.24441,40.37499,23.148512,26.202837,49.470707,53.471508,26.241655,29.70096,16.209198,18.415688,29.63174,35.14278,36.232635,39.37407,77.96767,83.48413,66.680374,70.685104
xoNAmboD80UChuSRkEHzXPFIkh5Fcg2iclcsYL3C01o,2,109.29368,100.86797,108.43836,58.217262,39.70045,26.244215,53.233322,28.46616,19.149857,30.278152,38.38764,82.22414,72.35327,110.05165,101.53734,109.4359,57.147385,39.4806,25.598232,52.83301,28.429688,17.818989,32.37831,38.14392,83.16441,70.00291,0.7579727,0.6693649,0.9975357,1.0698776,0.21985245,0.64598274,0.40031052,0.03647232,1.3308678,2.1001587,0.24372101,0.9402771,2.3503647,104.34208,115.76122,95.27901,107.79567,105.427986,113.44381,53.844128,60.45064,36.91531,42.045887,24.07107,27.125395,50.83261,54.833412,26.700035,30.15934,16.715744,18.922234,29.622791,35.13383,36.573204,39.714638,80.40618,85.922646,68.00054,72.00527
vk6NsCmopCC5j-Vi3Nb78pAEVsYNk6O2NkFueyEZyDs,5,112.12932,108.04296,103.68486,51.510635,36.435722,24.065065,49.3121,25.729818,17.626663,30.439259,38.149857,75.393684,66.37235,110.929565,100.86088,103.571045,53.056114,37.33252,24.187618,48.51019,28.243225,17.685474,32.3802,37.48491,75.60347,64.70605,1.1997528,7.182083,0.11381531,1.5454788,0.8967972,0.12255287,0.8019104,2.5134068,0.058811188,1.9409409,0.6649475,0.20978546,1.6663055,105.21999,116.63914,94.60255,107.11921,99.56313,107.57896,49.752857,56.35937,34.76723,39.897808,22.660456,25.71478,46.50979,50.51059,26.513573,29.972878,16.58223,18.78872,29.62468,35.13572,35.914192,39.055626,72.84524,78.3617,62.703682,66.70841
3mxoVpAOY5oJwWqK27jdkWeB-2wOJKm4zNTR1Utv3pw,1,109.37326,103.14199,102.42292,56.51638,41.990356,26.937891,50.91426,28.176321,17.87111,32.656044,36.78138,79.95266,68.162766,111.94011,101.87099,105.69904,54.942715,39.068092,25.32483,51.357513,28.786654,17.70736,32.72795,38.648735,80.556564,69.03934,2.5668488,1.2710037,3.276123,1.5736656,2.922264,1.6130619,0.44325256,0.6103325,0.1637516,0.07190704,1.8673553,0.6039047,0.87657166,106.23054,117.64968,95.612656,108.12932,101.69113,109.706955,51.639458,58.24597,36.502804,41.63338,23.797667,26.851992,49.357113,53.357914,27.057001,30.516306,16.604115,18.810604,29.972431,35.48347,37.07802,40.21945,77.79833,83.3148,67.03697,71.0417
QCS_XzowNPVZ6LaRgVS6VUwPbRWnZ8G6G8Jy4ABnbFs,2,104.995766,94.96619,102.67248,51.57923,34.25109,24.013214,44.688766,27.668732,16.871855,33.145763,33.938587,72.22413,58.56499,107.14026,95.95031,102.323654,51.88789,35.548462,22.429989,44.674156,25.440765,16.171885,30.104149,33.99276,70.93085,58.587875,2.144493,0.98412323,0.34882355,0.3086586,1.2973709,1.5832253,0.0146102905,2.2279663,0.69997025,3.0416145,0.054172516,1.2932816,0.022884369,101.43069,112.84983,89.69198,102.20864,98.31574,106.331566,48.584633,55.191147,32.983173,38.11375,20.902826,23.957151,42.673756,46.674557,23.711113,27.170418,15.06864,17.27513,27.348629,32.85967,32.422043,35.563477,68.172615,73.68908,56.58551,60.59024
HfAv5nieC8ev9QiBBg_9Yql7wukmrR4qlsPwCKvkZyc,7,104.22369,100.00593,111.76583,59.16226,40.62533,28.901825,54.615665,28.723326,17.988205,31.561731,37.898594,86.51121,76.321556,111.13158,101.9766,111.4319,57.95718,40.151463,26.734179,56.17851,28.765211,18.210104,32.093964,39.251717,88.889786,74.01123,6.9078903,1.9706726,0.33393097,1.2050781,0.47386932,2.1676464,1.5628433,0.041885376,0.22189903,0.5322323,1.3531227,2.3785782,2.3103256,105.422005,116.84115,95.71827,108.23493,107.42399,115.43981,54.653923,61.260437,37.586174,42.71675,25.207016,28.261341,54.17811,58.17891,27.035559,30.494864,17.10686,19.313349,29.338444,34.849483,37.681,40.822433,86.13155,91.64802,72.008865,76.013596
T7e25wwki0I_vszINgAJrfkfH2MTO1FLgHf0y3eokg4,2,110.86354,96.68256,109.79615,59.92259,40.985115,27.874527,51.744244,30.21527,17.768192,34.880142,39.91807,81.29262,69.74236,108.14913,97.38959,108.974014,58.607834,40.20548,25.929989,52.29847,29.050322,17.867458,33.40734,38.32493,82.23889,69.91498,2.7144089,0.7070236,0.8221359,1.3147545,0.7796364,1.9445381,0.5542259,1.1649475,0.09926605,1.4728012,1.5931435,0.9462738,0.17261505,102.43956,113.8587,91.131256,103.64792,104.9661,112.981926,55.304577,61.91109,37.64019,42.770767,24.402826,27.457151,50.29807,54.29887,27.32067,30.779974,16.764214,18.970703,30.651821,36.16286,36.75421,39.895645,79.48066,84.99712,67.91261,71.91734
5JaS2hAYXC2DN2pVXkPx9B-NfsTXYr5dcLdE7mBHs0Y,1,115.26729,99.67972,108.47039,52.562546,37.58842,26.057915,51.970337,27.330956,17.598356,29.909132,38.90569,83.66138,70.135925,111.344345,102.93736,108.18045,55.569668,39.671192,26.117924,52.931274,28.900234,18.386673,32.2674,38.884716,83.228,71.68457,3.922943,3.2576447,0.28993988,3.007122,2.0827713,0.060009003,0.9609375,1.5692787,0.7883167,2.3582668,0.020973206,0.43338013,1.548645,105.63477,117.05392,96.67903,109.195694,104.17254,112.18836,52.26641,58.872925,37.105904,42.23648,24.590761,27.645086,50.930874,54.931675,27.170582,30.629887,17.283428,19.489918,29.511879,35.02292,37.314,40.455433,80.469765,85.98623,69.682205,73.686935
IMYB0pKXccbzfVl-qVe3NgiNYe8JtTigArh8EfOW-gk,2,108.25954,92.5994,108.001396,59.984917,42.356052,27.339108,51.289227,31.114923,18.415642,35.284996,39.203453,82.30588,69.36925,107.752884,95.999374,107.44586,58.137455,41.55008,26.59948,52.13103,29.256523,18.074924,33.14772,38.64337,81.944244,70.937164,0.50665283,3.399971,0.55553436,1.8474617,0.80597305,0.73962784,0.8418045,1.8584003,0.34071732,2.1372757,0.5600815,0.3616333,1.5679169,102.04331,113.462456,89.74104,102.257706,103.43795,111.45377,54.834198,61.440712,38.98479,44.115368,25.072317,28.126642,50.13063,54.13143,27.52687,30.986176,16.97168,19.17817,30.3922,35.90324,37.072655,40.21409,79.18601,84.70248,68.9348,72.93953
CCHsOEZmSYbVoB3ecu47M09hpz0wKo9-Pm2qTUlzAJA,1,93.04376,84.200584,102.21559,57.582153,41.070625,23.043915,45.350925,25.315922,15.628654,32.282715,33.173866,71.10526,59.62885,101.03014,85.55479,103.71883,55.980087,36.952217,23.114641,46.479023,26.565096,16.843807,31.733238,33.845943,73.659744,58.744194,7.9863815,1.3542023,1.5032349,1.602066,4.118408,0.070726395,1.1280975,1.2491741,1.2151537,0.5494766,0.6720772,2.5544815,0.884655,95.32057,106.739716,79.296455,91.81312,99.710915,107.72674,52.67683,59.283344,34.38693,39.517506,21.587479,24.641804,44.478622,48.479424,24.835443,28.294748,15.740562,17.947052,28.977718,34.488758,32.275227,35.41666,70.90151,76.41798,56.74183,60.74656
r07mJnfLAzgEyz5m_Y10pk_bmMwES4T4UiAqeD8petY,2,108.29142,102.24444,102.47294,51.02812,37.720284,24.222935,46.853966,27.376085,17.466204,31.093641,36.832664,73.304535,63.440933,108.947235,100.300865,102.516785,52.334953,37.524513,24.000324,47.13777,27.270557,16.95066,31.107193,37.049145,73.30029,64.98601,0.6558151,1.943573,0.04384613,1.3068352,0.19577026,0.22261047,0.28380585,0.10552788,0.515543,0.013551712,0.21648026,0.0042419434,1.5450745,103.23766,114.65681,94.042534,106.5592,98.50887,106.5247,49.031696,55.63821,34.959225,40.0898,22.473162,25.527487,45.13737,49.138172,25.540905,29.00021,15.847416,18.053905,28.351673,33.862713,35.478428,38.61986,70.54206,76.058525,62.983643,66.98837
59bc276b681516389ccf478d,8,103.386604,102.42408,108.49655,53.009354,37.16665,24.419266,49.741375,26.96902,18.168207,28.674313,36.21862,79.98153,64.743256,109.594986,99.57877,105.14088,54.370037,37.29079,24.384878,50.481342,28.29709,17.69809,32.47057,37.58656,78.935196,66.06651,6.2083817,2.8453064,3.3556747,1.3606834,0.12414169,0.03438759,0.73996735,1.3280697,0.47011757,3.796257,1.367939,1.0463333,1.3232574,103.885414,115.30456,93.32044,105.837105,101.132965,109.14879,51.06678,57.673294,34.725502,39.85608,22.857716,25.91204,48.48094,52.481743,26.567438,30.026743,16.594845,18.801334,29.71505,35.22609,36.015842,39.157276,76.17696,81.69343,64.06415,68.06888
76mo2dUguqyOIGL4bac3EyH7z3vFLMknog1q_Q5RMio,2,113.82223,107.43442,111.86265,56.01102,37.35758,25.390263,55.274776,28.134167,17.509048,33.241745,38.399433,87.910286,74.55843,111.82208,104.180374,111.23184,56.679,38.293148,25.829819,55.761208,28.191032,17.865253,31.840668,38.71443,88.363014,72.63959,2.000145,3.2540436,0.63080597,0.6679802,0.93556976,0.43955612,0.48643112,0.056865692,0.356205,1.4010773,0.31499863,0.45272827,1.9188461,106.11251,117.531654,97.92204,110.438705,107.22393,115.23975,53.375744,59.982258,35.72786,40.858437,24.302656,27.356981,53.760807,57.76161,26.46138,29.920685,16.762009,18.968498,29.085148,34.596188,37.143715,40.28515,85.60478,91.12125,70.63722,74.64195
___N-yQ2K98VMoiVyAIsDEB-mM-r-eIaMuX0ihKxeyo,1,102.23241,92.627625,103.33675,55.18524,36.29051,24.378937,46.68394,24.675066,15.732963,29.311142,32.61622,77.234146,61.95276,103.40548,92.75773,107.074875,56.094685,37.13856,23.30947,47.925434,25.755138,16.408588,30.597122,34.04304,76.58548,61.938984,1.1730728,0.13010406,3.7381287,0.9094429,0.848053,1.0694675,1.2414932,1.0800724,0.6756258,1.2859802,1.4268227,0.6486664,0.013774872,97.69591,109.11505,86.4994,99.01606,103.06696,111.08279,52.791428,59.39794,34.573273,39.70385,21.782307,24.836632,45.925034,49.925835,24.025486,27.48479,15.305344,17.511833,27.841602,33.352642,32.472324,35.613758,73.82725,79.34371,59.93662,63.94135
5IsuENU7QwftIF-Xu6ZQmn_xfRc2LVyd5V2-puckUkg,1,112.07606,97.01001,102.709915,54.6351,38.08449,24.472677,47.720207,28.21146,16.583141,32.279377,38.060177,73.94728,64.315506,107.233,93.93205,100.94751,53.606853,37.92607,24.229702,48.148685,28.399939,17.422417,32.56482,37.361553,74.89704,64.060295,4.8430557,3.0779572,1.7624054,1.0282478,0.15842056,0.24297523,0.42847824,0.18847847,0.83927536,0.28544235,0.69862366,0.94976044,0.25521088,101.52343,112.94257,87.67372,100.190384,96.9396,104.95542,50.303596,56.91011,35.360783,40.49136,22.70254,25.756865,46.148285,50.149086,26.670286,30.129591,16.319172,18.525661,29.8093,35.32034,35.790836,38.93227,72.13881,77.65527,62.05793,66.06266
ruUChlhWH6x7TjiSLy_KREcgFsU0wQEcCf25PKt10OA,1,111.262794,102.22322,108.04463,53.651268,39.91378,24.98291,52.7676,26.92726,17.67804,32.515297,38.544037,82.05186,72.09821,109.88866,102.70184,108.357346,55.36779,38.585613,25.301855,52.788204,27.678568,17.474558,31.266222,37.88179,83.24022,70.160446,1.3741379,0.47862244,0.31271362,1.7165222,1.328167,0.31894493,0.02060318,0.75130844,0.20348167,1.2490749,0.6622467,1.1883621,1.937767,104.179085,115.59823,96.44351,108.960175,104.349434,112.36526,52.064533,58.671047,36.020325,41.1509,23.774693,26.829018,50.787804,54.788605,25.948915,29.40822,16.371313,18.577803,28.510702,34.021744,36.311073,39.452507,80.48199,85.99845,68.15808,72.16281
iFpd5co3UXPjUAe6mbPsoFh9aAhq2rYS3p58myDMEPQ,2,103.09992,86.22276,103.08093,56.387623,34.313503,21.259306,42.42624,24.067434,15.131959,26.55659,33.26833,68.92394,58.46864,98.78408,86.07161,101.648636,53.82747,35.895634,22.218159,44.029556,24.75455,15.685947,29.538654,32.83899,69.32188,57.430122,4.3158417,0.15115356,1.4322968,2.560154,1.5821304,0.95885277,1.6033173,0.6871166,0.55398846,2.9820652,0.42934036,0.39793396,1.038517,93.07451,104.49365,79.81328,92.32994,97.640724,105.65655,50.52421,57.130726,33.330345,38.460922,20.690996,23.745321,42.029156,46.029957,23.024899,26.484203,14.582703,16.789192,26.783134,32.294174,31.268272,34.409706,66.563644,72.08011,55.427757,59.432487
4rLp86ErZXEGFqDlzaE7zpMB5EAFQ5C1CA_-OXzfMMg,4,103.93542,93.64169,105.20242,53.888454,39.8185,24.962528,49.37599,26.942413,17.353197,32.299484,36.645958,76.34102,67.554855,106.97656,98.63425,104.97366,54.817123,38.83275,24.73624,49.56021,27.359377,17.00698,31.162336,37.225296,77.24646,66.99527,3.0411453,4.9925537,0.22875977,0.928669,0.9857521,0.22628784,0.18421936,0.41696358,0.3462162,1.1371479,0.5793381,0.9054413,0.5595856,101.26699,112.686134,92.375916,104.89258,100.96575,108.981575,51.513866,58.12038,36.26746,41.398037,23.209078,26.263403,47.55981,51.56061,25.629725,29.08903,15.903736,18.110226,28.406816,33.917854,35.65458,38.796013,74.48823,80.00469,64.992905,68.997635
VbArPJgfiazy--dHRifBZpNMtFsJ4sL_Yb5YGRMn70E,1,91.780426,82.37077,105.73388,55.921417,36.726963,23.670454,45.698284,24.588707,16.021252,29.329176,34.291275,69.953316,56.895283,97.40567,85.21132,102.91705,54.832115,35.903366,22.184616,44.46034,24.511164,15.513733,29.488173,32.598988,69.95519,57.708572,5.625244,2.8405457,2.8168259,1.0893021,0.82359695,1.4858379,1.2379456,0.07754326,0.50751877,0.15899658,1.6922874,0.001876831,0.81328964,91.6961,103.11524,78.95299,91.46965,98.90914,106.924965,51.52886,58.135372,33.338078,38.468655,20.657454,23.711779,42.459938,46.46074,22.781511,26.240816,14.410488,16.616978,26.732653,32.24369,31.02827,34.169704,67.19696,72.713425,55.706207,59.710938
0LE2aj67f6O62tt6mzfTs8MDHtjuLkfVeCRgMRPRmfg,2,110.59177,101.063286,111.42026,56.92919,41.16471,27.22578,54.950703,30.384787,19.441227,32.50378,39.305836,89.0163,71.49018,110.23993,99.247574,109.53662,57.29796,39.359592,26.488281,56.092937,29.174719,18.406502,32.55835,39.33657,88.817825,73.435844,0.35183716,1.815712,1.8836365,0.36876678,1.8051186,0.73749924,1.1422348,1.2100677,1.0347252,0.054569244,0.030735016,0.19847107,1.9456635,104.53036,115.9495,92.98924,105.505905,105.52871,113.54453,53.9947,60.601215,36.794304,41.92488,24.961119,28.015444,54.092537,58.093338,27.445066,30.904371,17.303257,19.509747,29.80283,35.31387,37.765854,40.907288,86.05959,91.57606,71.43348,75.43821
NT9pVYCYjVJUv93rGE-RcIZ1SXERnAOVnaUgOW501eg,2,104.06861,101.56963,101.99385,54.664795,39.83183,24.933376,48.751167,27.053167,16.813108,29.472649,37.997128,75.80954,68.07764,106.65128,96.826965,103.91231,54.81462,39.741554,25.249012,49.16707,27.851982,17.274069,31.569359,37.543903,76.80403,67.76314,2.582672,4.742668,1.918457,0.14982605,0.09027481,0.31563568,0.41590118,0.7988148,0.4609604,2.0967102,0.45322418,0.9944916,0.3144989,100.94171,112.360855,90.568634,103.0853,99.904396,107.92022,51.511364,58.117878,37.176266,42.306843,23.72185,26.776175,47.166668,51.16747,26.12233,29.581635,16.170824,18.377314,28.813839,34.32488,35.973186,39.11462,74.0458,79.56226,65.76077,69.7655
59bc2763681516389ccf447a,1,97.71895,83.663086,105.029495,55.331753,37.237625,22.932028,46.33584,25.106127,16.731533,29.647137,32.67204,72.64736,60.98873,99.11709,87.65155,103.654335,55.361794,36.55595,22.720392,46.897224,25.106108,15.689252,29.816925,33.487946,74.351746,59.462288,1.39814,3.9884644,1.3751602,0.030040741,0.68167496,0.21163559,0.5613861,1.9073486e-05,1.0422812,0.16978836,0.8159065,1.7043839,1.5264435,93.40752,104.82666,81.39322,93.90988,99.64642,107.66225,52.058537,58.66505,33.99066,39.12124,21.19323,24.247555,44.896824,48.897625,23.376455,26.83576,14.586007,16.792496,27.061405,32.572445,31.917229,35.058662,71.59351,77.10998,57.459923,61.464653
05QGDWJaVnG3hO2Zc44lxI6oajSeypzBye5n7HiDOyE,3,112.509514,107.33689,104.47759,53.316383,36.326733,23.413912,52.99418,28.20076,17.590448,33.265087,38.182682,82.27184,67.319046,109.30975,100.255066,105.33011,54.198246,37.44739,24.713202,52.036175,27.837671,17.283005,31.674385,37.92246,81.70461,68.20319,3.1997604,7.0818253,0.8525162,0.88186264,1.1206589,1.2992897,0.958004,0.3630886,0.30744362,1.590702,0.2602234,0.5672302,0.88414764,103.60018,115.019325,93.996735,106.5134,101.3222,109.33802,50.89499,57.501503,34.882103,40.01268,23.186039,26.240364,50.035774,54.036575,26.108019,29.567324,16.17976,18.38625,28.918865,34.429905,36.35174,39.493176,78.94638,84.462845,66.20083,70.20556
Vf7Yx7KhVWQ4JpCSpF5g5eBpDiVa3guZqMhUyzJfvnA,1,95.301384,84.77787,103.05853,56.491375,38.527485,22.89778,43.128105,24.880852,15.444792,32.829723,34.27199,72.24242,62.05325,98.70118,85.89825,103.502014,55.857494,38.032772,23.486376,46.290363,25.93227,16.403265,30.650059,33.718567,73.454346,60.02162,3.3997955,1.1203766,0.44348145,0.6338806,0.49471283,0.58859634,3.1622581,1.0514183,0.9584732,2.1796646,0.55342484,1.2119293,2.0316277,92.99161,104.41075,79.639915,92.15658,99.4941,107.509926,52.554237,59.16075,35.467484,40.59806,21.959213,25.013538,44.289963,48.290764,24.202618,27.661922,15.30002,17.50651,27.894539,33.40558,32.14785,35.289284,70.69611,76.21258,58.019257,62.023987
nVpOVrjB1lX9c-PX6KRkqdy4OFCNZVUXPMt0NrbfYcE,1,85.48541,70.44599,87.85273,43.425987,35.877598,24.330585,52.060585,23.920977,16.883873,23.753988,35.074932,82.640236,67.33335,88.10385,71.639565,89.518295,45.413128,33.88298,24.381134,52.28353,23.787766,15.916914,25.615759,35.256477,82.21322,66.40388,2.6184387,1.193573,1.6655655,1.9871407,1.9946175,0.050548553,0.22294617,0.13321114,0.966959,1.8617706,0.18154526,0.4270172,0.9294739,82.39428,93.81342,65.38123,77.897896,85.51038,93.52621,42.10987,48.716385,31.317692,36.44827,22.853971,25.908297,50.28313,54.28393,22.058113,25.517418,14.813669,17.020159,22.860239,28.371279,33.68576,36.827194,79.45499,84.97145,64.40151,68.40624
foAXsyM76uW2KP7tYzPGq3CpbaAb0YYl-0ByjoGVKrA,1,112.719925,88.94255,107.428375,59.382706,39.741337,26.739323,55.456398,32.27192,19.203655,36.36891,38.69582,91.32982,70.77565,108.995,95.83582,109.3106,58.634487,39.884598,26.625212,55.512802,29.599293,18.357296,33.406345,39.297688,88.09404,73.31128,3.7249222,6.8932724,1.882225,0.74821854,0.14326096,0.11411095,0.056404114,2.6726265,0.84635925,2.9625664,0.6018677,3.2357788,2.5356293,103.28543,114.704575,89.57749,102.094154,105.30269,113.31851,55.33123,61.937744,37.31931,42.449886,25.09805,28.152374,53.5124,57.513203,27.86964,31.328945,17.254051,19.46054,30.650826,36.161865,37.72697,40.868404,85.33581,90.85227,71.308914,75.313644
D0eXN6wb19lyHGlE8OOTBR6Xn7qPtrQIW_vZqXHps2E,3,107.98341,96.58183,107.907135,53.8714,38.51833,24.298351,53.781624,26.57863,16.899178,30.884047,39.012917,83.27845,69.95185,108.358025,97.63384,105.663826,55.48883,38.081356,25.111315,52.69649,28.327372,17.389368,32.181522,38.448505,82.451225,69.59379,0.3746109,1.0520096,2.243309,1.6174316,0.43697357,0.8129635,1.0851326,1.7487411,0.4901905,1.2974758,0.56441116,0.82722473,0.35806274,102.64845,114.0676,91.37551,103.89217,101.655914,109.67174,52.185574,58.792088,35.516068,40.646645,23.584152,26.638477,50.69609,54.69689,26.59772,30.057024,16.286123,18.492613,29.426003,34.937042,36.87779,40.019222,79.69299,85.20946,67.59142,71.59615
me6W9DDi6oFf_-XnSWBG6DodoIp9UmCyc4sX73d9NUk,17,102.241585,87.63987,105.506386,54.53191,36.29743,21.475498,42.06916,23.983955,15.621632,27.493925,33.199085,68.989845,60.496582,98.689415,87.335556,103.77907,55.29532,37.06894,22.652197,44.534695,24.827168,15.608425,29.749592,32.975677,70.48222,58.923214,3.5521698,0.30431366,1.7273178,0.76340866,0.7715111,1.1766987,2.4655342,0.8432121,0.013206482,2.2556667,0.22340775,1.4923782,1.5733681,92.97984,104.39899,81.077225,93.59389,99.77116,107.78698,51.99206,58.598576,34.50365,39.634228,21.125034,24.17936,42.534294,46.535095,23.097515,26.55682,14.50518,16.71167,26.994072,32.50511,31.40496,34.546394,67.72399,73.240456,56.92085,60.92558
oHv-WsmLya2pGjXGy7Mwj9Zcw_Wh1D7VjiZDysIuTL4,7,104.72886,98.59309,108.24613,58.210106,40.65252,26.663021,50.39827,26.99121,18.151455,31.82593,35.840496,82.59359,73.082664,107.88738,99.145226,108.10183,56.078125,40.272526,26.436815,53.71332,28.114635,18.065428,31.160933,38.279243,84.73217,71.96651,3.1585236,0.5521393,0.14430237,2.131981,0.37999344,0.22620583,3.315052,1.1234245,0.086027145,0.6649971,2.4387474,2.1385803,1.1161575,102.17781,113.596954,92.886894,105.40356,104.09392,112.10974,52.774868,59.381382,37.707237,42.837814,24.909653,27.963978,51.71292,55.713722,26.384983,29.844288,16.962183,19.168673,28.405413,33.91645,36.708527,39.84996,81.97394,87.4904,69.96414,73.96887
TW6ZaAGWau_uKoWlAo0V68CkLwuOtK7LynFsYNKLZNo,2,112.18412,104.209045,109.68788,54.159115,38.61452,26.167418,54.14206,28.040785,17.369167,30.582558,38.81147,86.50148,72.831314,110.56592,100.80134,109.077194,56.381844,39.191803,26.261288,55.52695,28.499998,17.947872,31.814804,38.98796,87.93999,73.10855,1.6182022,3.4077072,0.61068726,2.2227287,0.57728195,0.09387016,1.3848915,0.45921326,0.57870483,1.2322464,0.17649078,1.4385071,0.27723694,104.856346,116.27549,94.54301,107.05967,105.06928,113.085106,53.078587,59.6851,36.626514,41.75709,24.734125,27.78845,53.52655,57.52735,26.770346,30.22965,16.844627,19.051117,29.059284,34.570324,37.417244,40.558678,85.181755,90.69822,71.106186,75.110916
dfAi3WWpAhDCTklcMbrId_SBtZBCRCiJz-E2GUW5kbU,2,106.67541,99.81414,106.10041,56.326183,35.89168,23.104618,48.809532,30.823149,17.473024,34.413567,36.677097,77.18961,66.5158,105.19629,92.315315,104.48475,56.35919,38.3668,24.790663,50.229668,28.47025,17.265991,32.948776,37.53921,78.68099,67.31065,1.4791183,7.498825,1.6156616,0.033008575,2.4751167,1.6860447,1.4201355,2.3528996,0.20703316,1.4647903,0.86211395,1.4913788,0.7948532,99.48672,110.90586,86.056984,98.57365,100.47684,108.49266,53.055935,59.66245,35.80151,40.932087,23.2635,26.317825,48.229267,52.23007,26.740597,30.199902,16.162746,18.369236,30.193256,35.704296,35.968494,39.10993,75.92276,81.439224,65.30829,69.31302
n4BK7cRJclRIbsDzzYnvMCsuAwJrnvrM8RS8dgUrkyQ,1,107.78979,93.46137,110.765236,58.76112,40.286133,26.543072,54.1899,29.303291,18.526823,31.516472,39.151306,85.54441,73.78053,108.09012,97.252205,108.25416,56.810253,39.847485,26.660133,55.60399,28.706877,18.264763,31.799885,39.061707,87.77126,73.19404,0.30033112,3.7908325,2.511078,1.9508667,0.43864822,0.117061615,1.4140892,0.59641457,0.26206017,0.28341293,0.08959961,2.2268524,0.58649445,102.38055,113.79969,90.99387,103.51054,104.24625,112.26207,53.506996,60.11351,37.282196,42.412773,25.13297,28.187296,53.60359,57.60439,26.977224,30.43653,17.161518,19.368008,29.044365,34.555405,37.49099,40.632423,85.01303,90.529495,71.19167,75.1964
VcmahEYVpQrUE-nues0J-16TIGPVG1bCIpDG8YOLRSI,1,89.758385,78.49636,103.83753,56.39836,37.721203,24.394684,44.165905,25.168592,16.083628,28.935047,32.503433,69.01102,57.751717,95.77013,83.77204,102.80181,55.652287,38.173107,23.120155,44.77792,24.997936,15.8280525,29.585157,32.864468,70.80614,58.866318,6.0117416,5.2756805,1.0357208,0.7460747,0.4519043,1.2745285,0.6120148,0.1706562,0.25557518,0.65011024,0.3610344,1.7951202,1.1146011,90.060555,101.4797,77.51371,90.03037,98.7939,106.80972,52.34903,58.955544,35.60782,40.738396,21.592993,24.647318,42.77752,46.77832,23.268284,26.727589,14.724808,16.931297,26.829638,32.340675,31.29375,34.435184,68.047905,73.56437,56.863953,60.868683
3jiT5VXoF7XsjFrpxd7yjRdPORLXRC9yl-frqqzegzU,1,109.07734,92.969185,106.472305,56.26471,39.77256,25.67556,53.282867,28.325567,18.55751,31.910753,39.046284,86.152176,69.81909,109.39967,99.71861,107.39918,55.073303,38.19437,25.54539,54.585213,28.179539,18.048119,31.52783,38.11375,86.519295,70.44866,0.3223343,6.749428,0.92687225,1.1914062,1.5781898,0.13017082,1.3023453,0.14602852,0.5093918,0.38292313,0.93253326,0.36711884,0.62957,103.6901,115.109245,93.46028,105.976944,103.391266,111.40709,51.770046,58.37656,35.62908,40.75966,24.018227,27.072552,52.584812,56.585613,26.449886,29.909191,16.944874,19.151363,28.77231,34.283348,36.543034,39.684467,83.76106,89.27753,68.4463,72.45103
THEwqU40js1n9THdzHKyVX6jgnrohfzOOWqALF-UYFA,2,101.782074,81.71567,100.28188,53.05687,37.670544,22.778587,45.405804,26.050995,16.047882,29.324492,33.281273,70.505974,62.35364,98.51289,86.1264,101.59274,54.63169,38.144886,23.133942,45.336044,25.336987,15.888823,29.659512,33.64147,71.62775,59.91171,3.2691803,4.410736,1.3108597,1.5748215,0.47434235,0.3553543,0.06975937,0.71400833,0.15905952,0.33502007,0.36019897,1.1217728,2.4419327,92.80332,104.222466,79.86807,92.384735,97.58483,105.600655,51.328434,57.934948,35.579597,40.710175,21.60678,24.661104,43.335644,47.336445,23.607334,27.066639,14.785578,16.992067,26.903992,32.41503,32.070755,35.21219,68.869514,74.38598,57.909344,61.914074
3dexwlFNR0_Q_g3P3X6qYvlJDqalSsaRUSW0Gb9ARxM,1,110.75081,105.711784,105.35796,55.198685,38.27287,25.786667,51.324535,26.146296,16.986887,29.803297,39.29878,81.7807,65.8707,108.29245,98.449425,102.78346,53.03653,38.663708,25.037184,50.114704,27.97266,17.595734,31.451239,37.609604,78.729965,67.11465,2.4583588,7.2623596,2.574501,2.1621552,0.39083862,0.7494831,1.2098312,1.8263645,0.60884666,1.6479416,1.6891747,3.0507355,1.2439499,102.58288,114.00202,92.19109,104.707756,98.77555,106.791374,49.733273,56.339787,36.09842,41.228996,23.510021,26.564346,48.114304,52.115105,26.243008,29.702312,16.492489,18.698978,28.695719,34.206757,36.038887,39.18032,75.97173,81.4882,65.11228,69.11701
M9VAAnHg45vZQEy5PFtkbS_mlS0KKYpuUVM_rbe3jXA,1,109.96044,96.1775,103.99135,53.42824,39.54016,25.988958,51.542072,28.087437,18.344107,31.074608,38.75965,80.861015,71.916954,107.63767,98.639145,106.51225,54.793472,38.778915,25.704376,53.52556,28.018633,17.983492,31.126465,38.11375,84.28434,70.56102,2.3227692,2.461647,2.5209045,1.3652306,0.7612457,0.28458214,1.9834862,0.06880379,0.36061478,0.051856995,0.6459007,3.4233246,1.3559341,101.9281,113.347244,92.38081,104.89748,102.50434,110.520164,51.490215,58.09673,36.213627,41.344204,24.177214,27.231539,51.525158,55.52596,26.28898,29.748285,16.880247,19.086737,28.370945,33.881985,36.543034,39.684467,81.52611,87.04257,68.558655,72.563385
qO2JJJ3Ee8e_vihSLCUd_lLPfQfBkBsw3tFVMmy94MI,6,91.28644,84.19041,103.57152,57.369015,37.126026,23.298073,47.791798,25.692978,16.150124,29.110115,33.422047,75.50958,58.986794,96.43334,84.617615,103.322845,55.5363,37.066185,23.050158,47.230267,25.16966,15.951675,29.607374,33.291515,75.092255,60.149853,5.146904,0.42720795,0.24867249,1.8327141,0.059841156,0.24791527,0.56153107,0.52331734,0.19844818,0.49725914,0.13053131,0.41732788,1.1630592,90.72377,102.142914,78.35928,90.875946,99.31493,107.33076,52.233044,58.839558,34.500896,39.631474,21.522995,24.57732,45.229866,49.230667,23.440008,26.899313,14.848431,17.05492,26.851854,32.362892,31.720798,34.862232,72.33402,77.85049,58.147488,62.152218
bMHM7SdGME-vAeg4QMc9bvY3jgg3t360D0VHzjHE3jI,1,114.3901,86.46251,102.34955,54.731712,38.048573,26.21054,52.594395,30.108883,18.491638,32.620853,39.7996,82.44,67.26575,106.60913,92.546745,104.19546,55.81885,37.025673,24.540695,52.500496,28.985418,17.711033,33.358597,38.06548,82.31592,67.09511,7.7809677,6.084236,1.8459091,1.0871391,1.0228996,1.6698456,0.09389877,1.1234646,0.7806053,0.7377434,1.7341194,0.12408447,0.17063904,100.89956,112.3187,86.288414,98.80508,100.187546,108.20337,52.515594,59.12211,34.460384,39.59096,23.013533,26.067858,50.500095,54.500896,27.255766,30.71507,16.607788,18.814278,30.603077,36.114117,36.494762,39.636196,79.557686,85.07415,65.09274,69.09747
OAbrCqaAW3pJE5CZ4IQFZbVuacN5J6rhE7eBJqme8HA,1,113.7863,96.16659,112.37951,50.55071,35.36827,23.762625,50.029804,23.651894,15.954693,26.089796,33.339046,81.24213,64.67059,102.266464,92.72175,107.63749,55.7389,35.480423,23.013552,50.73257,25.053375,15.991454,29.64683,34.163715,81.474754,63.576683,11.519836,3.4448395,4.7420197,5.1881905,0.1121521,0.749073,0.7027664,1.4014816,0.036761284,3.5570335,0.8246689,0.23262787,1.0939102,96.55689,107.976036,86.46342,98.98008,103.62958,111.6454,52.435642,59.042156,32.915134,38.04571,21.48639,24.540714,48.73217,52.73297,23.323723,26.783028,14.888209,17.0947,26.89131,32.40235,32.593,35.734432,78.71652,84.23299,61.574318,65.57905
wtG3VS1hbhCZ1uA_tfz0jjFmWwxHJlmT38Kf-6if8kM,1,106.992615,99.496346,103.446304,53.44768,38.213703,26.01489,51.732437,26.559664,16.621517,30.952835,38.078545,78.901886,70.265785,107.85968,100.536385,106.43855,54.359566,37.76157,24.789974,51.401535,27.189428,17.070276,30.832527,37.387028,80.78397,68.919655,0.8670654,1.0400391,2.9922485,0.9118843,0.45213318,1.2249165,0.3309021,0.62976456,0.44875908,0.12030792,0.6915169,1.8820877,1.3461304,102.15011,113.56925,94.27805,106.794716,102.43064,110.446465,51.05631,57.662823,35.19628,40.32686,23.262812,26.317137,49.401134,53.401936,25.459776,28.91908,15.9670315,18.173521,28.077007,33.588047,35.81631,38.957745,78.02574,83.542206,66.91729,70.92202
bzAAtfEYTvcUwHDx_a0yjF5OQfTSli80mnRsIYujCns,2,98.3266,83.868164,103.3507,53.741573,35.61741,23.375404,49.597153,24.73315,15.934647,28.163506,34.239063,77.0441,59.4763,98.49041,86.14685,102.7473,54.33204,34.335304,21.977842,47.959236,24.672745,15.504553,29.441422,33.126595,76.46628,58.805252,0.16381073,2.2786865,0.6034012,0.59046555,1.2821045,1.397562,1.6379166,0.06040573,0.43009377,1.277916,1.1124687,0.5778198,0.6710472,92.78084,104.19998,79.88852,92.40518,98.73939,106.75521,51.02878,57.635296,31.770016,36.900593,20.45068,23.505005,45.958836,49.959637,22.943092,26.402397,14.401308,16.607798,26.685902,32.19694,31.555878,34.69731,73.708046,79.22451,56.802887,60.807617
9XOBx08BW9pET4ZXxgXqQtDDuEo5bdVjbEiOOJqJ4_A,2,100.206,83.11993,97.75823,55.49673,35.513012,22.619421,47.94081,25.99169,15.752787,30.534649,34.112904,78.55546,58.778248,99.53862,86.51239,101.77002,54.202408,35.756844,22.574272,47.97692,25.29676,15.684112,29.808968,33.773537,76.527405,59.86408,0.6673813,3.3924637,4.0117874,1.294323,0.24383163,0.04514885,0.036109924,0.6949291,0.06867504,0.7256813,0.3393669,2.0280533,1.0858307,93.82905,105.24819,80.25406,92.77072,97.76211,105.77793,50.89915,57.505665,33.191555,38.322132,21.04711,24.101435,45.97652,49.97732,23.567108,27.026413,14.580867,16.787357,27.053448,32.564487,32.20282,35.344254,73.76917,79.28564,57.861713,61.866444
B_HmsIJRHhy2Nz0cI3egjmWuu1BAEsxE__E_yjjxaXg,1,100.13676,91.61695,104.12857,57.952538,41.154827,23.945683,54.622753,25.437603,17.407034,29.31791,34.14016,89.45519,63.75101,102.75913,91.83119,105.86365,55.03999,37.453545,24.353334,53.18911,26.088104,16.842247,29.59809,35.19782,85.86397,65.7212,2.6223755,0.21424103,1.7350769,2.912548,3.7012825,0.4076519,1.4336433,0.65050125,0.5647869,0.28017998,1.0576591,3.5912247,1.9701881,97.04956,108.468704,85.57286,98.08952,101.855736,109.87156,51.736732,58.343246,34.888256,40.018833,22.826172,25.880497,51.18871,55.18951,24.358452,27.817757,15.739002,17.945492,26.84257,32.353607,33.6271,36.768536,83.105736,88.6222,63.718834,67.723564
6EfPJh7fgmLut392y-qHjFx3U4_cr7FzqXv9xXBfIn0,2,106.299324,90.49811,103.57019,55.33392,36.298393,25.546827,52.363037,28.581285,17.784935,30.727686,39.798965,81.66397,68.580185,107.21192,95.402405,104.27162,54.884083,37.631237,24.983883,52.19156,28.468222,17.452894,32.36538,38.26459,81.89656,69.085754,0.91259766,4.904297,0.7014313,0.44983673,1.3328438,0.5629444,0.17147827,0.11306381,0.3320408,1.6376934,1.5343742,0.23258972,0.50556946,101.50235,112.92149,89.14407,101.660736,100.26371,108.27953,51.580826,58.18734,35.06595,40.196526,23.45672,26.511045,50.19116,54.19196,26.73857,30.197874,16.34965,18.556139,29.60986,35.1209,36.693874,39.835308,79.13833,84.65479,67.08339,71.08812
kxH9CwuvoCoy93lDhjDtkA6vwDpKxRo1t6KirECKe5k,6,110.7925,87.590225,103.31786,55.979347,39.627674,28.30338,53.649822,28.420143,17.731096,31.210896,39.203545,83.06028,72.333664,107.06485,94.27033,105.48734,56.065815,38.63183,25.695185,53.700073,28.747442,17.73845,32.490215,38.556667,84.722855,70.61313,3.7276535,6.680107,2.1694794,0.08646774,0.9958458,2.6081944,0.050251007,0.32729912,0.007352829,1.2793198,0.6468773,1.6625748,1.7205353,101.35528,112.77442,88.012,100.52866,101.47943,109.495255,52.762558,59.369072,36.06654,41.197117,24.168022,27.222347,51.699673,55.700474,27.01779,30.477095,16.635204,18.841694,29.734695,35.245735,36.98595,40.127384,81.96462,87.48109,68.61076,72.61549
b8QMVZASbEi0rhVc6keOvzhxxr-kWjjm6k2WH7f9jVI,1,106.79649,95.36064,106.628944,55.55701,38.99236,24.279953,52.897953,26.846563,17.083712,31.46257,37.971817,83.37722,68.318954,107.81753,97.5924,104.99147,54.403706,37.706287,25.101513,53.15138,28.172777,17.74408,31.692455,38.08425,83.59478,69.04178,1.0210342,2.231758,1.6374741,1.153305,1.2860718,0.8215599,0.2534256,1.3262138,0.66036797,0.2298851,0.11243439,0.21755981,0.7228241,102.107956,113.5271,91.33407,103.85073,100.98356,108.99938,51.10045,57.706963,35.141,40.271576,23.57435,26.628675,51.150978,55.15178,26.443125,29.90243,16.640835,18.847324,28.936935,34.447975,36.513535,39.65497,80.83655,86.35301,67.03941,71.04414
hiLbPtVcyMMB3zUdzjdhu-M78PXMUByh506hkZpqzgY,10,105.71251,98.85813,101.81892,52.909473,38.35637,24.574085,50.460514,25.307405,16.045486,31.762398,37.171154,81.77748,64.62147,106.67798,97.62086,103.935936,53.57467,38.093254,24.948708,51.119564,27.546429,17.429688,30.944952,37.46969,80.17767,68.00665,0.96546936,1.2372742,2.1170197,0.66519547,0.26311493,0.37462234,0.65905,2.2390232,1.384201,0.81744576,0.2985344,1.5998077,3.3851852,100.96841,112.38755,91.362526,103.87919,99.928024,107.94385,50.27141,56.877926,35.527966,40.658543,23.421545,26.47587,49.119164,53.119965,25.816776,29.276081,16.326443,18.532932,28.189432,33.70047,35.89897,39.040405,77.41944,82.935905,66.00429,70.00902
SBAJJtSt30mW6d7I0tcNAfCArXRNzOABCb1TY4qq9N4,2,103.761536,101.319016,98.47739,49.132202,37.29818,24.920128,47.182995,26.638435,17.535578,28.785824,35.787086,74.32109,66.71407,105.07616,94.161026,100.32962,52.308968,37.459503,24.256008,48.585754,27.409153,16.960667,30.988697,37.169147,75.64284,65.64854,1.314621,7.1579895,1.8522339,3.1767654,0.16132355,0.6641197,1.4027596,0.7707176,0.5749111,2.2028732,1.382061,1.3217468,1.0655365,99.366585,110.78573,87.902695,100.41936,96.32171,104.33753,49.00571,55.612225,34.894215,40.02479,22.728846,25.78317,46.585354,50.586155,25.6795,29.138805,15.857422,18.063911,28.233177,33.744217,35.59843,38.739864,72.884605,78.40107,63.64617,67.6509
jnqncBOcs5waiY4OSoenSOGEQFHVoxdQNVbP4Hu1d3g,2,104.76899,93.45332,104.813675,56.06823,35.833252,26.575453,50.08794,26.152082,17.329304,30.27039,37.160866,79.09844,66.887,105.27147,95.3975,104.11868,54.233463,37.693142,24.556778,50.297077,27.389885,17.218256,31.019035,37.098755,78.724464,67.46393,0.50247955,1.9441757,0.69499207,1.8347664,1.85989,2.0186749,0.20913696,1.2378025,0.111047745,0.7486458,0.0621109,0.37397766,0.5769272,99.5619,110.98104,89.13917,101.65583,100.11077,108.126595,50.930206,57.53672,35.127853,40.25843,23.029615,26.08394,48.296677,52.297478,25.660233,29.119537,16.115011,18.3215,28.263515,33.774555,35.528038,38.66947,75.96623,81.4827,65.46156,69.46629
xKwQ25X_cBlo4v_7JJoYN9jWSY-MyA4C9QMM5xviELs,7,107.286964,95.960686,106.486946,59.75383,38.22562,24.95911,57.131237,28.210548,17.302298,33.23377,37.92688,89.44527,69.98709,107.97209,96.70453,106.81234,55.76584,37.995052,25.656326,55.44632,28.33716,17.763437,31.82628,38.5612,87.70349,71.17304,0.68512726,0.7438431,0.32539368,3.9879913,0.23056793,0.69721603,1.6849174,0.12661171,0.46113968,1.4074879,0.6343193,1.7417755,1.1859512,102.26252,113.68166,90.4462,102.96286,102.80443,110.82025,52.46258,59.069096,35.429764,40.56034,24.129164,27.183489,53.44592,57.44672,26.607508,30.066813,16.660192,18.866682,29.07076,34.581802,36.990482,40.131916,84.94526,90.46172,69.17068,73.17541
q68ers8KpX1SPgX0jbGF-cK0SOLGfikQ_tJlyhVGO_Y,8,95.910965,85.18321,96.865974,52.623486,36.5669,21.766254,42.376167,25.13848,15.5204735,29.940554,32.617237,66.64844,58.251026,95.916954,83.87998,98.13904,52.174133,36.315266,22.14177,44.033882,24.235662,15.144334,28.193182,32.78737,69.52483,57.80322,0.0059890747,1.3032303,1.2730637,0.44935226,0.2516327,0.37551498,1.6577148,0.9028168,0.37613964,1.7473717,0.17013168,2.8763962,0.4478073,90.20738,101.626526,77.62165,90.13831,94.13113,102.14695,48.870876,55.47739,33.749977,38.880554,20.614607,23.668932,42.03348,46.034283,22.50601,25.965315,14.041089,16.247578,25.437662,30.948702,31.216652,34.358086,66.7666,72.283066,55.800854,59.805584
oP_caYV94VClEmcKqdXPcwfMeQYmYdeW5LbFijNGoDE,2,106.15216,90.36793,100.52637,57.544743,39.847103,23.645367,45.24906,29.456669,16.017792,32.841816,36.94604,73.289154,64.87018,102.78249,89.98098,100.07042,53.588448,37.914955,24.187168,47.696682,27.412872,16.685053,31.377876,36.832268,74.17813,65.280174,3.369667,0.38694763,0.45594788,3.956295,1.932148,0.54180145,2.4476204,2.0437965,0.6672611,1.4639397,0.113773346,0.88897705,0.40999603,97.07292,108.492065,83.72265,96.23931,96.06251,104.07833,50.28519,56.891705,35.349667,40.480244,22.660006,25.71433,45.69628,49.697083,25.68322,29.142525,15.581808,17.788298,28.622356,34.133396,35.26155,38.402985,71.4199,76.93636,63.27781,67.28254
cbi5o8uB6vm_EucKeEnWr7tLbEpxDuXkedWMJRE8bVs,4,107.10484,93.09553,101.937096,53.19881,37.462997,23.93561,44.7739,28.029224,16.54084,33.530632,36.57486,69.97697,63.101517,101.48909,87.82329,97.42441,51.872566,36.671448,23.447779,46.017197,26.917057,16.326153,30.793118,36.34237,71.246284,63.34984,5.615753,5.2722397,4.5126877,1.3262444,0.7915497,0.48783112,1.2432976,1.1121674,0.21468735,2.7375145,0.23249054,1.2693176,0.24832153,95.77952,107.19866,81.56496,94.08162,93.4165,101.43232,48.56931,55.175823,34.10616,39.236736,21.920616,24.974941,44.016796,48.017597,25.187405,28.64671,15.222908,17.429398,28.037598,33.548637,34.771652,37.913086,68.48805,74.00452,61.347473,65.3522
9gXNSs0fKryeE1p3HbJYSkH_gv_ipvySjQrz90dRHN0,6,109.80169,87.103065,103.27432,57.493237,39.729885,25.324015,50.81269,29.130522,17.786974,33.40606,37.54992,80.83627,67.22157,105.23821,92.29807,103.43823,55.24153,38.296207,25.102968,51.63225,28.375711,17.46348,32.254303,37.892517,81.02065,68.44622,4.5634766,5.1950073,0.16390991,2.2517052,1.4336777,0.22104645,0.819561,0.75481033,0.32349396,1.1517563,0.34259796,0.18437958,1.2246475,99.52864,110.947784,86.03974,98.556404,99.43032,107.446144,51.938274,58.54479,35.73092,40.861496,23.575806,26.63013,49.63185,53.632652,26.646059,30.105364,16.360235,18.566725,29.498783,35.009823,36.3218,39.463234,78.26242,83.778885,66.443855,70.448586
QD6ovtOw9zxOZ6WdyfubnDySb43N6CMB70x5nzS257U,1,104.35874,96.1969,103.25986,54.02796,41.493816,25.224974,53.584618,27.471441,17.988728,30.995207,37.299168,84.2841,70.6297,105.839134,97.70361,106.219894,54.35307,38.976856,25.82017,53.538136,27.252304,17.714705,30.001444,37.66726,84.3577,70.780846,1.4803925,1.5067139,2.9600372,0.32510757,2.5169601,0.5951958,0.046482086,0.21913719,0.27402306,0.99376297,0.36809158,0.07359314,0.15114594,100.12956,111.548706,91.44528,103.961945,102.21198,110.227806,51.049812,57.656326,36.411568,41.542145,24.293007,27.347332,51.537735,55.538536,25.522652,28.981956,16.61146,18.81795,27.245924,32.756966,36.096542,39.237976,81.599464,87.11593,68.77848,72.78321
yFwn7aVInJZ3B8jS-mJhWYPwTVQHndSgQiahVTBh5fk,1,106.74431,90.058876,99.732155,53.287254,35.794327,23.150335,50.49152,28.933964,18.16654,33.313927,37.21766,78.31526,66.024605,105.108475,93.47246,102.07029,52.96924,35.58558,23.775171,50.87407,27.431126,17.130863,31.211512,37.101437,79.49532,66.030785,1.6358337,3.4135818,2.3381348,0.31801605,0.20874786,0.62483597,0.3825493,1.5028381,1.035677,2.102415,0.11622238,1.1800613,0.0061798096,99.3989,110.81805,87.21413,99.73079,98.06238,106.0782,49.66598,56.272495,33.02029,38.150867,22.248009,25.302334,48.87367,52.87447,25.701473,29.160778,16.027618,18.234108,28.455992,33.967033,35.53072,38.672153,76.73709,82.253555,64.02842,68.03315
WN5vfoa5N3L_TefOY_LT6EtCWhKor__7LmepFzJPudQ,8,107.25906,99.63814,106.47548,52.60347,35.781136,24.356134,56.614105,27.94705,17.157114,32.17081,38.9941,89.32093,71.91709,108.13929,96.10405,106.43947,55.67952,38.111843,25.922178,56.141674,28.31543,17.63337,31.704515,38.866615,88.937645,71.93126,0.88022614,3.5340881,0.036010742,3.0760498,2.3307076,1.5660439,0.47243118,0.3683796,0.47625542,0.46629524,0.12748337,0.38328552,0.014167786,102.42972,113.84886,89.84572,102.36238,102.43156,110.44738,52.376263,58.982777,35.546555,40.67713,24.395016,27.44934,54.141273,58.142075,26.585777,30.045082,16.530125,18.736614,28.948996,34.460037,37.2959,40.437332,86.17941,91.69588,69.928894,73.933624
1h1YOTgYdWkDBeOowQ-UOSkvmV6JjhMOMvP8xNGMg9k,1,103.03875,89.61148,103.567955,55.688545,38.654205,23.808361,49.97664,28.591728,16.839739,33.735573,37.403847,75.918144,68.81856,102.103386,89.33617,103.64267,56.55441,39.255207,25.153437,50.47473,27.980774,17.14959,32.105263,37.22211,78.84092,67.34913,0.93536377,0.27531433,0.07471466,0.8658638,0.60100174,1.3450756,0.49809265,0.6109543,0.3098507,1.63031,0.18173599,2.9227753,1.469429,96.393814,107.81296,83.077835,95.5945,99.63476,107.65058,53.251152,59.857666,36.68992,41.820496,23.626274,26.6806,48.47433,52.475132,26.251122,29.710426,16.046345,18.252834,29.349743,34.860783,35.651394,38.792828,76.08269,81.59915,65.34676,69.351494
bpyWGHqAZ_F8jjeg0pH3UeLMZ0Hp2Afwy9pnuLsQiN0,1,108.73136,95.61492,104.89856,54.347916,37.282738,25.670713,53.54996,27.538826,18.565512,29.238667,37.16155,85.575516,68.13345,106.8199,98.52793,105.1524,53.652824,38.110477,25.280718,52.76305,27.279684,17.400017,30.35693,37.657875,83.03238,69.68172,1.9114609,2.9130096,0.2538376,0.69509125,0.8277397,0.38999557,0.786911,0.25914192,1.1654949,1.1182632,0.49632645,2.5431366,1.5482635,101.11033,112.52947,92.2696,104.78626,101.144485,109.16031,50.349567,56.95608,35.54519,40.675766,23.753555,26.80788,50.76265,54.76345,25.550032,29.009336,16.296772,18.503262,27.60141,33.11245,36.08716,39.228592,80.27415,85.79061,67.67935,71.68408
BNldbDpAydeJs9HMe4pjl5PF65x7iRBWOhN8P6lTKpg,2,79.63896,64.667816,85.35106,44.15644,31.62736,21.301739,48.165176,21.844492,15.052383,22.596476,32.000343,75.013176,57.652023,80.84225,69.04886,87.99997,44.816154,32.041206,21.4485,47.428623,21.075357,14.221937,22.820618,31.073141,75.71925,58.101814,1.2032852,4.3810425,2.6489105,0.65971375,0.41384697,0.14676094,0.7365532,0.7691345,0.83044624,0.22414207,0.9272022,0.7060776,0.44979095,75.132675,86.55182,62.790527,75.30719,83.99206,92.00788,41.512897,48.11941,29.475918,34.606495,19.921337,22.975662,45.428223,49.429024,19.345705,22.80501,13.118692,15.325182,20.065098,25.576138,29.502424,32.64386,72.96102,78.477486,56.09945,60.10418
UJ-lC5Qr0xris1r9m23uwU-CY5wGgUnWIaa3GuPQXlI,1,106.13642,96.6511,104.82453,55.030357,36.130497,24.367153,51.045742,27.05847,16.596174,30.493769,37.04273,81.40804,69.36985,107.221756,97.31763,103.94916,53.335682,37.53048,24.863033,52.085438,27.584595,17.439308,30.921057,37.533176,82.13986,68.48,1.0853348,0.6665268,0.87537384,1.6946754,1.3999825,0.49588013,1.0396957,0.52612495,0.8431339,0.42728806,0.490448,0.73181915,0.8898468,101.512184,112.93133,91.059296,103.57596,99.941246,107.95707,50.032425,56.63894,34.96519,40.095768,23.33587,26.390196,50.085037,54.08584,25.854942,29.314247,16.336063,18.542553,28.165537,33.676575,35.96246,39.103893,79.38163,84.898094,66.47764,70.48237
59bc2770681516389ccf492e,10,90.764175,80.20658,94.424904,46.970722,34.44735,24.643599,54.166355,24.009333,17.284697,24.060637,36.744682,83.30726,67.8166,91.8302,76.250496,91.916664,46.899166,33.467613,23.915714,52.759747,24.615278,16.095665,26.799267,35.706562,82.979805,66.10478,1.0660248,3.9560852,2.5082397,0.07155609,0.9797363,0.7278843,1.4066086,0.6059456,1.1890316,2.7386303,1.0381203,0.3274536,1.7118149,86.12063,97.53977,69.992165,82.50883,87.90875,95.924576,43.59591,50.202423,30.902325,36.0329,22.388552,25.442877,50.759346,54.760147,22.885626,26.34493,14.99242,17.19891,24.043747,29.554787,34.135845,37.27728,80.22157,85.73804,64.10242,68.10715
R2oQsZsj0aVNB5JF8rS1AwZranVfJ3b5YWVVZ1etG7A,2,95.483284,85.88341,106.377106,55.55287,33.450928,21.107466,49.2161,23.560757,14.232791,27.48994,32.16311,76.59189,61.283333,98.28526,88.48854,103.99123,54.21915,34.28041,21.854696,47.394035,23.814808,14.903454,28.595419,32.80011,75.839676,59.83355,2.801979,2.605133,2.3858795,1.3337212,0.82948303,0.7472305,1.8220634,0.2540512,0.6706629,1.1054783,0.63700104,0.7522125,1.4497833,92.57569,103.994835,82.23021,94.74687,99.983315,107.99914,50.915894,57.522408,31.715122,36.8457,20.327534,23.381859,45.393635,49.394436,22.085155,25.54446,13.800209,16.006699,25.8399,31.350939,31.229393,34.370827,73.08144,78.59791,57.831184,61.835915
iqh-P4vqGKCTAkySq9mt7oqpEujpSiENp6W7piq4iNg,14,105.17271,91.54563,104.375595,57.8532,44.08519,27.362978,53.995808,29.169827,18.480608,31.528736,39.73536,89.686775,72.0633,107.48371,94.185555,106.68371,56.61599,40.301796,27.069744,55.95346,29.003576,18.390764,31.99222,39.11687,88.9104,73.23102,2.3110046,2.639923,2.308113,1.2372093,3.7833939,0.29323387,1.957653,0.16625023,0.08984375,0.4634838,0.6184883,0.7763748,1.167717,101.77414,113.19328,87.92722,100.443886,102.6758,110.69162,53.312733,59.919247,37.736507,42.867085,25.542582,28.596907,53.95306,57.95386,27.273924,30.733229,17.28752,19.494009,29.2367,34.74774,37.546154,40.687588,86.15217,91.66863,71.22865,75.23338
mxHdyqO0muEOOY8F9RPm4GeZqhWO1pjThEJFK1dkjHU,2,99.02821,84.49024,102.06644,54.171562,36.40829,24.921797,48.627502,27.259165,16.79664,30.331732,36.632927,73.49466,66.694,102.6472,90.38476,100.40271,53.458275,37.374485,24.12793,48.3684,27.243683,16.551565,31.179184,36.915398,75.2357,65.883316,3.618988,5.894516,1.6637268,0.71328735,0.96619415,0.7938671,0.25910187,0.015481949,0.24507523,0.84745216,0.2824707,1.7410431,0.8106842,96.93763,108.35677,84.12643,96.64309,96.3948,104.41062,50.155018,56.76153,34.809196,39.939774,22.600767,25.655092,46.368,50.3688,25.51403,28.973335,15.44832,17.65481,28.423664,33.934704,35.34468,38.486115,72.47747,77.993935,63.88095,67.88568
DNDgaE6BmUFno7fz7Lv2jHwHZ7Za8QFpLVa0hgdtcxk,7,92.20428,84.03578,102.019516,57.23265,37.808357,23.39905,47.13336,24.332876,14.895272,28.708248,32.534847,75.745766,62.83473,94.69662,82.90941,102.79936,55.53702,36.99099,23.11963,48.176086,24.907923,15.616023,29.199991,33.375893,76.92939,61.141335,2.49234,1.1263733,0.7798462,1.6956291,0.81736755,0.27941895,1.0427246,0.57504654,0.7207508,0.4917431,0.8410454,1.1836243,1.6933937,88.987045,100.40619,76.65108,89.16774,98.79145,106.807274,52.233765,58.84028,34.4257,39.55628,21.592468,24.646793,46.175686,50.176487,23.17827,26.637575,14.512778,16.719269,26.444471,31.955511,31.805176,34.94661,74.17116,79.68762,59.13897,63.1437
EZSFs4NfveRhx2gyv5v3qrH1_Rh53qhl24r5JzUSCoA,1,105.875305,93.393135,100.4568,54.41898,42.150444,25.906475,52.788296,28.979933,17.695616,32.59328,38.219505,83.46404,68.13916,104.2893,93.99093,103.48635,54.217663,39.84903,26.041647,52.41874,27.604876,17.712502,30.550806,37.614967,82.511536,69.20787,1.5860062,0.5977936,3.0295486,0.20131683,2.3014145,0.13517189,0.36955643,1.3750572,0.016885757,2.0424747,0.60453796,0.952507,1.0687103,98.57973,109.99887,87.7326,100.24926,99.47844,107.49426,50.914406,57.52092,37.28374,42.414318,24.514484,27.56881,50.41834,54.41914,25.875223,29.334528,16.609257,18.815746,27.795286,33.306328,36.04425,39.185684,79.7533,85.26977,67.205505,71.210236
7tXOo2zQVaooe8RHfl4Db8bshORuWkeNqa-z90Ou4lc,1,85.75194,70.17806,88.60323,44.611233,31.905188,21.197975,47.194267,21.091173,14.128148,21.838026,30.437056,75.71396,59.33272,82.393486,70.985344,89.852425,45.780907,33.06029,21.945677,47.933296,21.499931,14.620712,23.160809,31.258173,76.75787,59.022636,3.3584518,0.8072815,1.2491913,1.1696739,1.1551037,0.74770164,0.73902893,0.40875816,0.4925642,1.3227825,0.8211174,1.0439148,0.3100853,76.683914,88.10306,64.72701,77.243675,85.84451,93.86034,42.47765,49.084164,30.495003,35.62558,20.418514,23.47284,45.932896,49.933697,19.770279,23.229584,13.5174675,15.723957,20.405289,25.916328,29.687456,32.828888,73.99964,79.516106,57.02027,61.025
RCvBZwL6ySv9VZVZ5BZjlncUxRBCExRk8cLHIXkL2mc,2,90.42782,74.92438,93.08257,45.886616,32.06102,23.072453,52.349846,23.644526,16.145645,24.289238,35.768154,81.74426,65.20998,90.478485,75.82656,90.953094,46.300594,33.37576,23.632841,51.45971,24.190704,15.815567,26.316036,35.25547,80.75096,65.31292,0.05066681,0.90218353,2.1294785,0.41397858,1.3147392,0.56038857,0.8901367,0.5461788,0.33007812,2.0267982,0.51268387,0.9933014,0.10294342,84.76891,96.18806,69.56823,82.08489,86.94518,94.961006,42.997337,49.60385,30.81047,35.941048,22.105679,25.160004,49.45931,53.46011,22.461052,25.920357,14.712322,16.918812,23.560516,29.071556,33.684753,36.826187,77.99273,83.50919,63.310555,67.315285
s54yIZNewRa3lzGAm5m3geWsbCp6MKlTEJ-t5WEeY8k,1,96.46299,85.455666,101.408005,52.579483,39.167957,23.6096,48.30303,25.021654,15.969331,27.741804,33.26899,77.69363,62.786224,97.53494,84.390274,102.659164,54.71652,35.56857,22.949223,50.236153,25.5895,16.255468,29.741825,34.051086,80.27658,61.780224,1.0719528,1.0653915,1.2511597,2.1370354,3.5993881,0.6603775,1.9331245,0.5678463,0.28613758,2.000021,0.78209686,2.5829544,1.0060005,91.82537,103.244514,78.13194,90.648605,98.65125,106.667076,51.41326,58.019775,33.00328,38.133858,21.42206,24.476385,48.235752,52.236553,23.859848,27.319153,15.152224,17.358713,26.986305,32.497345,32.48037,35.621803,77.51835,83.03481,59.77786,63.78259
MoVC8zaNHbXveUHEwDF-a7ohr17YeOCTHW_iDKwpc5A,2,99.35476,82.58422,98.8374,55.370804,38.547035,25.015644,50.181774,28.548075,17.2899,33.548622,38.257732,77.377106,66.43077,101.16135,86.395454,99.5508,54.289524,38.463253,24.752983,48.864616,27.829332,16.873596,31.78571,37.2563,76.02797,66.609055,1.8065872,3.8112335,0.71339417,1.0812798,0.083782196,0.26266098,1.3171577,0.7187424,0.41630363,1.7629128,1.0014305,1.3491364,0.17828369,95.451775,106.87092,80.13712,92.653786,95.542885,103.55871,50.986267,57.59278,35.897964,41.02854,23.22582,26.280146,46.864216,50.865017,26.09968,29.558985,15.770351,17.976841,29.03019,34.54123,35.685585,38.82702,73.26974,78.7862,64.60669,68.61142
S9zKF4YjHsOv9MC2NLaW4o0k8o84LWICxS8BJ5wsQnk,10,104.76808,92.96907,106.05783,50.349075,38.37118,24.067406,50.728245,28.060654,17.149174,30.86784,37.377773,78.374016,67.97945,103.64028,92.53538,102.19636,53.527203,37.694965,24.764046,50.88515,27.434134,17.228132,30.83789,37.268368,79.63987,67.77608,1.1278,0.43369293,3.861473,3.1781273,0.6762161,0.69664,0.15690613,0.62652016,0.07895851,0.029949188,0.10940552,1.2658539,0.20336914,97.93071,109.34985,86.27705,98.79371,98.188446,106.20427,50.223946,56.83046,35.129677,40.260254,23.236883,26.291208,48.88475,52.88555,25.704481,29.163786,16.124887,18.331377,28.08237,33.59341,35.69765,38.839085,76.88164,82.3981,65.77371,69.77844
nABobY93RIm5CgL2YfJ3aZnXF6_za1yd1oNPrC3bszI,1,103.32456,96.01816,109.72431,54.075096,36.766975,24.896877,49.716354,25.641033,15.995802,30.616283,36.739788,82.252556,69.298515,104.795135,95.09983,105.394394,54.68087,36.73147,24.552183,52.715885,27.013311,16.903568,30.676668,37.212723,83.04216,68.87325,1.4705734,0.91832733,4.329918,0.6057739,0.035507202,0.34469414,2.9995308,1.3722782,0.90776634,0.06038475,0.47293472,0.7896042,0.42526245,99.08556,110.50471,88.8415,101.35816,101.38648,109.402306,51.377613,57.984127,34.16618,39.296757,23.02502,26.079346,50.715485,54.716286,25.283659,28.742964,15.8003235,18.006813,27.921148,33.43219,35.642006,38.78344,80.28393,85.80039,66.87089,70.87562
Oy8RHBJN9tp8RgpUs4Pg2x7ALbud1MPkfbF64WxpE2Y,2,105.019966,93.171555,101.75681,51.38156,36.485043,24.022789,50.62062,27.77919,17.141838,30.998737,38.218056,78.83323,68.46717,104.77898,94.33603,100.94505,51.825928,36.029396,24.032269,50.32852,27.06689,16.860607,30.480335,37.209373,78.67052,66.857574,0.24098969,1.1644745,0.81175995,0.44436646,0.4556465,0.009479523,0.292099,0.71229935,0.28123093,0.5184021,1.0086823,0.1627121,1.6095963,99.069405,110.48855,88.0777,100.59436,96.93714,104.952965,48.52267,55.129185,33.464108,38.594685,22.505106,25.559431,48.32812,52.328922,25.337238,28.796543,15.757362,17.963852,27.724815,33.235855,35.638657,38.78009,75.912285,81.42875,64.85521,68.85994
2A-OwfseLIFUUX6GNQFD8YuEVTs-luhhW0d6P352JyE,2,103.50388,91.2875,98.539536,50.9447,34.9747,23.688292,47.523838,25.290958,16.639261,27.95919,36.32252,73.99704,63.389336,102.71944,91.73959,98.67616,50.839188,34.9616,23.104992,48.143574,26.381985,16.277317,30.023949,36.26192,74.96918,63.81269,0.7844467,0.45209503,0.1366272,0.10551071,0.01309967,0.58329964,0.6197357,1.0910263,0.3619442,2.0647583,0.06060028,0.97213745,0.4233551,97.009865,108.42901,85.48126,97.997925,94.66825,102.684074,47.53593,54.142445,32.396313,37.52689,21.57783,24.632154,46.143173,50.143974,24.652332,28.111637,15.174072,17.380562,27.268429,32.77947,34.691204,37.832638,72.210945,77.72741,61.810326,65.815056
Uv0m2CsOMq4Ll7gVXkA9zRMJOIu13kj44KrnuOq91jU,1,102.67372,88.57466,96.19048,53.5533,36.247746,24.395866,49.99298,28.205008,17.559332,34.051678,38.06627,76.09228,67.8792,103.787674,89.672676,99.78543,52.99389,37.64192,24.846493,50.661823,28.251202,17.549465,31.88145,37.69944,79.191505,66.744606,1.1139526,1.0980148,3.5949478,0.5594101,1.3941727,0.45062637,0.6688423,0.046194077,0.0098667145,2.170227,0.36682892,3.099228,1.1345978,98.0781,109.497246,83.414345,95.93101,95.77752,103.79334,49.69063,56.297146,35.07663,40.207207,23.31933,26.373655,48.661423,52.662224,26.52155,29.980854,16.44622,18.65271,29.12593,34.63697,36.128723,39.270157,76.43327,81.94974,64.74224,68.74697
HTxLE7dUgdo28d3l443uipc24MX6AMIc9oqgSSelXcE,4,90.16098,78.81758,91.02038,45.81106,32.357414,22.3807,49.266792,24.324839,15.361691,25.591335,33.29693,77.05383,61.95838,90.63445,78.37474,90.636154,45.66631,32.86622,22.619532,48.863487,23.525448,15.209694,25.710257,34.18081,76.87035,62.946518,0.4734726,0.44284058,0.38422394,0.1447525,0.5088043,0.23883247,0.40330505,0.7993908,0.15199757,0.11892128,0.8838806,0.18347931,0.9881363,84.92488,96.344025,72.11641,84.63307,86.62824,94.644066,42.363052,48.969566,30.30093,35.431507,21.09237,24.146694,46.863087,50.863888,21.795795,25.2551,14.106449,16.312939,22.954737,28.465776,32.610092,35.751526,74.11212,79.628586,60.944153,64.94888
kIylnWWgtxbfedUMpfR5Ot3-iuysBKh-wHxw0Qwh46c,1,91.29725,82.66114,100.84612,56.602486,37.963287,23.095634,47.510303,22.035988,14.230476,26.794065,32.40401,74.94766,61.903725,95.75326,84.68468,101.79205,54.442516,37.598232,23.236868,47.379887,24.803226,15.635641,28.68743,33.352524,75.72353,61.36988,4.456009,2.0235367,0.9459305,2.1599693,0.36505508,0.14123344,0.13041687,2.7672386,1.4051647,1.893364,0.94851303,0.7758713,0.533844,90.043686,101.46283,78.426346,90.94301,97.78414,105.799965,51.13926,57.745773,35.032944,40.16352,21.709705,24.76403,45.379486,49.380287,23.073574,26.532879,14.532396,16.738886,25.93191,31.44295,31.781807,34.92324,72.9653,78.481766,59.367516,63.372246
0-XhQ-_PmaT9DVwpTEiOdhAFo0CD2e5T-32D899sQpw,1,105.03558,98.82495,105.4231,50.472446,38.399452,24.348894,51.803204,27.07511,16.861944,30.544798,38.14338,81.87305,70.82355,104.17829,92.50585,104.167816,54.87742,38.29798,25.433271,52.64199,27.97266,17.661093,31.476105,37.5667,83.191315,69.16879,0.8572922,6.3190994,1.2552872,4.404972,0.10147095,1.0843773,0.8387871,0.8975506,0.79914856,0.93130684,0.5766792,1.3182678,1.6547546,98.46872,109.88786,86.24752,98.76418,100.159904,108.17573,51.57416,58.180676,35.732693,40.86327,23.906109,26.960434,50.64159,54.64239,26.243008,29.702312,16.557848,18.764338,28.720585,34.231625,35.995983,39.137417,80.43308,85.94955,67.16643,71.17116
4V0D7qiw6J5sTLHjBGkxAjwpIZRx-KPVaQWLWf8xy4o,2,95.95661,91.83299,104.18954,52.453533,34.685295,20.74203,47.095413,23.532934,14.917347,26.885147,33.029617,74.43533,61.15531,96.35043,85.770676,100.33638,52.512177,35.09382,22.140503,46.99234,24.085913,15.192436,27.94438,33.013298,74.84935,59.85797,0.39382172,6.062317,3.853157,0.05864334,0.40852356,1.3984737,0.10307312,0.5529785,0.27508926,1.0592327,0.016319275,0.41401672,1.2973404,90.64086,102.060005,79.512344,92.02901,96.32847,104.34429,49.20892,55.815434,32.52853,37.659107,20.61334,23.667665,44.99194,48.99274,22.35626,25.815565,14.089191,16.295681,25.18886,30.6999,31.442581,34.584015,72.09112,77.60758,57.855606,61.860336
fXAVRAvJxNQVKYTuT_YpnJiF36hIZF5FwwZWhhCjkd4,3,102.547264,87.72942,105.68817,58.29195,42.235077,27.517591,54.10985,29.293617,17.85131,33.485355,39.33932,86.79556,73.31895,106.31781,93.41604,105.22488,55.619415,40.167072,26.814524,55.25182,28.33774,17.951178,31.180677,38.75868,87.53,72.67297,3.770546,5.686615,0.46329498,2.672535,2.0680046,0.7030678,1.1419678,0.9558773,0.09986687,2.304678,0.5806427,0.73443604,0.6459732,100.60824,112.02738,87.15771,99.67437,101.216965,109.23279,52.31616,58.922672,37.601784,42.73236,25.287361,28.341686,53.25142,57.25222,26.608088,30.067392,16.847933,19.054422,28.425158,33.936195,37.18796,40.329395,84.77177,90.28823,70.67061,74.67534
E8-vjMUBIIvCU3QWccMaqpmmwMclKonOuHHZEaPFWis,1,107.84385,91.99726,99.51868,50.861156,38.36775,23.902536,49.493565,27.40609,16.547052,30.768139,38.18393,74.74332,66.86837,103.15818,91.57359,100.64655,52.75004,37.461327,24.503246,49.21836,27.430449,17.131598,30.927273,37.06859,76.894806,66.78735,4.685669,0.4236679,1.1278763,1.8888817,0.90642166,0.6007099,0.2752037,0.02435875,0.58454514,0.15913391,1.1153412,2.1514893,0.08101654,97.44861,108.86775,85.31526,97.831924,96.63864,104.654465,49.44678,56.053295,34.896038,40.026615,22.976084,26.030409,47.21796,51.21876,25.700796,29.1601,16.028353,18.234842,28.171753,33.682793,35.49787,38.639305,74.13657,79.65304,64.78499,68.78972
vbZZsZ3TYtTI253SiLaYLGYn-BT6NSlnN-B60PQzdHw,2,99.646034,79.00551,100.276665,53.064594,34.604576,22.582724,45.45928,24.654245,15.768058,29.098202,33.004932,71.58441,60.025227,95.34016,83.15053,100.36708,53.00255,34.812374,22.114773,47.136986,24.10349,15.344823,28.285564,32.53999,75.531586,58.58787,4.3058777,4.1450195,0.090415955,0.06204605,0.207798,0.46795082,1.6777077,0.55075455,0.42323494,0.8126373,0.46494293,3.947174,1.437355,89.630585,101.04973,76.8922,89.40886,96.35917,104.37499,49.69929,56.305805,32.247086,37.377663,20.58761,23.641935,45.136585,49.137386,22.373838,25.833143,14.241578,16.448067,25.530045,31.041084,30.969273,34.110706,72.77335,78.28982,56.585506,60.590237
MjvyiQerHJp4LNFaYjErBuE5gZXzJTTBxjRPbdaIkX8,2,91.810745,81.02201,96.189804,49.28256,32.285316,23.829031,54.21965,23.630594,15.931312,25.869316,37.909824,86.33903,68.348885,94.95235,81.1061,95.39259,48.632523,33.69896,24.022266,53.97049,24.884356,16.021198,27.379383,36.075798,85.36514,67.09572,3.1416016,0.08409119,0.7972107,0.65003586,1.4136429,0.1932354,0.24916077,1.2537613,0.089886665,1.510067,1.8340263,0.9738846,1.2531662,89.242775,100.66192,74.84777,87.36443,91.38468,99.400505,45.329266,51.93578,31.13367,36.264248,22.495104,25.549429,51.97009,55.97089,23.154703,26.614008,14.9179535,17.124443,24.623863,30.134903,34.50508,37.646515,82.60691,88.123375,65.09335,69.09808
BGjL1f-CjLwYekISOM-ZP9CGKLtlVbXMfak4uh6NEtU,1,103.827515,98.07346,104.00378,55.761986,39.16447,25.391754,55.574234,26.882563,17.721226,29.677294,38.089035,82.60047,71.92138,105.521576,95.8718,105.81206,54.8028,38.295662,25.584906,54.28335,27.23574,17.287655,30.30508,37.806705,85.73682,70.868774,1.6940613,2.2016602,1.808281,0.95918655,0.86880875,0.19315147,1.2908821,0.35317802,0.43357086,0.62778664,0.28232956,3.136345,1.0526047,99.812004,111.23115,89.61347,102.130135,101.804146,109.81997,51.499542,58.106056,35.730373,40.86095,24.057743,27.112068,52.28295,56.283752,25.506088,28.965393,16.18441,18.3909,27.54956,33.0606,36.23599,39.377422,82.978584,88.49505,68.86641,72.87114
jgZVDpdG6tLTkZXoAq80mPzizScTJEG7n1vuu76jn9o,2,102.10693,89.49951,106.12407,55.991238,38.967716,26.365297,52.199142,28.38982,17.7768,32.090797,38.77405,82.00844,70.298584,104.494446,92.927,103.42493,54.65039,39.3565,25.917583,52.341705,27.82832,17.455832,31.028112,37.966263,82.43451,70.52194,2.3875122,3.4274902,2.6991425,1.340847,0.3887825,0.44771385,0.14256287,0.56150055,0.32096863,1.062685,0.80778885,0.42607117,0.22335815,98.784874,110.20402,86.66867,99.18533,99.417015,107.43284,51.347134,57.953648,36.79121,41.921787,24.39042,27.444746,50.341305,54.342106,26.098667,29.557972,16.352587,18.559076,28.272593,33.78363,36.395546,39.53698,79.67628,85.19274,68.51958,72.52431
yDKNHjVVLnOxD_oBdXqQW1d9SwZDDiKn-VdTJGev_T0,3,99.95495,85.41655,104.382324,51.066322,34.3253,22.193794,48.273098,23.702406,14.985678,29.663883,33.06155,79.65187,63.58669,98.5129,87.02514,102.380775,53.633057,35.916252,23.022131,49.68602,24.968641,15.913364,28.855867,33.671635,80.0561,61.847797,1.4420471,1.6085892,2.0015488,2.5667343,1.5909538,0.8283367,1.4129219,1.2662354,0.9276867,0.8080158,0.61008453,0.4042282,1.7388916,92.80333,104.22247,80.76681,93.28347,98.37286,106.38869,50.3298,56.936314,33.350964,38.48154,21.494968,24.549294,47.68562,51.68642,23.238989,26.698294,14.81012,17.01661,26.100348,31.611387,32.100918,35.24235,77.29787,82.81433,59.845432,63.850163
98ybaqAtTEscPfdBt_pbzyB7uRzO8UymbWubJOh3cd8,1,94.26928,83.76413,103.4725,54.36176,35.557858,23.387436,50.334385,25.213486,16.163635,29.513802,33.811264,79.99442,60.957973,96.441765,83.16035,101.480644,54.042255,35.999245,23.108208,49.973404,25.28662,16.209936,29.176828,33.654205,80.26313,61.235546,2.1724854,0.60378265,1.9918594,0.31950378,0.44138718,0.2792282,0.360981,0.07313347,0.046300888,0.3369732,0.15705872,0.26870728,0.27757263,90.73219,102.15134,76.902016,89.41868,97.47273,105.488556,50.739,57.345512,33.433956,38.564533,21.581045,24.63537,47.973003,51.973804,23.556967,27.016272,15.106691,17.31318,26.421309,31.932348,32.08349,35.224922,77.5049,83.02136,59.23318,63.23791
Xh60cQvKbDrqtBGVd8w99ZGaHI-9LOZnuYADjpDVlaA,7,102.035774,84.591736,97.2275,53.053665,38.81139,24.018824,51.817917,28.394312,17.973724,29.911585,37.55562,80.867584,68.38042,102.79792,89.356445,100.792114,53.742672,38.06973,25.081493,51.287212,27.941656,17.375101,31.444736,37.592842,80.32671,67.75494,0.762146,4.7647095,3.5646133,0.6890068,0.7416611,1.0626698,0.5307045,0.4526558,0.5986233,1.5331516,0.037223816,0.54087067,0.62548065,97.08835,108.50749,83.098114,95.61478,96.7842,104.800026,50.439415,57.04593,35.50444,40.635017,23.55433,26.608656,49.28681,53.287613,26.212004,29.671309,16.271856,18.478346,28.689217,34.200256,36.022125,39.16356,77.56848,83.084946,65.75257,69.7573
59bc276e681516389ccf4844,1,92.05766,79.854256,101.00207,52.812218,39.037395,24.17349,50.93985,24.336174,14.73667,27.328053,33.702606,79.29649,59.798065,93.358955,81.95004,100.14167,53.631172,37.854935,23.595278,48.036274,24.72345,16.014221,28.120443,33.27744,76.47667,60.89848,1.3012924,2.095787,0.86039734,0.81895447,1.1824608,0.57821274,2.903576,0.3872757,1.2775517,0.7923908,0.42516708,2.8198242,1.1004143,87.64938,99.06853,75.69171,88.208374,96.13376,104.14958,50.327915,56.93443,35.289646,40.420223,22.068115,25.12244,46.035873,50.036674,22.993797,26.453102,14.910976,17.117466,25.364923,30.875963,31.706722,34.848156,73.71844,79.2349,58.896114,62.900845
O4seCrLSEagQp6BGJTsPYovKuLedF1KiXDYJjsxHV0w,1,84.4954,69.135315,86.91593,44.69365,31.804392,22.060488,44.520947,22.134102,14.269537,23.664371,30.48405,74.02907,57.52296,82.22488,68.446976,87.71989,45.397137,32.09224,21.236212,46.32495,21.808222,14.3343,23.837214,31.437843,73.561935,57.9919,2.270523,0.68833923,0.8039551,0.7034874,0.28784752,0.824276,1.8040047,0.32588005,0.06476307,0.17284203,0.9537926,0.46713257,0.46894073,76.515305,87.93445,62.188644,74.70531,83.711975,91.7278,42.09388,48.700394,29.52695,34.657528,19.70905,22.763374,44.32455,48.32535,20.07857,23.537874,13.231055,15.437545,21.081694,26.592733,29.867126,33.00856,70.8037,76.32017,55.989536,59.994267
aKCbIlgkgwR0Tv0hD5Y3Reox0bJEgCiqJMVSaIrRKRQ,1,91.93452,78.691956,99.82359,51.294632,36.74583,22.934196,44.489304,22.996927,15.003086,26.866117,31.867128,72.772766,57.32302,92.92618,79.293915,96.76597,51.775955,36.254402,22.47318,44.969727,24.439499,15.748004,28.06474,32.55608,71.128914,57.71834,0.9916611,0.6019592,3.0576248,0.48132324,0.49142838,0.4610157,0.48042297,1.4425716,0.74491787,1.1986217,0.6889515,1.6438522,0.3953209,87.216606,98.63575,73.03558,85.552246,92.75806,100.77388,48.4727,55.079212,33.689114,38.81969,20.946018,24.000343,42.969326,46.970127,22.709846,26.169151,14.644759,16.85125,25.30922,30.82026,30.985363,34.126797,68.37068,73.887146,55.715977,59.720707
9tplm5gImUViNEcYr2L4gMd5m3cwH61-cy8uJ4SItP0,2,101.54571,91.79136,99.89638,50.784653,40.16326,25.060173,50.248943,25.877367,16.597244,31.430088,36.969566,75.263336,68.55289,102.57761,92.48091,100.72209,52.524174,38.136963,24.84879,50.37686,26.756372,16.84018,29.913536,36.931824,78.82893,67.05786,1.0318985,0.6895523,0.8257141,1.739521,2.0262985,0.21138382,0.12791824,0.87900543,0.24293518,1.516552,0.037742615,3.5655975,1.4950256,96.868034,108.28718,86.22258,98.73924,96.71418,104.73,49.220917,55.82743,35.571674,40.70225,23.321627,26.375952,48.37646,52.377262,25.02672,28.486025,15.736935,17.943424,27.158016,32.669056,35.361107,38.50254,76.0707,81.587166,65.0555,69.06023
KNq9LWzRIJfcCQtM9-zFyifnJQUjTpBQI_cl49HX-Ds,12,102.133835,88.291664,100.271736,55.446663,36.139534,24.266386,49.49951,26.803143,17.756685,30.979357,35.39555,78.09519,64.70921,101.58414,88.00817,98.605736,52.117416,36.12618,23.763693,49.403873,27.293175,16.940554,30.93788,36.585934,77.13571,64.32253,0.5496979,0.28349304,1.6660004,3.3292465,0.013355255,0.5026932,0.095638275,0.4900322,0.8161316,0.041477203,1.1903839,0.9594803,0.3866806,95.874565,107.29371,81.74984,94.2665,94.597824,102.61365,48.81416,55.420673,33.56089,38.691467,22.23653,25.290855,47.403473,51.404274,25.563522,29.022827,15.837309,18.043798,28.18236,33.693398,35.015217,38.15665,74.37748,79.89394,62.320168,66.3249
p2B4yI1jryEWWbCCxGaBlXZf-6KhftowvESTZC8Sk-c,2,93.11052,78.32154,93.806114,47.120407,33.11642,24.60667,53.91803,26.296917,17.84177,30.294043,36.965176,85.4514,67.82501,96.23662,80.47151,94.70714,48.879036,33.983498,24.13615,53.978348,25.707138,16.45971,28.32237,36.392315,85.39204,66.676216,3.1260986,2.149971,0.90102386,1.7586288,0.8670769,0.47052002,0.060317993,0.5897789,1.382061,1.971672,0.5728607,0.05936432,1.1487961,90.52705,101.94619,74.21318,86.72984,90.69923,98.71505,45.57578,52.182293,31.41821,36.548786,22.608988,25.663313,51.977947,55.97875,23.977486,27.43679,15.356464,17.562954,25.56685,31.07789,34.821598,37.96303,82.633804,88.15027,64.67385,68.67858
SZmnW-xc6SrqiqDHJsWld1yYThhr489nBwJCqzYIh-A,2,106.300995,90.54426,105.10755,55.11913,37.641014,25.490822,54.108376,28.136578,17.848944,30.407745,38.466766,87.42992,69.39773,106.139824,93.07912,104.5044,55.011337,38.417633,26.043486,55.25339,28.264725,17.69047,31.557175,38.40538,87.86663,71.17897,0.16117096,2.5348587,0.6031494,0.1077919,0.77661896,0.5526638,1.1450157,0.12814713,0.15847397,1.1494293,0.06138611,0.43671417,1.7812424,100.43025,111.849396,86.820786,99.33745,100.49649,108.512314,51.70808,58.314594,35.852345,40.98292,24.516323,27.570648,53.25299,57.25379,26.535072,29.994377,16.587225,18.793715,28.801655,34.312695,36.834663,39.976097,85.1084,90.62486,69.176605,73.181335
CpFafJDl0f2NkI4XPdcEpqtEtAyQlfh06eeNnLelmTw,2,100.18814,85.797226,102.11438,54.177452,36.55067,25.443865,50.62341,27.995512,17.372334,31.21282,37.322655,80.7744,67.22563,101.59219,85.84427,100.07533,54.434376,37.33988,24.644543,50.730213,28.204554,17.091389,32.30818,37.436638,79.60231,66.77514,1.4040527,0.047042847,2.0390472,0.25692368,0.7892113,0.7993221,0.106803894,0.2090416,0.28094482,1.0953617,0.113983154,1.1720886,0.45049286,95.88262,107.301765,79.58594,92.1026,96.06742,104.083244,51.13112,57.737633,34.774593,39.90517,23.11738,26.171705,48.729813,52.730614,26.474901,29.934206,15.988144,18.194633,29.552662,35.0637,35.86592,39.007355,76.84408,82.36054,64.77277,68.777504
alvViEXcpt6DTJMCIgxAwfPXlieyPGTGoJs62yCtXlc,1,94.7642,82.878105,97.48371,52.143593,34.748077,22.37125,44.735764,24.132048,15.424057,30.305525,31.237926,74.16419,58.34464,93.994064,81.95658,97.876465,51.62938,34.609795,21.866644,46.22433,23.920275,15.039316,27.676802,32.663345,73.57905,58.680687,0.770134,0.92152405,0.3927536,0.51421356,0.13828278,0.50460625,1.4885674,0.21177292,0.38474083,2.6287231,1.4254189,0.58514404,0.33604813,88.28449,99.703636,75.69825,88.21491,93.86855,101.88438,48.326122,54.932636,32.044506,37.175083,20.339481,23.393806,44.22393,48.22473,22.190622,25.649927,13.936071,16.142561,24.921282,30.432322,31.092628,34.234062,70.820816,76.33728,56.67832,60.683052
j3scOr7Agpc6mqX7390w1Nn1DSd35AU-mcbecE0rfZU,3,105.54238,94.588036,103.27698,50.452026,33.363796,23.65226,52.578102,26.529127,16.6803,30.478514,36.5219,80.910126,68.72502,103.70664,93.26748,102.668945,53.10071,36.01445,24.28891,52.792923,26.886154,16.836647,30.361448,37.080204,83.14567,67.55918,1.8357391,1.3205566,0.6080322,2.6486855,2.6506538,0.6366501,0.21482086,0.35702705,0.15634727,0.11706543,0.55830383,2.2355423,1.1658401,97.99707,109.416214,87.00915,99.52581,98.66103,106.67686,49.797455,56.40397,33.44916,38.57974,22.761747,25.816072,50.792522,54.793324,25.156502,28.615807,15.733402,17.939892,27.605928,33.116966,35.509487,38.65092,80.387436,85.9039,65.556816,69.56155
UVMzcuNGL27V5zxla6MePU3qTsKddVZxCu0I4JlEq6Y,2,97.33743,79.41824,96.074135,44.919823,33.245716,25.606062,53.474297,25.515955,16.90972,27.184679,37.682373,80.4544,71.78386,94.707855,81.23367,96.01172,48.85105,34.791496,24.604855,53.52713,25.093939,16.475143,27.227192,36.281193,84.35281,68.52397,2.6295776,1.8154297,0.062416077,3.9312286,1.5457802,1.0012074,0.052833557,0.42201614,0.43457603,0.042512894,1.4011803,3.8984146,3.2598877,88.99828,100.41743,74.97534,87.492004,92.00381,100.01963,45.547794,52.15431,32.226208,37.356785,23.077692,26.132017,51.52673,55.52753,23.364286,26.823591,15.371899,17.578388,24.471672,29.982712,34.710476,37.85191,81.59458,87.111046,66.52161,70.52634
rhUrMSeO7Nb-lPQHSDizeYFdm1ZkYzFozoaL92zkAZ0,1,81.40649,74.03399,90.703735,44.899006,31.436182,20.923447,46.504696,22.14433,15.124787,23.472345,32.484856,75.203224,58.866817,86.56385,74.33494,91.15946,46.585754,31.65615,21.408983,48.62427,22.130032,14.694152,24.449955,31.807907,77.78824,58.431553,5.157364,0.3009491,0.45572662,1.6867485,0.2199688,0.48553658,2.1195755,0.014297485,0.43063545,0.97760963,0.67694855,2.5850143,0.4352646,80.85428,92.27342,68.07661,80.59327,87.15155,95.16737,43.282497,49.88901,29.090862,34.22144,19.88182,22.936146,46.62387,50.624672,20.40038,23.859684,13.590907,15.797397,21.694435,27.205475,30.23719,33.378624,75.03001,80.54647,56.429188,60.433918
Kt0GsE-I7kELdwI9W4UddWf2678GShfelphWFdlEfgs,11,96.96344,79.24449,93.32987,51.58092,36.28622,23.344572,43.814377,28.21801,16.689552,32.485924,37.796154,66.74215,62.433563,95.98293,79.47888,93.32862,50.10654,35.43969,22.948011,45.42709,26.410124,16.37242,29.91053,35.378647,70.11791,60.95732,0.9805069,0.23439026,0.0012512207,1.4743805,0.8465309,0.39656067,1.6127129,1.8078861,0.31713295,2.5753937,2.4175072,3.375763,1.4762421,90.27336,101.692505,73.22055,85.73721,89.32071,97.33653,46.803284,53.409798,32.8744,38.00498,21.420849,24.475174,43.42669,47.42749,24.680471,28.139776,15.269175,17.475664,27.15501,32.66605,33.80793,36.949364,67.35968,72.876144,58.954956,62.959686
JzUFURmryZAOZBJnIl8-sVLCj5Rc9ZuYnP0LZz7podg,11,102.13223,86.468956,100.33536,54.007854,39.023815,25.573088,50.135777,28.71773,18.025545,31.340036,36.060062,79.99427,67.56769,103.28203,88.992096,99.88091,53.024536,36.64789,24.44116,51.574905,27.987226,17.30014,31.683256,37.467297,80.87139,66.35417,1.1497955,2.52314,0.4544449,0.9833183,2.375927,1.1319275,1.4391289,0.7305031,0.72540474,0.34321976,1.4072342,0.877121,1.2135162,97.57246,108.9916,82.733765,95.25043,95.873,103.888824,49.72128,56.327793,34.0826,39.213177,22.913998,25.968323,49.574505,53.575306,26.257574,29.716879,16.196896,18.403385,28.927736,34.438774,35.89658,39.038013,78.11316,83.62962,64.35181,68.35654
59bc2766681516389ccf45b4,3,95.53862,81.449036,104.78086,53.880436,37.80063,24.079395,48.931828,25.795568,17.459435,29.897776,33.83392,77.03049,63.257538,94.910194,81.36779,101.3447,54.401276,36.87444,23.720205,50.33176,25.41958,16.277346,29.073378,34.03455,80.80517,63.00717,0.6284256,0.08124542,3.4361572,0.5208397,0.9261894,0.35919,1.3999329,0.375988,1.1820889,0.82439804,0.20063019,3.774681,0.2503662,89.20062,100.61977,75.10946,87.62612,97.33679,105.352615,51.09802,57.704533,34.30915,39.439728,22.193043,25.247368,48.33136,52.33216,23.689928,27.149233,15.174101,17.38059,26.317858,31.828897,32.463833,35.605267,78.046936,83.5634,61.004807,65.00954
pMnXRR4wol-MqJYDEWJNQo91TG9sdN2LJPzQEZjnroc,2,98.170746,90.7143,97.1396,50.04629,32.99956,23.072952,45.83728,26.064318,16.043478,29.88011,35.29485,71.04451,65.56598,100.03814,89.05383,97.38264,50.594,35.75955,23.291319,47.31464,25.91317,16.076645,29.279781,35.837593,73.670746,63.76964,1.8673935,1.660469,0.24303436,0.5477104,2.7599869,0.21836662,1.4773598,0.15114784,0.033166885,0.60032845,0.5427437,2.626236,1.7963371,94.32857,105.74771,82.7955,95.312164,93.374725,101.39055,47.290745,53.89726,33.19426,38.324837,21.764156,24.818481,45.31424,49.31504,24.183517,27.642822,14.9734,17.17989,26.524261,32.0353,34.266876,37.40831,70.91251,76.42898,61.767277,65.772
13pX7gY7asIuwkUe84q-h_Y4ih0x3AWA_elpNZmNBKg,1,87.31368,67.684814,93.661316,47.091267,31.347073,20.825943,50.94427,21.579315,14.785403,25.262388,32.636288,78.33565,60.765606,84.45057,71.18161,91.33636,47.481216,32.964413,21.982437,48.569244,22.484295,14.827811,24.74837,32.06266,77.66322,59.877514,2.8631134,3.4967957,2.3249588,0.3899498,1.6173401,1.1564941,2.3750267,0.9049797,0.04240799,0.514019,0.5736275,0.6724243,0.88809204,78.741,90.16014,64.92328,77.43994,87.328445,95.34427,44.17796,50.784473,30.399124,35.5297,20.455275,23.5096,46.568844,50.569645,20.754642,24.213947,13.724566,15.931056,21.99285,27.50389,30.491943,33.633377,74.90499,80.421455,57.87515,61.87988
tSmlCyLORH6VB-Q3-KA93xMd9htfy-YeQytwIAsApCc,4,106.6331,87.9334,101.92882,53.92462,33.952003,22.531778,48.77054,26.315552,15.688556,29.284626,37.42226,78.21369,64.3017,100.78619,86.833374,99.786964,53.34809,35.466892,23.677183,50.942654,27.201006,16.597786,31.233349,36.846848,79.504875,65.094734,5.846916,1.100029,2.1418533,0.57653046,1.5148888,1.1454048,2.1721153,0.8854542,0.90923023,1.9487228,0.57541275,1.2911835,0.7930374,95.076614,106.49576,80.57504,93.091705,95.77905,103.794876,50.044834,56.65135,32.901604,38.03218,22.15002,25.204346,48.942253,52.943054,25.471354,28.930658,15.494541,17.70103,28.477829,33.98887,35.27613,38.417564,76.74664,82.26311,63.09237,67.0971
irp9xnYo9ZcKWpPaJUa56QEJ16_8WXAyFIWaB99KIqU,2,100.7151,89.80782,99.28268,54.84284,36.807785,25.447727,52.421776,28.22678,18.32165,31.830463,37.60351,85.7291,69.66937,104.324425,91.13455,102.90024,54.346634,38.294113,25.804087,53.868294,28.067986,17.564522,31.31633,38.18079,85.162186,70.50973,3.6093216,1.3267288,3.6175613,0.49620438,1.4863281,0.35635948,1.446518,0.1587944,0.75712776,0.51413345,0.57727814,0.5669174,0.8403549,98.61485,110.034,84.87622,97.39288,98.89233,106.90815,51.043377,57.64989,35.728825,40.8594,24.276924,27.33125,51.867893,55.868694,26.338333,29.797638,16.461277,18.667767,28.56081,34.07185,36.610073,39.751507,82.40395,87.92042,68.50736,72.51209
Toz0icy6zg4N3sYsq5kQ4LbEARl-JPPctQSFRY8WgBw,4,103.84755,97.67372,103.5115,53.28488,33.80861,23.367008,50.53303,25.411385,16.60258,30.021456,37.06596,79.31465,69.72053,103.68967,93.449974,102.19508,52.84115,36.499123,24.42246,51.975384,26.74461,16.672674,30.10962,37.15155,81.71042,68.12157,0.15788269,4.2237473,1.3164139,0.44373322,2.6905136,1.0554523,1.4423523,1.3332253,0.07009506,0.088163376,0.08559036,2.3957672,1.5989609,97.980095,109.39924,87.19164,99.708305,98.18717,106.202995,49.53789,56.144405,33.933834,39.06441,22.895298,25.949623,49.974983,53.975784,25.014957,28.474262,15.569429,17.775919,27.3541,32.86514,35.580833,38.722267,78.95219,84.46865,66.1192,70.12393
W2fLwg08JPv_ss2ekmFaLRwOy2yWqg1Ktl6tf7Y7tHI,1,104.21069,84.31805,102.15105,56.978027,36.368835,25.382683,52.79551,27.886364,16.571371,34.1557,38.250755,80.855156,71.78725,103.31977,86.26788,102.320885,56.193295,37.860733,25.335857,53.814842,28.813696,17.335024,32.893074,38.211628,85.31135,69.30069,0.89092255,1.9498367,0.16983795,0.7847328,1.4918976,0.04682541,1.0193329,0.9273319,0.7636528,1.2626266,0.03912735,4.456192,2.486557,97.6102,109.02934,80.00955,92.526215,98.31297,106.3288,52.890038,59.49655,35.295444,40.42602,23.808695,26.86302,51.81444,55.815243,27.084044,30.543348,16.23178,18.438269,30.137554,35.648594,36.64091,39.782345,82.553116,88.06958,67.298325,71.303055
BFf4wYsA_fQ-YMPs6O0OdFYmwJu3yHbU7_VTRwuvf-0,2,95.70614,89.25455,97.97539,54.033913,37.705807,25.346346,45.630085,23.729801,16.501783,27.711363,36.551067,70.963905,67.12671,99.6138,89.06155,98.96976,52.0358,36.959465,23.776894,48.018196,26.0494,16.128052,29.421776,36.01542,74.79312,65.11269,3.9076614,0.1930008,0.9943695,1.9981117,0.7463417,1.5694523,2.388111,2.3195992,0.3737316,1.710413,0.53564835,3.829216,2.0140152,93.90423,105.32337,82.803215,95.31988,94.961845,102.97767,48.732544,55.339058,34.394176,39.524754,22.249731,25.304056,46.017796,50.018597,24.319748,27.779053,15.024807,17.231297,26.666256,32.177296,34.444702,37.586136,72.03489,77.55135,63.11033,67.11506
1D-rS4ceivG5o5yI7oRT4XD61IjRxaI_SeFBoqHYems,1,93.39962,78.13337,100.67453,54.663322,38.561443,23.080414,49.12768,24.29977,16.740795,28.41446,34.207733,77.6395,62.634117,95.60713,83.82765,100.48071,53.066513,36.81304,23.423424,49.16746,24.924921,16.082886,28.263683,33.73197,78.62329,62.40306,2.207512,5.6942825,0.19381714,1.5968094,1.7484016,0.34300995,0.039779663,0.6251507,0.6579094,0.15077591,0.4757614,0.98378754,0.23105621,89.89756,101.3167,77.56932,90.08598,96.4728,104.488625,49.763256,56.36977,34.247753,39.37833,21.896261,24.950586,47.16706,51.167862,23.195269,26.654573,14.979641,17.18613,25.508163,31.019203,32.161255,35.30269,75.86506,81.38152,60.400696,64.405426
wyzXYq1mCO53i8GE8uTF583tYOYGA7-eQOjJp1xBalI,2,100.942726,91.09764,101.24492,52.292145,37.86064,23.214607,51.23022,26.128643,16.842247,29.890802,37.424534,79.49965,65.05961,101.32785,90.93103,101.01139,52.967903,37.377384,24.466831,50.760475,26.605343,16.619738,29.85547,36.744446,79.396904,67.03771,0.3851242,0.16661072,0.23352814,0.67575836,0.4832573,1.252224,0.46974564,0.47669983,0.22250938,0.035331726,0.68008804,0.102745056,1.9781036,95.61828,107.03742,84.6727,97.18936,97.00348,105.0193,49.664646,56.27116,34.812096,39.942673,22.939669,25.993994,48.760075,52.760876,24.87569,28.334995,15.516493,17.722982,27.09995,32.610992,35.17373,38.315163,76.63867,82.155136,65.03535,69.04008
m3-xxrOtkDHwzPWWmH0k2JhHuxoCvZySmVljoy4F8JI,2,92.712036,72.47812,90.04129,47.216522,33.38145,23.293549,50.332413,25.84583,15.552941,27.572094,35.895603,78.89398,60.984848,89.34035,74.5443,90.00966,46.812286,32.998436,22.622978,49.134644,24.065632,15.270649,26.656227,34.520035,76.76918,62.447025,3.3716888,2.0661774,0.03163147,0.40423584,0.38301468,0.6705704,1.1977692,1.780199,0.28229237,0.91586685,1.3755684,2.1248016,1.4621773,83.630775,95.04992,68.285965,80.80263,86.00175,94.01757,43.50903,50.115543,30.433147,35.563725,21.095816,24.15014,47.134243,51.135044,22.33598,25.795284,14.167404,16.373894,23.900707,29.411747,32.949318,36.09075,74.01095,79.52741,60.44466,64.44939
ytf4AiJs29Zl0YhmcryHTenc9awbx5rimRO5Xixg4Po,2,87.93465,74.29235,91.24953,48.10888,35.682743,23.345274,47.850773,23.993881,15.564586,26.22203,35.10812,73.630394,63.09986,87.738525,74.2368,90.55508,46.82028,34.87887,23.480173,48.040596,23.84523,15.707245,25.878363,34.2569,74.932495,63.683235,0.19612122,0.05554962,0.6944504,1.2886009,0.80387497,0.13489914,0.18982315,0.14865112,0.14265919,0.34366798,0.8512192,1.3021011,0.583374,82.02895,93.4481,67.97847,80.49513,86.547165,94.56299,43.51702,50.123535,32.31358,37.444157,21.95301,25.007336,46.040195,50.040997,22.115578,25.574883,14.604,16.81049,23.122843,28.633883,32.686184,35.827618,72.17426,77.69073,61.68087,65.6856
91hkFkRlHkbUc_v76OqSfOTGr0WAGZc4nJqeGTs3GOs,2,106.712265,94.47605,99.2525,50.933964,34.1876,23.270811,48.746788,26.609737,16.364418,29.508884,35.204388,77.01205,65.686714,101.561386,89.939476,98.48453,50.871834,34.7134,23.155537,49.379364,26.286955,16.415382,29.805237,36.054554,77.25746,63.87803,5.150879,4.5365753,0.76797485,0.062129974,0.5258026,0.11527443,0.632576,0.32278252,0.050964355,0.2963524,0.8501663,0.24541473,1.8086853,95.851814,107.27096,83.681145,96.19781,94.476616,102.49244,47.568577,54.17509,32.148113,37.27869,21.628374,24.6827,47.378963,51.379765,24.557302,28.016607,15.312138,17.518627,27.049717,32.560757,34.483837,37.62527,74.49923,80.01569,61.875664,65.880394
BcfLjoZiAgGyAvozpMYCkbXsM37U12f0bmXpYN3dp58,2,97.44533,86.792885,95.08493,48.956593,36.17374,23.666986,49.155033,26.927828,16.726568,28.648071,36.907524,73.9849,64.03848,99.97983,87.79875,95.81026,50.002357,36.166252,23.5275,47.97889,26.167965,16.311007,29.291718,36.054092,74.63662,63.253662,2.5345001,1.005867,0.72532654,1.0457649,0.0074882507,0.13948631,1.1761436,0.7598629,0.41556168,0.64364624,0.8534317,0.65171814,0.78482056,94.270256,105.6894,81.54042,94.05708,91.802345,99.81817,46.6991,53.305614,33.600964,38.73154,22.000338,25.054663,45.97849,49.97929,24.438313,27.897617,15.207762,17.414251,26.536198,32.047237,34.483376,37.62481,71.87839,77.39485,61.251297,65.25603
X9PXsR-6P0aJrApLb5U99rVuj-a7ZEg3cT4_ZsPdjhY,2,105.93087,98.01014,102.84925,49.78101,32.116405,22.782787,55.888603,25.103533,15.584636,28.255617,36.558773,85.87894,69.98948,104.790924,94.30986,102.86554,52.661423,35.472305,24.28688,53.773964,26.856632,16.875708,30.223328,37.340103,84.85653,68.34201,1.139946,3.7002792,0.016288757,2.880413,3.3558998,1.5040932,2.1146393,1.7530994,1.2910719,1.9677105,0.7813301,1.0224075,1.6474686,99.08135,110.500496,88.05153,100.56819,98.85763,106.87345,49.358166,55.96468,32.907017,38.037594,22.759718,25.814043,51.773563,55.774364,25.12698,28.586285,15.772463,17.978952,27.467808,32.978848,35.769386,38.91082,82.0983,87.61476,66.339645,70.344376
w0478BRgZeaZDHTp1jKrUoDgcAfnjTpVDHhWvxJHWIc,2,100.04826,90.219604,100.9064,54.4089,37.958637,24.622005,49.520947,27.87879,17.47263,31.320913,38.386776,79.25383,68.14341,102.77933,91.835686,101.68886,52.986893,38.505974,25.355618,51.571335,27.206837,17.333553,30.159355,37.23384,81.10919,68.76578,2.7310638,1.6160812,0.78245544,1.4220085,0.5473366,0.73361206,2.0503883,0.6719532,0.13907623,1.1615582,1.152935,1.8553619,0.62236786,97.069756,108.4889,85.577354,98.09402,97.68095,105.69677,49.683636,56.29015,35.940685,41.071262,23.828455,26.88278,49.570934,53.571735,25.477184,28.93649,16.230309,18.436798,27.403835,32.914875,35.663124,38.804558,78.35096,83.867424,66.76341,70.76814
rK2atJFxHpSGXjwbvuYsSDsE9FuZYBY1-pTFM4NfxIE,1,98.62847,83.82187,98.53705,54.050655,40.166847,24.946321,53.42181,29.523619,17.754908,31.078215,38.162647,82.522575,69.66739,102.179306,89.20778,101.34552,53.71079,39.65109,26.178577,52.816505,27.580538,17.594263,30.317266,37.81743,83.04216,70.26303,3.5508347,5.38591,2.8084717,0.33986664,0.5157585,1.2322559,0.6053047,1.9430809,0.16064453,0.7609482,0.34521866,0.51958466,0.5956421,96.469734,107.88888,82.94945,95.46611,97.33761,105.35343,50.40753,57.014046,37.0858,42.216377,24.651415,27.70574,50.816105,54.816906,25.850885,29.31019,16.491018,18.697508,27.561747,33.072784,36.24671,39.388145,80.28393,85.80039,68.260666,72.265396
V_0sGaklZkDdzIbLXXah4By9WGnaX1cyo3uSLJjvl1I,3,101.50029,87.655365,101.21452,53.284138,37.121056,24.744888,49.754547,26.60078,16.520947,31.54669,34.929077,76.971306,66.823494,100.56271,86.25589,98.568474,52.983448,37.41065,24.56949,50.143887,27.317995,16.695606,30.97882,37.007355,78.59576,66.42037,0.9375763,1.3994751,2.6460495,0.3006897,0.28959274,0.17539787,0.38933945,0.7172146,0.17465973,0.5678692,2.0782776,1.6244507,0.40312195,94.85314,106.272285,79.99756,92.51422,94.56056,102.576385,49.68019,56.286705,34.84536,39.975937,23.042328,26.096653,48.143486,52.144287,25.588343,29.047647,15.592361,17.798851,28.2233,33.73434,35.436638,38.57807,75.837524,81.35399,64.41801,68.42274
i3SvfU4QENc_5cPFWOb7r5iNEumdNOYuj28e-Qw4J54,6,98.95431,85.77534,95.30017,50.08511,36.94941,24.603981,48.86955,26.863821,16.381243,30.571018,36.768044,74.68316,66.64412,100.390114,87.52769,97.19592,51.22851,36.541645,23.902298,48.675827,26.64164,16.398308,29.988388,36.582317,75.89715,65.31333,1.4358063,1.7523499,1.895752,1.1434021,0.40776443,0.70168304,0.19372177,0.22218132,0.017065048,0.58263016,0.18572617,1.2139893,1.3307877,94.68054,106.099686,81.269356,93.78602,93.18801,101.203835,47.925255,54.53177,33.976357,39.106934,22.375135,25.42946,46.675426,50.676228,24.911987,28.371292,15.295063,17.501553,27.232868,32.743908,35.0116,38.153034,73.138916,78.65538,63.310966,67.3157
wrDOCu7G07S5kJa1UNP7ol5UvBk_emF2JM7U3KQNJjc,7,101.531555,92.00662,103.925514,54.152935,36.524284,25.483688,53.24273,28.183619,16.702215,30.787987,37.857777,85.457184,68.76923,103.39324,90.78913,102.528885,53.79112,37.721046,25.502985,53.989582,27.55808,17.35522,30.70578,37.785828,85.39378,69.822334,1.8616867,1.2174911,1.3966293,0.3618164,1.1967621,0.019296646,0.7468529,0.6255379,0.6530056,0.082206726,0.071949005,0.06340027,1.0531006,97.68367,109.10281,84.5308,97.04746,98.52097,106.5368,50.48786,57.094376,35.155758,40.286335,23.975822,27.030148,51.98918,55.989983,25.828428,29.287733,16.251976,18.458466,27.95026,33.4613,36.21511,39.356544,82.63555,88.152016,67.81997,71.8247
-QVnfQ26qAbPK2NBge_b9gErXDn4CdOYWdc4fILEjjQ,1,89.473976,77.15233,94.8722,51.796165,35.65148,22.110947,42.741238,23.593948,15.868992,27.424707,31.470802,70.5487,58.753235,88.84575,76.98453,96.09771,51.321564,36.117542,22.307762,44.947716,23.506517,15.134787,26.727846,31.955397,71.251175,58.309425,0.62822723,0.1678009,1.2255096,0.47460175,0.46606064,0.19681549,2.206478,0.087430954,0.73420525,0.69686127,0.48459435,0.7024765,0.4438095,83.13618,94.55532,70.7262,83.24286,92.0898,100.10562,48.018307,54.62482,33.552254,38.68283,20.7806,23.834925,42.947315,46.948116,21.776865,25.23617,14.031542,16.238031,23.972326,29.483366,30.38468,33.526115,68.49294,74.00941,56.30706,60.31179
o9nOvUoHnwP2VDsgiu6eWZT9-w2k3xcdrXzS_3USI6c,2,102.65789,85.886406,101.013054,52.773056,38.407738,24.753172,51.94393,26.934702,16.775236,31.70391,38.53317,78.17111,70.57102,101.616776,90.87072,101.35873,52.94525,38.403526,25.273827,51.383064,26.814484,16.99601,29.71584,37.08468,80.700836,68.88058,1.0411148,4.984314,0.3456726,0.17219543,0.004211426,0.5206547,0.5608673,0.12021828,0.2207737,1.9880714,1.4484901,2.5297241,1.690445,95.9072,107.32635,84.61239,97.12905,97.350815,105.36664,49.641994,56.24851,35.838238,40.968815,23.746664,26.80099,49.382664,53.383465,25.084831,28.544136,15.892765,18.099255,26.96032,32.47136,35.51396,38.655396,77.942604,83.45907,66.87821,70.88294
FwKn-jm3nCeeL0h6WpYdyUgAQd9jn1r7V1DlVSacAFQ,1,94.01924,80.23254,92.55611,48.83685,37.488953,23.140886,47.6834,24.418983,16.65529,27.363503,32.033848,74.64803,58.941853,94.36501,80.00047,94.15681,49.432037,34.23247,21.919945,46.526188,24.202873,15.388886,27.479849,32.931507,74.095,57.74765,0.3457718,0.2320633,1.6007004,0.59518814,3.2564812,1.2209415,1.1572113,0.21611023,1.2664042,0.11634636,0.8976593,0.5530319,1.1942024,88.65544,100.074585,73.74214,86.258804,90.148895,98.16472,46.12878,52.735294,31.667183,36.79776,20.392782,23.447107,44.525787,48.52659,22.47322,25.932526,14.285642,16.49213,24.724329,30.235369,31.36079,34.502224,71.33677,76.85323,55.745285,59.750015
TLI5z5j7y9XIr6a-acw6-gcpuKN6bHj9IOq0Z4CdvN0,2,97.998474,82.23104,100.763405,49.894756,33.565586,22.793873,47.306778,24.958622,15.973859,25.841995,31.436447,77.67524,61.042263,94.0868,82.31641,99.11962,51.963177,35.39537,22.779667,48.39277,24.372568,15.723402,27.738476,33.140003,77.54433,61.04503,3.9116745,0.085365295,1.6437836,2.0684204,1.8297844,0.014205933,1.0859909,0.58605385,0.2504568,1.8964806,1.7035561,0.13091278,0.0027656555,88.37723,99.79637,76.058075,88.57474,95.11171,103.12753,48.65992,55.266434,32.830082,37.96066,21.252504,24.30683,46.39237,50.39317,22.642916,26.10222,14.620157,16.826647,24.982956,30.493996,31.569286,34.71072,74.786095,80.30256,59.042664,63.047394
lIMBdxq-hL2x3khzzweWS3Utwae_OMRtc6VCQFBZzok,2,98.98477,79.904236,96.34336,53.87956,38.453583,24.957159,49.82933,27.054688,17.558033,31.765083,36.949406,79.50123,64.30718,99.28079,85.64638,98.159,52.26233,37.69803,24.81812,50.762444,26.865252,16.749714,29.99411,37.042778,79.1478,67.20685,0.2960205,5.7421417,1.8156357,1.6172295,0.7555542,0.13904,0.9331131,0.18943596,0.8083191,1.7709732,0.093372345,0.3534317,2.8996658,93.57122,104.990364,79.38805,91.90471,94.151085,102.16691,48.959072,55.565586,35.13274,40.263317,23.290956,26.345282,48.762043,52.762844,25.1356,28.594904,15.646469,17.852959,27.23859,32.74963,35.47206,38.613495,76.389565,81.90603,65.20448,69.20921
a-HTa9SAriNkAGXwse-2uoHH41eWrPaygLHxsSLhZRw,3,99.005,88.703064,100.129684,53.75299,36.179367,25.808897,52.441624,27.920645,17.413706,31.907537,36.73626,81.59926,67.99104,101.84139,88.2409,100.38285,53.193104,37.6309,25.190351,52.928127,27.477324,17.182085,30.718714,37.474182,83.38123,68.13561,2.8363953,0.46216583,0.2531662,0.55988693,1.4515343,0.61854553,0.4865036,0.44332123,0.23162079,1.1888237,0.73792267,1.7819748,0.1445694,96.13182,107.550964,81.98257,94.49923,96.37494,104.39076,49.889847,56.49636,35.065613,40.19619,23.663189,26.717514,50.927727,54.928528,25.747671,29.206976,16.07884,18.28533,27.963194,33.474236,35.903465,39.0449,80.623,86.139465,66.13325,70.13798
KzVubtjZ59Pk0KE1g03Exy5v9B9VfsKWtn1oiNfoguQ,2,88.17984,71.047844,89.294044,48.0401,36.549267,23.222704,45.948563,24.610405,15.076686,28.39995,34.83942,71.94011,62.187244,88.10385,72.954544,90.60913,48.046207,34.28195,22.941872,47.587418,24.361752,15.341517,27.092907,34.586403,74.02042,63.34831,0.07598877,1.9067001,1.3150864,0.0061073303,2.267315,0.2808323,1.638855,0.24865341,0.26483154,1.3070431,0.25301743,2.080307,1.1610641,82.39428,93.81342,66.69621,79.212875,86.60122,94.61704,44.74295,51.349464,31.716663,36.84724,21.41471,24.469034,45.587017,49.58782,22.6321,26.091404,14.238273,16.444763,24.337387,29.848427,33.015686,36.15712,71.262184,76.77865,61.345943,65.35068
YA0piHl32MSDrXwwYSzw0xZkgZhEQ-dT0fbo7jC59FU,1,78.264694,69.072205,86.181885,45.696228,32.350647,22.878912,44.211468,21.20076,13.483371,24.270567,29.64759,70.629845,55.556377,80.94341,69.951675,89.026924,46.27128,33.196377,21.041384,44.255955,21.02668,14.040543,23.093168,30.367874,69.994316,56.0379,2.6787186,0.8794708,2.8450394,0.57505035,0.8457298,1.8375282,0.044487,0.1740799,0.5571718,1.1773987,0.7202835,0.63552856,0.4815216,75.23384,86.652985,63.693344,76.21001,85.01901,93.034836,42.96802,49.574535,30.631088,35.761665,19.514221,22.568546,42.255554,46.256355,19.297028,22.756332,12.937298,15.143787,20.337648,25.848688,28.797157,31.938591,67.236084,72.75255,54.035534,58.040264
o7s58PUTsT5yQd8DXsSetqhtl2BHn-coxbDQIC4PKL0,1,84.76985,70.40609,87.796135,44.41133,30.80543,21.003836,44.674614,20.349531,13.76465,23.803041,30.582237,71.533424,53.951084,84.675385,71.4433,87.41524,44.816154,31.346869,20.532259,44.30941,21.613512,14.26086,23.837214,30.767435,70.37089,54.831303,0.09446716,1.0372086,0.38089752,0.4048233,0.54143906,0.4715767,0.36520386,1.2639809,0.4962101,0.034172058,0.18519783,1.1625366,0.8802185,78.96581,90.38496,65.18497,77.70163,83.407326,91.42315,41.512897,48.11941,28.78158,33.912155,19.005096,22.059422,42.30901,46.30981,19.88386,23.343164,13.157616,15.364105,21.081694,26.592733,29.196718,32.33815,67.612656,73.12912,52.828938,56.833668
USmhBn8O9THhhyAypEL9u68iMWV7Qmy7TR-1EV_jZZQ,2,95.09279,83.70522,97.60537,48.440926,33.130726,21.655945,47.604305,24.189571,16.16528,26.369856,33.31106,76.43897,60.189167,94.18235,83.18979,98.42925,51.127014,35.219852,22.54992,48.060642,23.913513,15.55596,27.085943,32.794746,77.0241,60.30495,0.91043854,0.51543427,0.82388306,2.6860886,2.0891266,0.8939743,0.45633698,0.2760582,0.6093197,0.71608734,0.51631546,0.5851288,0.11578369,88.47278,99.89192,76.93146,89.44812,94.42134,102.437164,47.823757,54.43027,32.654564,37.78514,21.022757,24.077082,46.06024,50.061043,22.18386,25.643166,14.452715,16.659204,24.330423,29.841463,31.22403,34.365463,74.26587,79.78233,58.302586,62.307316
TH0MiV9KcajD00Dm4oCUNaMx14p36PTQyxhJcUUN3Cg,3,90.40472,84.04014,98.581505,51.512848,33.64915,21.749308,48.138157,23.982063,15.666235,28.805433,33.49126,76.92793,60.189342,93.90976,82.25534,98.27775,51.268265,33.9969,22.09088,48.642223,23.833288,15.355839,27.353851,32.760777,77.88788,59.47043,3.505043,1.7847977,0.3037567,0.24458313,0.3477478,0.3415718,0.50406647,0.1487751,0.3103962,1.451582,0.730484,0.9599457,0.71891403,88.20019,99.61933,75.99701,88.51367,94.26984,102.28566,47.965008,54.57152,31.43161,36.562187,20.563717,23.618042,46.641823,50.642624,22.103636,25.56294,14.252594,16.459084,24.598331,30.109371,31.19006,34.331493,75.12965,80.64611,57.468063,61.472794
ONExtjPuO-BP4G0Mxy8Hnm5snWhuR8xoomIwRPxkGXc,1,85.57724,73.502144,98.95424,51.171524,32.81677,22.387741,44.997475,23.442034,15.214323,26.398945,31.085949,72.00173,56.4621,87.687935,76.23218,96.07806,51.055058,34.447422,21.497206,44.469772,22.662779,14.667713,26.248396,31.15359,70.52249,56.453125,2.110695,2.7300339,2.8761826,0.11646652,1.6306534,0.89053535,0.52770233,0.7792549,0.5466099,0.15054893,0.067640305,1.4792404,0.008975983,81.97836,93.39751,69.97385,82.49051,92.070145,100.08597,47.7518,54.358315,31.882133,37.01271,19.970043,23.024368,42.46937,46.470173,20.933126,24.392431,13.564468,15.770958,23.492876,29.003916,29.582872,32.724304,67.76426,73.28072,54.45076,58.45549
TjUvH8GaZcADOnXQwNaajoaDp6G_sEk-R_cEFXjm-Oc,6,99.3037,81.632034,98.257996,48.00798,33.75533,25.156052,52.41611,25.626293,16.833294,28.152428,35.548347,81.2758,70.78518,96.93823,82.87903,97.51163,50.447422,35.091755,24.59105,53.412365,25.95616,16.572943,28.623602,36.765896,84.3039,68.816666,2.365471,1.246994,0.7463684,2.4394417,1.3364258,0.56500244,0.99625397,0.3298664,0.26035118,0.47117424,1.2175484,3.028099,1.9685135,91.22866,102.647804,76.6207,89.13736,93.503716,101.51954,47.144165,53.75068,32.526466,37.657043,23.063887,26.118212,51.411964,55.412766,24.226507,27.685812,15.469698,17.676188,25.868082,31.379122,35.19518,38.336613,81.54567,87.06213,66.8143,70.81903
U1ohsWBuEi2UBf804eKk5bN06_uDIRHjXA3rLbWQYHA,2,81.1351,70.99903,86.97566,47.40567,31.593536,20.711369,44.85261,24.676687,15.094988,25.751411,30.979977,71.94258,54.633728,82.719475,69.31055,88.18177,46.058075,33.072662,21.254591,44.52008,22.016453,14.450334,24.11971,31.148228,70.53227,57.10283,1.5843735,1.6884842,1.2061081,1.3475952,1.479126,0.5432224,0.33253098,2.6602345,0.6446543,1.6317005,0.16825104,1.4103088,2.469101,77.0099,88.42905,63.052216,75.56888,84.17386,92.18968,42.754818,49.361332,30.507374,35.63795,19.727428,22.781754,42.51968,46.52048,20.2868,23.746105,13.347089,15.553578,21.364191,26.87523,29.57751,32.718945,67.77404,73.290504,55.100464,59.105194
GFy9ZiAZQPteKzU20LglQEdnXUvL6Y3Ho1ScbVkm9xg,1,93.755745,75.24402,91.39756,50.098686,33.376644,22.163666,44.233162,23.902485,14.616485,27.082834,31.918638,72.832375,56.1848,90.63304,77.79575,94.09784,49.330765,32.918022,21.12777,45.49169,23.076534,14.639807,26.411528,32.014393,72.18037,57.03444,3.1227036,2.551735,2.7002792,0.76792145,0.45862198,1.0358963,1.2585297,0.8259506,0.023322105,0.6713066,0.09575462,0.65200806,0.8496399,84.92347,96.34261,71.53742,84.054085,90.08993,98.10575,46.027508,52.63402,30.352734,35.48331,19.600607,22.654932,43.49129,47.492092,21.346882,24.806187,13.536562,15.743052,23.656008,29.167048,30.443676,33.58511,69.422134,74.9386,55.032074,59.036804
6XXC8kAL9hpfWmFp9iu2TtzspgLOeQBVEwfEPIRVs0A,2,103.813644,90.166595,99.94906,52.742287,36.000095,24.685688,49.35843,29.88968,18.17371,31.47505,37.572727,77.27845,65.830284,99.71637,86.464966,98.10495,52.141068,36.59664,24.060001,49.475216,26.674282,16.366913,30.28357,36.473602,77.5081,65.6035,4.097275,3.7016296,1.8441086,0.6012192,0.5965462,0.62568665,0.11678696,3.2153988,1.806797,1.1914806,1.0991249,0.2296524,0.22678375,94.0068,105.42594,80.206635,92.7233,94.09704,102.11286,48.83781,55.444324,34.031353,39.16193,22.532839,25.587164,47.474815,51.475616,24.94463,28.403934,15.263668,17.470158,27.52805,33.03909,34.902885,38.04432,74.74987,80.266335,63.601135,67.605865
Qdp6TYwkdxbX5uoZpl2PtFjq4Vq5PnUV4j5xrz-ZQ6Y,3,94.99752,79.62484,97.323105,51.311577,36.493034,22.95701,47.218834,24.057896,15.715463,26.611301,32.437347,75.4897,58.162083,93.14163,82.66096,97.12631,50.37813,34.84124,22.218313,47.655018,23.505615,15.19672,26.52625,32.648148,75.97498,59.5836,1.8558884,3.0361176,0.1967926,0.933445,1.6517944,0.73869705,0.43618393,0.5522804,0.51874256,0.08505058,0.21080017,0.4852829,1.4215164,87.43206,98.851204,76.402626,88.91929,93.1184,101.134224,47.074875,53.68139,32.27595,37.40653,20.69115,23.745476,45.654617,49.65542,21.775963,25.235268,14.093475,16.299965,23.770731,29.28177,31.07743,34.218864,73.21675,78.733215,57.581234,61.585964
I8BI3wv3aghDCeaSa36TdxzoN8tuvQBE0v4X0ts5EX8,7,88.218124,75.05045,101.16886,55.333138,36.07043,22.331944,45.898396,23.793848,15.316087,27.723003,32.39493,74.420044,60.983,90.715744,78.79578,99.06224,52.82404,35.376923,22.454145,47.33946,23.897482,15.313768,27.535553,32.58941,75.45612,60.231678,2.4976196,3.7453232,2.1066208,2.509098,0.69350815,0.12220192,1.4410629,0.10363388,0.0023183823,0.18745041,0.19447708,1.0360794,0.7513237,85.00617,96.425316,72.537445,85.05411,95.05433,103.07015,49.520782,56.127296,32.811634,37.94221,20.926983,23.981308,45.339058,49.33986,22.16783,25.627134,14.210524,16.417013,24.780033,30.291073,31.018692,34.160126,72.69789,78.214355,58.229313,62.234043
OkD_s5l3lVIhaNKIZPzRPwKaGobxBEXGVQ0qW86r5A0,2,80.46855,71.44941,87.03439,45.153946,32.578117,20.87356,44.839245,20.808674,13.776617,23.097218,31.20451,69.99267,55.162445,82.87685,70.52739,87.882034,45.399803,31.543262,20.372355,44.06729,21.241673,13.860617,23.514927,30.50866,69.867165,55.07067,2.4082947,0.92201996,0.847641,0.24585724,1.0348549,0.50120544,0.7719536,0.43299866,0.083999634,0.41770935,0.6958504,0.12550354,0.09177399,77.167274,88.58642,64.26906,76.78572,83.87412,91.889946,42.096546,48.70306,28.977974,34.10855,18.845192,21.899517,42.06689,46.06769,19.51202,22.971325,12.757372,14.963861,20.759407,26.270447,28.937943,32.079376,67.10893,72.6254,53.068306,57.073036
mU1drvS29MI7Z3LXMpudK_NMTUwuBHDFilo491kDmqQ,3,92.14655,77.64407,97.55647,50.871403,36.71086,24.037205,52.397106,25.18282,15.68552,28.686756,36.3862,81.35421,68.48249,93.88915,79.374596,96.40399,50.652634,37.34462,25.673742,52.557617,25.848211,16.881996,28.141663,36.681538,82.63299,69.35035,1.7425995,1.7305222,1.1524811,0.21876907,0.63375854,1.6365376,0.16051102,0.6653919,1.196476,0.54509354,0.29533768,1.2787781,0.8678589,88.17958,99.598724,73.116264,85.63293,92.39608,100.4119,47.349377,53.95589,34.77933,39.90991,24.14658,27.200905,50.557217,54.558018,24.118559,27.577864,15.778751,17.98524,25.386143,30.897182,35.11082,38.252254,79.874756,85.39122,67.347984,71.352715
vK1-RUhICFZPQ66-rt3Ee3pOShmpzuq2ubSV1I_hdio,1,95.45561,80.970604,94.97169,48.059402,34.487377,20.640116,46.751564,23.640148,15.596645,25.476826,32.510033,74.28129,57.628803,91.1164,79.54252,96.10754,50.082314,34.90516,22.296734,46.585934,23.506517,15.457185,26.495083,32.250374,74.112114,58.71,4.3392105,1.4280853,1.135849,2.022911,0.41778183,1.6566181,0.16563034,0.13363075,0.13946056,1.0182571,0.2596588,0.1691742,1.0811958,85.40683,96.82597,73.28419,85.80085,92.099625,100.11545,46.779057,53.38557,32.33987,37.470448,20.769571,23.823896,44.585533,48.586334,21.776865,25.23617,14.35394,16.560429,23.739563,29.250603,30.679657,33.82109,71.35388,76.870346,56.707634,60.712364
i45bbTSs4418BrHmSgp2-1cYp3Yj9BI6em6C9m4yCsQ,1,89.48484,71.07589,88.57456,43.02799,32.30509,22.072367,46.734818,22.25636,14.92128,23.993254,31.066845,74.741646,57.531837,86.23786,71.966675,89.31192,46.047413,32.163372,21.368547,46.33438,22.614101,15.078973,24.823967,31.6336,73.71109,57.351967,3.2469788,0.8907852,0.7373581,3.0194244,0.14171982,0.7038193,0.4004364,0.3577423,0.15769291,0.8307133,0.5667553,1.0305557,0.1798706,80.52829,91.94743,65.70834,78.225006,85.30401,93.31983,42.744156,49.35067,29.598083,34.72866,19.841385,22.89571,44.33398,48.33478,20.884449,24.343754,13.975728,16.182217,22.068447,27.579487,30.062883,33.204315,70.95286,76.46932,55.3496,59.354332
YPz4NM-Qc1eTi_-HSz5bGAq0Fz1uc-s6OPD3FuQ1Osg,1,97.81305,76.071884,94.41196,48.882137,35.789265,23.982815,51.59974,25.9223,16.169735,28.699062,36.154034,79.63792,66.13976,95.37107,82.02855,94.37792,48.30738,35.853107,24.44868,50.95425,25.461046,16.754488,27.54749,35.873795,79.93425,66.398994,2.4419785,5.956665,0.03403473,0.5747566,0.06384277,0.4658661,0.64548874,0.46125412,0.58475304,1.1515732,0.2802391,0.2963333,0.25923157,89.6615,101.08064,75.77022,88.28688,90.37001,98.38583,45.004124,51.610638,33.28782,38.418396,22.921518,25.975843,48.95385,52.95465,23.731394,27.190699,15.651243,17.857733,24.79197,30.303009,34.303078,37.44451,77.17602,82.69248,64.39663,68.40136
EJ9WxsKpBR1iAQXdMdj1nrUbRPwihEfi_SGgd1NN4ac,1,78.76677,68.02214,90.74471,48.110672,33.627575,22.25923,47.268394,23.159983,14.478578,24.950935,30.866095,73.017944,56.65071,84.33816,71.168526,89.164505,46.345898,32.877815,21.443905,46.593792,22.157074,14.697089,24.302738,31.341305,74.04854,56.765766,5.5713882,3.1463852,1.5802078,1.7647743,0.7497597,0.8153248,0.6746025,1.0029087,0.21851158,0.6481972,0.4752102,1.0305939,0.115055084,78.628586,90.04773,64.910194,77.42686,85.15659,93.17242,43.04264,49.649155,30.312527,35.443104,19.916742,22.971067,44.59339,48.594193,20.427422,23.886726,13.593844,15.800334,21.547218,27.058258,29.770588,32.91202,71.290306,76.80677,54.7634,58.76813
oUuBVZfCJazF-eHB_8vEqHuLJsp_EpzDzEM_ipglDEo,2,84.800255,74.3623,87.42253,46.80153,32.408073,20.764593,43.267887,21.941252,14.003663,24.78277,32.547882,68.79389,58.31083,84.1583,72.66669,89.00727,45.7436,32.423172,20.824501,44.568817,21.39176,13.957558,23.618378,30.833136,70.92351,56.203987,0.6419525,1.69561,1.5847397,1.05793,0.015098572,0.059907913,1.30093,0.5494919,0.046105385,1.1643925,1.7147465,2.1296158,2.106842,78.44873,89.867874,66.408356,78.92502,84.99936,93.01518,42.440342,49.046856,29.857883,34.98846,19.297338,22.351664,42.568417,46.569218,19.662107,23.121412,12.854313,15.060802,20.862858,26.373898,29.262419,32.403854,68.165276,73.68174,54.201622,58.206352
PhWGxRdPqcxq4ZCkS_EgGaro9Nq3krfllRS9EsD7ppg,2,101.81149,88.08077,100.968315,53.18774,38.024128,24.229612,50.314903,26.168518,16.044931,29.548903,36.691578,79.20688,70.60165,101.065445,90.68584,102.083954,53.500584,37.69633,24.865677,51.524952,26.551044,16.66115,29.728397,36.828247,81.016266,68.63877,0.746048,2.6050644,1.1156387,0.31284332,0.32779694,0.6360645,1.2100487,0.3825264,0.61621857,0.17949486,0.13666916,1.8093872,1.9628754,95.35587,106.77502,84.427505,96.94417,98.07604,106.091866,50.197327,56.80384,35.131042,40.26162,23.338514,26.39284,49.52455,53.525352,24.821392,28.280697,15.557905,17.764395,26.972878,32.483917,35.25753,38.398964,78.25803,83.7745,66.636406,70.641136
_FfeVbuKdnPu_iK2drIo6jQFc3BRA1yPCiK0-V51NaI,1,97.541794,85.31779,101.33446,52.784554,38.090443,23.966017,51.51582,27.271948,16.465763,31.795904,37.08487,83.28992,72.71694,102.86452,87.96885,100.31365,53.38432,38.487415,25.862444,52.38258,28.28771,17.736736,31.557175,37.97833,82.92478,69.72324,5.3227234,2.651062,1.0208054,0.5997658,0.39697266,1.8964272,0.86676025,1.0157623,1.2709732,0.23872948,0.8934593,0.3651352,2.9936981,97.154945,108.57409,81.71052,94.22718,96.30574,104.32156,50.081062,56.687576,35.922127,41.052704,24.335281,27.389606,50.38218,54.38298,26.558058,30.017363,16.633492,18.839981,28.801655,34.312695,36.40761,39.549046,80.16655,85.683014,67.72088,71.72561
lf1daDsTtl1HzV9Oozra0F_D4_8v6DaFaGXiFHp7pGQ,2,96.818565,83.78177,94.95766,46.72325,35.905926,24.59445,50.902557,25.835806,16.319715,28.487661,36.735943,80.98688,65.55485,94.460556,80.00047,94.01431,49.053596,35.09382,23.971867,50.262684,25.561443,16.14384,28.337292,35.924892,78.92421,66.04941,2.3580093,3.7812958,0.9433441,2.3303452,0.8121071,0.6225834,0.6398735,0.27436256,0.17587471,0.15036964,0.8110504,2.0626678,0.49456024,88.750984,100.17013,73.74214,86.258804,90.0064,98.022224,45.75034,52.356853,32.52853,37.659107,22.444704,25.49903,48.262283,52.263084,23.83179,27.291096,15.040596,17.247086,25.581772,31.092812,34.354176,37.49561,76.16598,81.68244,64.04704,68.05177
d2xqnAOrGaPfe9I4-9-7pWpEua2KD7e84_fzJ30lB4E,2,93.60049,84.33421,92.650085,49.05518,34.221638,24.231659,48.85408,24.297266,16.4248,26.18327,34.193867,77.223885,66.00999,93.01048,81.825745,94.29439,48.355354,35.05748,23.553463,49.754272,24.274538,15.598187,26.662195,34.96217,78.06547,64.90121,0.59000397,2.5084686,1.6443024,0.6998253,0.83584213,0.67819595,0.90019226,0.022727966,0.8266134,0.4789257,0.7683029,0.84158325,1.1087799,87.30091,98.720055,75.56741,88.084076,90.286476,98.3023,45.052097,51.65861,32.49219,37.62277,22.0263,25.080626,47.753872,51.754673,22.544886,26.00419,14.494943,16.701431,23.906675,29.417715,33.391453,36.532887,75.307236,80.8237,62.89884,66.90357
59bc2767681516389ccf45ec,3,85.85062,72.02368,92.64947,49.448414,34.292152,21.963127,45.1164,22.281086,14.536464,25.43262,30.443775,73.14523,57.861145,85.76949,74.38291,93.5426,48.759552,33.744835,21.812117,47.095844,22.234598,14.4860735,24.87702,31.552256,75.57437,58.944477,0.08112335,2.35923,0.8931351,0.68886185,0.5473175,0.15101051,1.9794426,0.04648781,0.050390244,0.5555992,1.1084805,2.4291382,1.0833321,80.05992,91.479065,68.12458,80.64124,89.53469,97.550514,45.456295,52.06281,31.179546,36.310123,20.284954,23.33928,45.095444,49.096245,20.504946,23.96425,13.382829,15.589318,22.1215,27.63254,29.981539,33.12297,72.81614,78.3326,56.942112,60.946842
-fxrku1rAPX8f7w4HIrk9oRUecKAfNNFJd1xriLbB2A,2,97.81636,90.39958,97.56271,50.936096,34.993958,22.063173,51.94348,24.351513,15.613967,29.011816,34.313942,80.80277,62.23643,98.14897,87.19769,98.07669,50.80854,34.18994,22.796669,49.422745,25.320763,15.815935,28.736172,35.360893,77.28085,63.627365,0.33261108,3.201889,0.51397705,0.12755585,0.8040161,0.7334957,2.5207367,0.9692497,0.2019682,0.2756443,1.0469513,3.5219193,1.390934,92.4394,103.85854,80.93936,93.456024,94.06878,102.0846,47.505283,54.111797,31.624653,36.75523,21.269506,24.323832,47.422344,51.423145,23.59111,27.050415,14.71269,16.91918,25.980652,31.491692,33.790176,36.93161,74.52262,80.039085,61.625,65.62973
3QXMgxLgcifTE3JD5gChuT-j8lWjnEzRmQDINN_h3tM,2,99.0267,80.51778,95.4387,49.014004,35.020664,25.077698,51.782703,27.302652,16.994265,29.454111,37.919926,78.95356,70.94774,97.394424,82.20682,95.76604,50.04367,35.735966,24.726448,52.74104,26.27073,16.599897,29.02414,36.84534,83.17297,67.827866,1.6322784,1.6890411,0.32733917,1.0296669,0.7153015,0.3512497,0.9583359,1.0319233,0.39436722,0.4299717,1.074585,4.2194138,3.119873,91.68485,103.104,75.94849,88.46515,91.758125,99.77395,46.740414,53.346928,33.170677,38.301254,23.199286,26.25361,50.74064,54.74144,24.541077,28.000381,15.496653,17.703142,26.26862,31.77966,35.274624,38.416058,80.41474,85.931206,65.8255,69.83023
UbixyJ3QdnK9uOm6YjoaGHrNwsTpwNaeuWEuEOs9nsc,1,88.49869,80.41668,97.381195,52.658203,33.815487,21.531729,48.470177,22.838789,15.017593,26.68234,32.134243,75.95285,59.618793,91.50421,79.948135,97.65535,51.406845,34.847942,22.335331,48.366432,23.706636,15.392558,26.877054,32.609715,77.127716,59.77981,3.0055237,0.468544,0.27415466,1.251358,1.0324554,0.8036022,0.10374451,0.86784744,0.3749647,0.19471359,0.4754715,1.1748657,0.16101837,85.79464,97.21378,73.689804,86.20647,93.64744,101.66326,48.10359,54.710102,32.282654,37.41323,20.808168,23.862494,46.36603,50.366833,21.976984,25.436289,14.289313,16.495804,24.121534,29.632574,31.038998,34.18043,74.369484,79.88595,57.777447,61.782177
FYyN-I3eUVTrNJplKYfglP48b18n5SFmNaF-3XPqTWE,2,80.91333,67.820915,86.9816,47.529533,33.795254,20.650572,45.23767,22.274696,14.070781,24.04203,31.992266,70.63936,55.04692,83.185974,70.67786,89.36597,46.655045,32.631935,20.93386,44.99488,21.65678,14.279221,24.026207,30.6414,71.56172,55.459026,2.272644,2.8569412,2.384369,0.87448883,1.1633186,0.28328896,0.24279022,0.6179161,0.20843983,0.015823364,1.3508663,0.9223633,0.41210556,77.4764,88.895546,64.419525,76.93619,85.358055,93.37388,43.351788,49.9583,30.066647,35.197224,19.406698,22.461023,42.99448,46.99528,19.927128,23.386433,13.175976,15.382465,21.270687,26.781727,29.070683,32.212116,68.80349,74.319954,53.45666,57.46139
ZNGNCePYeJ8WkZFu-d5LHrMkuzGvEKDkF2--LrkNSLY,1,103.00704,81.813736,101.88447,52.95394,37.99116,26.603338,53.445843,28.14296,17.756887,30.43511,38.42769,85.420296,72.741646,101.79927,88.44152,101.70791,52.98523,38.428654,26.252098,55.053722,27.435858,17.88655,29.793053,37.86972,87.111046,71.06906,1.2077713,6.6277847,0.17655945,0.031288147,0.43749237,0.35124016,1.6078796,0.7071018,0.12966347,0.6420574,0.55796814,1.6907501,1.6725845,96.0897,107.50884,82.18319,94.69985,97.7,105.71582,49.681973,56.288486,35.863365,40.993942,24.724936,27.77926,53.05332,57.054123,25.706205,29.16551,16.783306,18.989796,27.037533,32.548573,36.299004,39.440437,84.35281,89.86928,69.066696,73.07143
KRhhODp3IdNvOwJrGTgxyFFSajMFzlvI6-oXD7zUB1M,3,86.35266,76.72072,94.66975,49.53753,34.720284,22.341955,50.763943,23.13227,15.017077,26.323837,31.020594,79.05863,60.461933,89.64572,78.16648,95.8078,49.671005,34.874744,22.848745,49.63116,23.336145,15.354125,25.78685,32.82335,79.61779,61.743587,3.2930603,1.4457626,1.1380539,0.13347626,0.1544609,0.50679016,1.132782,0.20387459,0.33704758,0.5369873,1.8027554,0.5591583,1.2816544,83.93615,95.35529,71.90815,84.42481,91.79989,99.81571,46.36775,52.974262,32.309456,37.440033,21.321583,24.375908,47.63076,51.63156,21.606493,25.065798,14.25088,16.45737,23.03133,28.54237,31.252632,34.394066,76.85956,82.37602,59.741222,63.745953
m5iE5ONAl9oOehQUPESjjt3iAA68qXS_JJKffnRNnjE,6,97.19215,87.01091,99.39551,53.537346,35.96737,24.354418,51.41682,26.707104,16.280115,30.897873,37.16095,80.238365,65.529945,99.14566,86.13703,98.03985,51.755306,36.38475,24.198341,50.713512,26.497019,16.430574,29.796865,36.556118,79.53083,66.20858,1.9535141,0.8738785,1.3556595,1.7820396,0.4173813,0.15607643,0.7033081,0.21008492,0.15045929,1.1010075,0.6048317,0.7075348,0.67863464,93.43609,104.85523,79.8787,92.39536,94.03194,102.04776,48.45205,55.058563,33.81946,38.95004,22.671179,25.725504,48.71311,52.713913,24.767366,28.226671,15.32733,17.53382,27.041346,32.552383,34.9854,38.126835,76.7726,82.28906,64.206215,68.210945
_r5m-6Cs1ruZ6VecGYZlSbNSMDLCVT3wYpjoXQ46NQQ,2,93.91475,78.197495,99.8994,52.03629,36.99745,23.429932,50.135864,24.959898,15.853481,27.893951,34.194668,80.63821,62.15955,92.892456,81.04068,99.48938,52.37393,36.655113,23.732094,50.573387,24.526714,16.027807,27.380379,33.615322,81.29381,63.151688,1.0222931,2.8431854,0.41001892,0.33764267,0.34233856,0.30216217,0.4375229,0.43318367,0.17432594,0.5135727,0.5793457,0.6556015,0.9921379,87.182884,98.60203,74.78235,87.29901,95.48147,103.49729,49.070675,55.67719,34.089825,39.2204,22.204931,25.259256,48.572987,52.573788,22.797062,26.256367,14.924562,17.131052,24.624859,30.135899,32.044605,35.18604,78.535576,84.05204,61.149323,65.15405
9HxPwgDHs897rkdxq6WDeGiyOKMKHtlOitUDZNRk6xY,1,96.521965,80.90094,101.03822,52.467,35.880245,26.07739,49.574936,25.322218,17.358656,27.614864,37.232277,75.84317,66.1156,96.74527,82.6108,96.67753,51.54543,36.878376,24.27884,49.224648,26.671387,16.820215,29.84627,36.187336,76.82878,65.10447,0.22330475,1.7098618,4.360695,0.9215698,0.9981308,1.7985516,0.3502884,1.3491688,0.5384407,2.2314053,1.044941,0.98561096,1.0111313,91.0357,102.45484,76.35247,88.86913,92.66962,100.68544,48.242172,54.848686,34.313087,39.443665,22.751677,25.806002,47.224247,51.225048,24.941734,28.40104,15.71697,17.92346,27.09075,32.60179,34.61662,37.758053,74.07055,79.58701,63.102104,67.106834
8PEXA0Sfr-ccgI-cjmAYWSeB_SOb61Ow4AvERq7vKGU,8,89.07317,69.03462,92.85268,51.794518,37.867886,24.849777,49.100327,25.015219,15.472335,26.530403,33.388554,76.41837,57.877922,89.78365,77.211044,94.62545,50.0973,35.71683,22.618729,47.290466,23.664211,15.429003,26.445099,32.53161,75.14004,58.990883,0.71047974,8.176422,1.7727737,1.697216,2.1510544,2.2310486,1.8098602,1.3510075,0.0433321,0.08530426,0.85694504,1.2783356,1.1129608,84.07408,95.493225,70.95271,83.469376,90.61754,98.63336,46.794044,53.40056,33.151543,38.28212,21.091566,24.145891,45.290066,49.290867,21.934559,25.393864,14.325758,16.532248,23.689579,29.200619,30.960892,34.102325,72.381805,77.89827,56.988518,60.993248
AYTfYEz3WD-XDPEqz4dwBmf_kEM8aL1V3rC8IaXKhFY,7,85.43072,73.99421,92.270584,48.979324,35.26788,21.293219,47.630497,23.858278,14.434747,27.050121,32.939976,76.82989,60.479717,87.95772,75.2415,94.130135,49.221497,34.882626,22.770542,48.93798,23.290174,15.415534,25.691357,32.53731,78.41181,60.670628,2.5270004,1.2472916,1.8595505,0.24217224,0.3852539,1.4773235,1.3074837,0.5681038,0.9807873,1.3587646,0.40266418,1.5819244,0.19091034,82.248146,93.66729,68.98317,81.49983,90.12222,98.13805,45.91824,52.524754,32.317337,37.447914,21.24338,24.297705,46.93758,50.93838,21.560522,25.019827,14.312289,16.51878,22.935837,28.446877,30.966595,34.10803,75.65358,81.170044,58.668262,62.672993
TvPLietnYNztbsCXuzZoZQlAFfGmiZkfW_EM4Qzd8Hc,1,87.49178,76.14011,89.26465,48.832134,35.875587,23.338884,50.25973,23.791933,15.77764,24.782612,32.2946,80.37954,59.361725,88.40735,76.87331,93.911125,48.312714,33.394318,22.212187,49.370667,22.84126,15.096599,25.16217,32.615074,78.77459,60.77147,0.9155655,0.7332001,4.6464767,0.5194206,2.4812698,1.1266975,0.8890648,0.95067215,0.6810417,0.37955856,0.32047272,1.60495,1.4097443,82.69778,94.11692,70.614975,83.13164,89.90321,97.91904,45.009457,51.61597,30.82903,35.959606,20.685024,23.73935,47.370266,51.371067,21.111609,24.570913,13.993354,16.199844,22.40665,27.91769,31.044357,34.18579,76.01636,81.53282,58.769104,62.773834
82t2wzhvpYRd2rudDmLHb-gjlDhOB-gpZa4XCmeD-5k,1,90.94263,80.51427,90.51259,46.69622,35.3083,22.724491,49.396233,24.976154,16.584812,29.20907,36.139004,75.65241,64.7102,95.2137,83.79494,93.955345,47.58782,35.112377,23.63709,49.40211,24.883003,16.322664,27.044165,35.169323,77.39303,64.22944,4.2710724,3.2806702,3.4427567,0.89159775,0.19592285,0.91259956,0.0058784485,0.09315109,0.2621479,2.1649055,0.9696808,1.7406158,0.48075867,89.50413,100.92327,77.536606,90.05327,89.94743,97.96326,44.28456,50.891075,32.54709,37.677666,22.109928,25.164253,47.40171,51.40251,23.15335,26.612656,15.2194195,17.425909,24.288645,29.799685,33.598606,36.74004,74.634796,80.15126,62.227074,66.231804
TFIecvIbX-tK0pUO3SJc4RL3hHQ8ybyG6IIvoTX5Wl0,10,98.340965,82.69966,99.317055,48.96988,36.86866,24.23091,54.534054,27.495007,17.339094,30.681393,35.570305,86.24702,68.79982,99.52598,85.34707,98.84765,50.996296,35.75808,24.984629,54.561626,26.615559,17.218311,29.153156,37.12946,86.38872,69.0259,1.1850128,2.6474075,0.46940613,2.0264168,1.1105804,0.75371933,0.027572632,0.87944794,0.12078285,1.5282364,1.5591545,0.14170074,0.22608185,93.81641,105.23555,79.08874,91.6054,94.83974,102.85556,47.69304,54.299553,33.19279,38.323368,23.457466,26.511791,52.561226,56.562027,24.885906,28.345211,16.115067,18.321556,26.397636,31.908676,35.558743,38.700176,83.630486,89.14695,67.02354,71.02827
rBm27O5ZrP9rBC42jUthUitX75oq8ro6WrJdzyjKx_g,2,98.33466,82.13711,99.84396,52.73033,36.339336,25.70757,53.79583,26.693407,17.381666,27.914331,35.353916,82.18662,70.59804,96.15512,83.59213,97.98334,50.677956,36.884468,25.317019,53.417076,25.60167,16.721188,27.842918,36.49254,84.27945,68.75235,2.1795425,1.4550247,1.8606262,2.0523758,0.5451317,0.3905506,0.37875366,1.0917377,0.6604786,0.07141304,1.1386223,2.0928268,1.8456879,90.44555,101.86469,77.3338,89.850464,93.975426,101.99125,47.3747,53.981213,34.31918,39.449757,23.789856,26.844181,51.416676,55.417477,23.872017,27.331322,15.617943,17.824432,25.087399,30.598438,34.92182,38.063255,81.52122,87.03768,66.749985,70.754715
u-19n5ZqWqhr06xLR-DOLpXuTZ45cUnyQKTNCI5HuYk,2,87.24679,76.186,95.41038,52.197426,37.99746,22.227825,45.96138,22.793404,14.497762,26.976955,31.207916,73.26387,57.596813,88.30057,76.690125,95.06584,50.152935,35.234543,22.180021,46.02309,23.118452,15.080441,26.017622,31.802544,73.35164,58.258133,1.0537796,0.5041275,0.34453583,2.0444908,2.7629166,0.04780388,0.061710358,0.32504845,0.58267975,0.9593334,0.5946274,0.087768555,0.66131973,82.590996,94.01014,70.43179,82.948456,91.05793,99.07375,46.849678,53.456192,32.669254,37.79983,20.652859,23.707184,44.02269,48.02349,21.3888,24.848104,13.977197,16.183685,23.262102,28.773142,30.231827,33.37326,70.59341,76.10987,56.255768,60.260498
1nSApcOD6a09iy7U6DOEzyGvDHe9c6-z2lrg56PkEww,1,96.72266,81.01722,94.35323,50.416435,34.41454,25.077934,49.53959,25.29379,16.961765,28.833126,36.30325,77.63107,65.43776,94.48304,79.45093,94.687485,49.81048,34.397934,23.6302,50.9629,25.845734,16.350573,28.898308,35.84184,79.984375,64.735344,2.2396164,1.5662918,0.3342514,0.60595703,0.016605377,1.4477348,1.4233093,0.5519428,0.6111927,0.06518173,0.46141052,2.353302,0.70241547,88.77347,100.19261,73.1926,85.70926,90.67957,98.6954,46.50722,53.113735,31.832645,36.963223,22.103037,25.157362,48.962498,52.9633,24.116081,27.575386,15.247328,17.453817,26.142788,31.653828,34.271122,37.412556,77.22614,82.74261,62.73298,66.73771
Q8EWvJHo7ZjvwLJNpaJxCxZAky0rrnvcmYsTvGSOPFg,2,85.87802,74.47523,92.97988,48.85883,35.00172,22.45031,43.380978,22.900175,15.781859,24.439318,31.46621,69.02707,57.5518,86.90108,75.98357,93.1667,48.91768,34.414173,21.454014,44.43361,22.409927,14.445927,25.186043,31.4003,70.32443,57.112602,1.023056,1.5083389,0.18682098,0.058849335,0.5875473,0.9962959,1.0526314,0.49024773,1.3359327,0.7467251,0.06591034,1.2973633,0.43919754,81.191505,92.61065,69.725235,82.2419,89.15879,97.174614,45.61442,52.220936,31.848885,36.97946,19.926851,22.981176,42.43321,46.43401,20.680275,24.13958,13.342682,15.549171,22.430523,27.941563,29.829582,32.971016,67.5662,73.082664,55.110237,59.114967
ROnYLg06pCSJ47L9kbpeqFAMv8uY2SC0csYHqPwlvUI,1,91.87929,84.790085,96.77247,46.5274,34.0171,23.193935,46.472416,24.949512,16.839237,26.796846,36.049522,74.117805,65.13007,94.78093,81.13881,92.83012,47.918285,33.211838,22.781965,49.551567,25.150728,15.784723,27.99113,35.432125,77.452934,63.414257,2.9016418,3.6512756,3.9423523,1.3908844,0.8052635,0.41197014,3.0791512,0.20121574,1.0545139,1.1942844,0.6173973,3.3351288,1.7158165,89.07136,100.4905,74.88048,87.39714,88.822205,96.83803,44.61503,51.221542,30.64655,35.777126,21.254803,24.309128,47.551167,51.551968,23.421076,26.88038,14.6814785,16.887968,25.235611,30.74665,33.86141,37.002842,74.6947,80.21117,61.411892,65.416626
lboDkkqmFWE6Hd7B441lqe_tT2edIVK71nk-nuYJ_CA,1,107.89975,89.41615,92.352394,48.471943,33.71404,24.127441,50.803802,25.77814,16.30127,30.90623,37.626564,79.51478,66.19008,100.94724,89.17343,97.522675,49.76517,34.23247,23.402288,51.030502,26.009005,16.385271,29.029612,36.420975,80.08585,65.75112,6.952507,0.24272156,5.1702805,1.2932281,0.5184326,0.72515297,0.22669983,0.23086548,0.08400154,1.8766193,1.2055893,0.57107544,0.4389572,95.23767,106.656815,82.9151,95.43176,93.51476,101.53059,46.461914,53.068428,31.667183,36.79776,21.875126,24.929451,49.0301,53.030903,24.279352,27.738657,15.282026,17.488516,26.274092,31.785131,34.850258,37.99169,77.32762,82.844086,63.748756,67.75349
gvFN9-oZ1kTVAlIyBYj0VsEMgoW6NojEmFUY1cB83lQ,1,89.78159,74.879654,95.83639,50.499474,32.735233,20.787949,43.24904,24.3784,15.041416,29.198261,31.976229,71.29793,56.59193,88.14881,75.81348,93.12493,48.81641,34.019066,21.449419,44.52008,22.660074,14.849843,25.607801,31.343985,70.561615,56.2333,1.632782,0.93382263,2.7114563,1.6830635,1.2838326,0.6614704,1.2710419,1.7183266,0.19157314,3.5904598,0.6322441,0.73631287,0.35863113,82.43924,93.85838,69.555145,82.07181,89.11702,97.13284,45.513153,52.119667,31.453777,36.584354,19.922256,22.976582,42.51968,46.52048,20.930422,24.389727,13.746598,15.953088,22.852282,28.363321,29.773268,32.914703,67.80338,73.31985,54.230934,58.235664
d1WLDI3NCUrqzgXr5gPLsIQAsnllGwuegVQZHJENrTA,2,95.67895,83.48386,98.78522,52.66922,36.122448,24.073652,49.940357,25.92731,16.377531,30.016617,36.979607,78.84964,67.07783,99.71075,87.3457,97.33596,50.484734,36.48844,24.450348,50.85913,26.413002,16.727636,29.238003,36.625114,79.84255,66.62431,4.0317993,3.861847,1.4492569,2.1844864,0.3659935,0.37669563,0.91877365,0.48569107,0.3501053,0.77861404,0.3544922,0.9929123,0.4535141,94.001175,105.42032,81.08737,93.604034,93.32805,101.34387,47.181477,53.78799,33.923153,39.05373,22.923185,25.97751,48.85873,52.85953,24.68335,28.142654,15.624392,17.830881,26.482483,31.993523,35.054398,38.19583,77.08432,82.600784,64.62195,68.62668
MOqbYtj3KR1NJkIQUzq-XXifDNs8yYgBo684NtXOzzo,2,96.706024,82.65169,95.22127,51.156548,33.912132,23.707598,55.41536,25.465963,16.215094,28.107409,37.345333,85.97185,67.839554,98.74123,85.54988,97.79416,50.2662,34.50232,24.13842,53.6419,25.94765,16.441912,28.798838,36.68746,84.678024,67.5891,2.035202,2.8981934,2.5728912,0.8903465,0.5901871,0.43082237,1.7734604,0.48168755,0.22681808,0.69142914,0.65787125,1.2938232,0.25045013,93.031654,104.4508,79.29155,91.80821,93.78625,101.80207,46.962944,53.569458,31.93703,37.067608,22.611258,25.665583,51.6415,55.6423,24.217999,27.677303,15.338667,17.545156,26.043318,31.554358,35.116745,38.25818,81.91979,87.43626,65.58674,69.59147
cW9CuaPVbwpK3I1tAfdxvXBqVxfqOng7igmvP1zVy-M,1,97.67375,82.440056,93.17116,48.48308,34.66122,25.12697,51.07715,26.629826,17.675564,27.447048,36.50542,78.72005,67.033646,97.1668,81.30891,94.27965,49.466682,34.54175,23.87718,51.06273,26.437973,16.385822,29.540894,36.719303,80.13598,66.27931,0.5069504,1.1311493,1.10849,0.9836006,0.11946869,1.2497902,0.014419556,0.19185257,1.2897415,2.0938454,0.21388245,1.4159317,0.7543335,91.45723,102.87637,75.050575,87.56724,90.271736,98.28756,46.163425,52.76994,31.976463,37.10704,22.350018,25.404343,49.06233,53.06313,24.70832,28.167625,15.2825775,17.489067,26.785374,32.296413,35.148586,38.29002,77.37775,82.89421,64.27695,68.28168
VZOdwErQEssn2GRi01V-Co76MIZb7JUCjyshSGFvTyI,1,94.07234,79.091705,93.79835,49.049328,36.522736,22.45987,47.684315,25.555168,17.737156,28.954647,32.14941,79.14978,59.8578,89.306625,77.80884,95.58177,49.6026,34.741238,22.525564,48.477272,23.203636,15.412387,25.802765,32.11093,77.96674,59.897053,4.7657166,1.2828674,1.7834244,0.55327225,1.781498,0.06569481,0.7929573,2.351532,2.324769,3.1518822,0.03847885,1.1830368,0.039253235,83.59705,95.0162,71.55051,84.06717,91.57386,99.58968,46.299343,52.905857,32.17595,37.306526,20.998402,24.052727,46.47687,50.477673,21.473984,24.933289,14.309142,16.515633,23.047245,28.558285,30.540215,33.68165,75.20851,80.724976,57.894688,61.899418
G2--3a1ZbnW54xZrzDhQDiV0ykwTVJPyaXDJqjk77og,1,91.65687,77.885216,99.963875,51.254337,36.383667,23.424137,49.82386,23.622871,15.058697,26.668068,32.664722,79.72158,62.405434,93.08356,81.034134,98.27201,51.468143,35.07217,22.880297,49.570087,24.265072,15.631969,27.3764,33.4504,79.37734,62.15637,1.4266891,3.1489182,1.691864,0.21380615,1.3114967,0.5438404,0.25377274,0.64220047,0.5732727,0.70833206,0.78567886,0.34423828,0.2490654,87.373985,98.79313,74.7758,87.292465,94.2641,102.27992,48.164886,54.7714,32.50688,37.63746,21.353134,24.40746,47.569687,51.570488,22.53542,25.994724,14.528725,16.735214,24.62088,30.13192,31.879684,35.02112,76.61911,82.135574,60.154003,64.15874
WONQcdsVSwAdOGdbQ6TwU4Mu2vHCr3To_k1lFiQn7Sk,4,94.32351,77.25738,94.68054,48.825882,34.713104,23.492285,49.98845,26.815536,16.156286,31.922815,35.262466,77.99407,64.98773,95.18068,80.65959,94.13469,49.453358,34.064297,23.256283,50.65534,25.582571,15.874043,28.751589,35.798332,79.41399,64.1651,0.8571701,3.402214,0.54585266,0.62747574,0.6488075,0.23600197,0.6668892,1.2329655,0.28224277,3.1712265,0.5358658,1.4199142,0.82263184,89.47111,100.89025,74.40126,86.91792,90.12678,98.1426,46.1501,52.756615,31.499008,36.629585,21.72912,24.783445,48.654938,52.65574,23.852919,27.312223,14.770799,16.977287,25.996069,31.507109,34.227615,37.36905,76.655754,82.17222,62.162735,66.167465
o-_gWQyCnze7uTFo_sg8XmTniRktMdxB4P0EGtKaMY8,1,94.107544,79.25935,94.97872,48.405407,34.142487,23.764376,48.211914,23.442934,15.837467,26.207123,32.26273,78.99269,58.041386,92.538376,80.183655,96.89864,50.540703,33.830402,22.057795,48.583393,23.758017,15.565874,26.984482,32.400547,77.8998,58.763733,1.5691681,0.92430115,1.9199219,2.1352959,0.3120842,1.7065811,0.37147903,0.31508255,0.2715931,0.777359,0.13781738,1.0928879,0.72234726,86.828804,98.24795,73.92532,86.441986,92.89073,100.906555,47.237446,53.84396,31.265114,36.39569,20.530632,23.584957,46.582993,50.583794,22.028364,25.487669,14.462629,16.669119,24.228962,29.740002,30.82983,33.971264,75.14157,80.658035,56.761368,60.766098
33kQep-kt5ANgw-ZuhiXxYHHKj9EgooiTmgbFXAxp5M,1,90.9768,79.01926,95.49356,50.7135,33.912937,22.540655,47.141663,23.047138,14.995241,26.231049,34.106037,76.51858,58.209896,90.84662,76.97144,93.803024,49.413383,33.70978,21.96957,48.12589,23.844555,15.417527,26.829308,32.620438,76.68818,58.133568,0.13018036,2.0478134,1.6905365,1.3001175,0.20315552,0.571085,0.9842262,0.7974167,0.42228603,0.598259,1.4855995,0.16960144,0.07632828,85.13705,96.55619,70.71311,83.229774,89.79511,97.810936,46.110126,52.71664,31.144493,36.27507,20.442408,23.496733,46.12549,50.12629,22.114902,25.574207,14.314282,16.520771,24.073788,29.584827,31.04972,34.191154,73.92995,79.44641,56.131203,60.135933
qdsEw-Dvb_xmFa6q7s-GuqdxNzWLX7xR7e3PQfehp4o,1,85.17129,73.851265,90.24596,50.113964,34.941307,22.034857,47.27989,24.072968,15.9713955,26.44261,31.322157,76.29316,60.91612,87.4294,76.08825,93.773544,48.637848,33.92628,22.083527,48.124317,22.63303,14.782279,25.034847,32.1592,76.94616,59.96056,2.25811,2.2369843,3.527588,1.4761162,1.0150261,0.048669815,0.844429,1.4399376,1.1891165,1.4077625,0.83704185,0.6529999,0.9555588,81.719826,93.13897,69.82992,82.34658,89.76563,97.781456,45.33459,51.941105,31.360992,36.49157,20.556364,23.61069,46.123917,50.124718,20.903378,24.362682,13.679034,15.885524,22.279327,27.790367,30.588482,33.729916,74.18793,79.70439,57.958195,61.962925
hlYBLwY-wUvLCWi6fGccF18xQgfPH6O55mBqbjlNjL0,1,95.592606,73.4273,93.87702,50.29709,35.068405,22.110672,46.157055,24.126318,15.474375,26.82889,32.688892,72.25409,58.281826,88.2275,73.98166,92.476326,48.992302,33.90154,21.802313,45.702366,23.555195,15.140661,26.47121,32.462223,72.07767,58.495056,7.3651047,0.55435944,1.4006958,1.3047867,1.1668663,0.30835915,0.45468903,0.5711231,0.33371353,0.35767937,0.22666931,0.17642212,0.21323013,82.51793,93.93707,67.72333,80.23999,88.468414,96.48424,45.689045,52.29556,31.33625,36.466827,20.27515,23.329475,43.701965,47.702766,21.825542,25.284847,14.037416,16.243906,23.71569,29.22673,30.891506,34.03294,69.319435,74.8359,56.49269,60.49742
g9j8ZQyw5DBZuJAB5unfmqJDFczHNCsOvSMI1LdWaOU,1,84.92213,76.23272,94.692314,49.79606,35.516926,21.8389,50.71266,24.207176,15.055287,25.778227,34.79509,79.72144,61.17317,88.31743,74.04709,93.79811,49.160202,35.13248,23.278683,49.959057,23.66607,15.60186,26.009665,33.26537,79.90735,62.312687,3.3953018,2.1856308,0.8942032,0.6358566,0.3844452,1.4397831,0.7536049,0.5411053,0.5465727,0.23143768,1.5297203,0.18590546,1.1395187,82.60786,94.027,67.78876,80.30542,89.7902,97.80602,45.856945,52.46346,32.567192,37.69777,21.75152,24.805845,47.958656,51.959457,21.936419,25.395723,14.498615,16.705105,23.254145,28.765184,31.694653,34.836086,77.14912,82.66558,60.31032,64.31505
5rSctrSuzwYcwlosuroM6rtJGcvbPcxme9ZOuJwx2Ps,1,85.8051,71.61744,89.186905,46.515823,32.819458,21.556246,42.25266,22.820662,15.2158165,25.715729,30.995495,68.52736,58.147198,85.91188,73.92932,90.786026,47.070793,33.02627,21.052412,44.30941,22.092173,14.341644,24.529533,31.231358,70.38556,57.14191,0.106781006,2.311882,1.5991211,0.5549698,0.20681381,0.5038338,2.0567513,0.7284889,0.8741722,1.1861954,0.23586273,1.8582001,1.0052872,80.20231,91.62145,67.67099,80.18765,86.778114,94.79394,43.767536,50.37405,30.460983,35.59156,19.52525,22.579575,42.30901,46.30981,20.36252,23.821825,13.2383995,15.444889,21.774014,27.285053,29.66064,32.802074,67.62733,73.14379,55.139545,59.144276
okmi0_4jJE4x4oUzQGWqaUr7qAXVZmr0M0sWv-wRfCw,4,83.526245,72.32203,90.22814,47.742073,34.278744,20.947136,43.5317,20.783304,13.738899,23.245825,30.938828,68.51009,57.703327,83.7733,72.01574,90.650894,47.51053,33.637875,21.279863,44.61048,21.965069,14.285095,24.384304,31.105991,70.69244,57.104053,0.24705505,0.30628967,0.42275238,0.2315445,0.64086914,0.33272743,1.0787811,1.1817646,0.546196,1.1384792,0.16716385,2.1823425,0.5992737,78.06373,89.48287,65.75741,78.27407,86.64298,94.658806,44.20727,50.813786,31.072586,36.203163,19.7527,22.807026,42.61008,46.61088,20.235416,23.694721,13.18185,15.38834,21.628784,27.139824,29.535275,32.67671,67.934204,73.45067,55.10169,59.10642
99rCWDsiu7BmmWXnf7NmjfD2FXdXJBHckHavK5uW9hM,2,91.532745,73.95665,98.44048,48.551308,34.161686,21.855242,45.85974,21.908648,14.15198,24.977327,32.427147,73.30189,57.785545,87.85093,76.63779,94.74399,49.96505,34.51314,21.859291,46.490814,22.757427,14.653026,25.774912,31.802544,74.06566,57.977245,3.681816,2.681137,3.696495,1.4137421,0.3514557,0.004049301,0.631073,0.8487797,0.5010452,0.79758453,0.6246033,0.76377106,0.19169998,82.14136,93.5605,70.379456,82.89612,90.73608,98.7519,46.661793,53.268307,31.947853,37.07843,20.332129,23.386454,44.490414,48.491215,21.027775,24.48708,13.549781,15.75627,23.019392,28.530432,30.231827,33.37326,71.30743,76.82389,55.97488,59.97961
9Jcfu5TiBNhAQuyvzg-vEbQrKnq90fAEKiS4iY8sS4I,10,93.644455,77.27459,94.81,50.069454,38.2024,24.683693,51.174072,24.928139,16.523481,28.45027,36.02736,77.84518,64.71673,96.65816,82.828,96.24266,50.750443,36.529102,24.388374,50.199867,26.319555,16.705063,29.172451,36.408974,78.29474,66.235596,3.0137024,5.5534134,1.432663,0.6809883,1.6732979,0.2953186,0.974205,1.3914165,0.1815815,0.7221813,0.38161469,0.44956207,1.5188675,90.948586,102.36773,76.56967,89.086334,92.23475,100.25057,47.447186,54.0537,33.963814,39.09439,22.861212,25.915537,48.199467,52.200268,24.589903,28.049208,15.601818,17.808308,26.416931,31.92797,34.838257,37.97969,75.53651,81.05297,64.23323,68.23796
4ETJJKC9HNKcvTvC-u5DrkNO9ia7tsMZdnpvVuU2kmc,10,89.699036,74.92788,95.60245,50.785294,33.599373,21.92442,48.170086,22.742361,15.140247,25.903461,29.861204,79.16602,60.18283,89.350464,78.246506,96.234314,50.058327,34.12855,22.323477,49.212536,23.108446,15.023746,25.878363,32.567345,78.82294,60.842304,0.34857178,3.3186264,0.63186646,0.72696686,0.5291786,0.3990574,1.04245,0.36608505,0.11650181,0.0250988,2.7061405,0.34308624,0.6594734,83.64089,95.060036,71.988174,84.50484,92.2264,100.242226,46.75507,53.361584,31.563263,36.69384,20.796314,23.85064,47.212135,51.212936,21.378794,24.838099,13.920501,16.126991,23.122843,28.633883,30.996628,34.13806,76.064705,81.58117,58.83994,62.84467
t_z08NlVzfrSwudfkajr6oQ6Ba2O4h6Xy31nB_12220,2,89.27679,76.69353,93.24428,51.647144,36.990875,22.747635,49.84697,26.353685,16.624813,30.716505,35.66337,80.35108,63.684555,95.00293,80.834595,94.338615,49.290787,34.213142,23.36277,50.605423,25.575302,16.16477,28.481525,35.772186,79.121506,64.3637,5.726143,4.1410675,1.0943375,2.3563576,2.7777328,0.6151352,0.75845337,0.77838326,0.46004295,2.2349796,0.108818054,1.2295761,0.6791458,89.29336,100.7125,74.57626,87.092926,90.3307,98.34653,45.98753,52.594044,31.647854,36.77843,21.835608,24.889933,48.605022,52.605824,23.84565,27.304955,15.061525,17.268015,25.726006,31.237045,34.20147,37.342903,76.36327,81.87974,62.361336,66.366066
lUxLaupdCSzNw8q4fe14GroR2HfT3VHUrsgXRzrxlTo,1,88.06959,74.4806,94.03025,50.915398,32.551163,19.515347,47.83469,23.612051,15.603229,26.204914,31.317984,76.8712,56.396584,89.90239,77.98548,93.193726,48.525917,32.667503,21.092848,46.35325,22.600578,14.513492,25.675442,31.786453,73.654854,56.541054,1.8328018,3.5048828,0.83652496,2.3894806,0.11634064,1.5775013,1.4814415,1.0114727,1.0897369,0.52947235,0.46846962,3.2163467,0.14447021,84.19282,95.61196,71.72715,84.24381,89.185814,97.20164,45.22266,51.829174,30.102215,35.23279,19.565685,22.62001,44.352848,48.35365,20.870926,24.33023,13.410247,15.616736,22.919922,28.430962,30.215736,33.35717,70.89662,76.413086,54.53869,58.54342
ZBxQIUTRT9IZJ2O5m306CNiiM4hbKU3YtdHVfzOyfko,1,95.601105,82.18189,95.78246,48.752014,39.86166,25.3758,52.570347,26.753819,16.693163,32.235893,37.1131,82.01603,69.802666,97.92837,85.29964,97.74871,50.188915,37.12348,25.42592,52.66086,26.125628,17.188879,28.229862,36.883553,82.81475,69.37396,2.3272629,3.1177444,1.9662476,1.4369011,2.7381783,0.050121307,0.09051132,0.628191,0.4957161,4.006031,0.2295456,0.7987213,0.4287033,92.218796,103.63794,79.041306,91.55797,93.7408,101.75662,46.88566,53.492172,34.558193,39.68877,23.898758,26.953083,50.660458,54.66126,24.395975,27.85528,16.085634,18.292124,25.474342,30.985382,35.312836,38.45427,80.05652,85.57298,67.3716,71.37633
bPt8_7wDTzCAdQrWWxgdyMntD60mmdc0K5qKNu8RR7o,1,90.451775,77.26161,94.48254,50.458614,34.386185,21.64163,46.55489,23.271988,15.528369,26.581284,32.188034,74.93475,59.358574,89.28414,77.94623,96.51046,50.85518,35.021137,22.208511,47.04658,23.328035,15.145068,26.359802,32.100204,75.06332,59.271774,1.167633,0.6846161,2.0279236,0.39656448,0.63495255,0.5668812,0.4916916,0.05604744,0.38330078,0.22148132,0.08782959,0.12856293,0.08679962,83.57457,94.99371,71.6879,84.20456,92.50255,100.51837,47.55192,54.158436,32.45585,37.586426,20.681349,23.735674,45.04618,49.04698,21.598383,25.057688,14.041823,16.248314,23.604282,29.115322,30.529488,33.67092,72.305084,77.82155,57.26941,61.27414
blo8SH72yux-Yb9SmnP4WcN_94yo9OwgUZLxhb6lyOg,1,101.166336,87.63759,97.024086,48.84144,31.397001,23.442225,50.387394,26.770208,17.70233,30.748983,37.870663,77.354095,68.8226,100.564354,87.91324,97.11976,49.837128,34.458244,23.74714,51.506874,26.524807,16.683159,29.521994,36.79573,80.87078,66.36114,0.6019821,0.27565002,0.09567261,0.9956894,3.061243,0.30491638,1.1194801,0.24540138,1.0191708,1.2269897,1.0749321,3.5166855,2.461464,94.85478,106.273926,81.65491,94.17157,93.11185,101.12767,46.53387,53.140385,31.892956,37.023533,22.219978,25.274303,49.506474,53.507275,24.795155,28.25446,15.579914,17.786404,26.766474,32.27751,35.225014,38.366447,78.11255,83.62901,64.35877,68.3635
IR9AoadLFZ8kAWZ6HWZAC_RTvMzMnqb8NnRZDUHIA6Y,1,97.98524,87.01386,99.56047,52.548355,36.48245,24.519936,51.421734,27.79556,17.757723,32.1024,38.19017,78.89829,70.803215,100.8805,88.492226,98.45136,50.468746,36.24435,24.687965,52.082294,26.76249,17.29206,29.34593,36.945232,81.90511,67.76435,2.8952637,1.478363,1.109108,2.079609,0.23809814,0.16802979,0.6605606,1.0330715,0.465662,2.7564716,1.2449379,3.0068207,3.0388641,95.17093,106.59007,82.233894,94.75056,94.44345,102.459274,47.16549,53.772003,33.67906,38.80964,23.160803,26.215128,50.081894,54.082695,25.032837,28.492142,16.188816,18.395306,26.59041,32.101448,35.374516,38.51595,79.14688,84.663345,65.761986,69.766716
taY0el3_XhjW7ijwqSr1qz5BLr32IGP4RnWVV54M6mw,1,87.17257,73.37388,90.10992,50.535347,34.11184,22.46019,46.17232,23.329515,15.43974,25.1065,31.84693,74.490654,57.888275,86.912315,73.34053,92.230644,48.856384,34.39175,22.057795,46.80918,23.122509,15.08191,25.81868,31.917852,74.701416,57.918625,0.2602539,0.033348083,2.1207275,1.6789627,0.27991104,0.40239525,0.6368599,0.20700645,0.35783005,0.7121792,0.07092285,0.21076202,0.030349731,81.20274,92.62189,67.0822,79.59886,88.22273,96.238556,45.553127,52.15964,31.826462,36.95704,20.530632,23.584957,44.80878,48.80958,21.392857,24.852161,13.978665,16.185154,23.06316,28.5742,30.347136,33.48857,71.943184,77.45965,55.91626,59.92099
wTawr8HsdMVLaNEu2ZOTHUIRFivR018bEUH54zGumB8,2,98.954155,86.58818,101.48761,51.166687,37.746906,25.172535,52.345272,27.057718,17.197693,27.460585,38.450653,85.56703,69.67972,98.79251,83.204506,99.02258,52.43489,36.46568,25.280489,54.29593,26.803474,16.786158,29.860195,37.478203,85.859085,69.6866,0.16164398,3.3836746,2.4650269,1.2682037,1.2812271,0.107954025,1.9506569,0.25424385,0.41153526,2.3996105,0.97245026,0.29205322,0.006881714,93.08294,104.50208,76.946175,89.46284,95.01467,103.030495,49.131634,55.738148,33.90039,39.030968,23.753326,26.807652,52.29553,56.29633,25.073822,28.533127,15.682913,17.889402,27.104675,32.615715,35.907486,39.04892,83.10085,88.61732,67.684235,71.688965
96LtCRgHuVdWN4VIvc2STyiKSLUPLDAQx5GcgbOQXgA,2,84.90122,76.09116,94.34488,52.315556,38.328594,24.032915,50.183678,24.844425,15.617159,27.989344,32.25009,82.138664,61.46404,90.73984,78.40091,98.33098,52.170387,36.267548,23.437439,50.143,24.091997,15.649595,27.019299,33.179558,80.73996,62.27361,5.8386154,2.3097458,3.9860992,0.1451683,2.0610466,0.59547615,0.040676117,0.75242805,0.03243637,0.9700451,0.92946625,1.3987045,0.8095703,85.030266,96.44941,72.14258,84.65924,94.32307,102.33889,48.86713,55.473644,33.70226,38.832836,21.910276,24.964602,48.1426,52.143402,22.362345,25.82165,14.5463505,16.75284,24.263779,29.774818,31.60884,34.750275,77.98173,83.49819,60.271244,64.27597
-gMnbkDTbXza9PMNAhyVL5xBmz4VZQU_7eNooMMvalk,2,93.89011,81.50312,98.17753,53.05927,37.100914,25.12609,53.443638,25.061728,16.282515,27.757809,33.030476,84.92782,64.01352,95.48629,84.064804,100.44632,51.79661,36.382366,24.231482,53.104214,24.619335,16.242432,27.02825,34.529755,85.47273,65.816154,1.5961838,2.5616837,2.2687912,1.2626572,0.7185478,0.89460754,0.33942413,0.44239235,0.04008293,0.72955894,1.499279,0.54491425,1.8026352,89.77672,101.19586,77.80647,90.323135,96.43841,104.45423,48.493355,55.09987,33.817078,38.947655,22.704319,25.758644,51.103813,55.104614,22.889683,26.348988,15.139187,17.345676,24.27273,29.78377,32.959038,36.10047,82.7145,88.230965,63.81379,67.81852
9PN2Hyak2W4F0gdWq0Lzcrm-GnEn99_8fKZCbiel4VI,2,90.52547,79.49871,96.413666,49.210434,34.87232,23.96008,50.22434,26.686472,16.250252,31.08516,36.039658,79.45528,66.54543,96.639885,83.61012,95.90117,50.14361,34.88428,23.565182,50.734932,25.482006,15.819973,28.6367,35.785713,79.868225,64.92163,6.114418,4.111412,0.51249695,0.93317413,0.011962891,0.39489746,0.5105934,1.2044659,0.43027878,2.4484596,0.2539444,0.4129486,1.6238022,90.93031,102.34946,77.35179,89.868454,91.89326,99.90908,46.84035,53.446865,32.318993,37.44957,22.03802,25.092344,48.73453,52.735332,23.752354,27.211658,14.716728,16.923218,25.88118,31.39222,34.214996,37.35643,77.10999,82.62646,62.919266,66.923996
-JvTra6b-sTRKwQQZ6DHxXMuRtvz2X0fkXKyrXyrcrk,1,95.779236,82.21374,96.92014,50.872368,35.234577,24.740044,50.972893,27.32401,17.287666,30.681303,35.66278,81.30386,65.10942,98.864174,85.27347,96.245125,49.79182,34.019066,23.440886,51.67195,26.20439,16.531967,29.319073,36.221527,81.21066,64.58421,3.084938,3.0597305,0.6750183,1.0805473,1.2155113,1.2991581,0.69905853,1.1196213,0.75569916,1.3622303,0.55874634,0.09320068,0.5252075,93.1546,104.573746,79.01514,91.5318,92.23721,100.25304,46.488564,53.095078,31.453777,36.584354,21.913723,24.968048,49.67155,53.67235,24.474737,27.934042,15.428722,17.635212,26.563553,32.074593,34.65081,37.792244,78.45243,83.968895,62.58185,66.58658
vhwKWKR4nWlKpBiQxP1iKM7y7_URvtNrJMGwH2pLZpk,2,93.14689,83.0925,94.743866,50.140873,35.25493,24.11956,47.137146,24.881275,16.479551,26.233673,36.59645,75.70716,66.402756,94.64322,80.32431,95.16411,50.759235,36.65371,24.301872,49.128155,26.081345,16.428509,29.074871,36.03457,76.65028,65.5803,1.4963303,2.7681885,0.4202423,0.6183624,1.3987808,0.18231201,1.9910088,1.2000694,0.051042557,2.841198,0.561882,0.94312286,0.82245636,88.93365,100.35279,74.06598,86.58264,91.1562,99.17202,47.45598,54.062492,34.08842,39.218998,22.77471,25.829035,47.127754,51.128555,24.351692,27.810997,15.325264,17.531754,26.319351,31.83039,34.463852,37.605286,73.89205,79.408516,63.577934,67.582664
bv5BM24TYdQTIAiXow05WgedRo2huSkBOGlxlVIt2rc,1,98.25739,85.599785,100.41097,53.40651,38.781292,25.955107,56.72141,26.488415,16.905533,28.72951,36.85676,88.270966,69.60207,101.596405,89.96687,102.07336,52.60479,36.72683,25.155735,54.91537,26.50182,17.051365,29.178818,37.179203,86.979004,69.679276,3.3390121,4.3670883,1.662384,0.80171967,2.0544624,0.7993717,1.8060379,0.013404846,0.14583206,0.4493084,0.32244492,1.2919617,0.07720184,95.88683,107.30598,83.70854,96.225204,98.065445,106.08127,49.301533,55.908047,34.16154,39.292118,23.628572,26.682898,52.91497,56.91577,24.772167,28.231472,15.94812,18.15461,26.423298,31.934338,35.608486,38.74992,84.22077,89.737236,67.67691,71.68164
wBNl8HpFrh4wxxJm-3LU1sbkM34RPMlF1qlBFb9FWhg,6,91.73606,82.4375,92.671104,49.800095,37.73182,23.192217,46.510803,24.820967,15.519743,26.609612,33.81284,76.099815,61.218933,93.1051,81.34489,93.25596,48.426422,35.102066,23.020216,47.624233,24.471275,15.48705,27.057096,34.725964,74.20992,63.030376,1.3690414,1.0926132,0.5848541,1.3736725,2.629753,0.17200089,1.11343,0.3496914,0.03269291,0.44748497,0.9131241,1.8898926,1.8114433,87.39553,98.814674,75.086555,87.60322,89.24805,97.26387,45.123165,51.72968,32.536777,37.667355,21.493053,24.547379,45.623833,49.624634,22.741623,26.200928,14.383805,16.590294,24.301577,29.812616,33.155247,36.29668,71.45169,76.968155,61.02801,65.032745
nba34fQdYxD3Bxj1y5BEd1fPxufvWVy9DhQtUfaIH9M,4,96.39272,88.77317,100.85144,54.310345,35.711075,24.506847,54.194637,25.096695,15.837167,30.160238,36.16322,86.56263,65.981705,100.8618,88.29085,100.08516,51.72199,35.519855,24.483187,53.657623,26.566458,16.802195,29.573967,37.020485,84.79662,68.38109,4.469078,0.4823227,0.7662811,2.588356,0.19121933,0.02366066,0.537014,1.4697628,0.9650278,0.5862713,0.8572655,1.7660065,2.3993835,95.15223,106.57137,82.03252,94.54918,96.07725,104.09307,48.41873,55.025246,32.954567,38.085144,22.956024,26.01035,51.657223,55.658024,24.836805,28.29611,15.69895,17.90544,26.818447,32.329487,35.449768,38.5912,82.03839,87.554855,66.37872,70.38345
4a31Z0HZ45WeaaALMQbtUVsSY3lsBcdn31D-NtXsLI8,1,92.174484,78.61751,91.05143,50.023373,32.957863,23.491163,47.640526,26.470808,16.391098,29.046122,36.558273,74.65615,63.50025,95.1856,78.90793,93.64087,49.535976,32.825237,22.400581,48.926918,25.954918,16.12144,29.387707,35.413353,76.14167,61.902348,3.011116,0.29042053,2.5894394,0.48739624,0.13262558,1.0905819,1.2863922,0.5158901,0.26965714,0.34158516,1.1449203,1.4855194,1.5979042,89.47603,100.89517,72.6496,85.16626,89.63296,97.64878,46.23272,52.839233,30.259949,35.390526,20.873419,23.927744,46.926517,50.92732,24.225266,27.68457,15.018196,17.224686,26.632187,32.143227,33.842636,36.98407,73.38344,78.8999,59.899982,63.904713
3DHVh6yH4O8Yxk5pCf44wqCFmoSfAeKW5YIorkkBRXU,2,88.39102,75.13499,96.786545,49.04425,34.84154,23.249147,48.276413,24.016186,15.332595,25.43551,33.036575,76.92207,58.621674,86.50203,74.86485,93.680176,49.062927,34.86186,22.413906,47.597633,22.875065,15.017284,25.249704,32.236965,75.66913,60.07902,1.8889923,0.27013397,3.106369,0.018676758,0.020317078,0.8352413,0.6787796,1.1411209,0.31531048,0.18580627,0.79961014,1.252945,1.4573479,80.79246,92.2116,68.60652,81.123184,89.672264,97.68809,45.75967,52.366184,32.29657,37.427147,20.886744,23.941069,45.597233,49.598034,21.145412,24.604717,13.91404,16.12053,22.494184,28.005224,30.666248,33.807682,72.9109,78.42736,58.076656,62.081387
d8kAWxZMRdnHRXcIU8akC0q2BCpzHElm3KyDjAgV_3c,1,86.82466,74.107475,93.02391,54.123234,36.265472,24.10853,47.883152,26.184294,16.369226,28.293991,34.81405,74.882454,63.026165,94.162674,80.02664,93.591736,49.05893,35.251553,23.36277,47.552826,25.653051,16.366913,28.40891,35.320168,73.85047,63.351974,7.3380127,5.9191666,0.5678253,5.0643044,1.0139198,0.74575996,0.33032608,0.5312424,0.002313614,0.11491966,0.5061188,1.0319824,0.32580948,88.4531,99.872246,73.76831,86.28497,89.583824,97.59965,45.755672,52.362186,32.686264,37.81684,21.835608,24.889933,45.552425,49.553226,23.923399,27.382704,15.263668,17.470158,25.65339,31.16443,33.74945,36.890884,71.09224,76.6087,61.34961,65.35434
FWIpJsIE9XnkEDUdFDJm07EZ2PhHuNzs2f-MJWog-zM,4,100.21136,81.480385,97.94135,50.26642,35.56578,25.181128,49.66877,26.731419,17.150919,28.091425,38.43588,79.80711,70.05581,98.56137,83.543884,97.237686,51.132343,36.16123,24.774408,52.32323,26.79232,16.841627,29.735031,37.1782,82.25356,68.412224,1.6499863,2.0634995,0.7036667,0.86592484,0.59544754,0.4067192,2.654461,0.06090164,0.30929184,1.6436062,1.257679,2.4464493,1.6435852,92.8518,104.27094,77.28555,89.802216,93.229774,101.2456,47.829086,54.4356,33.59594,38.726517,23.247246,26.30157,50.32283,54.32363,25.062668,28.521973,15.738382,17.944872,26.979511,32.49055,35.607483,38.748917,79.49533,85.011795,66.40986,70.41459
-brqqjqyO72GBQPYhr5Qop65-BnuAvtFdWj2dLeVrak,15,98.269966,79.046814,95.800446,52.334892,37.575466,26.184065,50.90554,26.475168,16.406305,28.226011,36.729366,79.85947,66.34008,97.434235,82.1208,97.05129,51.87421,36.967712,24.875204,51.421345,26.87508,16.811516,30.014095,36.82668,80.91121,67.36712,0.8357315,3.0739822,1.2508469,0.46068192,0.60775375,1.3088608,0.5158043,0.39991188,0.4052105,1.788084,0.09731293,1.0517426,1.0270386,91.72466,103.14381,75.862465,88.37913,93.04338,101.059204,48.570953,55.177467,34.402424,39.533,23.348042,26.402367,49.420944,53.421745,25.145428,28.604733,15.708271,17.91476,27.258575,32.769615,35.255962,38.397396,78.15298,83.66944,65.36475,69.369484
6GY7MGgcD8y0dG5ul2mm8JrMe4nkDDvvXu1ZejVL6L4,2,84.44433,73.49688,92.06872,50.79026,34.937332,22.676859,44.392273,22.308184,14.355133,24.188204,31.17903,69.8672,60.22172,86.32779,74.00129,90.89412,47.40393,33.712875,21.575321,45.736954,22.51269,14.59354,24.88763,31.825336,72.46891,57.925953,1.883461,0.5044098,1.1745987,3.3863297,1.2244568,1.1015377,1.3446808,0.20450592,0.23840714,0.69942665,0.646307,2.6017075,2.2957687,80.61822,92.03736,67.74296,80.25962,86.88621,94.90203,44.100674,50.707188,31.147587,36.278164,20.048159,23.102484,43.736553,47.737354,20.783037,24.242342,13.490295,15.696785,22.13211,27.64315,30.25462,33.396053,69.71068,75.22714,55.923588,59.928318
ciLRduStcoRnAQ-__Qs6QLQWSGY8dxjjK1d0PyYwF-Q,1,88.86256,78.52277,88.576164,47.711586,32.8188,20.949629,47.732086,22.22723,15.047673,24.957859,31.415102,73.31542,59.290775,88.542244,77.47519,92.37805,47.363953,34.12422,22.094555,46.99313,22.643848,15.15535,24.839882,31.91249,74.823685,58.27523,0.3203125,1.0475845,3.8018875,0.34763336,1.3054199,1.1449261,0.73895645,0.41661835,0.107676506,0.11797714,0.49738884,1.5082626,1.0155449,82.83267,94.251816,71.21686,83.73352,88.37014,96.38596,44.060696,50.66721,31.558933,36.68951,20.567392,23.621717,44.99273,48.99353,20.914196,24.3735,14.052105,16.258595,22.084362,27.595402,30.341774,33.483208,72.06545,77.58192,56.272865,60.277596
RZGVhoCaP47IHpVlPgcaB8_FpevNIj4qwzBE3mqIJ-s,3,91.62933,73.94306,97.457054,51.86271,36.296608,23.959475,50.85404,23.902994,15.20345,26.467104,32.374626,81.869934,61.518105,92.34353,79.34625,98.64054,51.77951,35.367275,23.218336,50.846684,24.329073,16.013975,27.23117,33.38336,81.79834,62.628994,0.71419525,5.4031906,1.1834869,0.08319855,0.92933273,0.74113846,0.0073547363,0.4260788,0.81052494,0.7640667,1.0087357,0.07159424,1.1108894,86.63396,98.0531,73.08792,85.60458,94.63263,102.64845,48.476254,55.082767,32.801987,37.932564,21.691174,24.745499,48.846283,52.847084,22.59942,26.058725,14.91073,17.11722,24.47565,29.98669,31.812645,34.95408,79.04011,84.55657,60.62663,64.63136
ysjUTkYsWk2w5-l05KpGpo41quzoU-YWRTZCrndNlLI,4,98.22166,86.48991,98.70777,47.295322,31.808147,21.337719,50.210323,23.766415,14.98583,26.304558,34.43921,78.36856,62.825344,95.78769,83.032776,94.28333,48.60787,32.851524,22.427002,48.939003,25.106953,15.640048,28.269154,35.209213,76.5647,62.82134,2.4339676,3.4571304,4.4244385,1.3125458,1.0433769,1.089283,1.2713203,1.340538,0.6542177,1.9645958,0.7700043,1.8038635,0.004005432,90.07812,101.49726,76.774445,89.29111,90.27542,98.291245,45.30461,51.911125,30.286236,35.416813,20.89984,23.954165,46.938602,50.939404,23.3773,26.836605,14.536803,16.743294,25.513634,31.024673,33.638496,36.77993,73.806465,79.32293,60.818974,64.8237
xmH69ldFvRNLGcaQLwW_bCUUU5H_GIuskbslCoMFw4Q,9,104.47482,83.753174,101.41166,55.441982,37.621876,25.60552,56.289192,28.792389,17.390049,32.000984,38.038227,90.0806,70.73317,102.21258,87.75459,102.377304,53.428387,37.228622,25.923506,55.949173,27.495428,17.693897,30.17477,37.97922,89.01128,71.54671,2.2622452,4.001419,0.96564484,2.0135956,0.39325333,0.31798553,0.34001923,1.2969608,0.30384827,1.8262138,0.059005737,1.0693207,0.8135376,96.503006,107.92215,81.49626,94.012924,98.36939,106.385216,50.12513,56.731644,34.663334,39.79391,24.396343,27.450668,53.948772,57.949574,25.765776,29.22508,16.590652,18.797142,27.41925,32.93029,36.408504,39.54994,86.253044,91.76951,69.54434,73.54907
imuiUv8YPQ3dlNu6BmbAghuxOMm1hG-rabvRQfDMkPM,2,95.09461,82.552895,100.448105,50.44223,36.471455,24.631319,51.085697,26.504604,16.60686,28.364557,37.465546,79.896706,67.1041,97.432365,84.15149,97.97351,51.19897,35.79976,24.382198,52.042202,26.139317,16.5649,29.007229,36.607178,81.6337,67.6691,2.3377533,1.5985947,2.474594,0.75674057,0.6716957,0.24912071,0.9565048,0.36528778,0.041959763,0.6426716,0.8583679,1.7369919,0.5649948,91.72279,103.14194,77.89316,90.40982,93.9656,101.98142,47.895714,54.502228,33.23447,38.365047,22.855036,25.90936,50.0418,54.042603,24.409664,27.868969,15.461655,17.668144,26.251709,31.762749,35.03646,38.177895,78.875465,84.39193,65.66673,69.67146
XY5IBUxnQ981n3UvFegHkU9lz5ho3m7QETaeJ6BJlwo,2,103.896706,82.12385,95.5044,50.299553,37.18254,25.148508,53.59524,28.923681,17.885923,32.430435,36.93588,85.87157,66.94031,98.699776,83.92415,99.209305,52.42157,35.379906,24.269993,53.355762,26.857224,16.94846,30.135109,36.669693,84.36992,66.926575,5.19693,1.8003006,3.7049026,2.122017,1.8026352,0.87851524,0.23947906,2.0664577,0.93746376,2.2953262,0.26618576,1.501648,0.01373291,92.990204,104.40935,77.66582,90.18248,95.20139,103.21722,49.118313,55.724827,32.814617,37.945194,22.74283,25.797155,51.355362,55.356163,25.127571,28.586876,15.845215,18.051704,27.37959,32.89063,35.098976,38.24041,81.61169,87.12815,64.92421,68.92894
fFrDCPtjMVOQo6lhZX1j8YB4DI96KbJWvHj9Cfql690,2,92.98049,75.07634,90.14705,48.720722,34.850693,22.73085,48.88708,23.976149,15.149046,27.072645,32.080723,76.51633,58.435307,89.5483,78.45325,93.78583,48.560562,33.768547,21.822533,47.458496,22.807457,14.760246,25.47451,32.216854,75.59149,58.766174,3.43219,3.3769073,3.6387787,0.16016006,1.0821457,0.90831757,1.428585,1.1686916,0.38879967,1.598135,0.13613129,0.9248352,0.33086777,83.83873,95.25787,72.194916,84.71158,89.777916,97.79374,45.257305,51.86382,31.203259,36.333836,20.29537,23.349695,45.458096,49.458897,21.077805,24.53711,13.6570015,15.863491,22.71899,28.23003,30.646137,33.78757,72.83326,78.349724,56.76381,60.76854
zrydWW1YldsSPK0Dey0YMyjPCF0jOvwBTfofxzTnNQI,1,87.90978,78.58945,92.65615,47.03644,34.001297,22.504633,50.35205,23.449825,15.806385,25.394594,35.27274,76.770035,58.37508,90.98713,79.902336,93.97991,48.14215,33.932465,22.186455,47.925434,23.182003,15.159756,25.571991,32.78402,76.18446,60.3538,3.0773468,1.3128891,1.323761,1.1057091,0.0688324,0.31817818,2.4266167,0.26782227,0.64662933,0.17739677,2.48872,0.5855713,1.9787216,85.27756,96.6967,73.644005,86.16067,89.972,97.98782,44.838894,51.445408,31.367176,36.497753,20.659292,23.713617,45.925034,49.925835,21.45235,24.911655,14.056511,16.263,22.816471,28.32751,31.213303,34.354736,73.42623,78.942696,58.351437,62.356167
c_RN0nF9LW71ZYJQnSp8mUN88GQlyQ_zc3QrUUqerRM,2,88.0613,73.35225,92.80914,51.15559,35.07546,23.590187,45.831997,22.532183,14.523639,27.062014,31.251076,76.588066,56.42749,87.14838,74.89102,93.186356,48.91102,33.695866,21.60289,46.288788,22.697933,14.717651,25.512308,31.73148,73.69031,57.943054,0.9129257,1.5387726,0.37721252,2.2445717,1.3795929,1.987297,0.45679092,0.1657505,0.19401264,1.5497055,0.4804039,2.8977585,1.515564,81.438805,92.85795,68.63269,81.14935,89.178444,97.19427,45.60776,52.214275,31.130577,36.261154,20.075727,23.130053,44.288387,48.28919,20.96828,24.427586,13.614407,15.820896,22.756788,28.267828,30.160763,33.302197,70.932076,76.44854,55.94069,59.94542
5D0ey117hSU15IhFwv_AMoW12dWLH-hA78F27-tMvGk,6,88.81797,77.46622,94.7457,49.874508,31.180643,20.956255,45.791862,22.66315,14.863141,25.176716,32.230362,73.1367,58.49322,88.79142,76.72938,93.08317,48.38023,32.991734,21.45432,46.93758,22.719116,14.587174,25.549444,32.01171,74.95124,58.13275,0.026550293,0.7368393,1.662529,1.494278,1.8110905,0.49806595,1.1457176,0.055965424,0.27596664,0.37272835,0.21865082,1.814537,0.36046982,83.08185,94.50099,70.47105,82.98771,89.07526,97.09108,45.076973,51.683487,30.426445,35.557022,19.927158,22.981483,44.93718,48.93798,20.989464,24.448769,13.48393,15.690419,22.793924,28.304964,30.440994,33.582428,72.19301,77.70947,56.130386,60.135117
t8e5FBXCLjG2YndD7s8U4bOme2PDNMrXqjETMJPc154,10,137.54697,140.94803,141.4084,70.54765,50.355556,29.487091,49.942814,33.680267,20.61986,40.711075,43.23426,75.34242,77.49086,145.03436,147.70158,147.15576,74.85243,48.638206,29.748331,51.214916,34.369667,21.204973,43.857986,42.28019,79.06337,76.188545,7.4873962,6.7535553,5.74736,4.304779,1.71735,0.26124,1.2721024,0.6893997,0.5851135,3.1469116,0.95407104,3.7209473,1.3023148,139.3248,150.74393,141.44325,153.95992,143.14786,151.16367,71.54918,78.155685,46.072918,51.203495,28.221169,31.275494,49.214516,53.215317,32.640015,36.09932,20.101728,22.308218,41.102467,46.613506,40.709473,43.850906,76.30514,81.8216,74.18618,78.19091
59bc275a681516389ccf40d8,5,139.5377,123.22822,149.45007,70.451035,41.680626,24.929155,45.72422,31.900314,19.21737,46.473225,37.489784,66.37553,63.992996,143.45615,133.81123,147.085,76.237206,44.801254,27.254171,45.499237,32.47883,19.888943,46.13468,37.7461,70.9998,63.891174,3.9184418,10.583015,2.3650665,5.786171,3.1206284,2.325016,0.22498322,0.5785141,0.67157364,0.33854294,0.25631714,4.624275,0.1018219,137.74658,149.16571,127.5529,140.06956,143.07709,151.09293,72.933945,79.54047,42.235966,47.366543,25.727009,28.781334,43.498837,47.499638,30.749176,34.20848,18.785698,20.992188,43.37916,48.8902,36.175385,39.31682,68.24157,73.75803,61.88881,65.89354
59bc275e681516389ccf422d,8,126.50959,114.71344,147.04784,76.8824,49.518063,27.605246,44.34827,32.43102,18.86369,45.713074,36.13393,69.74966,63.63776,135.2031,124.89947,143.75795,76.16658,45.648067,27.472755,44.799538,31.663685,19.398481,44.65654,36.71044,70.02794,63.34877,8.693504,10.186028,3.2898865,0.7158203,3.869995,0.13249016,0.45126724,0.767334,0.53479195,1.0565338,0.5765114,0.27828217,0.28899002,129.49353,140.91266,118.641136,131.1578,139.75003,147.76587,72.86333,79.46983,43.08278,48.213356,25.945593,28.999918,42.799137,46.79994,29.934032,33.393337,18.295237,20.501726,41.90102,47.41206,35.139725,38.28116,67.26971,72.78617,61.346405,65.351135
UueDSYaaKwwE0UEq27l9nzA6p5xEn76jwy0yla549PI,11,130.23146,133.44576,122.503654,66.07466,49.76577,29.283945,49.71087,31.920673,19.627106,39.307446,39.301384,78.03408,71.334145,136.1463,132.3748,131.07106,66.71567,44.11459,27.425743,50.459938,33.18765,20.479689,41.218273,41.01661,78.47814,71.33951,5.9148407,1.0709534,8.567406,0.64100647,5.6511803,1.858202,0.7490692,1.2669754,0.85258293,1.9108276,1.7152252,0.44406128,0.0053634644,130.43674,141.85587,126.11647,138.63313,127.06315,135.07898,63.41241,70.01892,41.5493,46.67988,25.89858,28.952906,48.459538,52.46034,31.457996,34.9173,19.376444,21.582933,38.462753,43.973793,39.445892,42.587326,75.71991,81.236374,69.33714,73.34187
JIDeRFzpDbcfojQQ6lmOZQMRkTWTOk7Pat0FtOpYyB4,1,135.68686,117.192665,130.32764,75.68178,45.55042,24.73301,52.061577,32.084255,18.141756,41.59943,37.45889,83.63441,67.34608,128.42485,121.01996,137.07289,72.39952,43.82021,26.990973,53.01617,31.235392,19.334038,40.54042,38.073524,84.84186,69.70859,7.2620087,3.8272934,6.7452545,3.282257,1.7302094,2.2579632,0.95459366,0.8488636,1.1922817,1.0590096,0.61463547,1.2074509,2.3625107,122.71528,134.13443,114.76163,127.27829,133.06497,141.08081,69.09627,75.702774,41.25492,46.385498,25.46381,28.518135,51.01577,55.01657,29.50574,32.965042,18.230793,20.437283,37.7849,43.29594,36.502808,39.64424,82.083626,87.60009,67.70622,71.71095
R6lI4XrZv80ND_JSygPq0gmxy-AJ3FqmuLPssZXEWrA,1,130.44778,131.125,127.89464,63.566704,43.3914,27.258924,51.484802,34.051586,20.665545,41.554443,41.178055,79.3552,73.77787,133.21346,128.97525,129.36824,66.85619,44.550117,27.856667,51.742702,33.74227,20.603065,41.0338,41.75674,80.458755,73.53599,2.7656708,2.1497498,1.4736023,3.2894897,1.1587181,0.5977421,0.25790024,0.30931473,0.06247902,0.52064514,0.57868576,1.1035538,0.24188232,127.50388,138.92303,122.71692,135.23358,125.36033,133.37616,63.552937,70.159454,41.98483,47.115406,26.329504,29.38383,49.742302,53.743103,32.01262,35.471924,19.49982,21.70631,38.27828,43.789318,40.186024,43.327457,77.70052,83.21699,71.53362,75.53835
BzT7pQ7_8gIZuqadGE7M2TJT_LmR--lXZRnZ6QKQl0k,2,136.21945,120.63963,127.31318,67.65677,43.423904,26.542322,52.531925,30.542543,18.673302,40.299854,38.477917,82.728355,64.98003,132.11185,124.46114,130.7146,67.36789,42.433083,26.063244,50.231438,30.964962,19.062313,40.039085,38.21297,79.96542,66.89055,4.107605,3.8215103,3.4014206,0.2888794,0.99082184,0.4790783,2.3004875,0.4224186,0.38901138,0.2607689,0.26494598,2.7629318,1.9105225,126.402275,137.82141,118.20281,130.71948,126.70669,134.7225,64.06464,70.67114,39.867794,44.99837,24.536081,27.590406,48.231037,52.23184,29.23531,32.694614,17.959068,20.165558,37.283566,42.794605,36.642254,39.783688,77.20719,82.723656,64.88818,68.892914
G0ilgccW_OJkq0lraQtSuT_anU-idRoxUedr96glmYI,2,126.13592,118.67533,135.08965,72.90735,43.265713,26.242397,48.283936,28.033125,17.097229,36.37495,35.829903,77.764,67.785065,124.484924,118.285324,135.5005,71.67462,43.637733,26.352268,49.341187,29.53101,18.211153,39.187614,36.381588,78.53102,66.84476,1.6509933,0.39000702,0.41085815,1.232727,0.37202072,0.10987091,1.057251,1.4978848,1.113924,2.812664,0.55168533,0.7670212,0.9403076,118.77535,130.19449,112.02699,124.543655,131.49258,139.50842,68.37137,74.977875,41.072445,46.203022,24.825106,27.87943,47.340786,51.341587,27.801357,31.260662,17.107908,19.314398,36.432095,41.943134,34.81087,37.952305,75.77279,81.28925,64.84239,68.84712
qMSCpa4ImZX2Xq_Lxv5Dk_6kC9ky4gHUuXH-B2vJ0nw,4,132.77196,116.44525,118.06831,60.954643,43.938828,26.591656,50.766785,32.206,19.865957,37.897823,42.54948,78.05843,75.27804,130.37514,125.913506,124.75921,63.8127,43.377937,27.40498,51.585285,33.064846,20.432688,39.511887,41.41081,80.16792,72.69333,2.39682,9.468254,6.690895,2.858055,0.5608902,0.813324,0.8185005,0.85884476,0.5667305,1.6140633,1.1386719,2.1094894,2.5847092,124.665565,136.08472,119.655174,132.17184,120.7513,128.76712,60.50944,67.11595,40.81265,45.943226,25.877817,28.932142,49.584885,53.585686,31.335194,34.7945,19.329443,21.535933,36.756367,42.267406,39.84009,42.981525,77.40969,82.926155,70.69096,74.695694
BN5HI-Z_2P6YYrmnCnCxuMkNIK4gXS98XmLvD4GMLwM,1,119.41284,107.16597,118.077705,65.13004,44.778587,24.714897,43.815308,33.66049,19.883759,43.092064,35.770718,67.122375,62.184914,122.590836,109.21786,120.53345,63.626144,41.908848,25.176872,44.26224,29.53439,18.28092,38.141174,36.05996,69.82804,60.859398,3.1779938,2.0518875,2.455742,1.5038986,2.8697395,0.4619751,0.44693375,4.1260986,1.6028385,4.9508896,0.2892418,2.7056656,1.3255157,116.88126,128.30042,102.959526,115.47619,116.525536,124.54136,60.322887,66.9294,39.34356,44.474136,23.64971,26.704035,42.26184,46.26264,27.804737,31.264042,17.177675,19.384165,35.385654,40.896694,34.489243,37.630676,67.06981,72.58627,58.857033,62.861763
KiK6AcGmaLEwt7mZeZwVpBhirsxCI-QYMA4jBbg-MeE,6,122.78568,107.78699,121.23474,64.918396,44.162987,26.16628,49.181755,32.934174,18.596678,44.00138,39.938988,78.637505,69.939896,123.06857,114.05471,119.886475,64.09253,43.43567,27.025282,50.292446,32.567707,19.647867,39.0835,40.443638,78.23592,70.495476,0.28289032,6.267723,1.3482666,0.8258667,0.7273178,0.85900116,1.1106911,0.36646652,1.0511894,4.917881,0.5046501,0.4015808,0.55558014,117.359,128.77814,107.79638,120.31304,115.87856,123.89439,60.789272,67.39578,40.87038,46.000957,25.49812,28.552444,48.292046,52.292847,30.838055,34.29736,18.544622,20.751112,36.32798,41.83902,38.87292,42.014355,75.47769,80.994156,68.49311,72.49784
4SDP5mkpDsFjc0zFTzxpH2XBbhJ4giz1XYhc-weoWaM,2,122.10173,115.29982,120.17953,64.33489,45.865715,27.460623,54.00905,35.184513,19.679134,43.26756,41.036983,86.35944,75.1405,123.56317,116.42734,121.95349,64.36703,44.349083,28.126854,54.214176,32.603764,20.06696,37.94223,41.15203,85.48007,74.77922,1.461441,1.1275177,1.7739639,0.03213501,1.5166321,0.66623116,0.20512772,2.5807495,0.387825,5.325329,0.115047455,0.87937164,0.36128235,117.8536,129.27274,110.16901,122.68567,117.94558,125.9614,61.06377,67.67029,41.783794,46.91437,26.599691,29.654016,52.213776,56.214577,30.874111,34.333416,18.963715,21.170204,35.18671,40.69775,39.581314,42.722748,82.72184,88.238304,72.776855,76.781586
jBEj27AHI5lyQmg5G-Ecna-VHLx6BnjoQJihBJIcpes,1,124.43502,125.06216,122.73294,61.322872,40.929768,24.694061,47.589138,29.655415,17.902304,36.468246,39.530792,71.522484,68.718094,125.14252,116.44043,117.477135,60.593307,39.36191,24.972855,48.203712,31.002823,18.831715,37.986,39.313778,74.28084,65.90988,0.70749664,8.621727,5.255806,0.72956467,1.5678558,0.27879333,0.61457443,1.3474083,0.92941093,1.5177536,0.21701431,2.7583542,2.8082123,119.432945,130.85208,110.1821,122.69876,113.46922,121.48505,57.29005,63.896564,36.796623,41.9272,23.445692,26.500017,46.203312,50.204113,29.27317,32.732475,17.72847,19.93496,35.23048,40.74152,37.74306,40.884495,71.522606,77.03907,63.907516,67.91225
59bc2758681516389ccf4064,11,118.88298,109.017075,124.65128,70.171585,44.01591,25.004953,51.972393,29.3311,17.435911,36.728565,36.192966,83.72429,69.42646,118.0107,110.79868,124.29553,65.30368,42.414383,26.33723,53.137657,29.112764,18.288263,35.45075,37.213333,85.4545,69.91598,0.87228394,1.7816086,0.35575104,4.8679047,1.6015282,1.3322773,1.1652641,0.2183361,0.85235214,1.2778168,1.0203667,1.7302094,0.4895172,112.301125,123.72027,104.54035,117.057014,120.28762,128.30344,62.000423,68.60693,39.849094,44.97967,24.810068,27.864393,51.137257,55.138058,27.383112,30.842417,17.185019,19.391508,32.69523,38.20627,35.642616,38.78405,82.696266,88.21273,67.91361,71.91834
JQmPkyFc0qT8MKjYXgb_CIdyM9RqtEbhHzmhbv1npY8,2,120.69695,122.790504,116.37186,59.077385,40.71419,26.348356,55.20245,30.868044,19.808092,33.901035,40.801308,82.117966,73.96977,125.50223,120.94145,120.59732,61.800575,42.593906,26.994648,52.35428,31.481482,19.461086,37.035057,40.567436,82.02127,72.62737,4.805275,1.8490524,4.225464,2.7231903,1.879715,0.64629173,2.8481712,0.61343765,0.34700584,3.1340218,0.23387146,0.09669495,1.3423996,119.792656,131.21179,114.68312,127.19978,116.58941,124.60523,58.49732,65.103836,40.028618,45.159195,25.467485,28.52181,50.353878,54.35468,29.75183,33.211136,18.357841,20.564331,34.279537,39.790577,38.99672,42.138153,79.26304,84.7795,70.62501,74.62974
0wqJ7taytlPRIH9JbcedVeXCM-qNjXS0lJNhCa6uAG8,4,122.55809,114.96934,116.69393,63.713768,45.141285,27.699705,52.027164,32.83236,19.382187,38.40901,40.268833,80.00448,73.177734,123.47887,118.704025,120.34918,62.410877,43.89289,27.393494,51.931755,31.123163,19.298786,36.41734,40.2081,81.471085,72.94612,0.92077637,3.7346878,3.6552505,1.3028908,1.248394,0.30621147,0.09540939,1.7091961,0.08340073,1.9916725,0.060733795,1.4666061,0.23161316,117.769295,129.18845,112.445694,124.96236,116.34127,124.35709,59.10762,65.714134,41.327602,46.45818,25.866331,28.920656,49.931355,53.932156,29.39351,32.852814,18.195541,20.40203,33.66182,39.17286,38.637383,41.778816,78.71285,84.22932,70.943756,74.94849
