subject_id,photo_id,height_cm,gender,true_chest,pred_chest,abs_error_chest,true_waist,pred_waist,abs_error_waist,true_hip,pred_hip,abs_error_hip,true_thigh,pred_thigh,abs_error_thigh,true_calf,pred_calf,abs_error_calf,true_ankle,pred_ankle,abs_error_ankle,true_arm-length,pred_arm-length,abs_error_arm-length,true_forearm,pred_forearm,abs_error_forearm,true_wrist,pred_wrist,abs_error_wrist,true_bicep,pred_bicep,abs_error_bicep,true_shoulder-breadth,pred_shoulder-breadth,abs_error_shoulder-breadth,true_leg-length,pred_leg-length,abs_error_leg-length,true_shoulder-to-crotch,pred_shoulder-to-crotch,abs_error_shoulder-to-crotch,lower_chest,upper_chest,lower_waist,upper_waist,lower_hip,upper_hip,lower_thigh,upper_thigh,lower_calf,upper_calf,lower_ankle,upper_ankle,lower_arm-length,upper_arm-length,lower_forearm,upper_forearm,lower_wrist,upper_wrist,lower_bicep,upper_bicep,lower_shoulder-breadth,upper_shoulder-breadth,lower_leg-length,upper_leg-length,lower_shoulder-to-crotch,upper_shoulder-to-crotch
E8tDQ5IgdBwbjLIXu7GwcupEHYbi0eB18YNcsgsSbP8,30a300251e6a75efbfaf7d257c48a66a,175.75,0,114.319115,111.45676,2.862358,110.02166,102.30931,7.712349,123.125084,117.093864,6.0312195,67.98038,62.62408,5.3562965,42.416393,41.352142,1.064251,25.233662,25.473707,0.24004555,53.050766,50.75144,2.2993279,29.861279,28.095705,1.7655735,17.28145,17.482635,0.20118523,39.3896,33.94548,5.4441185,36.19196,36.16471,0.027248383,84.51344,81.65081,2.8626328,65.48489,66.881386,1.396492,104.48169,118.43182,94.16654,110.45208,111.18007,123.00766,57.74763,67.500534,38.105854,44.59843,23.835165,27.11225,48.540432,52.962444,25.903374,30.288036,16.387,18.578272,30.564451,37.326508,34.185154,38.144268,78.64986,84.651764,64.21306,69.54971
E8tDQ5IgdBwbjLIXu7GwcupEHYbi0eB18YNcsgsSbP8,68d9b6e77a491f83a4b5c0cc2f262a75,175.75,0,114.319115,112.09749,2.2216263,110.02166,103.21867,6.802986,123.125084,116.93663,6.1884537,67.98038,62.22432,5.7560577,42.416393,40.981003,1.4353905,25.233662,25.38916,0.1554985,53.050766,51.073734,1.9770317,29.861279,28.129509,1.7317696,17.28145,17.534044,0.252594,39.3896,33.90768,5.4819183,36.19196,36.293262,0.1013031,84.51344,82.14475,2.3686905,65.48489,66.99985,1.5149536,105.12242,119.072556,95.075905,111.36144,111.022835,122.850426,57.34787,67.10077,37.734715,44.22729,23.750618,27.027702,48.86273,53.28474,25.937178,30.32184,16.438408,18.62968,30.526651,37.28871,34.313705,38.27282,79.1438,85.145706,64.33152,69.668175
E8tDQ5IgdBwbjLIXu7GwcupEHYbi0eB18YNcsgsSbP8,d13b37c0613ea9a13930b87637513b86,175.75,0,114.319115,109.062454,5.2566605,110.02166,99.5616,10.46006,123.125084,114.0179,9.107185,67.98038,60.67859,7.3017883,42.416393,40.045425,2.3709679,25.233662,25.034428,0.19923401,53.050766,51.214447,1.836319,29.861279,27.54403,2.3172493,17.28145,17.209076,0.072374344,39.3896,32.859253,6.530346,36.19196,35.909832,0.28212738,84.51344,82.43818,2.075264,65.48489,66.50036,1.0154648,102.08739,116.03752,91.41883,107.70437,108.1041,119.931694,55.80214,65.55504,36.799137,43.291714,23.395885,26.67297,49.00344,53.425453,25.351698,29.73636,16.11344,18.304712,29.478224,36.24028,33.930275,37.88939,79.437225,85.43913,63.83203,69.168686
E8tDQ5IgdBwbjLIXu7GwcupEHYbi0eB18YNcsgsSbP8,1e33eb6c8679e50628f6f208283807fb,175.75,0,114.319115,112.5134,1.8057175,110.02166,103.61775,6.403908,123.125084,118.666245,4.4588394,67.98038,63.285015,4.695362,42.416393,41.327396,1.0889969,25.233662,25.470032,0.23637009,53.050766,50.97469,2.0760765,29.861279,28.138975,1.7223034,17.28145,17.515684,0.23423386,39.3896,34.303574,5.086025,36.19196,36.14309,0.048870087,84.51344,82.09829,2.4151535,65.48489,66.87528,1.3903885,105.53833,119.488464,95.47498,111.76052,112.75245,124.58004,58.408566,68.16147,38.08111,44.573685,23.83149,27.108574,48.763683,53.185696,25.946644,30.331306,16.420048,18.61132,30.922544,37.6846,34.163532,38.122646,79.097336,85.09924,64.206955,69.54361
E8tDQ5IgdBwbjLIXu7GwcupEHYbi0eB18YNcsgsSbP8,bdb4752e62e30b7fb2f425cfc37904cd,175.75,0,114.319115,109.4896,4.8295135,110.02166,99.528885,10.492775,123.125084,113.51671,9.608376,67.98038,60.476044,7.5043335,42.416393,40.21862,2.197773,25.233662,25.246716,0.013053894,53.050766,51.61221,1.4385567,29.861279,28.002407,1.8588715,17.28145,17.518621,0.23717117,39.3896,33.14573,6.24387,36.19196,36.351585,0.159626,84.51344,82.92478,1.5886612,65.48489,66.97787,1.4929733,102.514534,116.46467,91.386116,107.67165,107.60291,119.430504,55.599594,65.35249,36.972332,43.46491,23.608173,26.885258,49.401203,53.823215,25.810076,30.194738,16.422985,18.614258,29.7647,36.526756,34.37203,38.331142,79.92383,85.925735,64.30954,69.646194
E8tDQ5IgdBwbjLIXu7GwcupEHYbi0eB18YNcsgsSbP8,3a1c538986f44d1f842ad789518127c7,175.75,0,114.319115,110.64179,3.6773224,110.02166,100.817696,9.203964,123.125084,115.079254,8.04583,67.98038,61.472775,6.5076027,42.416393,40.755226,1.6611671,25.233662,25.372618,0.13895607,53.050766,51.31821,1.7325554,29.861279,28.157904,1.7033749,17.28145,17.572231,0.29078102,39.3896,33.653034,5.7365646,36.19196,36.34924,0.15727997,84.51344,82.5042,2.0092392,65.48489,66.883835,1.398941,103.666725,117.61686,92.67493,108.960464,109.16546,120.99305,56.596325,66.34923,37.508938,44.001514,23.734076,27.01116,49.107204,53.529217,25.965572,30.350235,16.476595,18.667868,30.272005,37.034065,34.369682,38.328796,79.50325,85.50516,64.21551,69.55216
E8tDQ5IgdBwbjLIXu7GwcupEHYbi0eB18YNcsgsSbP8,d29d842fbfb63d05b3c8ea4b8e2e6d9f,175.75,0,114.319115,111.732155,2.5869598,110.02166,102.63642,7.3852386,123.125084,114.72547,8.399612,67.98038,60.662598,7.3177795,42.416393,40.2913,2.1250916,25.233662,25.30645,0.07278824,53.050766,51.819736,1.2310295,29.861279,28.253906,1.6073723,17.28145,17.708096,0.42664528,39.3896,33.537647,5.8519516,36.19196,36.62746,0.4355011,84.51344,83.23044,1.2830048,65.48489,67.21601,1.7311172,104.75709,118.70722,94.49365,110.77919,108.811676,120.63927,55.786148,65.53905,37.045013,43.53759,23.667908,26.944992,49.60873,54.030743,26.061575,30.446238,16.61246,18.803732,30.156618,36.91868,34.647903,38.607018,80.229485,86.23139,64.54768,69.88434
E8tDQ5IgdBwbjLIXu7GwcupEHYbi0eB18YNcsgsSbP8,0d8c4ca2910d54ef3c8e07a7db775714,175.75,0,114.319115,111.23194,3.0871735,110.02166,102.96353,7.0581284,123.125084,116.19958,6.9255066,67.98038,61.30221,6.6781654,42.416393,40.056248,2.3601456,25.233662,25.029373,0.20428848,53.050766,51.341793,1.7089729,29.861279,27.546059,2.3152199,17.28145,17.27774,0.003709793,39.3896,33.14772,6.2418785,36.19196,35.933086,0.258873,84.51344,82.6876,1.8258438,65.48489,66.721405,1.2365112,104.256874,118.20701,94.82076,111.1063,110.28578,122.11337,56.425762,66.178665,36.80996,43.302536,23.390831,26.667915,49.130787,53.5528,25.353727,29.73839,16.182104,18.373377,29.766691,36.528748,33.95353,37.912643,79.686646,85.68855,64.05308,69.38973
fkq68ww6bdyKT16FavI1x_G-u7YZ9SoT1GNMUTSJUek,1f11532ef71507e4b2da104e4cb6df23,161.6,0,109.65218,110.19778,0.54559326,96.10684,99.247574,3.1407318,122.02288,115.403564,6.619316,71.169304,61.558056,9.611248,39.964336,39.620163,0.34417343,23.286049,23.833067,0.54701805,46.116558,45.758965,0.35759354,29.167526,26.770939,2.3965874,17.549261,16.608068,0.9411926,39.6502,33.86789,5.7823105,35.913807,34.15969,1.754116,76.09846,73.099785,2.9986725,60.1927,60.512566,0.31986618,103.22271,117.172844,91.104805,107.39034,109.48977,121.31736,56.681606,66.43451,36.373875,42.86645,22.194525,25.47161,43.54796,47.96997,24.578608,28.96327,15.512432,17.703705,30.48686,37.248917,32.180134,36.139248,70.09883,76.10074,57.84424,63.180893
fkq68ww6bdyKT16FavI1x_G-u7YZ9SoT1GNMUTSJUek,df1b66cbd6104743d4991689f70bb1e9,161.6,0,109.65218,110.56311,0.9109268,96.10684,98.096146,1.9893036,122.02288,115.777,6.24588,71.169304,62.346916,8.822388,39.964336,40.20625,0.24191284,23.286049,24.196516,0.91046715,46.116558,46.067112,0.049446106,29.167526,27.410843,1.7566833,17.549261,17.035393,0.51386833,39.6502,34.655704,4.9944954,35.913807,34.541824,1.3719826,76.09846,73.49347,2.604988,60.1927,60.661556,0.4688568,103.58804,117.53818,89.95338,106.238914,109.863205,121.690796,57.470467,67.223366,36.95996,43.452538,22.557974,25.835058,43.856106,48.27812,25.218512,29.603174,15.939756,18.13103,31.274675,38.036736,32.562267,36.52138,70.492516,76.49442,57.99323,63.329884
nV9DFb-Q2_nOAvjVsdQfU8k4fFb7czvAhHHP-qkAxFY,fa6c58a5d850bac5de5dd1d25bf779c0,180.0,1,122.040245,116.50953,5.530716,110.920006,108.262695,2.6573105,117.5633,115.128395,2.434906,64.54122,61.22759,3.313633,45.22301,42.672775,2.5502357,27.674414,26.913776,0.7606373,52.324284,52.02255,0.30173492,31.024563,30.524162,0.50040054,18.449713,18.724493,0.27478027,36.96816,35.479324,1.4888344,40.058727,39.592667,0.46606064,81.28307,81.77307,0.48999786,71.849785,72.07537,0.22558594,109.53446,123.4846,100.11993,116.405464,109.2146,121.04219,56.35114,66.104034,39.426487,45.919064,25.275234,28.552319,49.811543,54.233555,28.331831,32.71649,17.628857,19.82013,32.098297,38.86035,37.61311,41.572224,78.77212,84.774025,69.40704,74.7437
nV9DFb-Q2_nOAvjVsdQfU8k4fFb7czvAhHHP-qkAxFY,3565213ed9b2cc9bc34b76c1cff0df9c,180.0,1,122.040245,114.81216,7.2280884,110.920006,105.698166,5.22184,117.5633,111.649506,5.9137955,64.54122,59.239456,5.3017654,45.22301,41.782043,3.4409676,27.674414,26.674837,0.99957657,52.324284,52.148323,0.17596054,31.024563,30.405172,0.6193905,18.449713,18.725962,0.27624893,36.96816,34.850666,2.1174927,40.058727,39.691887,0.36684036,81.28307,81.79019,0.5071182,71.849785,71.72854,0.12124634,107.83709,121.787224,97.5554,113.840935,105.73571,117.5633,54.363007,64.115906,38.535755,45.02833,25.036295,28.31338,49.937317,54.35933,28.212841,32.597504,17.630325,19.821598,31.469637,38.231697,37.71233,41.671444,78.78924,84.791145,69.06021,74.396866
SDeiJFKVmRceC3qDqcpQTyDnNDOrSB2SriupQya166k,d3d00e3be61f35ae3f2bb81e012507e5,161.2,0,121.01269,120.91595,0.09674072,111.99921,109.84591,2.1532974,123.88969,121.76186,2.1278229,64.86902,64.031235,0.8377838,41.40548,40.88203,0.52344894,24.384863,24.695776,0.3109131,45.056553,45.86587,0.80931854,27.131647,29.011108,1.8794613,17.70024,17.926943,0.22670364,35.362404,37.39713,2.0347252,35.497135,35.971718,0.47458267,71.45198,72.61562,1.1636429,60.19866,61.643444,1.4447823,113.94088,127.891014,101.70314,117.98868,115.84807,127.67566,59.154785,68.907684,37.635742,44.12832,23.057234,26.334318,43.654865,48.076878,26.818777,31.20344,16.831306,19.02258,34.016098,40.77816,33.99216,37.951275,69.61467,75.61658,58.975117,64.31177
SDeiJFKVmRceC3qDqcpQTyDnNDOrSB2SriupQya166k,e31a6b86ad37a7192937c68dc6593e00,161.2,0,121.01269,123.71492,2.7022324,111.99921,113.169334,1.1701279,123.88969,122.01737,1.8723145,64.86902,63.594162,1.2748566,41.40548,40.903683,0.5017967,24.384863,24.83914,0.45427704,45.056553,45.74324,0.68668747,27.131647,29.618223,2.486576,17.70024,18.273577,0.57333755,35.362404,38.01385,2.6514473,35.497135,36.656956,1.1598206,71.45198,72.01898,0.56700134,60.19866,62.046455,1.8477936,116.73985,130.68999,105.026566,121.3121,116.10358,127.93117,58.717712,68.47061,37.657394,44.14997,23.200598,26.477682,43.532234,47.954247,27.425892,31.810555,17.17794,19.369213,34.63282,41.394882,34.6774,38.636513,69.01803,75.019936,59.378128,64.71478
HYLKMpRR-ZZA0GvRtRs5stQ0mPS1AmH92glIqg1DLpo,e0e63ed157ac0096aee981beaafd8ec2,158.7,0,124.32279,114.95829,9.364502,109.44416,102.38782,7.056343,117.40195,117.781784,0.37983704,63.0382,62.858604,0.17959595,39.476437,40.311405,0.83496857,23.004866,24.21595,1.2110844,44.599438,44.985447,0.38600922,27.379797,27.980774,0.60097694,17.28764,17.318132,0.030492783,35.99024,35.90506,0.085178375,35.537624,34.908535,0.62908936,71.28448,71.34409,0.05961609,61.780914,60.03872,1.7421951,107.98322,121.93336,94.24505,110.53059,111.86799,123.69558,57.982155,67.735054,37.065117,43.557693,22.577408,25.854492,42.77444,47.196453,25.788443,30.173105,16.222496,18.413769,32.524033,39.286087,32.928978,36.888092,68.34314,74.34505,57.37039,62.707047
59bc2770681516389ccf4907,5540f1749d1ce1d2537a26b56e59868c,183.5,1,121.41436,121.43303,0.018669128,121.445724,116.36192,5.0838013,119.46222,118.6859,0.7763214,64.99778,61.558056,3.439724,42.165157,42.570713,0.40555573,26.709352,27.156391,0.44703865,54.411743,53.69221,0.719532,28.95426,31.021751,2.0674915,19.352383,19.24591,0.106472015,34.129513,35.889145,1.7596321,38.734177,40.381065,1.6468887,85.55694,84.45062,1.1063156,74.52387,74.102646,0.4212265,114.45796,128.4081,108.219154,124.50469,112.7721,124.59969,56.681606,66.43451,39.324425,45.817,25.517849,28.794933,51.481205,55.903217,28.82942,33.21408,18.150274,20.341547,32.508118,39.270172,38.40151,42.360622,81.44967,87.45158,71.43432,76.77097
59bc2770681516389ccf4907,cd5f86238c1f063166c6a6c8eb127f6d,183.5,1,121.41436,122.00631,0.59194946,121.445724,116.37501,5.070717,119.46222,118.32229,1.1399307,64.99778,61.728622,3.2691574,42.165157,43.136696,0.97153854,26.709352,27.402683,0.69333076,54.411743,53.23942,1.1723213,28.95426,31.532864,2.5786037,19.352383,19.448603,0.09622002,34.129513,36.442207,2.3126945,38.734177,40.812805,2.0786285,85.55694,83.4823,2.0746384,74.52387,74.21989,0.3039856,115.03124,128.98138,108.23224,124.51778,112.40849,124.236084,56.852173,66.60507,39.890408,46.382984,25.764141,29.041225,51.028416,55.450428,29.340532,33.725197,18.352966,20.544239,33.06118,39.823235,38.83325,42.792362,80.481346,86.48325,71.55156,76.888214
59bc2770681516389ccf4907,ab7a54c0b53983bbef1babf238267d12,183.5,1,121.41436,116.09361,5.3207474,121.445724,108.825325,12.620399,119.46222,113.53636,5.9258575,64.99778,59.212807,5.784973,42.165157,41.250076,0.915081,26.709352,26.695055,0.014297485,54.411743,53.80855,0.6031914,28.95426,30.077953,1.1236935,19.352383,18.728899,0.62348366,34.129513,34.271744,0.14223099,38.734177,39.66507,0.93089294,85.55694,84.797844,0.75909424,74.52387,73.05726,1.4666138,109.118546,123.06868,100.682556,116.968094,107.62257,119.45016,54.336357,64.08926,38.003788,44.496365,25.056513,28.333597,51.597546,56.019558,27.885622,32.270287,17.633263,19.824535,30.890715,37.65277,37.685513,41.644627,81.79689,87.7988,70.38893,75.725586
59bc2770681516389ccf4907,853b8450c93daaa572acea9910b8c024,183.5,1,121.41436,119.005005,2.4093552,121.445724,113.260925,8.184799,119.46222,115.76717,3.6950455,64.99778,59.804447,5.1933327,42.165157,41.268635,0.8965225,26.709352,26.658295,0.051057816,54.411743,53.87144,0.5403023,28.95426,30.370018,1.4157581,19.352383,18.93306,0.41932297,34.129513,34.858624,0.7291107,38.734177,39.94932,1.2151451,85.55694,84.83697,0.7199707,74.52387,73.321045,1.2028275,112.02994,125.98007,105.11816,121.403694,109.85338,121.68097,54.927998,64.68089,38.022346,44.514923,25.019753,28.296837,51.660435,56.082447,28.177687,32.562347,17.837423,20.028696,31.477594,38.239655,37.969765,41.92888,81.83601,87.83792,70.65272,75.98937
59bc2770681516389ccf4907,5335ae6f8d5a9e24a639a1f6b017c9ef,183.5,1,121.41436,121.19697,0.21739197,121.445724,114.765625,6.6800995,119.46222,118.499176,0.9630432,64.99778,62.048428,2.9493523,42.165157,43.02845,0.8632927,26.709352,27.437605,0.7282524,54.411743,53.673344,0.7383995,28.95426,31.597767,2.643507,19.352383,19.56023,0.2078476,34.129513,36.62921,2.4996986,38.734177,40.75113,2.0169525,85.55694,84.255,1.3019409,74.52387,74.122185,0.40168762,114.2219,128.17203,106.622856,122.908394,112.58538,124.41297,57.171978,66.92488,39.78216,46.27474,25.799063,29.076147,51.462337,55.88435,29.405436,33.7901,18.464594,20.655867,33.248184,40.01024,38.771572,42.730686,81.25404,87.25595,71.45386,76.79051
59bc2770681516389ccf4907,5393096c8e55ac7f6ac76e3724dc2ebe,183.5,1,121.41436,116.70062,4.7137375,121.445724,109.61039,11.835335,119.46222,116.1013,3.3609161,64.99778,60.646606,4.3511734,42.165157,41.46348,0.7016754,26.709352,26.715273,0.00592041,54.411743,54.02237,0.38937378,28.95426,30.161787,1.2075272,19.352383,18.880184,0.4721985,34.129513,34.783028,0.65351486,38.734177,39.434452,0.7002754,85.55694,85.394485,0.1624527,74.52387,72.82278,1.7010956,109.725555,123.67569,101.46762,117.75316,110.18751,122.0151,55.770157,65.523056,38.217194,44.70977,25.07673,28.353815,51.811363,56.233376,27.969456,32.35412,17.784548,19.97582,31.401999,38.164055,37.454895,41.41401,82.39353,88.39544,70.15445,75.491104
59bc2770681516389ccf4907,dcc63b4fd6d2f6562ab0aeafbc9035d2,183.5,1,121.41436,116.4196,4.9947586,121.445724,109.04776,12.3979645,119.46222,115.96372,3.498497,64.99778,60.694576,4.3032036,42.165157,41.466576,0.6985817,26.709352,26.757547,0.048194885,54.411743,54.110413,0.30133057,28.95426,30.20235,1.2480907,19.352383,18.88459,0.4677925,34.129513,34.83475,0.70523834,38.734177,39.48272,0.7485428,85.55694,85.52164,0.03530121,74.52387,72.9449,1.5789719,109.444534,123.39467,100.90499,117.19053,110.04993,121.87752,55.818127,65.57103,38.220287,44.712864,25.119005,28.39609,51.899406,56.32142,28.01002,32.394684,17.788954,19.980227,31.453722,38.215782,37.503162,41.462276,82.52068,88.52259,70.27657,75.61323
RmX_Gxh2RmFdRfFMJEwqaRRoqhcuFpqhG-ZjiKprUmM,f4591ee39a7d92d25e05bbc180e097cb,172.0,1,118.68711,114.452446,4.234665,114.14238,105.959854,8.182526,114.92448,109.61033,5.314148,60.342422,57.541813,2.8006096,41.933434,40.61914,1.3142929,27.026812,25.622585,1.4042263,48.640778,49.14938,0.50860214,29.276325,29.412697,0.13637161,18.319006,17.979086,0.33992004,33.60262,34.122536,0.51991653,39.583427,38.702366,0.88106155,75.55713,76.56348,1.0063477,71.07929,68.88302,2.1962738,107.47738,121.42751,97.817085,114.10262,103.69653,115.524124,52.665363,62.418262,37.372852,43.86543,23.984043,27.261127,46.938374,51.360386,27.220366,31.605028,16.88345,19.074722,30.741507,37.503563,36.72281,40.681923,73.56252,79.56443,66.21469,71.551346
RmX_Gxh2RmFdRfFMJEwqaRRoqhcuFpqhG-ZjiKprUmM,f90f131b2a9bb92a653064d54c079618,172.0,1,118.68711,123.23157,4.5444565,114.14238,117.85354,3.7111588,114.92448,115.69838,0.7739029,60.342422,59.07955,1.2628708,41.933434,41.26554,0.66789246,27.026812,25.958939,1.067873,48.640778,49.57301,0.9322319,29.276325,30.524162,1.2478371,18.319006,18.770025,0.4510193,33.60262,35.940872,2.338253,39.583427,39.702614,0.1191864,75.55713,77.08553,1.5284042,71.07929,69.842926,1.2363663,116.2565,130.20663,109.71077,125.99631,109.784584,121.612175,54.203102,63.956,38.019253,44.51183,24.320396,27.59748,47.362003,51.784016,28.331831,32.71649,17.674389,19.865662,32.559845,39.3219,37.723057,41.68217,74.08458,80.08649,67.1746,72.51125
P1aEQqvvzL2pKMO4Pq17rpAPVgluY9Op1dqv_caiRJM,d96cea71ec239f73f6cd8c5d3bfecd60,173.0,1,122.815125,116.9142,5.9009247,108.40144,109.11318,0.7117386,109.71744,109.61524,0.10219574,60.60732,56.810253,3.7970657,43.2759,40.4645,2.8114014,25.512667,25.758596,0.24592972,50.488796,49.815006,0.67379,28.654713,30.00764,1.3529282,18.018183,18.464518,0.44633484,34.072277,34.516445,0.4441681,40.739315,39.458584,1.2807312,75.01778,77.36491,2.3471298,71.09838,69.676834,1.4215469,109.93913,123.88927,100.97041,117.25595,103.70145,115.52904,51.933804,61.686703,37.218212,43.71079,24.120054,27.397139,47.604,52.026012,27.81531,32.199974,17.368881,19.560154,31.135416,37.897476,37.479027,41.43814,74.36395,80.36586,67.00851,72.34516
P1aEQqvvzL2pKMO4Pq17rpAPVgluY9Op1dqv_caiRJM,a17d8cc8e7dff217b35a6c327ced669c,173.0,1,122.815125,119.330986,3.4841385,108.40144,112.436615,4.0351715,109.71744,112.49957,2.782135,60.60732,58.00553,2.6017876,43.2759,40.903683,2.372219,25.512667,25.868876,0.3562088,50.488796,49.73374,0.7550545,28.654713,30.134743,1.4800301,18.018183,18.55705,0.53886795,34.072277,35.07746,1.0051842,40.739315,39.434452,1.304863,75.01778,77.316,2.2982254,71.09838,69.80384,1.2945404,112.35592,126.30605,104.293846,120.579384,106.58578,118.41337,53.12908,62.88198,37.657394,44.14997,24.230333,27.507418,47.522736,51.944748,27.942411,32.327072,17.461414,19.652687,31.696432,38.45849,37.454895,41.41401,74.31505,80.316956,67.13551,72.47217
uOvuHjwJCj0pqWmNVTjcbprS1h6pPRfNxdFvEVCkxfE,1aaab97b315858cdbd0e86af9c6673f3,188.45,1,131.93246,122.05128,9.881187,128.87277,118.11523,10.757545,118.1751,118.53849,0.36338806,59.664654,60.65727,0.99261475,43.252693,41.905754,1.3469391,26.715261,27.02957,0.31430817,55.342686,54.487736,0.85494995,30.042955,30.710758,0.6678028,20.198866,19.200378,0.9984875,32.708004,35.268448,2.5604439,41.055183,40.434696,0.6204872,84.77448,85.81017,1.0356903,76.288216,74.69373,1.5944824,115.07621,129.02634,109.97246,126.257996,112.624695,124.452286,55.78082,65.53372,38.659466,45.152042,25.391027,28.668112,52.27673,56.698742,28.518427,32.90309,18.104742,20.296015,31.887419,38.649475,38.45514,42.414253,82.80922,88.81113,72.025406,77.36206
uOvuHjwJCj0pqWmNVTjcbprS1h6pPRfNxdFvEVCkxfE,14861c06aef6d4a4a20ddfb113cfa529,188.45,1,131.93246,121.29814,10.634323,128.87277,117.01614,11.856628,118.1751,118.21419,0.03908539,59.664654,60.689247,1.0245934,43.252693,41.983074,1.269619,26.715261,27.092062,0.37680054,55.342686,54.62609,0.7165947,30.042955,30.64315,0.60019493,20.198866,19.157784,1.0410824,32.708004,35.125206,2.417202,41.055183,40.367657,0.6875267,84.77448,86.10361,1.3291245,76.288216,74.7719,1.5163193,114.323074,128.27321,108.873375,125.15891,112.30039,124.12798,55.812798,65.5657,38.736786,45.229362,25.45352,28.730604,52.415085,56.837097,28.450819,32.83548,18.062147,20.25342,31.744177,38.506233,38.3881,42.347214,83.10265,89.10456,72.10357,77.44022
KkcKYV7B1vYaAU3rhnwuJURVMpt_DsVVfOjKhQWyIUY,9192d4582d9c7509c6832c7b5bb6ab95,162.1,0,116.850136,120.73609,3.8859558,108.21609,111.65155,3.435463,119.597664,120.572754,0.97509,66.15388,62.21366,3.940216,39.18963,39.66346,0.47383118,23.562922,24.298252,0.7353306,48.94536,46.900368,2.0449905,26.579412,28.493237,1.9138241,15.707434,17.802097,2.0946636,35.366055,36.207455,0.84140015,34.64256,35.855453,1.2128944,76.11406,74.50336,1.6107025,63.05346,62.026917,1.0265427,113.761024,127.71116,103.50878,119.79432,114.65896,126.48655,57.33721,67.09011,36.41717,42.909748,22.65971,25.936794,44.68936,49.111374,26.300905,30.685568,16.70646,18.897734,32.826424,39.588486,33.875896,37.83501,71.5024,77.50431,59.35859,64.695244
W81GbQDdBYQMT5l7mDPGD9UkM1szFi6brOnMm0QZT18,b7104b80702d9270e892fc114e85a10b,161.5,0,112.60908,111.810844,0.79823303,100.322784,100.634514,0.31172943,115.81205,114.87288,0.93917084,67.681755,61.296883,6.3848724,42.20867,39.923256,2.2854156,24.61205,23.972525,0.63952446,45.741974,45.08921,0.65276337,27.702436,27.174892,0.527544,15.94878,16.729897,0.7811165,35.07473,34.32745,0.7472801,35.52964,34.68127,0.8483696,73.21024,71.573944,1.6362991,62.617817,60.622475,1.9953423,104.83578,118.78591,92.491745,108.77728,108.95908,120.786674,56.420433,66.17333,36.676968,43.169544,22.333982,25.611067,42.878204,47.300217,24.982561,29.367224,15.63426,17.825533,30.94642,37.70848,32.701714,36.660828,68.57299,74.5749,57.954147,63.290802
W81GbQDdBYQMT5l7mDPGD9UkM1szFi6brOnMm0QZT18,3ea93db2a2288a89f3c0ae0f8f090759,161.5,0,112.60908,112.39537,0.21370697,100.322784,101.63547,1.3126831,115.81205,114.46014,1.3519135,67.681755,60.609295,7.07246,42.20867,39.55212,2.6565514,24.61205,23.86868,0.74337006,45.741974,45.186687,0.5552864,27.702436,27.191118,0.5113182,15.94878,16.79038,0.8416004,35.07473,34.162327,0.9124031,35.52964,34.75233,0.7773094,73.21024,71.710884,1.4993591,62.617817,60.620033,1.9977837,105.4203,119.37044,93.4927,109.77824,108.54634,120.37393,55.732845,65.48575,36.305832,42.79841,22.230137,25.507221,42.97568,47.397694,24.998787,29.38345,15.694744,17.886017,30.781298,37.543358,32.772774,36.731888,68.70993,74.71184,57.951706,63.28836
W81GbQDdBYQMT5l7mDPGD9UkM1szFi6brOnMm0QZT18,ca2266c4540a746e0f18b49f115e2846,161.5,0,112.60908,106.656906,5.9521713,100.322784,95.82274,4.500046,115.81205,112.01312,3.7989273,67.681755,59.847088,7.834667,42.20867,38.911907,3.2967644,24.61205,23.472132,1.1399174,45.741974,45.51999,0.22198486,27.702436,26.024216,1.6782207,15.94878,16.148615,0.19983482,35.07473,32.473305,2.6014252,35.52964,33.706497,1.823143,73.21024,72.71343,0.4968109,62.617817,60.16573,2.4520874,99.68184,113.63197,87.67997,103.96551,106.09933,117.92692,54.97064,64.72354,35.66562,42.158195,21.83359,25.110674,43.308983,47.730995,23.831884,28.216547,15.0529785,17.244251,29.092276,35.854332,31.72694,35.686054,69.71248,75.714386,57.497402,62.834057
W81GbQDdBYQMT5l7mDPGD9UkM1szFi6brOnMm0QZT18,4bf0300c4baf2a7d33d1562fe5c386eb,161.5,0,112.60908,110.956535,1.6525421,100.322784,100.0588,0.26398468,115.81205,111.482445,4.329605,67.681755,59.087547,8.594208,42.20867,39.317066,2.8916054,24.61205,23.810781,0.8012676,45.741974,45.00117,0.74080276,27.702436,27.119118,0.5833187,15.94878,16.682585,0.7338047,35.07473,33.509796,1.5649338,35.52964,34.96485,0.5647888,73.21024,71.17293,2.0373154,62.617817,60.847187,1.7706299,103.98147,117.9316,91.91603,108.20157,105.56865,117.39624,54.211098,63.963997,36.070778,42.563354,22.17224,25.449324,42.790165,47.212177,24.926786,29.31145,15.586948,17.778221,30.128767,36.890823,32.985294,36.94441,68.171974,74.17388,58.17886,63.515514
W81GbQDdBYQMT5l7mDPGD9UkM1szFi6brOnMm0QZT18,75bd8b6778fdd57ec420d9aaf65661a6,161.5,0,112.60908,109.80435,2.8047256,100.322784,97.84754,2.4752426,115.81205,110.87806,4.9339905,67.681755,59.138184,8.543571,42.20867,39.32789,2.880783,24.61205,23.818134,0.7939148,45.741974,45.02947,0.71250534,27.702436,27.12385,0.5785866,15.94878,16.79318,0.8444004,35.07473,33.50184,1.5728912,35.52964,34.83211,0.69752884,73.21024,71.31475,1.8954926,62.617817,60.390438,2.2273788,102.829285,116.77942,89.70477,105.99031,104.964264,116.791855,54.261734,64.01463,36.0816,42.574177,22.179592,25.456676,42.818462,47.240475,24.931519,29.316181,15.697544,17.888817,30.12081,36.882866,32.852554,36.81167,68.3138,74.315704,57.72211,63.058765
W81GbQDdBYQMT5l7mDPGD9UkM1szFi6brOnMm0QZT18,2c1f7275a3d047046a8e8949d073e715,161.5,0,112.60908,112.19303,0.41604614,100.322784,101.83828,1.5154953,115.81205,113.75256,2.0594864,67.681755,60.054962,7.626793,42.20867,39.363457,2.8452148,24.61205,23.77678,0.8352699,45.741974,44.982304,0.75967026,27.702436,27.031904,0.6705322,15.94878,16.666338,0.7175579,35.07473,33.885796,1.1889343,35.52964,34.76641,0.76322937,73.21024,71.28541,1.9248352,62.617817,60.666443,1.951374,105.217964,119.1681,93.69551,109.98105,107.83877,119.66636,55.178513,64.93141,36.11717,42.609745,22.138237,25.415321,42.771297,47.19331,24.839573,29.224236,15.570702,17.761974,30.504766,37.266823,32.786854,36.745968,68.284454,74.28636,57.998116,63.33477
W81GbQDdBYQMT5l7mDPGD9UkM1szFi6brOnMm0QZT18,aaee93d016f2d31904046ab94684f037,161.5,0,112.60908,112.19303,0.41604614,100.322784,101.83828,1.5154953,115.81205,113.75256,2.0594864,67.681755,60.054962,7.626793,42.20867,39.363457,2.8452148,24.61205,23.77678,0.8352699,45.741974,44.982304,0.75967026,27.702436,27.031904,0.6705322,15.94878,16.666338,0.7175579,35.07473,33.885796,1.1889343,35.52964,34.76641,0.76322937,73.21024,71.28541,1.9248352,62.617817,60.666443,1.951374,105.217964,119.1681,93.69551,109.98105,107.83877,119.66636,55.178513,64.93141,36.11717,42.609745,22.138237,25.415321,42.771297,47.19331,24.839573,29.224236,15.570702,17.761974,30.504766,37.266823,32.786854,36.745968,68.284454,74.28636,57.998116,63.33477
W81GbQDdBYQMT5l7mDPGD9UkM1szFi6brOnMm0QZT18,8fe4dee2eaf6e10fe56db9b3c38b40d1,161.5,0,112.60908,108.236244,4.3728333,100.322784,98.449425,1.8733597,115.81205,110.80435,5.007698,67.681755,58.15211,9.529644,42.20867,37.905968,4.302704,24.61205,23.132103,1.4799461,45.741974,45.66463,0.07734299,27.702436,25.949171,1.7532654,15.94878,16.147512,0.19873238,35.07473,32.055527,3.0192032,35.52964,33.896893,1.6327477,73.21024,72.845474,0.36476898,62.617817,60.16817,2.449646,101.26118,115.21131,90.306656,106.59219,104.89056,116.71815,53.27566,63.02856,34.65968,41.152256,21.49356,24.770645,43.453625,47.875637,23.75684,28.141502,15.051876,17.243149,28.674498,35.436554,31.917336,35.87645,69.84452,75.84643,57.499844,62.8365
W81GbQDdBYQMT5l7mDPGD9UkM1szFi6brOnMm0QZT18,da30f9ff9b11a504c00fc93a7672daae,161.5,0,112.60908,113.30026,0.691185,100.322784,102.35511,2.0323257,115.81205,115.207016,0.6050339,67.681755,61.104996,6.5767593,42.20867,39.876865,2.3318062,24.61205,24.02353,0.58852005,45.741974,45.19612,0.54585266,27.702436,27.46493,0.23750687,15.94878,16.931292,0.9825115,35.07473,34.615913,0.45881653,35.52964,34.965523,0.56411743,73.21024,71.66198,1.5482635,62.617817,60.847187,1.7706299,106.325195,120.27533,94.21234,110.49788,109.29322,121.12081,56.228546,65.981445,36.630577,43.123154,22.384987,25.662071,42.985115,47.407127,25.272598,29.65726,15.835655,18.026928,31.234884,37.99694,32.985966,36.94508,68.661026,74.66293,58.17886,63.515514
W81GbQDdBYQMT5l7mDPGD9UkM1szFi6brOnMm0QZT18,0d2af7c22dad2ee4940c259ffd4a63e2,161.5,0,112.60908,118.48792,5.878845,100.322784,108.74682,8.424034,115.81205,121.76186,5.949814,67.681755,64.05255,3.6292038,42.20867,40.764503,1.4441681,24.61205,24.434782,0.17726707,45.741974,45.560867,0.18110657,27.702436,27.954407,0.2519703,15.94878,17.244694,1.2959137,35.07473,36.239285,1.1645546,35.52964,35.138485,0.39115524,73.21024,72.39555,0.81468964,62.617817,61.49689,1.1209259,111.512856,125.46299,100.60405,116.88959,115.84807,127.67566,59.1761,68.929,37.518215,44.01079,22.79624,26.073324,43.34986,47.771873,25.762075,30.146738,16.149057,18.34033,32.858253,39.620316,33.158928,37.118042,69.3946,75.39651,58.828564,64.16522
W81GbQDdBYQMT5l7mDPGD9UkM1szFi6brOnMm0QZT18,7af3a432bc142cb6d9d81634eb7e3266,161.5,0,112.60908,108.46668,4.142395,100.322784,98.259705,2.0630798,115.81205,114.00807,1.803978,67.681755,60.651936,7.0298195,42.20867,39.300056,2.908615,24.61205,23.643984,0.96806526,45.741974,45.58288,0.15909576,27.702436,26.184446,1.5179901,15.94878,16.231968,0.28318787,35.07473,32.90103,2.1736984,35.52964,33.819126,1.7105141,73.21024,72.845474,0.36476898,62.617817,60.639572,1.9782448,101.491615,115.44175,90.116936,106.40247,108.09428,119.92187,55.775486,65.52838,36.05377,42.546345,22.005442,25.282526,43.371872,47.793884,23.992115,28.376778,15.136332,17.327604,29.520002,36.28206,31.83957,35.798683,69.84452,75.84643,57.971245,63.3079
W81GbQDdBYQMT5l7mDPGD9UkM1szFi6brOnMm0QZT18,29de53d4563a758380645c5eefdcaf4e,161.5,0,112.60908,112.22114,0.38793945,100.322784,101.74669,1.4239044,115.81205,116.24871,0.43666077,67.681755,61.995125,5.6866302,42.20867,40.348522,1.8601494,24.61205,24.168041,0.44400787,45.741974,45.29045,0.45152283,27.702436,27.163738,0.5386982,15.94878,16.692362,0.7435818,35.07473,34.412994,0.66173553,35.52964,34.695347,0.83429337,73.21024,71.9603,1.2499466,62.617817,61.24043,1.377388,105.24607,119.196205,93.60392,109.88946,110.334915,122.162506,57.118675,66.871574,37.102234,43.59481,22.5295,25.806583,43.079445,47.501457,24.971407,29.35607,15.596725,17.787998,31.031965,37.79402,32.71579,36.674904,68.95934,74.96125,58.5721,63.908756
W81GbQDdBYQMT5l7mDPGD9UkM1szFi6brOnMm0QZT18,9ec4fe6a9b399601ad2929106ac045cf,161.5,0,112.60908,114.76719,2.1581116,100.322784,104.97852,4.655739,115.81205,119.1183,3.3062515,67.681755,62.815964,4.8657913,42.20867,40.043877,2.164795,24.61205,24.095442,0.5166073,45.741974,45.84386,0.10188675,27.702436,27.226612,0.47582436,15.94878,16.855099,0.90631866,35.07473,34.894432,0.18029785,35.52964,34.572662,0.95697784,73.21024,73.15358,0.056663513,62.617817,61.13296,1.4848557,107.79212,121.742256,96.835754,113.12129,113.204506,125.0321,57.939514,67.69241,36.79759,43.290165,22.4569,25.733984,43.632854,48.054867,25.03428,29.418943,15.759462,17.950735,31.513403,38.27546,32.593105,36.55222,70.152626,76.15453,58.464634,63.80129
qQOTtZI_-c558xi6ylqreJDMn_bffPbdd1ZmKGJTKvA,bf6a1ff02b6d9585f58bfbb18b556327,180.0,1,127.08306,116.38588,10.697182,107.16618,107.68699,0.52080536,112.84798,113.2612,0.41322327,62.68392,59.282097,3.401825,42.98846,40.687183,2.3012772,27.380535,26.25026,1.1302757,53.58548,52.924984,0.66049576,31.991278,30.521458,1.46982,18.727951,19.034405,0.3064537,35.959637,35.268448,0.6911888,41.175358,39.525627,1.6497307,81.53512,83.201096,1.6659775,71.0572,71.02509,0.032104492,109.41081,123.36095,99.54422,115.82976,107.347404,119.174995,54.405647,64.15855,37.440895,43.93347,24.611717,27.888802,50.713978,55.13599,28.329126,32.71379,17.938768,20.130041,31.887419,38.649475,37.54607,41.505184,80.20014,86.20205,68.356766,73.69342
fLxvU_dTtBOzidz7xh99ICzTaz4wuNFk0oLjCZ8HedA,2f01ffe5ba3d40ec9481c5b4986ca154,155.6,0,112.007454,118.99376,6.986305,102.46916,108.18419,5.715027,113.1898,116.238884,3.0490875,60.138943,60.433403,0.2944603,45.647884,39.457787,6.190098,25.273403,24.007448,1.265955,43.31421,44.538948,1.2247391,28.256569,28.402643,0.1460743,18.112295,17.559748,0.55254745,33.525017,35.940872,2.4158554,34.96591,35.784214,0.81830215,68.43722,70.07745,1.6402359,61.534653,60.23656,1.2980919,112.01869,125.96883,100.04142,116.32696,110.32509,122.15268,55.556953,65.30985,36.2115,42.704075,22.368906,25.64599,42.32794,46.749954,26.210312,30.594975,16.464111,18.655384,32.559845,39.3219,33.804657,37.76377,67.0765,73.07841,57.568233,62.90489
QjI7V3xOO1AI6u5KD4WeyvLAaS_pr4ZsGG6xDhzHRpY,c549b4e8dec0924d3f0b6b5fdc5b2465,160.0,0,116.350945,108.96128,7.3896637,106.014206,98.41672,7.5974884,117.9607,112.1851,5.7756042,59.918568,59.066227,0.8523407,38.3452,38.260868,0.08433151,23.39248,23.16335,0.2291317,45.606747,45.092358,0.51438904,27.174353,26.050245,1.1241074,16.0139,16.263546,0.24964523,33.18871,32.600628,0.58808136,34.21255,33.67968,0.53287125,71.199295,71.91139,0.71209717,63.956047,59.364586,4.591461,101.98621,115.93635,90.27395,106.55949,106.2713,118.09889,54.189777,63.942677,35.01458,41.507156,21.524807,24.801891,42.88135,47.303364,23.857914,28.242577,15.16791,17.359182,29.219599,35.98166,31.700123,35.659237,68.91044,74.912346,56.69626,62.032913
QjI7V3xOO1AI6u5KD4WeyvLAaS_pr4ZsGG6xDhzHRpY,a303d4f4ef69e653bf4486a79c550654,160.0,0,116.350945,115.46413,0.88681793,106.014206,107.29446,1.2802505,117.9607,115.433044,2.5276566,59.918568,59.2741,0.6444664,38.3452,38.296436,0.048763275,23.39248,23.382988,0.009492874,45.606747,45.202408,0.40433884,27.174353,26.742123,0.43223,16.0139,16.580254,0.56635284,33.18871,33.736588,0.54787827,34.21255,34.69669,0.4841385,71.199295,71.66198,0.46268463,63.956047,60.58828,3.3677673,108.48906,122.43919,99.15169,115.437225,109.51925,121.34684,54.39765,64.15055,35.050148,41.542725,21.744446,25.02153,42.9914,47.413414,24.549791,28.934454,15.484617,17.67589,30.355558,37.117615,32.717133,36.676247,68.661026,74.66293,57.919952,63.256607
fThetEGzg5QWmpMHSnjGRYQXYXPH6UXYBpMxZd-0_Wc,52b302c8087a1239dc797a45c73453e9,178.5,1,119.909424,120.70237,0.79294586,115.948425,114.43852,1.509903,111.374084,116.209404,4.8353195,59.37237,60.625286,1.2529144,42.45921,42.530506,0.07129669,26.91693,26.884369,0.03256035,49.76033,51.665665,1.9053345,31.081558,31.086655,0.0050964355,19.668545,19.144566,0.5239792,34.50972,36.100025,1.5903053,39.781155,40.348885,0.56772995,80.56772,80.661705,0.09398651,73.30621,72.6518,0.6544113,113.7273,127.67744,106.29575,122.58129,110.29561,122.1232,55.748837,65.50174,39.284218,45.776794,25.245827,28.522911,49.45466,53.87667,28.894323,33.278984,18.04893,20.240202,32.718994,39.481056,38.369328,42.32844,77.66075,83.66266,69.983475,75.32013
-EujjqWPZ_L0NO_RqgxJ79mA23Tjj33cYAoFaysL4I0,9554c0272e9838ecd21efa04fcb53973,154.1,0,122.962555,120.08412,2.8784332,112.93948,108.354294,4.58519,114.80291,117.25111,2.4481964,57.096954,60.84915,3.7521973,37.944653,39.136135,1.1914825,22.742537,23.932549,1.190012,45.379402,44.66158,0.717823,26.898844,28.639269,1.7404251,16.802092,17.818987,1.0168953,32.748543,36.593403,3.84486,35.90963,35.73305,0.17657852,68.06901,70.336655,2.2676468,59.71751,59.496483,0.22102737,113.109055,127.05919,100.211525,116.49706,111.33731,123.1649,55.972702,65.7256,35.889847,42.382423,22.294006,25.57109,42.450573,46.872585,26.446938,30.8316,16.72335,18.914623,33.21237,39.974434,33.753494,37.71261,67.3357,73.33761,56.828156,62.16481
UwbYVNhUg-Z7Vg1xyCMcWSFRj4AOQGpk5LtRS-kOwP4,03c7f2ec6f04f86544653efb6ede232e,169.5,1,118.28099,112.42347,5.857521,102.067795,102.13921,0.07141876,107.27025,105.05781,2.2124405,58.18516,55.45174,2.7334213,41.491604,40.23718,1.254425,25.999104,25.483816,0.5152874,46.418526,48.16362,1.7450943,32.407177,29.510052,2.8971252,19.358454,17.973944,1.38451,37.674076,33.782345,3.8917313,40.291046,38.970528,1.3205185,73.86267,74.42021,0.5575409,70.197525,68.08188,2.1156464,105.4484,119.39854,93.996445,110.28198,99.14401,110.9716,50.57529,60.32819,36.99089,43.483467,23.845274,27.122358,45.952614,50.374626,27.31772,31.702383,16.878307,19.06958,30.401316,37.163376,36.99097,40.950085,71.41926,77.421165,65.41355,70.750206
UwbYVNhUg-Z7Vg1xyCMcWSFRj4AOQGpk5LtRS-kOwP4,b7d5ea5917e2d74a5f4f4e1d0545624d,169.5,1,118.28099,111.467995,6.812996,102.067795,101.21023,0.85756683,107.27025,104.62663,2.6436157,58.18516,55.203888,2.9812737,41.491604,39.791813,1.699791,25.999104,25.273367,0.7257366,46.418526,48.12117,1.7026443,32.407177,29.170662,3.236515,19.358454,17.740408,1.6180458,37.674076,33.436188,4.2378883,40.291046,38.680916,1.6101303,73.86267,74.44467,0.58200073,70.197525,67.798546,2.3989792,104.49293,118.44306,93.06746,109.353,98.71284,110.54043,50.32744,60.080338,36.545525,43.0381,23.634825,26.91191,45.910164,50.332176,26.97833,31.362993,16.644772,18.836044,30.055159,36.817215,36.70136,40.660473,71.44372,77.445625,65.13022,70.46687
QgfeuOOze8IVivTFjCA5CjmcZ2J87GUFLIq9O1Ruy80,253e9b5b76590c0163e56d7c0b19cbd0,181.0,1,117.774864,113.50822,4.2666473,112.85911,105.161705,7.697403,118.23272,110.14592,8.0868,58.045883,57.080757,0.96512604,41.1557,39.454697,1.701004,25.977694,25.929531,0.04816246,54.709568,53.52556,1.1840096,28.753494,29.341034,0.5875397,18.034653,18.266232,0.23157883,32.892677,33.378494,0.48581696,39.539646,39.17433,0.36531448,83.51149,84.27456,0.76306915,71.050285,71.60641,0.5561218,106.53315,120.483284,97.018936,113.304474,104.232124,116.059715,52.204308,61.957207,36.20841,42.700985,24.290989,27.568073,51.314552,55.736565,27.148703,31.533365,17.170595,19.361868,29.997465,36.75952,37.194775,41.15389,81.273605,87.27551,68.93808,74.274734
QgfeuOOze8IVivTFjCA5CjmcZ2J87GUFLIq9O1Ruy80,3d27f6f1387e99dd624c1569c29084e6,181.0,1,117.774864,114.55362,3.2212448,112.85911,106.70566,6.15345,118.23272,110.6766,7.556122,58.045883,57.560467,0.4854164,41.1557,40.306767,0.8489342,25.977694,26.206148,0.22845459,54.709568,52.868385,1.8411827,28.753494,29.683126,0.9296322,18.034653,18.383736,0.34908295,32.892677,33.77638,0.8837013,39.539646,39.458584,0.08106232,83.51149,82.993256,0.51823425,71.050285,72.016754,0.9664688,107.57855,121.52869,98.56289,114.84843,104.7628,116.59039,52.684017,62.436916,37.06048,43.553055,24.567606,27.84469,50.65738,55.07939,27.490795,31.875458,17.2881,19.479372,30.39535,37.15741,37.479027,41.43814,79.9923,85.99421,69.34843,74.68508
uS4Nlsd6VQjC_MbPDR76MiYZCfgKQsrZG_UwbKzH20A,615594461bb9f4b1cef1723af920ebb9,172.0,0,114.27159,121.10704,6.835449,101.80828,112.95999,11.1517105,112.75625,122.5284,9.772148,61.21289,64.75613,3.5432358,41.455303,42.886177,1.4308739,24.26184,26.013159,1.751318,49.4179,48.924164,0.49373627,28.233774,29.807524,1.5737495,16.545229,18.361704,1.8164749,37.84214,36.98333,0.8588104,36.07271,37.53452,1.4618111,79.37754,77.684006,1.6935349,64.869736,67.03771,2.1679764,114.13197,128.0821,104.81722,121.10276,116.6146,128.4422,59.879677,69.632576,39.63989,46.132465,24.374617,27.651701,46.713158,51.13517,27.615192,31.999855,17.266068,19.45734,33.602303,40.364357,35.554962,39.514076,74.68305,80.68496,64.369385,69.70604
JNvYCjFCVizUSPlVWEiT5RvXAV3AcfPFkpa01Y_3DMQ,624413c051d069d612fd0dfe96054c83,173.0,0,112.78775,110.71486,2.0728912,101.90261,102.649506,0.74689484,109.18854,113.73291,4.5443726,59.710625,60.022984,0.31235886,38.863407,40.265015,1.4016075,23.38344,24.871305,1.4878654,49.85264,49.427166,0.42547226,25.14511,27.400702,2.2555923,16.227055,17.033005,0.80595016,29.29563,32.747845,3.4522152,36.428917,35.906563,0.5223541,78.18435,79.02339,0.83904266,63.868824,66.08575,2.2169228,103.73979,117.689926,94.50674,110.792274,107.819115,119.646706,55.146534,64.89943,37.018726,43.511303,23.232763,26.509848,47.21616,51.638172,25.20837,29.593033,15.937368,18.128641,29.366816,36.128876,33.927006,37.88612,76.02244,82.024345,63.41742,68.754074
JNvYCjFCVizUSPlVWEiT5RvXAV3AcfPFkpa01Y_3DMQ,efb905bb523a422a604c1472757a722d,173.0,0,112.78775,110.29333,2.494423,101.90261,100.837326,1.0652847,109.18854,109.26146,0.07292175,59.710625,58.08815,1.6224747,38.863407,40.86657,2.0031624,23.38344,25.373537,1.990097,49.85264,49.231922,0.6207161,25.14511,28.274189,3.1290798,16.227055,17.46134,1.2342854,29.29563,32.841347,3.5457172,36.428917,37.098083,0.66916656,78.18435,77.92395,0.26039886,63.868824,67.16106,3.2922325,103.31826,117.268394,92.69456,108.980095,103.347664,115.175255,53.2117,62.9646,37.62028,44.112858,23.734995,27.01208,47.020916,51.44293,26.081858,30.46652,16.365704,18.556976,29.460318,36.222374,35.118526,39.07764,74.923,80.924904,64.49273,69.829384
JNvYCjFCVizUSPlVWEiT5RvXAV3AcfPFkpa01Y_3DMQ,060338f7e0a22e1dbb6b9446b8c034e5,173.0,0,112.78775,117.75726,4.969513,101.90261,110.47395,8.571342,109.18854,118.774345,9.585808,59.710625,62.373566,2.662941,38.863407,41.81297,2.949562,23.38344,25.570202,2.1867619,49.85264,49.366146,0.48649216,25.14511,28.838034,3.6929245,16.227055,17.864521,1.6374664,29.29563,35.029716,5.734087,36.428917,37.075962,0.64704514,78.18435,78.56048,0.37612915,63.868824,67.20991,3.3410835,110.782196,124.73233,102.331184,118.61672,112.86055,124.68814,57.497116,67.250015,38.56668,45.059258,23.93166,27.208744,47.15514,51.577152,26.645702,31.030365,16.768885,18.960157,31.648687,38.410744,35.096405,39.05552,75.559525,81.56143,64.54158,69.878235
JNvYCjFCVizUSPlVWEiT5RvXAV3AcfPFkpa01Y_3DMQ,d7800a13eaabe097e7594c44b9853d17,173.0,0,112.78775,109.10179,3.6859589,101.90261,100.6476,1.2550125,109.18854,110.05748,0.86894226,59.710625,58.056168,1.6544571,38.863407,39.71913,0.85572433,23.38344,24.720589,1.3371487,49.85264,49.398376,0.45426178,25.14511,27.289825,2.1447163,16.227055,16.876396,0.6493416,29.29563,32.034637,2.739008,36.428917,36.09281,0.33610535,78.18435,78.7373,0.552948,63.868824,66.125435,2.2566109,102.126724,116.07686,92.50483,108.79037,104.143684,115.971275,53.179718,62.932617,36.472843,42.96542,23.082047,26.35913,47.18737,51.609383,25.097494,29.482157,15.78076,17.972033,28.653608,35.415665,34.113255,38.07237,75.73634,81.73825,63.457108,68.79376
JNvYCjFCVizUSPlVWEiT5RvXAV3AcfPFkpa01Y_3DMQ,eaa9296aed1eca258e6e0e62f85b20a5,173.0,0,112.78775,106.791794,5.9959564,101.90261,97.69054,4.2120743,109.18854,108.71113,0.47740936,59.710625,57.1767,2.533924,38.863407,38.57556,0.2878456,23.38344,24.332888,0.94944763,49.85264,50.14261,0.2899704,25.14511,26.759277,1.6141682,16.227055,16.733511,0.5064564,29.29563,31.256273,1.9606438,36.428917,35.613132,0.81578445,78.18435,80.20567,2.0213242,63.868824,65.45008,1.5812569,99.81673,113.76686,89.54777,105.833305,102.79733,114.62492,52.30025,62.05315,35.329273,41.82185,22.694345,25.97143,47.931602,52.353615,24.566946,28.951609,15.637875,17.829147,27.875244,34.637302,33.633575,37.59269,77.20472,83.20663,62.781754,68.11841
JNvYCjFCVizUSPlVWEiT5RvXAV3AcfPFkpa01Y_3DMQ,5332879ec1c9dcf976f482ecf00a41d3,173.0,0,112.78775,104.75579,8.03196,101.90261,94.7073,7.1953125,109.18854,107.65223,1.5363083,59.710625,57.32861,2.3820152,38.863407,39.159332,0.29592514,23.38344,24.475218,1.0917778,49.85264,49.491035,0.36160278,25.14511,26.690487,1.5453777,16.227055,16.570889,0.34383392,29.29563,31.170729,1.8750992,36.428917,35.445534,0.9833832,78.18435,79.11142,0.9270706,63.868824,65.27575,1.4069252,97.78072,111.73086,86.56453,102.85007,101.738434,113.566025,52.45216,62.20506,35.913044,42.40562,22.836676,26.11376,47.28003,51.70204,24.498156,28.882818,15.475252,17.666525,27.7897,34.551758,33.465977,37.42509,76.110466,82.11237,62.60742,67.94408
59bc275d681516389ccf41f6,f16ffade934df9e403b23f5e1004fc15,159.5,0,106.33675,112.912445,6.575699,100.241295,101.56351,1.3222122,113.55496,116.91698,3.3620148,63.316322,62.10706,1.2092628,39.84859,39.816555,0.032035828,24.17448,23.947483,0.22699738,47.670956,45.265297,2.4056587,28.728168,27.226612,1.5015564,18.228504,16.878874,1.3496304,36.76393,34.767113,1.9968185,34.80542,34.45065,0.35477066,73.20604,72.03365,1.1723862,61.28897,60.170612,1.1183586,105.93738,119.88751,93.42074,109.706276,111.00318,122.83077,57.23061,66.983505,36.570267,43.062843,22.30894,25.586025,43.05429,47.476303,25.03428,29.418943,15.783237,17.97451,31.386084,38.14814,32.471092,36.430206,69.0327,75.03461,57.502285,62.83894
59bc275d681516389ccf41f6,dc293526d0ff30d8e71ce193fbd282c8,159.5,0,106.33675,107.60395,1.2672043,100.241295,95.6232,4.6180954,113.55496,113.21206,0.34290314,63.316322,60.38543,2.930893,39.84859,38.57015,1.2784424,24.17448,23.319118,0.85536194,47.670956,45.573444,2.0975113,28.728168,26.22129,2.506878,18.228504,16.443655,1.7848492,36.76393,33.084057,3.6798744,34.80542,33.47856,1.3268585,73.20604,72.97752,0.22851562,61.28897,59.159416,2.1295547,100.62888,114.57902,87.48043,103.76597,107.29826,119.125854,55.50898,65.26188,35.32386,41.816437,21.680576,24.95766,43.36244,47.78445,24.02896,28.413622,15.348019,17.539291,29.703028,36.465088,31.499004,35.45812,69.97657,75.97848,56.49109,61.827744
59bc275d681516389ccf41f6,c3ecf668dd877fd3b190fbf53757ae42,159.5,0,106.33675,116.05989,9.723145,100.241295,104.90002,4.658722,113.55496,117.143005,3.5880432,63.316322,61.792583,1.5237389,39.84859,40.09491,0.24631882,24.17448,24.143229,0.031251907,47.670956,44.988594,2.6823616,28.728168,27.895588,0.83258057,18.228504,17.280678,0.9478264,36.76393,35.455452,1.3084793,34.80542,35.180386,0.37496567,73.20604,71.22672,1.9793167,61.28897,60.600494,0.68847656,109.08482,123.03496,96.75725,113.042786,111.22921,123.0568,56.916134,66.66904,36.84862,43.341198,22.504686,25.78177,42.777588,47.1996,25.703257,30.08792,16.185041,18.376314,32.074425,38.83648,33.20083,37.159943,68.22577,74.22768,57.932167,63.26882
59bc275d681516389ccf41f6,0c7d6cc8bb7506aa119f85570306897e,159.5,0,106.33675,105.293945,1.0428009,100.241295,92.25398,7.9873123,113.55496,111.389084,2.1658783,63.316322,59.85775,3.4585724,39.84859,38.537674,1.3109169,24.17448,23.449615,0.72486496,47.670956,46.051388,1.6195679,28.728168,26.374422,2.3537464,18.228504,16.61376,1.6147442,36.76393,32.881138,3.8827934,34.80542,33.57912,1.2262993,73.20604,73.75266,0.54662323,61.28897,59.19361,2.0953598,98.31888,112.26901,84.11121,100.39675,105.47529,117.30288,54.9813,64.7342,35.291386,41.783962,21.811073,25.088158,43.84038,48.262394,24.18209,28.566753,15.518124,17.709396,29.500109,36.26217,31.599564,35.558678,70.75171,76.75362,56.525284,61.86194
730fN81DLQtgxZ5K4FpOgJUOCAIgg9I1bVhmIXOQgmA,252cf65be6879a95291deb494e317834,171.2,0,110.16026,116.6669,6.5066376,103.14872,106.82342,3.6746979,119.799706,121.05429,1.2545853,61.616455,64.27109,2.6546326,41.032497,41.57482,0.54232407,24.948172,25.391916,0.44374466,48.51386,49.355927,0.8420677,28.129274,28.885359,0.75608444,16.845716,18.025352,1.179636,33.19919,35.98066,2.7814713,35.386604,36.314045,0.92744064,80.48795,78.97632,1.5116348,63.58068,65.33498,1.7542953,109.69183,123.64197,98.68065,114.96619,115.140495,126.96809,59.394638,69.14754,38.328533,44.82111,23.753374,27.030458,47.14492,51.566933,26.693027,31.07769,16.929716,19.120989,32.599632,39.361687,34.334488,38.293602,75.975365,81.97727,62.66665,68.0033
730fN81DLQtgxZ5K4FpOgJUOCAIgg9I1bVhmIXOQgmA,bcf8864dc6ec0c88507c389c4ad26f21,171.2,0,110.16026,108.40486,1.7554016,103.14872,98.50176,4.6469574,119.799706,115.21684,4.582863,61.616455,61.25957,0.356884,41.032497,39.518097,1.5144005,24.948172,24.387339,0.560833,48.51386,49.575134,1.0612755,28.129274,26.888577,1.2406979,16.845716,16.970581,0.12486458,33.19919,32.875168,0.3240204,35.386604,34.691326,0.69527817,80.48795,79.96237,0.52558136,63.58068,63.9455,0.36481857,101.429794,115.37993,90.35899,106.64453,109.30305,121.13064,56.38312,66.13602,36.27181,42.764385,22.748796,26.02588,47.36413,51.78614,24.696245,29.080908,15.874945,18.066217,29.494139,36.256195,32.71177,36.670883,76.96142,82.963326,61.277172,66.61383
730fN81DLQtgxZ5K4FpOgJUOCAIgg9I1bVhmIXOQgmA,7389d5a44200c1999936d63f0bfec0b7,171.2,0,110.16026,115.31799,5.15773,103.14872,106.5879,3.4391785,119.799706,117.05456,2.7451477,61.616455,61.520744,0.095710754,41.032497,40.299034,0.7334633,24.948172,24.950338,0.002166748,48.51386,49.875336,1.3614769,28.129274,28.521631,0.39235687,16.845716,17.821192,0.9754753,33.19919,34.691513,1.4923248,35.386604,36.431366,1.0447617,80.48795,79.764305,0.7236481,63.58068,65.422,1.8413162,108.342926,122.29306,98.44513,114.73067,111.14076,122.96835,56.644295,66.397194,37.052746,43.545322,23.311796,26.58888,47.66433,52.08634,26.3293,30.713963,16.725555,18.916828,31.310484,38.07254,34.45181,38.410923,76.76335,82.76526,62.75367,68.090324
730fN81DLQtgxZ5K4FpOgJUOCAIgg9I1bVhmIXOQgmA,28e1ce7a6eb3ae7685e72d39f0cd408e,171.2,0,110.16026,104.35252,5.8077393,103.14872,93.36778,9.780937,119.799706,111.94924,7.850464,61.616455,60.257507,1.3589478,41.032497,39.38356,1.6489372,24.948172,24.250206,0.6979656,48.51386,49.160385,0.64652634,28.129274,26.468227,1.661047,16.845716,16.574194,0.27152252,33.19919,32.06547,1.1337166,35.386604,34.40774,0.97886276,80.48795,79.30154,1.1864166,63.58068,63.45822,0.12245941,97.37746,111.32759,85.22501,101.51055,106.035446,117.86304,55.381058,65.13396,36.13727,42.62985,22.611664,25.888748,46.94938,51.37139,24.275896,28.660559,15.478558,17.66983,28.684443,35.446503,32.428185,36.3873,76.30058,82.30249,60.789894,66.12655
730fN81DLQtgxZ5K4FpOgJUOCAIgg9I1bVhmIXOQgmA,72bbbc825f10daafba92dae21d552ff8,171.2,0,110.16026,107.336975,2.823288,103.14872,96.55873,6.5899887,119.799706,115.39373,4.4059753,61.616455,61.97381,0.3573532,41.032497,40.070168,0.96232986,24.948172,24.60112,0.34705162,48.51386,49.65764,1.1437798,28.129274,27.010607,1.1186676,16.845716,17.04035,0.19463348,33.19919,33.0761,0.12308884,35.386604,34.608196,0.77840805,80.48795,80.211784,0.27616882,63.58068,63.84414,0.26345825,100.36191,114.31204,88.41596,104.7015,109.479935,121.307526,57.09736,66.85026,36.82388,43.316456,22.962578,26.239662,47.446632,51.868645,24.818275,29.202938,15.944714,18.135986,29.69507,36.45713,32.62864,36.587753,77.21083,83.21274,61.17581,66.51247
730fN81DLQtgxZ5K4FpOgJUOCAIgg9I1bVhmIXOQgmA,c8f4fadcd5e06f6edfdbc367102d9ae4,171.2,0,110.16026,116.734344,6.5740814,103.14872,108.66832,5.5196,119.799706,118.509,1.2907028,61.616455,62.048428,0.4319725,41.032497,40.80162,0.23087692,24.948172,25.084053,0.13588142,48.51386,49.307583,0.79372406,28.129274,28.521631,0.39235687,16.845716,17.805035,0.95931816,33.19919,34.898415,1.6992264,35.386604,36.524887,1.1382828,80.48795,78.64407,1.8438797,63.58068,65.79997,2.2192917,109.75928,123.70941,100.52555,116.81109,112.59521,124.4228,57.171978,66.92488,37.555332,44.04791,23.44551,26.722595,47.096577,51.51859,26.3293,30.713963,16.709398,18.900671,31.517385,38.27944,34.54533,38.504444,75.64312,81.64503,63.131645,68.4683
730fN81DLQtgxZ5K4FpOgJUOCAIgg9I1bVhmIXOQgmA,40d7eee4c4de1c6b6eb8e02711782a7f,171.2,0,110.16026,110.568726,0.40846252,103.14872,100.99434,2.1543808,119.799706,116.012856,3.78685,61.616455,61.749943,0.1334877,41.032497,40.243366,0.78913116,24.948172,24.70175,0.24642181,48.51386,49.426186,0.9123268,28.129274,27.453436,0.6758385,16.845716,17.194021,0.34830475,33.19919,33.58937,0.3901825,35.386604,35.308434,0.07817078,80.48795,79.44031,1.0476456,63.58068,64.57933,0.9986496,103.59366,117.54379,92.85157,109.13711,110.09906,121.92665,56.873493,66.62639,36.997078,43.489655,23.063208,26.340292,47.21518,51.63719,25.261105,29.645767,16.098385,18.289658,30.208342,36.970398,33.328876,37.28799,76.439354,82.44126,61.911003,67.24766
730fN81DLQtgxZ5K4FpOgJUOCAIgg9I1bVhmIXOQgmA,640553811a727b199555873f2474bd54,171.2,0,110.16026,108.517265,1.6429977,103.14872,98.377464,4.7712555,119.799706,114.22427,5.575432,61.616455,61.041035,0.5754204,41.032497,40.009857,1.0226402,24.948172,24.635122,0.31304932,48.51386,49.593506,1.0796471,28.129274,27.252642,0.8766327,16.845716,17.096346,0.25062943,33.19919,32.994534,0.2046547,35.386604,35.153236,0.23336792,80.48795,79.80954,0.6784134,63.58068,64.44743,0.8667526,101.5422,115.49233,90.234695,106.52023,108.31048,120.13807,56.164585,65.91748,36.76357,43.256145,22.99658,26.273664,47.3825,51.804512,25.06031,29.444973,16.00071,18.191982,29.613504,36.375565,33.17368,37.132793,76.808586,82.81049,61.779106,67.11576
730fN81DLQtgxZ5K4FpOgJUOCAIgg9I1bVhmIXOQgmA,4adc6dcce45643a3820c8a009be2da0a,171.2,0,110.16026,109.95048,0.20978546,103.14872,100.22236,2.926361,119.799706,116.05217,3.7475357,61.616455,61.41947,0.19698334,41.032497,39.227375,1.8051224,24.948172,24.324158,0.6240139,48.51386,49.848217,1.3343582,28.129274,27.024805,1.1044693,16.845716,17.00877,0.16305351,33.19919,33.235252,0.036064148,35.386604,34.88239,0.50421524,80.48795,80.40985,0.07810211,63.58068,63.903366,0.32268524,102.97541,116.925545,92.07959,108.36513,110.138374,121.965965,56.543022,66.29592,35.981087,42.473663,22.685616,25.9627,47.63721,52.059223,24.832474,29.217136,15.913134,18.104406,29.854223,36.61628,32.902832,36.861946,77.4089,83.410805,61.23504,66.57169
730fN81DLQtgxZ5K4FpOgJUOCAIgg9I1bVhmIXOQgmA,9464b5eaec835814de381975ac0753bd,171.2,0,110.16026,116.44208,6.2818146,103.14872,108.69448,5.545761,119.799706,120.042076,0.2423706,61.616455,63.301006,1.6845512,41.032497,41.444923,0.412426,24.948172,25.311964,0.36379242,48.51386,49.319176,0.8053169,28.129274,28.426981,0.2977066,16.845716,17.611155,0.7654381,33.19919,35.07746,1.878273,35.386604,36.386112,0.9995079,80.48795,78.87515,1.6128006,63.58068,66.084526,2.5038452,109.46701,123.417145,100.55171,116.83725,114.12828,125.95587,58.424557,68.17746,38.198635,44.69121,23.673422,26.950506,47.10817,51.53018,26.23465,30.619312,16.515518,18.70679,31.696432,38.45849,34.406555,38.36567,75.8742,81.87611,63.4162,68.75285
730fN81DLQtgxZ5K4FpOgJUOCAIgg9I1bVhmIXOQgmA,a1e5d9555f1431588973a06c28784357,171.2,0,110.16026,106.2691,3.8911667,103.14872,95.538155,7.610565,119.799706,110.37687,9.422836,61.616455,58.839695,2.77676,41.032497,39.037167,1.9953308,24.948172,24.344833,0.60333824,48.51386,49.75988,1.2460213,28.129274,26.94638,1.1828938,16.845716,16.936249,0.0905323,33.19919,32.061493,1.1376953,35.386604,35.121727,0.26487732,80.48795,79.8939,0.5940552,63.58068,64.180595,0.59991455,99.29403,113.24416,87.395386,103.68092,104.46307,116.290665,53.963245,63.716145,35.79088,42.283455,22.706291,25.983376,47.548874,51.970886,24.75405,29.138712,15.840612,18.031885,28.680464,35.44252,33.14217,37.101284,76.892944,82.89485,61.512268,66.84892
7bFe7VxhOBSMEBgASPgM3QkOFW6-cFMHDHydK-nTdDU,bb606b2fe7ce9d6b53aba80d36a12a5c,165.65,0,114.8577,107.74727,7.110428,99.30367,95.93396,3.3697128,111.629036,110.56358,1.0654526,64.88004,59.135517,5.744526,44.329693,39.281498,5.048195,27.926006,24.004116,3.9218903,45.53873,47.013565,1.4748344,28.52715,27.103905,1.4232445,19.785807,16.979212,2.8065948,34.168205,32.93286,1.2353439,34.432434,34.801273,0.36883926,73.69068,75.0193,1.3286209,62.49855,61.741142,0.75740814,100.7722,114.722336,87.79119,104.07673,104.64979,116.47738,54.259068,64.01196,36.03521,42.527786,22.365574,25.642658,44.80256,49.22457,24.911573,29.296236,15.883575,18.074848,29.551832,36.31389,32.821716,36.78083,72.01835,78.020256,59.072815,64.40947
59bc2758681516389ccf4077,ece66423688c43f0c47a1bad6a5c7601,167.95,0,96.68221,100.816574,4.1343613,94.39581,89.30754,5.088272,115.849655,106.41399,9.435669,62.346394,56.23327,6.113125,39.70743,36.31239,3.3950424,23.274157,23.063177,0.21097946,51.456875,49.165497,2.291378,25.93713,25.319748,0.61738205,17.251596,16.128052,1.1235447,31.168224,30.13225,1.0359745,33.240887,33.584484,0.3435974,79.36279,79.173775,0.18901825,62.73667,61.399193,1.3374786,93.84151,107.79164,81.16477,97.45031,100.50019,112.32778,51.35682,61.10972,33.0661,39.558678,21.424635,24.70172,46.95449,51.376503,23.127417,27.51208,15.032415,17.223688,26.75122,33.51328,31.604927,35.56404,76.17282,82.17473,58.730865,64.06752
59bc2758681516389ccf4077,5dbeae8eaa7f2a9da6768a5ebc55174d,167.95,0,96.68221,99.53581,2.8535995,94.39581,87.47982,6.9159927,115.849655,103.91415,11.935509,62.346394,54.452343,7.8940506,39.70743,35.36444,4.342991,23.274157,22.895,0.3791561,51.456875,49.85156,1.6053162,25.93713,25.077713,0.85941696,17.251596,16.177256,1.0743408,31.168224,29.30813,1.8600941,33.240887,33.59387,0.35298157,79.36279,80.14821,0.78541565,62.73667,61.247757,1.4889145,92.560745,106.51088,79.33705,95.62259,98.00035,109.82794,49.575893,59.328793,32.118153,38.61073,21.256458,24.533543,47.640553,52.062565,22.885382,27.270044,15.081619,17.272892,25.927101,32.68916,31.614311,35.573425,77.147255,83.14916,58.57943,63.916084
59bc2758681516389ccf4077,e076001ef056a627b5d0c2f0ce3f1ab7,167.95,0,96.68221,99.73393,3.0517197,94.39581,87.021866,7.373947,115.849655,104.987785,10.86187,62.346394,55.75489,6.591503,39.70743,36.457752,3.2496796,23.274157,23.259844,0.014312744,51.456875,49.54444,1.9124336,25.93713,25.529331,0.40779877,17.251596,16.353693,0.89790344,31.168224,30.045212,1.1230125,33.240887,33.735996,0.49510956,79.36279,79.6885,0.32570648,62.73667,61.325916,1.4107552,92.758865,106.709,78.8791,95.164635,99.07399,110.90158,50.87844,60.63134,33.211464,39.70404,21.621302,24.898386,47.333435,51.755447,23.337,27.721663,15.258057,17.44933,26.664183,33.42624,31.75644,35.715553,76.687546,82.68945,58.65759,63.994244
59bc2758681516389ccf4077,b5464730e87e8aa188e5f1bc7e6be212,167.95,0,96.68221,104.25558,7.5733643,94.39581,93.297455,1.0983582,115.849655,109.10914,6.7405167,62.346394,57.5045,4.8418922,39.70743,36.804924,2.9025078,23.274157,23.284657,0.010499954,51.456875,49.323895,2.1329803,25.93713,25.821394,0.11573601,17.251596,16.406569,0.8450279,31.168224,31.049623,0.118600845,33.240887,33.954548,0.7136612,79.36279,79.42319,0.060394287,62.73667,61.770454,0.96621704,97.28051,111.230644,85.154686,101.44022,103.19534,115.022934,52.62805,62.38095,33.558636,40.051212,21.646114,24.923199,47.11289,51.5349,23.629063,28.013725,15.310932,17.502205,27.668594,34.430653,31.97499,35.934105,76.42223,82.42414,59.102127,64.43878
59bc2758681516389ccf4077,dd1d5e149104cfe30eb78d23d5a7c71c,167.95,0,96.68221,106.68782,10.005608,94.39581,95.74423,1.3484192,115.849655,111.787094,4.062561,62.346394,59.00493,3.341465,39.70743,37.55493,2.1525002,23.274157,23.63755,0.36339378,51.456875,49.58032,1.8765564,25.93713,26.442791,0.505661,17.251596,16.764769,0.48682785,31.168224,32.136097,0.9678726,33.240887,34.331318,1.0904312,79.36279,79.84133,0.4785385,62.73667,62.202774,0.5338974,99.71275,113.66289,87.60146,103.887,105.8733,117.70089,54.12848,63.88138,34.308643,40.80122,21.999008,25.276093,47.369312,51.791325,24.25046,28.635122,15.669132,17.860405,28.755068,35.517128,32.35176,36.310875,76.84038,82.842285,59.534447,64.8711
59bc2758681516389ccf4077,14340cd056667b72db7f88a4f436209f,167.95,0,96.68221,107.6742,10.991989,94.39581,97.487724,3.0919113,115.849655,112.337425,3.51223,62.346394,59.012924,3.3334694,39.70743,37.61099,2.0964432,23.274157,23.557138,0.28298187,51.456875,49.20362,2.253254,25.93713,26.321182,0.38405228,17.251596,16.667072,0.58452415,31.168224,32.137093,0.96886826,33.240887,34.289753,1.0488663,79.36279,79.26669,0.09609985,62.73667,62.131943,0.6047287,100.699135,114.64927,89.344955,105.63049,106.42363,118.25122,54.136475,63.889374,34.3647,40.857277,21.918596,25.19568,46.992615,51.414627,24.12885,28.513514,15.571436,17.762709,28.756063,35.51812,32.310196,36.26931,76.26574,82.26765,59.463615,64.80027
59bc2758681516389ccf4077,e808d20192e9a907a451f64d05aec24c,167.95,0,96.68221,106.561356,9.879143,94.39581,96.27742,1.881607,115.849655,110.60781,5.241844,62.346394,57.7257,4.620693,39.70743,36.712524,2.9949074,23.274157,23.295225,0.021068573,51.456875,49.614147,1.8427277,25.93713,25.972834,0.03570366,17.251596,16.524073,0.7275238,31.168224,31.419905,0.25168037,33.240887,34.181145,0.940258,79.36279,79.89757,0.5347748,62.73667,62.0318,0.70487213,99.58629,113.53642,88.13465,104.42019,104.694016,116.52161,52.84925,62.60215,33.466236,39.958813,21.656683,24.933767,47.40314,51.825153,23.780502,28.165165,15.428436,17.619709,28.038876,34.800934,32.201588,36.1607,76.896614,82.89852,59.363472,64.70013
59bc2758681516389ccf4077,a78d444053303bea0a540693a998a413,167.95,0,96.68221,104.426994,7.7447815,94.39581,93.75214,0.64367676,115.849655,111.97873,3.870926,62.346394,59.609898,2.736496,39.70743,38.105453,1.6019783,23.274157,23.62928,0.35512352,51.456875,48.882504,2.5743713,25.93713,25.834915,0.10221481,17.251596,16.33625,0.91534615,31.168224,31.583534,0.4153099,33.240887,33.719906,0.47901917,79.36279,78.9424,0.4203949,62.73667,61.948757,0.7879143,97.45193,111.40206,85.60937,101.894905,106.06493,117.892525,54.733448,64.48634,34.859165,41.35174,21.990738,25.267822,46.671497,51.09351,23.642584,28.027246,15.240614,17.431887,28.202505,34.96456,31.740349,35.699463,75.941444,81.94335,59.28043,64.61708
59bc2758681516389ccf4077,96113e5770749324c372336d4a8d4568,167.95,0,96.68221,107.51121,10.828995,94.39581,97.036316,2.640503,115.849655,112.58311,3.2665482,62.346394,59.30075,3.0456429,39.70743,37.837925,1.8695068,23.274157,23.68396,0.4098034,51.456875,49.485435,1.9714394,25.93713,26.463072,0.52594185,17.251596,16.81581,0.4357872,31.168224,32.21866,1.0504341,33.240887,34.31791,1.0770226,79.36279,79.747185,0.38439178,62.73667,62.34444,0.392231,100.53614,114.486275,88.89355,105.179085,106.66931,118.4969,54.4243,64.1772,34.591637,41.084213,22.045418,25.322502,47.27443,51.69644,24.27074,28.655403,15.720173,17.911446,28.83763,35.599686,32.338352,36.297466,76.74623,82.74814,59.676113,65.01277
59bc2758681516389ccf4077,04c1e42250a9459278422e0ed48c2776,167.95,0,96.68221,112.55274,15.870529,94.39581,103.84019,9.444374,115.849655,115.73769,0.111961365,62.346394,60.24685,2.0995445,39.70743,38.366795,1.3406372,23.274157,23.892572,0.61841583,51.456875,49.152527,2.304348,25.93713,26.95517,1.0180397,17.251596,17.043653,0.20794296,31.168224,33.21337,2.045147,33.240887,34.920605,1.679718,79.36279,78.99589,0.3669052,62.73667,63.00514,0.26846695,105.577675,119.52781,95.69742,111.982956,109.8239,121.65149,55.3704,65.1233,35.120506,41.613083,22.25403,25.531115,46.94152,51.363533,24.762838,29.147501,15.948017,18.13929,29.832342,36.5944,32.941048,36.90016,75.994934,81.99684,60.33681,65.67346
59bc2758681516389ccf4077,2b3d50485b617c3a5adee746c7278f77,167.95,0,96.68221,113.40704,16.72483,94.39581,104.25888,9.863068,115.849655,115.44287,0.40678406,62.346394,60.33213,2.0142632,39.70743,39.007782,0.6996498,23.274157,24.135532,0.8613758,51.456875,48.752403,2.7044716,25.93713,27.498056,1.5609264,17.251596,17.315563,0.06396675,31.168224,33.736588,2.5683632,33.240887,35.363743,2.1228561,79.36279,78.07296,1.2898331,62.73667,63.284805,0.54813385,106.43198,120.38211,96.11611,112.40165,109.529076,121.35667,55.45568,65.20858,35.761494,42.25407,22.49699,25.774075,46.541397,50.96341,25.305725,29.690388,16.219927,18.4112,30.355558,37.117615,33.384186,37.3433,75.07201,81.07391,60.616478,65.95313
59bc2758681516389ccf4077,282f0cf5fbcb20c056844dcb98f07a26,167.95,0,96.68221,113.60376,16.921547,94.39581,105.13554,10.739723,115.849655,117.506615,1.6569595,62.346394,61.275562,1.0708313,39.70743,38.877113,0.83031845,23.274157,24.111008,0.8368511,51.456875,49.21679,2.2400856,25.93713,27.17726,1.2401295,17.251596,17.136372,0.11522484,31.168224,33.714706,2.546482,33.240887,35.0272,1.7863121,79.36279,79.14993,0.2128601,62.73667,63.266487,0.5298157,106.62869,120.57883,96.99277,113.278305,111.59282,123.42041,56.399113,66.15201,35.630825,42.1234,22.472466,25.74955,47.005783,51.427795,24.984928,29.36959,16.040735,18.232008,30.333677,37.095734,33.04764,37.006756,76.14898,82.15089,60.59816,65.934814
nZUlJ3oSfVH51kquU28D-F9NwL3UjnLsxtsY2y6qXts,20928391c996a66beca24fa7337f5ab7,164.5,0,109.72437,102.69239,7.0319824,96.33212,91.20396,5.128166,112.037605,106.49014,5.5474625,61.810535,57.31262,4.497917,41.867054,38.472725,3.394329,24.30314,23.509352,0.7937889,48.961136,46.33753,2.6236076,27.534142,25.972158,1.5619831,15.934265,16.055714,0.12144852,33.913857,31.192612,2.7212448,36.400707,34.049747,2.3509598,74.33763,73.9385,0.39913177,62.79052,61.0377,1.7528191,95.71732,109.66746,83.06119,99.346725,100.57635,112.40394,52.43617,62.189068,35.226437,41.719013,21.87081,25.147894,44.126522,48.548534,23.779827,28.16449,14.960077,17.15135,27.811583,34.57364,32.07019,36.029305,70.937546,76.93945,58.369373,63.706028
nZUlJ3oSfVH51kquU28D-F9NwL3UjnLsxtsY2y6qXts,0acb9353f78e039dce9e39ebfd1d89f4,164.5,0,109.72437,106.41804,3.3063354,96.33212,96.31995,0.012176514,112.037605,108.08218,3.955429,61.810535,56.968826,4.841709,41.867054,37.94424,3.9228134,24.30314,23.36277,0.94037056,48.961136,46.631527,2.329609,27.534142,26.214869,1.319273,15.934265,16.297695,0.36343002,33.913857,31.51689,2.396967,36.400707,34.42115,1.979557,74.33763,74.31996,0.017669678,62.79052,61.43583,1.3546906,99.44297,113.393105,88.17718,104.462715,102.16838,113.99597,52.092377,61.845276,34.697952,41.19053,21.724228,25.001312,44.42052,48.842533,24.022537,28.4072,15.202059,17.393332,28.13586,34.89792,32.441593,36.400707,71.31901,77.320915,58.7675,64.10416
Kr1whZRnyXXBfX2Qb68APhgjTqQOJoNCbyiyp8KjOUM,e4846bcdc9ac7238af1f4d83f3afdf2f,167.0,1,114.18083,109.03997,5.1408615,103.804535,97.57278,6.231758,112.03219,106.959404,5.0727844,61.24672,56.55041,4.696308,40.52357,38.48355,2.04002,24.194279,24.455458,0.26117897,50.323208,48.473343,1.849865,30.100851,28.348557,1.7522945,18.249456,17.572968,0.6764889,37.43014,33.404354,4.0257874,39.54598,37.02166,2.5243187,75.87402,76.01329,0.13926697,64.75701,64.97679,0.21977997,102.0649,116.01504,89.43001,105.715546,101.04561,112.8732,51.67396,61.42686,35.237263,41.72984,22.816916,26.094,46.262337,50.68435,26.156225,30.540888,16.477331,18.668604,30.023325,36.785385,35.042103,39.001217,73.01234,79.014244,62.308464,67.64512
vnohRvRete12wDp7zCI0rTWOjQO1NU48ZzyOXpEI_uk,0d0b6179d54bdad8e5d51a1cc9110aa2,184.0,1,112.00716,111.90077,0.10638428,102.09305,101.34761,0.7454376,111.614105,108.676735,2.9373703,59.975044,57.691055,2.283989,40.917355,41.166573,0.24921799,26.812181,26.831066,0.018884659,51.86262,53.500404,1.637783,29.768024,30.1077,0.3396759,18.575335,18.601114,0.025779724,34.326332,33.94548,0.38085175,39.223183,39.86351,0.64032745,81.41303,84.108284,2.6952515,73.188866,72.69088,0.49798584,104.925705,118.87584,93.20484,109.49038,102.76294,114.59053,52.814606,62.567505,37.920284,44.41286,25.192524,28.469608,51.2894,55.71141,27.915369,32.300034,17.505478,19.69675,30.564451,37.326508,37.883953,41.843067,81.10733,87.10924,70.02255,75.35921
vnohRvRete12wDp7zCI0rTWOjQO1NU48ZzyOXpEI_uk,5afb3d933bc64f8438d92e1363b82d3e,184.0,1,112.00716,111.45676,0.5503998,102.09305,101.04667,1.0463791,111.614105,108.784836,2.8292694,59.975044,57.576458,2.3985863,40.917355,40.625328,0.29202652,26.812181,26.61602,0.19616127,51.86262,53.78654,1.9239197,29.768024,29.745325,0.022699356,18.575335,18.405767,0.16956711,34.326332,33.55754,0.7687912,39.223183,39.555122,0.3319397,81.41303,84.68047,3.2674408,73.188866,72.48083,0.70803833,104.48169,118.43182,92.9039,109.18944,102.87104,114.69863,52.70001,62.452908,37.37904,43.871616,24.977478,28.254562,51.575535,55.997547,27.552994,31.937656,17.310131,19.501404,30.176512,36.93857,37.575565,41.53468,81.67952,87.68143,69.8125,75.149155
vnohRvRete12wDp7zCI0rTWOjQO1NU48ZzyOXpEI_uk,23b977c1f27601fa9db80087c8afa3d6,184.0,1,112.00716,109.79873,2.2084274,102.09305,98.4298,3.6632462,111.614105,108.18045,3.4336548,59.975044,57.896267,2.0787773,40.917355,40.993374,0.07601929,26.812181,26.695055,0.117126465,51.86262,53.3369,1.4742775,29.768024,29.634449,0.13357544,18.575335,18.266232,0.309103,34.326332,33.507805,0.8185272,39.223183,39.30037,0.077186584,81.41303,84.04471,2.6316757,73.188866,71.992325,1.1965408,102.82366,116.773796,90.28703,106.57257,102.266655,114.094246,53.019817,62.772717,37.747086,44.239662,25.056513,28.333597,51.125893,55.547905,27.442118,31.82678,17.170595,19.361868,30.126776,36.888832,37.320812,41.279926,81.043755,87.04566,69.324,74.66065
vnohRvRete12wDp7zCI0rTWOjQO1NU48ZzyOXpEI_uk,697cca07e7bf7cbd966c3c9cc66f72e2,184.0,1,112.00716,108.15756,3.849594,102.09305,96.22181,5.8712387,111.614105,106.59824,5.0158615,59.975044,57.09142,2.883625,40.917355,40.634605,0.28274918,26.812181,26.56088,0.2513008,51.86262,53.110504,1.2478828,29.768024,29.32751,0.4405136,18.575335,18.099525,0.4758091,34.326332,33.030342,1.29599,39.223183,39.126064,0.09711838,81.41303,83.56544,2.1524048,73.188866,71.78227,1.4065933,101.182495,115.13263,88.07904,104.36458,100.68445,112.51204,52.21497,61.96787,37.388317,43.880894,24.922338,28.199423,50.899498,55.32151,27.13518,31.519842,17.00389,19.195162,29.649313,36.41137,37.146507,41.10562,80.56448,86.56639,69.113945,74.4506
oWFBFFV2dtIyJFBBpNkjkPQ5nQBChrUWbW6wxMrxYWE,9607a532fb5d89f6052b6a0d8936c31b,158.7,0,116.50867,116.45332,0.055343628,99.952286,104.75609,4.8038025,111.79252,117.32973,5.5372086,56.023457,61.78192,5.758465,42.293083,39.61088,2.6822014,24.89918,23.985392,0.91378784,46.192013,45.11122,1.0807915,26.31245,27.957787,1.6453362,16.561895,17.390102,0.828207,32.09478,35.76182,3.6670418,34.641525,35.052673,0.41114807,70.83563,71.485916,0.6502838,63.256977,59.941017,3.31596,109.47826,123.42839,96.61332,112.89886,111.41593,123.24352,56.90547,66.65837,36.364594,42.85717,22.34685,25.623934,42.900215,47.322227,25.765455,30.150118,16.294466,18.485739,32.38079,39.142853,33.073116,37.03223,68.48496,74.48687,57.27269,62.609344
DYJR9xAeblKG6aQwKXKaxyK5toR1c9ih8lq8cztV52k,4493d08ae389a8cfbffed1e323f09d55,180.1,1,118.088776,118.30807,0.21929169,111.69343,111.455284,0.23814392,118.03593,116.346985,1.688942,61.578625,60.044304,1.5343208,36.564495,40.080994,3.5164986,24.73157,26.079327,1.3477573,54.35249,53.79283,0.55965805,28.782852,30.029276,1.2464237,18.997334,18.73771,0.25962257,34.758617,35.069504,0.31088638,39.267178,39.273552,0.006374359,86.12265,84.94945,1.1732025,68.51574,71.41101,2.8952713,111.333,125.283134,103.312515,119.59805,110.43319,122.26078,55.167854,64.92075,36.834705,43.327282,24.440784,27.717869,51.581825,56.003838,27.836945,32.221607,17.642075,19.833347,31.688475,38.45053,37.293995,41.25311,81.948494,87.9504,68.74268,74.07934
BUhmNtrPKv9T-5hUVF14PuEsoSx0VEobiP4M-T7dqow,f555c76350cd693da045caf8ec275c99,186.0,1,112.90577,109.97296,2.932808,104.122375,98.874664,5.247711,115.25415,108.62268,6.6314697,61.966755,57.480515,4.4862404,41.76846,40.319138,1.4493217,27.503801,26.603155,0.9006462,52.16592,54.42485,2.2589302,30.71839,29.493826,1.2245636,19.25639,18.394016,0.86237335,36.685818,33.227295,3.4585228,39.0897,39.30037,0.21067047,83.477806,85.88353,2.4057236,70.712326,72.519905,1.807579,102.997894,116.94803,90.731895,107.01743,102.708885,114.536476,52.604065,62.356964,37.07285,43.565426,24.964613,28.241697,52.213844,56.635857,27.301495,31.686157,17.29838,19.489653,29.846266,36.608322,37.320812,41.279926,82.882576,88.88448,69.85158,75.18823
BUhmNtrPKv9T-5hUVF14PuEsoSx0VEobiP4M-T7dqow,98f389e8594f7cfe93d4aa8a79a19845,186.0,1,112.90577,113.23281,0.32704163,104.122375,104.57291,0.450531,115.25415,110.30316,4.950989,61.966755,57.493843,4.472912,41.76846,40.181507,1.5869522,27.503801,26.443249,1.0605526,52.16592,54.233044,2.0671234,30.71839,29.588476,1.1299133,19.25639,18.445423,0.8109665,36.685818,33.400375,3.2854424,39.0897,39.520264,0.43056488,83.477806,85.47273,1.9949265,70.712326,72.95956,2.2472305,106.257744,120.20788,96.43014,112.715675,104.389366,116.21696,52.617393,62.370293,36.93522,43.427795,24.804707,28.08179,52.022038,56.44405,27.396145,31.780807,17.349787,19.54106,30.019346,36.781403,37.540707,41.49982,82.47178,88.47369,70.29123,75.627884
7R6m49IITGG-lT_EavoGCfcnOBAx1QPM16fpE-f9iSc,2af48331f790a93d1ae04e63ce242f18,161.5,1,110.459564,107.31731,3.1422577,98.34022,95.10637,3.2338486,108.02363,101.204254,6.819374,60.969536,53.71179,7.2577477,41.351387,38.328136,3.0232506,26.665302,24.146044,2.5192585,44.26027,45.758965,1.4986954,29.3582,28.04162,1.3165798,17.89363,17.060728,0.832901,36.832104,32.476288,4.355816,38.350163,37.15574,1.1944237,67.49702,70.76212,3.2651062,66.507484,63.77575,2.7317352,100.34224,114.29237,86.9636,103.24914,95.29046,107.11805,48.83534,58.588238,35.08185,41.574425,22.507502,25.784586,43.54796,47.96997,25.849289,30.233952,15.965092,18.156364,29.095259,35.857315,35.17618,39.135296,67.76117,73.76308,61.10742,66.44408
7R6m49IITGG-lT_EavoGCfcnOBAx1QPM16fpE-f9iSc,59791c7b94a7b3e5a9a7572211250f4a,161.5,1,110.459564,105.293945,5.165619,98.34022,92.68576,5.654457,108.02363,100.692,7.331627,60.969536,53.950478,7.019058,41.351387,38.631233,2.7201538,26.665302,24.23566,2.4296417,44.26027,45.45396,1.1936913,29.3582,27.720486,1.6377144,17.89363,16.816267,1.0773621,36.832104,32.10327,4.7288322,38.350163,36.902996,1.4471664,67.49702,70.27797,2.7809525,66.507484,63.804447,2.7030373,98.31888,112.26901,84.54299,100.82853,94.778206,106.6058,49.074028,58.826927,35.384945,41.87752,22.597118,25.874203,43.242954,47.664967,25.528154,29.912817,15.720631,17.911903,28.722242,35.4843,34.92344,38.882553,67.277016,73.27892,61.13612,66.47278
7R6m49IITGG-lT_EavoGCfcnOBAx1QPM16fpE-f9iSc,c8107508e75728db9e56f7453ac5da7d,161.5,1,110.459564,103.61765,6.8419113,98.34022,90.19358,8.146637,108.02363,97.842064,10.181564,60.969536,52.475536,8.4939995,41.351387,38.240765,3.1106224,26.665302,24.23734,2.4279613,44.26027,45.824993,1.564724,29.3582,27.722513,1.6356869,17.89363,16.795567,1.0980625,36.832104,31.645704,5.1863995,38.350163,37.1068,1.2433624,67.49702,70.71811,3.2210922,66.507484,64.037704,2.46978,96.642586,110.59272,82.05081,98.33635,91.92827,103.75586,47.599087,57.351986,34.994476,41.487053,22.598799,25.875883,43.613987,48.036,25.530182,29.914845,15.69993,17.891203,28.264675,35.026733,35.127243,39.086357,67.717155,73.71906,61.369377,66.70603
7R6m49IITGG-lT_EavoGCfcnOBAx1QPM16fpE-f9iSc,48684de9a3492c8790eef032245a4637,161.5,1,110.459564,107.159935,3.2996292,98.34022,94.69094,3.6492767,108.02363,101.413086,6.6105423,60.969536,54.22932,6.7402153,41.351387,39.19335,2.1580353,26.665302,24.54575,2.1195526,44.26027,45.692932,1.432663,29.3582,28.128157,1.2300434,17.89363,17.050999,0.8426304,36.832104,32.51707,4.315033,38.350163,37.324013,1.0261497,67.49702,70.571396,3.074379,66.507484,64.43278,2.074707,100.18487,114.135,86.54817,102.83371,95.49929,107.32688,49.35287,59.10577,35.947063,42.43964,22.907207,26.184292,43.481926,47.90394,25.935825,30.320488,15.955362,18.146635,29.136042,35.8981,35.344456,39.30357,67.57044,73.57235,61.76445,67.101105
GbOk4JbzF5zpkg24rqvg_gA8BAMUKFen4zBSFPCcQVs,74a670f614cc796c477a98331c2743f7,176.5,0,117.392105,105.60588,11.786224,96.87301,94.432526,2.440483,114.76466,112.047516,2.7171478,60.74018,59.93237,0.80781174,39.70291,39.004692,0.6982193,24.676449,24.72886,0.052412033,51.545853,51.956516,0.4106636,26.73048,27.006212,0.27573204,16.080494,17.036127,0.95563316,34.210438,32.119186,2.0912514,34.736458,35.296368,0.5599098,83.61448,83.88332,0.2688446,65.94525,65.65464,0.29061127,98.63081,112.58095,86.28976,102.575294,106.13372,117.96131,55.05592,64.80882,35.758404,42.25098,23.090319,26.367403,49.74551,54.167522,24.81388,29.198544,15.940491,18.131763,28.738157,35.500214,33.31681,37.275925,80.88237,86.88428,62.986313,68.32297
GbOk4JbzF5zpkg24rqvg_gA8BAMUKFen4zBSFPCcQVs,b8253c2a05c34d49ce7d9f28238d6bc8,176.5,0,117.392105,103.17926,14.212845,96.87301,91.1966,5.676407,114.76466,109.55137,5.213295,60.74018,58.75708,1.9831009,39.70291,38.960617,0.7422943,24.676449,24.743105,0.06665611,51.545853,51.906208,0.36035538,26.73048,26.841927,0.11144638,16.080494,17.061096,0.98060226,34.210438,31.451239,2.7591991,34.736458,35.206196,0.469738,83.61448,83.73172,0.117240906,65.94525,65.54412,0.40113068,96.20419,110.15433,83.05383,99.33937,103.63757,115.465164,53.88063,63.63353,35.71433,42.206905,23.104563,26.381647,49.6952,54.117214,24.649595,29.034258,15.96546,18.156733,28.07021,34.832268,33.22664,37.185753,80.73077,86.73267,62.875793,68.21245
GbOk4JbzF5zpkg24rqvg_gA8BAMUKFen4zBSFPCcQVs,e13003e5654e2699182b11201007f668,176.5,0,117.392105,104.42419,12.967918,96.87301,92.862404,4.010605,114.76466,110.77487,3.9897919,60.74018,59.378036,1.3621445,39.70291,39.295414,0.4074974,24.676449,24.856602,0.1801529,51.545853,51.918785,0.37293243,26.73048,26.99438,0.26390076,16.080494,17.123152,1.0426579,34.210438,31.76507,2.4453678,34.736458,35.331226,0.5947685,83.61448,83.81486,0.20037842,65.94525,65.82806,0.11719513,97.44912,111.399254,84.719635,101.00517,104.86108,116.68867,54.501587,64.254486,36.049126,42.541702,23.21806,26.495144,49.70778,54.12979,24.80205,29.186712,16.027515,18.218788,28.38404,35.1461,33.35167,37.310783,80.8139,86.81581,63.15973,68.49638
GbOk4JbzF5zpkg24rqvg_gA8BAMUKFen4zBSFPCcQVs,b871b27835413ba2268c0c6c7af9eabe,176.5,0,117.392105,107.76413,9.627975,96.87301,97.64474,0.7717285,114.76466,113.890144,0.87451935,60.74018,60.630615,0.109565735,39.70291,39.39748,0.30543137,24.676449,24.83822,0.16177177,51.545853,51.87005,0.32419586,26.73048,27.300644,0.5701637,16.080494,17.21238,1.1318855,34.210438,32.670258,1.5401802,34.736458,35.538216,0.8017578,83.61448,83.7366,0.12212372,65.94525,65.99904,0.05378723,100.78906,114.7392,89.50197,105.787506,107.97635,119.80394,55.754166,65.507065,36.15119,42.64377,23.199678,26.476763,49.659042,54.081055,25.108313,29.492975,16.116743,18.308016,29.289228,36.051285,33.55866,37.517773,80.73565,86.73756,63.33071,68.667366
GbOk4JbzF5zpkg24rqvg_gA8BAMUKFen4zBSFPCcQVs,8156dce36521a9bca7dc120df6a9202e,176.5,0,117.392105,104.76704,12.625069,96.87301,93.93205,2.940956,114.76466,111.33995,3.4247131,60.74018,59.21547,1.5247116,39.70291,38.411644,1.2912674,24.676449,24.467636,0.20881271,51.545853,52.002113,0.45626068,26.73048,26.585709,0.14477158,16.080494,16.851427,0.77093315,34.210438,31.528826,2.681612,34.736458,35.01379,0.2773323,83.61448,84.08872,0.47424316,65.94525,65.31788,0.62737274,97.79197,111.7421,85.78928,102.07482,105.426155,117.253746,54.33902,64.09192,35.165356,41.657932,22.829094,26.106178,49.791107,54.21312,24.393377,28.77804,15.755791,17.947063,28.147797,34.909855,33.034233,36.993347,81.08777,87.089676,62.64955,67.986206
atGuTnEF7KvrxEVHkLzFTY7gdAZ36gghFPcJHudLqXI,7d39e9f9857ceb40788c621cd1023555,184.5,1,109.12131,110.259605,1.138298,112.81235,99.3457,13.466644,116.826584,108.54897,8.277611,60.015533,58.01886,1.9966736,44.82198,41.315025,3.5069542,29.079845,26.888044,2.191801,52.912006,53.415504,0.5034981,28.58927,29.848087,1.2588177,18.840487,18.383736,0.45675087,31.32124,33.62916,2.3079224,37.69953,39.552444,1.8529129,84.93842,84.07894,0.8594818,72.57899,72.58341,0.004425049,103.28454,117.23467,91.202934,107.48847,102.63518,114.46277,53.14241,62.89531,38.068737,44.561314,25.249502,28.526587,51.2045,55.62651,27.655756,32.04042,17.2881,19.479372,30.248133,37.010193,37.572887,41.532,81.07799,87.079895,69.915085,75.25174
atGuTnEF7KvrxEVHkLzFTY7gdAZ36gghFPcJHudLqXI,71b0e3480a3bf86e44809bbc4396e0a1,184.5,1,109.12131,113.800476,4.6791687,112.81235,105.20096,7.611389,116.826584,112.13105,4.6955338,60.015533,58.938305,1.0772285,44.82198,41.1542,3.667778,29.079845,26.867826,2.212019,52.912006,54.207886,1.2958794,28.58927,29.958965,1.3696957,18.840487,18.520332,0.3201542,31.32124,33.98129,2.6600494,37.69953,39.76161,2.0620766,84.93842,85.506966,0.5685425,72.57899,73.511566,0.93257904,106.82541,120.77554,97.05819,113.34373,106.217255,118.044846,54.061855,63.814754,37.907913,44.40049,25.229284,28.506369,51.99688,56.41889,27.766634,32.1513,17.424696,19.615969,30.60026,37.36232,37.78205,41.741165,82.50601,88.50792,70.84324,76.17989
vtUetlQRnFggW0gU19iG8wdTL-KlWikPJFIEMbsIWvw,fb2a01b654d546435fa1798b15b61ff7,160.5,1,114.56316,111.14201,3.4211502,100.7535,97.87371,2.8797913,106.42471,105.28875,1.1359634,56.390903,55.937447,0.45345688,40.05997,38.48432,1.5756493,25.115305,24.399284,0.7160206,46.21197,46.408276,0.19630432,29.665792,29.120632,0.5451603,18.140583,17.853504,0.28707886,34.34121,34.617905,0.27669525,38.550964,37.58413,0.966835,71.10657,71.86738,0.76081085,65.644875,63.179775,2.4650993,104.16695,118.11708,89.73094,106.01648,99.374954,111.202545,51.060997,60.813896,35.238033,41.73061,22.760742,26.037827,44.19727,48.61928,26.9283,31.312963,16.757868,18.94914,31.236876,37.99893,35.604572,39.563686,68.866425,74.86833,60.511448,65.8481
2vMs6p-qIdIw0mTEz5emgZpxICq3glcfyQM3vwB3vBo,fa5b90911bca2eb6956b8e1b2de5eef9,185.0,1,120.33712,116.94792,3.3891983,105.32634,109.7674,4.441063,108.79192,115.2758,6.483879,57.41319,60.278828,2.8656387,41.84759,41.621216,0.22637558,27.73998,26.9101,0.82987976,54.017956,54.321083,0.3031273,29.927399,30.30782,0.38042068,18.631397,18.83759,0.20619202,33.950546,34.743237,0.7926903,40.247902,39.823288,0.42461395,84.08287,85.79061,1.7077408,70.98089,73.50179,2.5209045,109.972855,123.92299,101.62463,117.91017,109.36201,121.1896,55.402378,65.15527,38.374928,44.867504,25.271559,28.548643,52.110077,56.53209,28.115488,32.500153,17.741953,19.933226,31.362207,38.124268,37.84373,41.802845,82.78966,88.791565,70.833466,76.17012
2vMs6p-qIdIw0mTEz5emgZpxICq3glcfyQM3vwB3vBo,23d2277360cc734d030351c74d0e64c7,185.0,1,120.33712,119.10617,1.2309494,105.32634,112.881485,7.5551453,108.79192,115.37408,6.5821533,57.41319,60.028313,2.6151237,41.84759,42.048027,0.20043564,27.73998,27.016705,0.72327614,54.017956,53.689068,0.32888794,29.927399,30.78107,0.853672,18.631397,19.106377,0.4749794,33.950546,35.208763,1.2582169,40.247902,40.324753,0.07685089,84.08287,84.347916,0.26504517,70.98089,73.82909,2.848198,112.1311,126.08124,104.738716,121.024254,109.46028,121.28787,55.151863,64.90476,38.80174,45.294315,25.378162,28.655247,51.47806,55.900074,28.58874,32.973404,18.01074,20.202013,31.827734,38.58979,38.345196,42.30431,81.34696,87.34887,71.16076,76.49741
k1hi20BJAqls5jIB-NeHd2OqMOb27kUQyoZbB18qx80,9ad637f65abc601aafa332671ac80610,176.2,1,116.31094,116.32967,0.018730164,105.950165,108.86458,2.9144135,105.030556,110.214714,5.1841583,57.297504,56.795597,0.50190735,40.584114,39.583046,1.0010681,25.040554,25.642803,0.60224915,49.355877,51.679813,2.3239365,28.452217,29.788593,1.3363762,17.980854,18.452768,0.4719143,33.85619,34.18222,0.32603073,38.272488,39.351322,1.0788345,80.9189,80.85611,0.06278992,68.69872,70.30212,1.6033936,109.35461,123.30474,100.72181,117.00735,104.30092,116.12851,51.919147,61.672047,36.336758,42.829334,24.004261,27.281345,49.468807,53.89082,27.596262,31.980925,17.357132,19.548405,30.801191,37.563248,37.371765,41.33088,77.855156,83.85706,67.63379,72.97044
k1hi20BJAqls5jIB-NeHd2OqMOb27kUQyoZbB18qx80,a9bb96edd21505cf6ea58d0d13afa2d3,176.2,1,116.31094,114.89084,1.420105,105.950165,106.143036,0.1928711,105.030556,108.84871,3.8181534,57.297504,56.46646,0.83104324,40.584114,39.467068,1.1170464,25.040554,25.643723,0.6031685,49.355877,51.745846,2.3899689,28.452217,29.853497,1.4012794,17.980854,18.521801,0.54094696,33.85619,34.170284,0.31409454,38.272488,39.31646,1.043972,80.9189,80.912346,0.00655365,68.69872,69.92352,1.2248001,107.91577,121.865906,98.00027,114.285805,102.93491,114.762505,51.59001,61.34291,36.22078,42.713356,24.00518,27.282265,49.53484,53.956852,27.661165,32.04583,17.426165,19.617437,30.789255,37.551315,37.336903,41.296017,77.91139,83.9133,67.255196,72.59185
k1hi20BJAqls5jIB-NeHd2OqMOb27kUQyoZbB18qx80,b0eb3f1f28fad6ee20abcbf50c928eeb,176.2,1,116.31094,110.568726,5.742218,105.950165,99.855995,6.0941696,105.030556,107.08716,2.0566025,57.297504,56.6197,0.67780304,40.584114,39.78872,0.7953949,25.040554,25.724594,0.68404007,49.355877,51.22231,1.8664322,28.452217,29.45867,1.0064526,17.980854,18.335264,0.35441017,33.85619,33.649055,0.20713425,38.272488,38.74259,0.47010422,80.9189,80.18488,0.7340164,68.69872,69.515625,0.81690216,103.59366,117.54379,91.71323,107.998764,101.17336,113.00095,51.74325,61.49615,36.54243,43.035007,24.086052,27.363136,49.011303,53.433315,27.266338,31.651001,17.239628,19.4309,30.268026,37.030083,36.763035,40.72215,77.18393,83.18584,66.8473,72.18395
GHBbDwaAvfvXX3XyEWZg2vpCJQyH6_xgMKorwr3v_nA,b83d292ae2ec312ddd8305330d1dc327,184.0,1,119.617584,115.21683,4.400757,108.827614,107.68699,1.140625,111.901115,110.61764,1.2834778,60.686325,57.339268,3.3470573,39.081825,40.388725,1.3069,26.07294,26.364216,0.29127502,51.712696,53.39035,1.6776543,30.563576,29.788593,0.77498245,17.843857,18.476269,0.63241196,36.082863,33.70078,2.382084,40.07306,39.72675,0.34630966,83.461105,83.897995,0.43688965,70.689606,72.66157,1.971962,108.24176,122.191895,99.54422,115.82976,104.70384,116.53143,52.46282,62.215717,37.142437,43.635014,24.725674,28.002758,51.179344,55.601357,27.596262,31.980925,17.380632,19.571905,30.31975,37.08181,37.747192,41.706306,80.89704,86.89895,69.99324,75.329895
4d_X7JZm0gneZC8ffiFtMDo1I7gKKmN0V0ER7YrB8pI,03b953ddd4eccdf1052b814477add966,160.0,0,102.69129,104.47617,1.7848816,91.19352,92.31449,1.1209717,107.83266,107.49008,0.34257507,64.40576,57.832306,6.573456,40.272144,38.773502,1.498642,23.323523,23.457428,0.13390541,45.759407,44.859673,0.8997345,27.32673,26.188501,1.1382294,16.729063,16.235271,0.49379158,35.442135,31.928202,3.5139332,32.24553,34.00282,1.7572899,74.89495,71.256065,3.6388855,59.84833,59.83355,0.014781952,97.50111,111.45124,84.17172,100.45726,101.57629,113.40388,52.955856,62.708755,35.527214,42.01979,21.818886,25.09597,42.648666,47.07068,23.99617,28.380833,15.139635,17.330908,28.547173,35.30923,32.023262,35.982376,68.25511,74.25702,57.165222,62.501877
wF2Klo0rth7qh_o1oCnMTyv4ApfQTKluNJS2gQqqtFs,bae2a5e65a7bf4121a0a5eb2bbeb12ad,168.75,1,106.801346,109.45588,2.6545334,100.21705,98.12886,2.0881882,110.75583,103.21564,7.5401917,60.88383,54.41453,6.4692993,39.520557,38.689995,0.8305626,25.059938,24.812489,0.24744987,49.33401,48.58025,0.7537613,28.369165,28.819105,0.44993973,17.56216,17.650078,0.08791733,32.137722,33.03432,0.8965988,37.667038,38.16336,0.49632263,75.961205,75.53281,0.42839813,66.50296,66.57241,0.06945038,102.48081,116.43095,89.98609,106.27163,97.30184,109.12943,49.538082,59.29098,35.443707,41.936283,23.173946,26.45103,46.369244,50.791256,26.626774,31.011436,16.554441,18.745714,29.653292,36.41535,36.183804,40.142918,72.53185,78.53376,63.904083,69.24074
wF2Klo0rth7qh_o1oCnMTyv4ApfQTKluNJS2gQqqtFs,2b0ecf00bf18f4e15b0e0b57f0f7a8a3,168.75,1,106.801346,109.607635,2.8062897,100.21705,100.08497,0.13208008,110.75583,105.8096,4.946228,60.88383,55.421757,5.4620743,39.520557,38.723244,0.7973137,25.059938,24.622486,0.43745232,49.33401,48.37665,0.9573593,28.369165,28.106524,0.2626419,17.56216,17.236248,0.32591248,32.137722,32.545918,0.4081955,37.667038,37.431274,0.23576355,75.961205,75.505905,0.45529938,66.50296,66.53944,0.036476135,102.63257,116.5827,91.9422,108.22774,99.895805,111.7234,50.545307,60.298206,35.476955,41.969532,22.983944,26.261028,46.165646,50.587658,25.914192,30.298855,16.140612,18.331884,29.164888,35.92695,35.451717,39.41083,72.50495,78.50686,63.87111,69.20776
wF2Klo0rth7qh_o1oCnMTyv4ApfQTKluNJS2gQqqtFs,a1479a50d6279e3535415b9150dafa09,168.75,1,106.801346,109.607635,2.8062897,100.21705,100.08497,0.13208008,110.75583,105.8096,4.946228,60.88383,55.421757,5.4620743,39.520557,38.723244,0.7973137,25.059938,24.622486,0.43745232,49.33401,48.37665,0.9573593,28.369165,28.106524,0.2626419,17.56216,17.236248,0.32591248,32.137722,32.545918,0.4081955,37.667038,37.431274,0.23576355,75.961205,75.505905,0.45529938,66.50296,66.53944,0.036476135,102.63257,116.5827,91.9422,108.22774,99.895805,111.7234,50.545307,60.298206,35.476955,41.969532,22.983944,26.261028,46.165646,50.587658,25.914192,30.298855,16.140612,18.331884,29.164888,35.92695,35.451717,39.41083,72.50495,78.50686,63.87111,69.20776
wF2Klo0rth7qh_o1oCnMTyv4ApfQTKluNJS2gQqqtFs,c18886ccd38b6523c6db8a8fa1074c17,168.75,1,106.801346,111.439896,4.63855,100.21705,102.00838,1.7913284,110.75583,107.81193,2.943901,60.88383,56.51443,4.3694,39.520557,38.974537,0.5460205,25.059938,24.71002,0.34991837,49.33401,48.588898,0.7451134,28.369165,28.462137,0.0929718,17.56216,17.457666,0.104494095,32.137722,33.3208,1.1830788,37.667038,37.56804,0.09899902,75.961205,75.972946,0.011741638,66.50296,66.50891,0.0059509277,104.46483,118.41496,93.86561,110.151146,101.89813,113.72572,51.63798,61.39088,35.72825,42.220825,23.071478,26.348562,46.37789,50.799904,26.269806,30.654469,16.36203,18.553303,29.939772,36.701828,35.58848,39.547596,72.97199,78.9739,63.840584,69.17724
COXJIiTpnij6N8KobXwfdCeZ5CD68fv3_F0mp3SYlZE,18d4a75239a31afdd78c4c624c4330a4,179.5,1,116.021095,117.914635,1.8935394,101.984116,110.17302,8.188904,113.0979,113.45774,0.3598404,60.9376,59.396694,1.540905,41.13837,41.519154,0.38078308,25.27184,26.695055,1.4232159,51.266876,52.667145,1.4002686,29.208845,30.767548,1.5587025,17.258465,18.886059,1.627594,35.785606,35.391792,0.3938141,38.458767,40.225533,1.7667656,80.75317,82.47486,1.721695,68.9596,72.50525,3.5456467,110.93957,124.8897,102.03025,118.31579,107.543945,119.37154,54.520245,64.27315,38.272865,44.76544,25.056513,28.333597,50.45614,54.87815,28.575216,32.959877,17.790422,19.981695,32.010765,38.77282,38.245975,42.20509,79.47391,85.475815,69.83692,75.17358
COXJIiTpnij6N8KobXwfdCeZ5CD68fv3_F0mp3SYlZE,6cc22d2c32ffb9778111f0aa0d57b9a4,179.5,1,116.021095,114.46369,1.5574036,101.984116,105.42339,3.4392776,113.0979,111.344864,1.7530365,60.9376,59.090214,1.8473854,41.13837,41.633587,0.49521637,25.27184,26.656456,1.3846169,51.266876,52.142036,0.8751602,29.208845,30.288889,1.0800438,17.258465,18.526207,1.2677422,35.785606,34.743237,1.0423698,38.458767,39.74552,1.2867546,80.75317,81.721725,0.96855927,68.9596,72.00698,3.0473785,107.488625,121.43876,97.280624,113.56616,105.43107,117.25866,54.213764,63.966663,38.3873,44.879875,25.017914,28.294998,49.93103,54.353043,28.096558,32.48122,17.43057,19.621843,31.362207,38.124268,37.765965,41.72508,78.72077,84.72268,69.33865,74.67531
COXJIiTpnij6N8KobXwfdCeZ5CD68fv3_F0mp3SYlZE,feacaefca7ac1143cf922b88764bb277,179.5,1,116.021095,112.771935,3.2491608,101.984116,103.34952,1.3654022,113.0979,110.10661,2.9912872,60.9376,58.314682,2.6229172,41.13837,40.928425,0.20994568,25.27184,26.349512,1.077673,51.266876,52.343277,1.0764008,29.208845,29.74803,0.5391846,17.258465,18.245668,0.9872036,35.785606,34.021076,1.7645302,38.458767,39.24674,0.7879715,80.75317,82.284134,1.5309677,68.9596,71.33774,2.3781357,105.79687,119.747,95.20675,111.49229,104.19282,116.02041,53.438232,63.19113,37.682137,44.174713,24.71097,27.988054,50.13227,54.554283,27.555698,31.940361,17.150032,19.341305,30.640047,37.402107,37.26718,41.226295,79.28318,85.28509,68.66941,74.006065
COXJIiTpnij6N8KobXwfdCeZ5CD68fv3_F0mp3SYlZE,1914a0726f08cb75d0bca6e51d49116d,179.5,1,116.021095,112.9799,3.0411987,101.984116,103.683174,1.6990585,113.0979,110.41126,2.6866379,60.9376,58.245388,2.6922112,41.13837,40.566563,0.57180786,25.27184,26.3054,1.0335617,51.266876,52.76305,1.4961739,29.208845,29.756142,0.5472965,17.258465,18.292671,1.0342064,35.785606,34.038982,1.746624,38.458767,39.364727,0.9059601,80.75317,82.88811,2.134941,68.9596,71.67969,2.7200851,106.00483,119.95496,95.540405,111.82594,104.49747,116.32506,53.36894,63.121838,37.320274,43.81285,24.666859,27.943943,50.552044,54.974056,27.56381,31.948473,17.197035,19.388308,30.657953,37.420013,37.38517,41.344284,79.88715,85.88906,69.01136,74.348015
peqbN0eHFV0JIsHpIDwxcN9iRKDbQRyZj8Z9LX12cO0,296f1686cabf63c5522484c285c7b603,169.5,1,110.55946,105.31643,5.2430344,97.40035,91.18924,6.211113,108.34865,103.62731,4.7213364,59.992603,56.415825,3.5767784,39.58349,39.68975,0.10626221,24.239267,25.257744,1.0184765,48.268646,48.904907,0.636261,30.241468,28.896177,1.3452911,17.961992,17.798426,0.16356659,35.38617,33.404354,1.9818153,38.37599,37.66726,0.7087326,74.89316,76.432655,1.5394974,68.16692,66.077805,2.089119,98.34136,112.2915,83.04647,99.33201,97.71352,109.54111,51.539375,61.292274,36.443462,42.93604,23.619202,26.896286,46.6939,51.115913,26.703846,31.088509,16.70279,18.894062,30.023325,36.785385,35.687702,39.646816,73.4317,79.43361,63.409477,68.74613
peqbN0eHFV0JIsHpIDwxcN9iRKDbQRyZj8Z9LX12cO0,30506c1e5a33c372136fe8fb3a24703a,169.5,1,110.55946,113.519455,2.9599915,97.40035,102.12613,4.7257767,108.34865,108.68165,0.33300018,59.992603,58.237392,1.7552109,39.58349,40.993374,1.4098854,24.239267,25.776978,1.5377102,48.268646,48.7697,0.50105286,30.241468,30.145561,0.09590721,17.961992,18.407236,0.44524384,35.38617,35.172955,0.21321487,38.37599,38.89276,0.5167694,74.89316,75.80422,0.91106415,68.16692,67.661766,0.5051575,106.54439,120.49452,93.98336,110.2689,102.76785,114.59544,53.360943,63.113842,37.747086,44.239662,24.138435,27.41552,46.558693,50.980705,27.95323,32.33789,17.3116,19.502872,31.791925,38.553986,36.913204,40.87232,72.80327,78.805176,64.99344,70.33009
4Hy_wkLsPiPHDJIuoAkXO_OdyS0NzY45rDyfxVNtgis,45e14404d55ec421409ed7c9f37056c3,177.95,1,115.334755,115.61026,0.27550507,104.42676,107.29446,2.8676987,109.86752,109.959206,0.091682434,57.79055,57.179363,0.611187,39.327374,40.1846,0.8572273,25.504435,26.093111,0.58867645,50.343456,52.272526,1.9290695,28.926355,30.121222,1.1948662,18.548521,18.627552,0.07903099,33.167755,34.365246,1.1974907,39.241344,39.737476,0.4961319,80.43115,81.73151,1.300354,69.74821,71.28889,1.5406799,108.63519,122.58533,99.15169,115.437225,104.04541,115.873,52.302914,62.055813,36.938313,43.43089,24.454569,27.731653,50.06152,54.483532,27.92889,32.313553,17.531916,19.723188,30.984217,37.746277,37.75792,41.717033,78.73055,84.73246,68.62056,73.957214
4Hy_wkLsPiPHDJIuoAkXO_OdyS0NzY45rDyfxVNtgis,a22c65b3a8394eb221abcef0cef835e0,177.95,1,115.334755,111.52982,3.8049316,104.42676,100.55601,3.8707504,109.86752,107.37215,2.4953766,57.79055,57.58712,0.20343018,39.327374,41.46039,2.1330147,25.504435,26.566395,1.0619602,50.343456,51.212875,0.8694191,28.926355,30.172604,1.2462482,18.548521,18.468924,0.07959747,33.167755,34.297607,1.1298523,39.241344,39.675797,0.43445206,80.43115,79.880455,0.5506973,69.74821,71.073944,1.325737,104.554756,118.50489,92.41324,108.69878,101.45835,113.28594,52.71067,62.46357,38.2141,44.706676,24.927853,28.204937,49.00187,53.42388,27.980272,32.364937,17.373287,19.56456,30.916578,37.678635,37.69624,41.655354,76.8795,82.88141,68.40562,73.74227
4Hy_wkLsPiPHDJIuoAkXO_OdyS0NzY45rDyfxVNtgis,6a4bb4d52482dd52b33c7bcaac267ca6,177.95,1,115.334755,110.383255,4.9515,104.42676,99.15598,5.270775,109.86752,107.234566,2.6329575,57.79055,57.53115,0.2593994,39.327374,41.083065,1.7556915,25.504435,26.404652,0.90021706,50.343456,51.51159,1.1681328,28.926355,29.872427,0.9460716,18.548521,18.338203,0.21031761,33.167755,33.937523,0.76976776,39.241344,39.297688,0.05634308,80.43115,80.6018,0.17064667,69.74821,70.73688,0.98867035,103.40819,117.35832,91.013214,107.29875,101.32077,113.14836,52.6547,62.4076,37.836777,44.329353,24.76611,28.043194,49.300583,53.722595,27.680096,32.06476,17.242567,19.43384,30.556494,37.31855,37.31813,41.277245,77.600845,83.60275,68.06855,73.405205
4Hy_wkLsPiPHDJIuoAkXO_OdyS0NzY45rDyfxVNtgis,f6309af26805be0da45529fd7b6a6ab7,177.95,1,115.334755,118.04953,2.714775,104.42676,109.78049,5.3537292,109.86752,113.2612,3.3936768,57.79055,59.708504,1.9179535,39.327374,42.048027,2.7206535,25.504435,26.820038,1.3156033,50.343456,51.978527,1.6350708,28.926355,31.070429,2.1440735,18.548521,19.05497,0.50644875,33.167755,35.789677,2.6219215,39.241344,40.346203,1.1048584,80.43115,81.17643,0.7452774,69.74821,72.060715,2.3125076,111.07446,125.0246,101.63772,117.923256,107.347404,119.174995,54.832054,64.58495,38.80174,45.294315,25.181496,28.45858,49.76752,54.189533,28.878098,33.26276,17.959333,20.150606,32.408646,39.170708,38.366646,42.32576,78.175476,84.17738,69.39239,74.72904
4Hy_wkLsPiPHDJIuoAkXO_OdyS0NzY45rDyfxVNtgis,d8045d322ee5ddea5910c844b3c93dea,177.95,1,115.334755,114.1377,1.197052,104.42676,104.45515,0.028388977,109.86752,110.49971,0.6321869,57.79055,58.65048,0.85992813,39.327374,41.34905,2.021675,25.504435,26.538826,1.0343914,50.343456,52.065,1.7215424,28.926355,30.388947,1.4625912,18.548521,18.733305,0.18478394,33.167755,34.77507,1.6073151,39.241344,39.686523,0.445179,80.43115,81.5041,1.0729446,69.74821,71.327965,1.5797577,107.162636,121.11277,96.31238,112.597916,104.585915,116.413506,53.77403,63.526928,38.10276,44.595337,24.900284,28.177368,49.853992,54.276005,28.196615,32.581276,17.637669,19.828941,31.394041,38.156097,37.706966,41.66608,78.50314,84.50505,68.65964,73.99629
7tMJnQwy8GllyZBOCK9-GSEBJVNATL2kTlOonwK_p1Y,6066217b16b63b202d57a8d2de099932,167.5,1,108.19694,113.48011,5.2831726,90.48159,102.43362,11.952026,106.04379,108.77501,2.7312164,59.288975,57.773674,1.5153008,40.04466,40.062435,0.01777649,24.287443,25.270609,0.98316574,49.730186,48.410454,1.3197327,29.182024,29.588476,0.40645218,17.15346,18.115683,0.96222305,34.798103,34.798943,0.0008392334,38.60092,38.31219,0.28873062,75.365746,75.44477,0.07902527,65.9798,66.45151,0.4717102,106.50504,120.45518,94.29085,110.576385,102.86121,114.688805,52.897224,62.650124,36.816147,43.308723,23.632067,26.909151,46.199448,50.62146,27.396145,31.780807,17.020046,19.211319,31.417913,38.17997,36.332634,40.291748,72.44382,78.445724,63.78318,69.119835
7tMJnQwy8GllyZBOCK9-GSEBJVNATL2kTlOonwK_p1Y,b0e7fb2f870a36e6eb618313217b0ba0,167.5,1,108.19694,111.68157,3.4846344,90.48159,99.9345,9.452911,106.04379,106.50488,0.4610901,59.288975,56.61304,2.6759338,40.04466,39.549026,0.49563217,24.287443,25.140572,0.85312843,49.730186,48.565315,1.1648712,29.182024,29.40188,0.21985626,17.15346,18.042242,0.8887825,34.798103,34.25583,0.5422745,38.60092,38.25051,0.35041046,75.365746,75.65507,0.2893219,65.9798,66.24634,0.26654053,104.706505,118.65664,91.79173,108.07727,100.59109,112.41868,51.73659,61.48949,36.30274,42.795315,23.50203,26.779114,46.35431,50.77632,27.209549,31.594212,16.946606,19.137878,30.8748,37.636856,36.270954,40.23007,72.65411,78.65602,63.57801,68.914665
7tMJnQwy8GllyZBOCK9-GSEBJVNATL2kTlOonwK_p1Y,e1e39ce3b2f79def6eebc9c903ffaab8,167.5,1,108.19694,112.52464,4.3277054,90.48159,101.77286,11.291267,106.04379,107.74068,1.6968842,59.288975,56.97149,2.3174858,40.04466,39.528923,0.5157356,24.287443,25.003641,0.71619797,49.730186,48.535442,1.1947441,29.182024,29.200409,0.018384933,17.15346,17.926208,0.77274895,34.798103,34.17227,0.6258316,38.60092,38.007828,0.5930939,75.365746,75.77488,0.4091339,65.9798,66.181,0.2012024,105.549576,119.49971,93.63009,109.91563,101.82688,113.65447,52.09504,61.84794,36.282635,42.77521,23.365099,26.642183,46.324436,50.74645,27.008078,31.39274,16.830572,19.021845,30.791243,37.5533,36.02827,39.987385,72.773926,78.77583,63.512672,68.84933
7tMJnQwy8GllyZBOCK9-GSEBJVNATL2kTlOonwK_p1Y,8748646ea34c12a6de746cb8420d177e,167.5,1,108.19694,113.78924,5.5923004,90.48159,103.46728,12.985687,106.04379,107.7505,1.7067108,59.288975,56.543747,2.7452278,40.04466,39.290775,0.75388336,24.287443,24.996748,0.7093048,49.730186,48.672222,1.0579643,29.182024,29.447853,0.2658291,17.15346,18.092916,0.93945694,34.798103,34.3931,0.4050026,38.60092,38.357777,0.24314499,75.365746,75.792,0.42625427,65.9798,66.40388,0.4240799,106.81417,120.764305,95.32451,111.61005,101.83671,113.6643,51.667297,61.420197,36.044487,42.537064,23.358206,26.63529,46.461216,50.88323,27.255522,31.640184,16.99728,19.188553,31.012072,37.77413,36.37822,40.337334,72.791046,78.79295,63.73555,69.072205
7tMJnQwy8GllyZBOCK9-GSEBJVNATL2kTlOonwK_p1Y,f29fbadc53eca3e921a16c1b9a12ef7d,167.5,1,108.19694,106.949165,1.2477722,90.48159,94.49141,4.009819,106.04379,102.69632,3.3474731,59.288975,55.163914,4.125061,40.04466,39.296963,0.7476959,24.287443,24.899794,0.61235046,49.730186,47.746204,1.9839821,29.182024,28.566254,0.61577034,17.15346,17.36183,0.20837021,34.798103,32.89904,1.8990631,38.60092,37.739662,0.86125946,75.365746,74.17569,1.1900558,65.9798,65.96484,0.014953613,99.9741,113.92423,86.34864,102.63418,96.782524,108.610115,50.287464,60.040363,36.050674,42.54325,23.261251,26.538336,45.5352,49.95721,26.373922,30.758585,16.266193,18.457466,29.518011,36.280067,35.760105,39.71922,71.174736,77.17664,63.296516,68.63317
hsBaJx117F-ZlugN6j5r1xKiwRRVFk4hvIgx1MxylpE,21f5f49639a9b2d2474587f67c0a2abc,173.0,1,113.857765,114.28384,0.42607117,107.50441,106.10378,1.4006271,108.633896,106.959404,1.6744919,55.516582,54.97869,0.5378914,40.33337,38.992317,1.341053,26.504166,25.245796,1.2583694,50.183887,50.305725,0.121837616,28.945353,29.251791,0.30643845,18.264801,18.076025,0.18877602,34.0489,33.38645,0.6624489,37.521122,38.99198,1.4708595,78.07923,78.31229,0.23305511,68.47672,69.14192,0.6651993,107.30877,121.2589,97.96101,114.24655,101.04561,112.8732,50.10224,59.85514,35.74603,42.238605,23.607254,26.884338,48.09472,52.51673,27.05946,31.444122,16.980389,19.171661,30.005423,36.76748,37.012424,40.97154,75.31133,81.31324,66.473595,71.81025
hsBaJx117F-ZlugN6j5r1xKiwRRVFk4hvIgx1MxylpE,f2405369e4284d1917843b8aceb8e79f,173.0,1,113.857765,115.835075,1.9773102,107.50441,108.4328,0.9283905,108.633896,110.89771,2.2638168,55.516582,57.616436,2.0998535,40.33337,40.552647,0.21927643,26.504166,25.723675,0.7804909,50.183887,49.992466,0.19142151,28.945353,29.437035,0.49168205,18.264801,18.084837,0.17996407,34.0489,34.05092,0.0020179749,37.521122,38.844494,1.3233719,78.07923,78.030014,0.049217224,68.47672,69.64508,1.1683578,108.86001,122.81014,100.29003,116.57557,104.98392,116.81151,52.739986,62.492886,37.30636,43.798935,24.085133,27.362217,47.78146,52.203472,27.244703,31.629366,16.9892,19.180473,30.66989,37.431946,36.864937,40.82405,75.02906,81.03097,66.97675,72.31341
XeDRaHj5d6BauYMYPwEltTG_rY04QrkDj7AP0WuqOzA,a006efcd20cb0e38a052d959cfd98a2b,176.55,1,112.10574,115.958725,3.8529816,100.736,107.05894,6.322937,108.791176,110.74048,1.9493027,55.08744,57.76834,2.6809006,43.649685,40.21089,3.4387932,27.19598,25.955261,1.2407188,53.81224,51.848038,1.9642029,29.665789,30.30782,0.6420307,17.323826,18.8229,1.4990749,31.900225,34.87454,2.9743137,39.095634,39.509537,0.41390228,81.65212,81.129974,0.52214813,69.46871,70.18976,0.72104645,108.98366,122.93379,98.91617,115.201706,104.82668,116.654274,52.89189,62.64479,36.964603,43.45718,24.31672,27.593803,49.63703,54.059044,28.115488,32.500153,17.727264,19.918537,31.49351,38.25557,37.52998,41.489094,78.12902,84.13093,67.52143,72.858086
XeDRaHj5d6BauYMYPwEltTG_rY04QrkDj7AP0WuqOzA,70b9046d4c32724ae056ccf858b4c83d,176.55,1,112.10574,112.53026,0.42451477,100.736,103.4084,2.6724014,108.791176,107.72839,1.0627823,55.08744,56.31722,1.2297783,43.649685,39.807278,3.8424072,27.19598,25.81925,1.37673,53.81224,51.57605,2.2361908,29.665789,29.499235,0.1665535,17.323826,18.250076,0.92625046,31.900225,33.553562,1.6533375,39.095634,39.179695,0.08406067,81.65212,80.61892,1.0332031,69.46871,70.49751,1.028801,105.55519,119.505325,95.26563,111.55117,101.8146,113.64219,51.44077,61.19367,36.56099,43.053566,24.180708,27.457792,49.365044,53.787056,27.306904,31.691566,17.15444,19.345713,30.172533,36.934593,37.200138,41.159252,77.617966,83.61987,67.829185,73.16584
XeDRaHj5d6BauYMYPwEltTG_rY04QrkDj7AP0WuqOzA,e224409af5abf99b7812564b64aa0009,176.55,1,112.10574,110.22026,1.8854828,100.736,99.29991,1.4360886,108.791176,106.42627,2.3649063,55.08744,55.61231,0.524868,43.649685,38.431747,5.2179375,27.19598,25.368942,1.8270378,53.81224,52.39044,1.4217987,29.665789,29.071957,0.593832,17.323826,18.18398,0.8601551,31.900225,33.121857,1.221632,39.095634,38.605827,0.48980713,81.65212,82.19366,0.5415344,69.46871,69.23474,0.23397064,103.24519,117.19533,91.15714,107.44268,100.512474,112.340065,50.73586,60.488758,35.18546,41.678036,23.7304,27.007484,50.179436,54.601448,26.879625,31.264288,17.088345,19.279617,29.740828,36.502884,36.62627,40.585384,79.1927,85.19461,66.566414,71.90307
XeDRaHj5d6BauYMYPwEltTG_rY04QrkDj7AP0WuqOzA,b377b0c239e7ac9ed263d91adb2ef585,176.55,1,112.10574,110.56311,1.542633,100.736,99.78403,0.95197296,108.791176,108.10674,0.684433,55.08744,57.280636,2.1931953,43.649685,39.98666,3.663025,27.19598,25.918503,1.2774773,53.81224,52.00683,1.8054123,29.665789,29.493826,0.17196274,17.323826,18.323515,0.9996891,31.900225,33.740566,1.8403416,39.095634,38.814995,0.28063965,81.65212,81.61658,0.03554535,69.46871,69.9333,0.46458435,103.58804,117.53818,91.64126,107.926796,102.19295,114.02054,52.404186,62.157085,36.74037,43.23295,24.27996,27.557045,49.795822,54.217834,27.301495,31.686157,17.227879,19.419151,30.359537,37.121597,36.835438,40.79455,78.61562,84.61753,67.26497,72.60162
XeDRaHj5d6BauYMYPwEltTG_rY04QrkDj7AP0WuqOzA,bee98fc0fab588aa78ed246f22caef40,176.55,1,112.10574,110.87785,1.22789,100.736,100.54947,0.18653107,108.791176,106.34765,2.4435272,55.08744,56.209282,1.1218414,43.649685,40.02996,3.6197243,27.19598,25.870714,1.3252659,53.81224,51.205013,2.6072273,29.665789,29.442444,0.2233448,17.323826,18.121557,0.7977314,31.900225,33.42823,1.5280056,39.095634,39.048298,0.04733658,81.65212,80.01372,1.6384048,69.46871,70.067635,0.5989227,103.90279,117.85292,92.4067,108.69224,100.43385,112.261444,51.332832,61.08573,36.783672,43.27625,24.232172,27.509256,48.994007,53.41602,27.250113,31.634775,17.02592,19.217194,30.047201,36.809258,37.06874,41.027855,77.012764,83.01467,67.39931,72.73596
Q0xb8LF0NL5XCdHFaoOj5XHT0p5Do8Ei9-IDRuNYOd4,5a9e2f32ef037fb12c0fc5be928b6dea,180.0,1,113.43327,114.20515,0.7718735,104.38097,106.28696,1.9059906,109.46062,110.475136,1.0145187,55.427055,57.44587,2.018814,38.54831,39.958824,1.4105148,26.145285,25.977318,0.16796684,53.9321,52.665573,1.2665253,29.605175,29.466784,0.1383915,19.174593,18.194996,0.9795971,31.995209,33.670937,1.6757278,41.362354,39.222603,2.1397514,82.24781,82.78541,0.53759766,71.07499,71.43543,0.36044312,107.23008,121.180214,98.14419,114.429726,104.56134,116.38893,52.56942,62.32232,36.712536,43.205112,24.338776,27.61586,50.454567,54.87658,27.274452,31.659115,17.09936,19.290632,30.289907,37.051964,37.243046,41.20216,79.784454,85.78636,68.767105,74.10376
Q0xb8LF0NL5XCdHFaoOj5XHT0p5Do8Ei9-IDRuNYOd4,69a299c4a80db8d90ffa26e75f86ecb9,180.0,1,113.43327,112.47405,0.9592209,104.38097,103.401855,0.9791107,109.46062,108.74552,0.7150955,55.427055,57.211346,1.7842903,38.54831,40.59131,2.0429993,26.145285,26.261288,0.11600304,53.9321,52.3307,1.6013985,29.605175,29.542503,0.06267166,19.174593,18.197199,0.9773941,31.995209,33.48194,1.4867325,41.362354,39.27087,2.091484,82.24781,82.13252,0.11528778,71.07499,71.54291,0.4679184,105.498985,119.44912,95.25909,111.544624,102.831726,114.65932,52.334896,62.087795,37.34502,43.837597,24.622746,27.89983,50.119694,54.541706,27.350172,31.734835,17.101562,19.292835,30.100912,36.86297,37.291313,41.250427,79.13157,85.13348,68.87458,74.211235
59bc2766681516389ccf4599,1edf15468c3e66182412c8f7000fb241,174.0,1,109.48937,116.902954,7.413582,102.33253,109.79357,7.4610443,109.71575,113.113785,3.3980331,58.5692,58.903656,0.3344574,42.37447,40.77069,1.6037788,26.95492,25.849577,1.1053429,49.90762,50.597363,0.68974304,29.794752,29.707466,0.087285995,19.724104,18.283857,1.4402466,32.25756,34.66764,2.41008,36.300377,38.930305,2.6299286,80.85841,79.23491,1.6235046,67.32562,69.884445,2.5588226,109.92789,123.87802,101.6508,117.93634,107.19999,119.02758,54.027206,63.780106,37.524403,44.01698,24.211035,27.48812,48.386356,52.80837,27.515135,31.899797,17.188221,19.379494,31.286612,38.048668,36.95075,40.909863,76.233955,82.23586,67.21612,72.55277
59bc2766681516389ccf4599,f67f32d2c8dce619b4f88a85678cf040,174.0,1,109.48937,112.51902,3.0296478,102.33253,101.707436,0.62509155,109.71575,107.91266,1.803093,58.5692,57.568462,1.0007362,42.37447,40.950073,1.4243965,26.95492,26.07657,0.8783493,49.90762,50.31791,0.41028976,29.794752,30.115814,0.3210621,19.724104,18.507113,1.2169914,32.25756,34.6,2.3424377,36.300377,39.227966,2.9275894,80.85841,78.49537,2.3630447,67.32562,69.35931,2.0336838,105.54395,119.49409,93.56467,109.850204,101.99886,113.826454,52.692013,62.444912,37.703785,44.19636,24.438028,27.715113,48.106903,52.528915,27.923483,32.308144,17.411476,19.602749,31.21897,37.981026,37.24841,41.207523,75.494415,81.49632,66.69098,72.02763
59bc2766681516389ccf4599,8d2882aed77a5e3564288bd16b4e3d36,174.0,1,109.48937,117.80223,8.312859,102.33253,110.97116,8.638634,109.71575,111.47262,1.7568665,58.5692,57.13406,1.4351387,42.37447,39.67583,2.698639,26.95492,25.537119,1.4178009,49.90762,50.955822,1.0482025,29.794752,29.780481,0.0142707825,19.724104,18.468924,1.2551804,32.25756,34.432888,2.1753273,36.300377,39.193104,2.892727,80.85841,79.65916,1.1992569,67.32562,69.60356,2.2779388,110.82716,124.7773,102.82839,119.11393,105.55882,117.38641,52.25761,62.01051,36.429543,42.92212,23.898577,27.175661,48.744816,53.16683,27.58815,31.972813,17.373287,19.56456,31.051859,37.81392,37.213547,41.17266,76.6582,82.66011,66.935234,72.27189
59bc2766681516389ccf4599,5584364882ae18a93b2e1321ca4e8d2c,174.0,1,109.48937,109.25916,0.23020935,102.33253,98.14848,4.184044,109.71575,105.36246,4.3532944,58.5692,55.08729,3.481907,42.37447,38.089603,4.2848663,26.95492,25.046833,1.9080868,49.90762,51.594917,1.6872978,29.794752,28.666311,1.1284409,19.724104,17.819721,1.9043827,32.25756,32.821453,0.56389236,36.300377,38.172745,1.8723679,80.85841,81.000374,0.14196014,67.32562,68.05501,0.7293854,102.284096,116.23423,90.005714,106.29125,99.44866,111.27625,50.210842,59.96374,34.843315,41.33589,23.40829,26.685375,49.38391,53.805923,26.47398,30.858643,16.724085,18.915358,29.440424,36.202484,36.193188,40.1523,77.99942,84.00133,65.38668,70.723335
59bc2766681516389ccf4599,92064911ef077ccefca82417b4f808e0,174.0,1,109.48937,108.98939,0.49998474,102.33253,98.24662,4.085907,109.71575,104.661026,5.0547256,58.5692,55.15325,3.415947,42.37447,39.153145,3.221325,26.95492,25.345047,1.6098728,49.90762,50.352104,0.4444847,29.794752,28.906994,0.88775826,19.724104,17.89977,1.8243332,32.25756,32.859253,0.6016922,36.300377,38.44359,2.1432114,80.85841,78.56965,2.288765,67.32562,68.70472,1.379097,102.01432,115.964455,90.10385,106.38939,98.74723,110.57482,50.276802,60.0297,35.906857,42.399433,23.706505,26.98359,48.141098,52.56311,26.714663,31.099325,16.804134,18.995407,29.478224,36.24028,36.46403,40.423145,75.568695,81.5706,66.03639,71.37305
59bc2766681516389ccf4599,ae07fd1eef100e08c7122c88acbc3f8e,174.0,1,109.48937,114.36252,4.873146,102.33253,104.14113,1.8086014,109.71575,111.49227,1.7765198,58.5692,59.428673,0.8594742,42.37447,41.225334,1.1491356,26.95492,26.138142,0.8167782,49.90762,50.66654,0.75891876,29.794752,30.332157,0.537405,19.724104,18.656929,1.0671749,32.25756,35.348022,3.0904617,36.300377,39.139473,2.839096,80.85841,79.3425,1.5159149,67.32562,69.39839,2.0727692,107.38745,121.337585,95.99836,112.2839,105.578476,117.40607,54.552223,64.30512,37.979046,44.471622,24.4996,27.776684,48.455532,52.877544,28.139826,32.52449,17.561293,19.752565,31.966993,38.72905,37.159916,41.11903,76.341545,82.34345,66.730064,72.06672
59bc2766681516389ccf4599,b11915ff5540d3c06ba2f5ca3d45a3d2,174.0,1,109.48937,110.00668,0.5173111,102.33253,99.07748,3.2550507,109.71575,106.59087,3.124878,58.5692,56.97682,1.5923767,42.37447,40.552647,1.8218231,26.95492,25.8652,1.0897198,49.90762,50.260525,0.35290527,29.794752,29.428923,0.36582947,19.724104,18.031961,1.6921425,32.25756,33.670937,1.4133759,36.300377,38.715775,2.4153976,80.85841,78.5267,2.3317108,67.32562,69.15902,1.8333969,103.03162,116.98175,90.93471,107.220245,100.67708,112.50467,52.100372,61.85327,37.30636,43.798935,24.226658,27.503742,48.04952,52.47153,27.236591,31.621254,16.936325,19.127598,30.289907,37.051964,36.736217,40.69533,75.52575,81.52766,66.49069,71.82735
59bc2766681516389ccf4599,3dc4eb6f0e801bad9c9a106a22800b68,174.0,1,109.48937,110.68675,1.1973801,102.33253,100.34666,1.9858704,109.71575,104.826866,4.8888855,58.5692,55.10395,3.465248,42.37447,39.553665,2.8208046,26.95492,25.504034,1.4508858,49.90762,49.98421,0.07659149,29.794752,29.253143,0.5416088,19.724104,17.995241,1.7288628,32.25756,33.2452,0.9876404,36.300377,38.860584,2.5602074,80.85841,77.8188,3.0396118,67.32562,69.102844,1.7772217,103.711685,117.66182,92.20389,108.489426,98.91307,110.74066,50.2275,59.9804,36.307377,42.799953,23.865492,27.142576,47.773205,52.195217,27.060812,31.445475,16.899605,19.090878,29.864172,36.62623,36.881027,40.84014,74.81785,80.819756,66.43452,71.77117
59bc2766681516389ccf4599,b7b896e5430d78739ad518ac4084e627,174.0,1,109.48937,114.30632,4.816948,102.33253,105.672,3.33947,109.71575,108.56372,1.152031,58.5692,56.5131,2.056099,42.37447,39.8614,2.5130692,26.95492,25.576635,1.3782845,49.90762,50.596577,0.6889572,29.794752,29.637154,0.1575985,19.724104,18.354359,1.3697453,32.25756,33.991234,1.7336731,36.300377,38.983936,2.6835594,80.85841,79.070465,1.7879486,67.32562,69.25916,1.9335403,107.33125,121.28139,97.52923,113.814766,102.649925,114.477516,51.63665,61.38955,36.615112,43.10769,23.938093,27.215178,48.38557,52.807583,27.444822,31.829485,17.258722,19.449995,30.610205,37.37226,37.00438,40.963493,76.06951,82.07142,66.590836,71.92749
POrRNKsiJroy26MF_45GMYIj9GSQYqT1FHIh9ZmkcQI,2233d370f9bfb4323d524323d5be70ff,190.0,1,114.52828,110.9453,3.582985,110.644196,100.863495,9.780701,113.41432,110.27368,3.1406403,55.623837,57.763012,2.1391754,40.300446,39.949547,0.35089874,25.481388,26.564556,1.083168,54.994877,55.33986,0.34498215,30.708057,29.20717,1.5008869,18.792141,18.2912,0.5009403,35.885853,32.906998,2.9788551,39.34348,39.18774,0.15573883,86.35235,87.71258,1.3602295,73.78804,73.071915,0.7161255,103.97023,117.920364,92.720726,109.00626,104.359886,116.18748,52.886562,62.63946,36.70326,43.195835,24.926014,28.203098,53.128853,57.550865,27.01484,31.399502,17.195564,19.386837,29.525969,36.288025,37.208183,41.167297,84.711624,90.71353,70.40359,75.74024
POrRNKsiJroy26MF_45GMYIj9GSQYqT1FHIh9ZmkcQI,8335e1189a3f9358613eead151d7ac9e,190.0,1,114.52828,113.74427,0.78401184,110.644196,104.96544,5.6787567,113.41432,113.221886,0.19243622,55.623837,59.548603,3.9247665,40.300446,41.352142,1.0516968,25.481388,27.025894,1.5445061,54.994877,55.14491,0.15003204,30.708057,29.907583,0.80047417,18.792141,18.645178,0.14696312,35.885853,33.917625,1.9682274,39.34348,39.638256,0.29477692,86.35235,87.350685,0.9983368,73.78804,73.90236,0.11431885,106.7692,120.71934,96.82267,113.10821,107.30809,119.13568,54.672153,64.42505,38.105854,44.59843,25.387352,28.664436,52.933903,57.355915,27.715252,32.099915,17.549541,19.740814,30.536596,37.298653,37.6587,41.617813,84.34973,90.35164,71.23403,76.57069
0qRH3UAnRSlRrPNxpd94zBYVRZViXIJ98JiQOkF9TOY,d985648bd07957b64e3724e3928f357f,161.0,0,99.617775,102.97271,3.3549347,89.17278,91.751045,2.5782623,108.14351,106.45575,1.6877594,60.243343,56.98215,3.2611923,39.716587,38.19437,1.5222168,24.41597,23.19919,1.2167797,44.67103,45.004314,0.3332863,27.057537,25.679419,1.3781185,16.63929,15.87285,0.76643944,34.021503,31.107067,2.9144363,33.483463,33.75879,0.27532578,70.70781,71.5446,0.836792,61.806686,60.05093,1.7557564,95.99764,109.94778,83.60828,99.893814,100.541954,112.369545,52.1057,61.8586,34.948082,41.44066,21.560648,24.837732,42.79331,47.21532,23.487087,27.87175,14.777214,16.968487,27.726038,34.4881,31.779232,35.738346,68.54365,74.545555,57.382603,62.719257
0qRH3UAnRSlRrPNxpd94zBYVRZViXIJ98JiQOkF9TOY,ee0d23b349f1b3c5dcb52aaa0bd54d63,161.0,0,99.617775,100.70206,1.0842819,89.17278,88.50858,0.6641998,108.14351,104.31461,3.8288956,60.243343,56.162643,4.0807,39.716587,37.98174,1.734848,24.41597,23.120155,1.2958145,44.67103,44.99488,0.32385254,27.057537,25.521893,1.5356445,16.63929,15.825114,0.8141756,34.021503,30.61282,3.4086838,33.483463,33.569736,0.08627319,70.70781,71.5446,0.836792,61.806686,59.686996,2.11969,93.72699,107.677124,80.365814,96.65135,98.40082,110.22841,51.286194,61.039093,34.73545,41.228027,21.481613,24.758698,42.783875,47.205887,23.329561,27.714224,14.729478,16.92075,27.23179,33.99385,31.59018,35.549294,68.54365,74.545555,57.01867,62.355324
Td4mIqilWGsvkJvnFS4iNgYNa1DPtYC1niRK-azjLvE,7afc844f114d0b89a71d8654b489236d,182.0,1,114.98216,107.39037,7.5917892,95.11942,94.63533,0.4840927,106.67251,105.866104,0.8064041,61.8333,56.505104,5.3281975,38.274445,39.67583,1.4013863,25.262346,26.154684,0.8923378,51.2095,53.36834,2.1588402,30.336716,29.14362,1.1930962,18.063396,18.090714,0.027317047,34.676647,32.94082,1.7358284,39.62413,38.796223,0.82790756,82.26245,84.05938,1.7969284,68.34755,70.72711,2.3795624,100.415306,114.36544,86.49256,102.7781,99.95231,111.7799,51.628654,61.381554,36.429543,42.92212,24.516142,27.793226,51.157333,55.579346,26.951288,31.33595,16.995077,19.18635,29.55979,36.321846,36.816666,40.77578,81.058426,87.06033,68.058784,73.39544
Td4mIqilWGsvkJvnFS4iNgYNa1DPtYC1niRK-azjLvE,cdede9a23e44042c52b791b83663e81f,182.0,1,114.98216,108.69712,6.285042,95.11942,96.817154,1.697731,106.67251,107.067505,0.39499664,61.8333,56.599716,5.2335854,38.274445,39.140774,0.8663292,25.262346,26.00213,0.73978424,51.2095,53.858864,2.6493645,30.336716,29.070604,1.2661114,18.063396,18.095854,0.03245735,34.676647,32.954746,1.7219009,39.62413,38.814995,0.80913544,82.26245,84.90054,2.638092,68.34755,71.04463,2.6970825,101.72205,115.67219,88.674385,104.95992,101.15371,112.9813,51.723267,61.476166,35.894485,42.387062,24.363588,27.640673,51.647858,56.06987,26.878273,31.262936,17.000217,19.19149,29.573717,36.335777,36.835438,40.79455,81.89959,87.9015,68.376305,73.71296
EPzw1EmMy4-2WqBb_LB-GwiPzhsgyqRtkH3DpJl0O7U,c5346dcdfc81cb1b59b1a6abec2a3c44,171.0,1,107.91435,108.07326,0.15890503,102.08191,97.461555,4.6203537,109.640724,104.21511,5.4256134,57.026493,54.86476,2.1617317,40.85393,38.70701,2.146923,25.99277,24.835464,1.1573048,46.720535,49.128944,2.408409,29.297968,28.233625,1.0643425,18.944115,17.325478,1.6186371,33.66166,32.38776,1.2738991,36.807217,37.726254,0.91903687,72.56975,76.69796,4.128212,67.980415,67.25754,0.7228775,101.09819,115.048325,89.31879,105.604324,98.301315,110.12891,49.98831,59.74121,35.46072,41.953297,23.196922,26.474007,46.91794,51.33995,26.041294,30.425957,16.229841,18.421114,29.006731,35.76879,35.746696,39.70581,73.69701,79.69891,64.58921,69.925865
EPzw1EmMy4-2WqBb_LB-GwiPzhsgyqRtkH3DpJl0O7U,f98e5fae3573a7382731290d034ec06f,171.0,1,107.91435,110.551865,2.6375122,102.08191,99.03168,3.050232,109.640724,107.23948,2.401245,57.026493,57.853626,0.8271332,40.85393,41.191315,0.33738327,25.99277,25.832117,0.16065216,46.720535,48.543304,1.8227692,29.297968,29.499235,0.20126724,18.944115,17.917397,1.0267181,33.66166,34.1862,0.52453995,36.807217,38.51197,1.7047539,72.56975,75.56459,2.9948425,67.980415,67.99639,0.015975952,103.5768,117.52693,90.88891,107.174446,101.32568,113.153275,52.977177,62.730076,37.945026,44.437603,24.193575,27.47066,46.3323,50.75431,27.306904,31.691566,16.82176,19.013033,30.80517,37.56723,36.532413,40.491528,72.56364,78.565544,65.328064,70.66472
Ch6e6Z9FIyS6tVflcxYh8mvH-bpXl_wjt47fAAVvo9w,d7c30d947cd18be93c9e1a54a5c3c243,173.0,1,111.9989,105.67614,6.3227615,104.92553,93.061935,11.863594,107.194565,102.3387,4.8558655,56.645653,54.870422,1.7752304,39.03386,39.29387,0.26000977,24.712406,25.304611,0.59220505,50.92155,49.753494,1.1680565,28.558447,28.562197,0.0037498474,16.82338,17.487043,0.66366386,33.048615,32.437496,0.6111183,38.48343,38.037323,0.44610596,76.96075,77.66995,0.7092056,69.67318,67.869385,1.8037949,98.70107,112.65121,84.91917,101.204704,96.424904,108.252495,49.993973,59.746872,36.04758,42.540157,23.666069,26.943153,47.54249,51.9645,26.369865,30.754528,16.391407,18.58268,29.056467,35.818527,36.057766,40.01688,74.669,80.670906,65.20106,70.53771
Ch6e6Z9FIyS6tVflcxYh8mvH-bpXl_wjt47fAAVvo9w,740dfaa66d03e47ff769ab4bbeb6b54c,173.0,1,111.9989,104.890686,7.1082153,104.92553,92.446976,12.478554,107.194565,102.30461,4.8899536,56.645653,54.715183,1.9304695,39.03386,38.84773,0.18613052,24.712406,25.10427,0.39186478,50.92155,49.839375,1.0821762,28.558447,28.221455,0.33699226,16.82338,17.300507,0.47712708,33.048615,32.115208,0.93340683,38.48343,37.74637,0.73706055,76.96075,77.87199,0.9112396,69.67318,67.70085,1.9723282,97.91562,111.86575,84.30421,100.589745,96.390816,108.21841,49.838734,59.591633,35.60144,42.094017,23.465729,26.742813,47.62837,52.05038,26.029123,30.413786,16.20487,18.396143,28.734179,35.49624,35.76681,39.725925,74.87103,80.87294,65.032524,70.36918
aG_54Gu9ePArDNEocde5SJNO6j6uCeQkV7knx7MdUrk,574ff918e7a0c08118779126cbfdbc5c,179.5,1,113.33525,108.657776,4.677475,96.01963,97.36343,1.3437958,106.29546,104.73105,1.564415,58.80189,54.920727,3.8811646,40.523457,38.658295,1.8651619,26.663183,25.655668,1.007515,51.437492,52.659286,1.2217941,31.844,28.850204,2.9937954,18.376932,17.849833,0.5270996,33.685757,32.531,1.1547585,39.27156,38.83645,0.435112,82.76791,82.631355,0.1365509,67.67543,70.41936,2.743927,101.68271,115.63284,89.22066,105.506195,98.81725,110.644844,50.044277,59.797176,35.412006,41.904583,24.017126,27.29421,50.44828,54.870293,26.657873,31.042536,16.754196,18.945469,29.14997,35.912025,36.85689,40.816006,79.6304,85.63231,67.75103,73.087685
aG_54Gu9ePArDNEocde5SJNO6j6uCeQkV7knx7MdUrk,6937b268c59468c5e8d62b0ca43a5e8c,179.5,1,113.33525,110.28209,3.0531616,96.01963,99.60739,3.587761,106.29546,107.12892,0.83345795,58.80189,56.654346,2.1475449,40.523457,39.89697,0.62648773,26.663183,26.09495,0.5682335,51.437492,52.645134,1.2076416,31.844,29.343737,2.5002632,18.376932,18.086306,0.29062653,33.685757,33.25316,0.4325981,39.27156,39.083157,0.18840408,82.76791,82.66559,0.10231781,67.67543,71.005554,3.330124,103.30702,117.25716,91.46462,107.75016,101.215126,113.04272,51.777897,61.530796,36.65068,43.143257,24.456408,27.733492,50.434128,54.85614,27.151405,31.536068,16.99067,19.181942,29.87213,36.634186,37.1036,41.062714,79.664635,85.66654,68.33723,73.67388
aG_54Gu9ePArDNEocde5SJNO6j6uCeQkV7knx7MdUrk,c2860c163c78d5005637e7b0e0749af0,179.5,1,113.33525,113.56442,0.22917175,96.01963,104.41589,8.396263,106.29546,109.423615,3.128151,58.80189,57.453865,1.3480263,40.523457,40.2913,0.23215485,26.663183,26.138142,0.5250416,51.437492,52.38415,0.9466591,31.844,29.807524,2.0364761,18.376932,18.339672,0.037260056,33.685757,34.021076,0.33531952,39.27156,39.450542,0.17898178,82.76791,82.156975,0.6109314,67.67543,71.35728,3.6818466,106.589355,120.53949,96.273125,112.55866,103.50982,115.33741,52.577415,62.330315,37.045013,43.53759,24.4996,27.776684,50.173145,54.595158,27.615192,31.999855,17.244036,19.435308,30.640047,37.402107,37.470985,41.4301,79.15602,85.15793,68.68895,74.025604
aG_54Gu9ePArDNEocde5SJNO6j6uCeQkV7knx7MdUrk,a3f705ff656c1478ad927eecf1cdf5b7,179.5,1,113.33525,115.53157,2.1963196,96.01963,107.09819,11.07856,106.29546,111.70847,5.4130096,58.80189,58.855686,0.05379486,40.523457,41.293377,0.76992035,26.663183,26.518608,0.14457512,51.437492,52.36057,0.9230766,31.844,30.291592,1.5524082,18.376932,18.576145,0.19921303,33.685757,34.747215,1.0614586,39.27156,39.7777,0.50613785,82.76791,82.07384,0.6940689,67.67543,72.016754,4.341324,108.5565,122.50664,98.95542,115.24096,105.79468,117.62227,53.979237,63.732136,38.04709,44.539665,24.880066,28.15715,50.149563,54.571575,28.09926,32.483925,17.480509,19.671782,31.366186,38.128242,37.79814,41.757256,79.07288,85.07479,69.34843,74.68508
aG_54Gu9ePArDNEocde5SJNO6j6uCeQkV7knx7MdUrk,46501c976579ca07f664007456bbd614,179.5,1,113.33525,115.73391,2.3986588,96.01963,107.647736,11.628105,106.29546,111.875534,5.5800705,58.80189,58.591846,0.21004486,40.523457,40.903683,0.38022614,26.663183,26.338484,0.3246994,51.437492,52.475338,1.0378456,31.844,30.059023,1.784977,18.376932,18.482143,0.10521126,33.685757,34.502518,0.816761,39.27156,39.56853,0.29697037,82.76791,82.389275,0.3786316,67.67543,71.69434,4.0189133,108.75884,122.70898,99.50497,115.790504,105.96174,117.78933,53.715397,63.468296,37.657394,44.14997,24.699942,27.977026,50.26433,54.686344,27.866692,32.251354,17.386507,19.57778,31.121489,37.883545,37.588974,41.548088,79.38832,85.39023,69.02602,74.36267
aG_54Gu9ePArDNEocde5SJNO6j6uCeQkV7knx7MdUrk,6f08333a6260a381f198a1c74c3cf43e,179.5,1,113.33525,110.06289,3.2723618,96.01963,99.18215,3.1625214,106.29546,107.988815,1.6933517,58.80189,57.579124,1.2227669,40.523457,40.393368,0.1300888,26.663183,26.180416,0.4827671,51.437492,52.412453,0.9749603,31.844,29.385654,2.4583454,18.376932,18.049587,0.3273449,33.685757,33.466026,0.21973038,39.27156,38.898125,0.37343597,82.76791,82.46752,0.30038452,67.67543,70.74665,3.0712204,103.08782,117.03796,91.03938,107.32492,102.07502,113.90261,52.702675,62.455574,37.14708,43.639656,24.541874,27.818958,50.201447,54.62346,27.193323,31.577986,16.95395,19.145224,30.084997,36.847054,36.918568,40.87768,79.46657,85.468475,68.07832,73.41498
aG_54Gu9ePArDNEocde5SJNO6j6uCeQkV7knx7MdUrk,a303d6c6db04c3236b0bf2ca45c2b6c1,179.5,1,113.33525,109.75376,3.5814896,96.01963,98.53448,2.5148468,106.29546,106.73583,0.44036865,58.80189,56.601048,2.2008438,40.523457,39.71913,0.8043251,26.663183,26.041647,0.62153625,51.437492,52.81336,1.3758659,31.844,29.262608,2.5813923,18.376932,17.9901,0.38683128,33.685757,33.195465,0.4902916,39.27156,38.986618,0.28494263,82.76791,83.05683,0.28892517,67.67543,70.663605,2.9881744,102.778694,116.72883,90.39171,106.677246,100.82204,112.64963,51.724598,61.477497,36.472843,42.96542,24.403105,27.68019,50.602352,55.024364,27.070276,31.454939,16.894464,19.085737,29.814436,36.576492,37.00706,40.966175,80.05588,86.057785,67.99528,73.33193
MjymGihCG7nyeic8DITCiZw4B1jxJ3mfz7RoNe_CpRA,91e8502e507d57022ce01f13f0c05771,162.85,0,108.89686,108.61844,0.2784195,96.89744,98.75037,1.8529282,107.74017,111.497185,3.7570114,55.870403,58.466587,2.5961838,36.412067,37.98406,1.571991,23.698698,23.265358,0.43334007,49.30148,46.183453,3.1180267,25.019716,26.129684,1.1099682,16.199749,16.374073,0.17432404,28.200813,32.266403,4.06559,35.204308,34.048405,1.1559029,76.001,73.69398,2.307022,61.174805,60.541874,0.63293076,101.64337,115.593506,90.6076,106.893135,105.58339,117.41098,53.590137,63.343037,34.73777,41.230347,21.626816,24.9039,43.972446,48.39446,23.937353,28.322016,15.278437,17.46971,28.885374,35.64743,32.068848,36.02796,70.69302,76.69493,57.873547,63.2102
MjymGihCG7nyeic8DITCiZw4B1jxJ3mfz7RoNe_CpRA,a9074f9c508be1a0bd074d7850339a0e,162.85,0,108.89686,103.98439,4.912468,96.89744,91.190056,5.707382,107.74017,104.07262,3.6675568,55.870403,55.62697,0.2434349,36.412067,37.611183,1.1991158,23.698698,23.303495,0.39520264,49.30148,46.004223,3.2972565,25.019716,26.47744,1.4577236,16.199749,16.457243,0.25749397,28.200813,31.550709,3.3498955,35.204308,34.607525,0.5967827,76.001,72.92372,3.0772781,61.174805,60.1755,0.9993057,97.00932,110.95946,83.04729,99.332825,98.15882,109.98641,50.75052,60.503418,34.364895,40.85747,21.664953,24.942038,43.793217,48.21523,24.285109,28.669771,15.361607,17.55288,28.16968,34.93174,32.627968,36.587082,69.92277,75.924675,57.50717,62.843826
MjymGihCG7nyeic8DITCiZw4B1jxJ3mfz7RoNe_CpRA,89e7b97467204eb0a9374071000e3fc5,162.85,0,108.89686,103.60782,5.2890396,96.89744,92.953995,3.9434433,107.74017,105.205215,2.534958,55.870403,54.845104,1.0252991,36.412067,35.903366,0.5087013,23.698698,22.645035,1.0536633,49.30148,47.236816,2.064663,25.019716,25.348818,0.32910156,16.199749,16.03405,0.165699,28.200813,30.220282,2.0194683,35.204308,33.77622,1.4280891,76.001,75.40565,0.5953522,61.174805,60.273197,0.9016075,96.63275,110.582886,84.811226,101.09676,99.29142,111.11901,49.968655,59.721554,32.657078,39.149654,21.006493,24.283577,45.02581,49.447823,23.156487,27.54115,14.938414,17.129686,26.839252,33.60131,31.796661,35.755775,72.40469,78.4066,57.60487,62.941525
MjymGihCG7nyeic8DITCiZw4B1jxJ3mfz7RoNe_CpRA,50fd773e5ca738d5e76b8882e939ad06,162.85,0,108.89686,103.28956,5.6073,96.89744,92.92455,3.9728851,107.74017,104.30479,3.4353867,55.870403,54.298267,1.5721359,36.412067,35.879395,0.5326729,23.698698,22.500751,1.1979465,49.30148,46.53248,2.769001,25.019716,25.220364,0.20064735,16.199749,15.875053,0.3246956,28.200813,30.004927,1.8041134,35.204308,33.677,1.5273094,76.001,74.19036,1.8106384,61.174805,59.945904,1.2289009,96.31449,110.264626,84.781784,101.06732,98.39099,110.21858,49.421818,59.174717,32.633106,39.125683,20.86221,24.139294,44.321472,48.743484,23.028032,27.412695,14.779417,16.97069,26.623898,33.385956,31.697441,35.656555,71.18941,77.191315,57.277576,62.61423
MjymGihCG7nyeic8DITCiZw4B1jxJ3mfz7RoNe_CpRA,5352dfa7072e03355d6aadd9ebf9951e,162.85,0,108.89686,105.55811,3.338745,96.89744,95.26338,1.6340561,107.74017,104.97796,2.7622147,55.870403,54.298267,1.5721359,36.412067,35.546917,0.86515045,23.698698,22.514536,1.1841621,49.30148,46.960114,2.3413658,25.019716,25.63615,0.6164341,16.199749,16.136497,0.063251495,28.200813,30.597292,2.3964787,35.204308,34.11008,1.0942268,76.001,74.765,1.2360001,61.174805,60.009407,1.1653976,98.583046,112.53318,87.12061,103.40615,99.06416,110.891754,49.421818,59.174717,32.30063,38.793205,20.875994,24.153078,44.749107,49.17112,23.443819,27.828482,15.040861,17.232134,27.216263,33.97832,32.130524,36.089638,71.764046,77.76595,57.34108,62.677734
MjymGihCG7nyeic8DITCiZw4B1jxJ3mfz7RoNe_CpRA,fd02ebaf7e89d9c3abc7b1cc183b9739,162.85,0,108.89686,103.65278,5.2440796,96.89744,92.909836,3.9876022,107.74017,105.94964,1.790535,55.870403,55.515034,0.35536957,36.412067,36.494865,0.082798004,23.698698,22.71304,0.98565865,49.30148,46.631527,2.6699524,25.019716,25.349495,0.32977867,16.199749,16.036253,0.16349602,28.200813,30.390625,2.1898117,35.204308,33.528168,1.6761398,76.001,74.5547,1.4462967,61.174805,59.83355,1.3412552,96.67771,110.627846,84.76707,101.052605,100.03584,111.863434,50.638584,60.391483,33.248577,39.741154,21.074497,24.351582,44.42052,48.842533,23.157164,27.541826,14.940617,17.13189,27.009596,33.771652,31.54861,35.507725,71.55375,77.55566,57.165222,62.501877
MjymGihCG7nyeic8DITCiZw4B1jxJ3mfz7RoNe_CpRA,ef6de55408c4d36845460a839f9fb146,162.85,0,108.89686,104.699585,4.1972733,96.89744,93.38251,3.5149307,107.74017,103.632225,4.1079483,55.870403,54.076237,1.7941666,36.412067,36.644096,0.23202896,23.698698,22.915218,0.7834797,49.30148,46.199177,3.1023026,25.019716,25.985342,0.96562576,16.199749,16.39482,0.19507027,28.200813,30.650557,2.4497433,35.204308,34.375565,0.828743,76.001,73.23672,2.7642822,61.174805,60.319607,0.8551979,97.72452,111.67465,85.23974,101.525276,97.71843,109.54602,49.199787,58.952686,33.397808,39.890385,21.276676,24.55376,43.98817,48.410183,23.79301,28.177673,15.299183,17.490456,27.269527,34.031586,32.396008,36.35512,70.23576,76.23767,57.65128,62.987934
MjymGihCG7nyeic8DITCiZw4B1jxJ3mfz7RoNe_CpRA,f81a7848f8a22ea414f692fab97774ba,162.85,0,108.89686,103.985794,4.911064,96.89744,92.662865,4.2345734,107.74017,104.193,3.5471725,55.870403,54.75949,1.1109123,36.412067,36.749252,0.3371849,23.698698,22.89592,0.80277824,49.30148,46.214897,3.0865822,25.019716,25.870747,0.85103035,16.199749,16.251429,0.05167961,28.200813,30.695007,2.494194,35.204308,34.162373,1.041935,76.001,73.442116,2.5588837,61.174805,60.143745,1.0310593,97.01073,110.96086,84.520096,100.80563,98.279205,110.1068,49.88304,59.63594,33.502964,39.99554,21.257378,24.534462,44.00389,48.425903,23.678415,28.063078,15.155792,17.347065,27.313978,34.076035,32.182816,36.14193,70.44116,76.44307,57.475418,62.812073
MjymGihCG7nyeic8DITCiZw4B1jxJ3mfz7RoNe_CpRA,807e70cf58e68ed0a7b2b95febaae797,162.85,0,108.89686,107.089676,1.8071823,96.89744,94.632065,2.2653732,107.74017,107.36723,0.37294006,55.870403,56.86622,0.9958153,36.412067,37.670334,1.2582664,23.698698,23.435371,0.26332664,49.30148,46.95068,2.3507996,25.019716,27.022438,2.0027218,16.199749,17.011892,0.8121433,28.200813,32.480267,4.2794533,35.204308,34.794567,0.40974045,76.001,74.596275,1.4047241,61.174805,60.468597,0.7062073,100.11461,114.06474,86.489296,102.77483,101.45344,113.28103,51.98977,61.74267,34.424046,40.916622,21.79683,25.073914,44.739674,49.161686,24.830107,29.21477,15.916256,18.107529,29.099237,35.861298,32.81501,36.774124,71.59532,77.59723,57.80027,63.136925
5a1c461fe7cb790004827640,c54ea949e669383a673922b6c84d7af6,172.5,1,103.20253,100.49551,2.7070236,89.39432,85.46646,3.9278564,106.909676,99.436554,7.4731216,60.019905,54.385216,5.6346893,41.745163,39.343353,2.4018097,27.355162,25.378132,1.9770298,50.33036,49.403584,0.9267769,30.894281,28.19306,2.7012215,18.570911,17.383127,1.1877842,36.322823,31.877472,4.4453506,38.72333,37.56804,1.1552925,75.44647,77.121605,1.6751328,70.352295,66.95955,3.392746,93.52044,107.47057,77.32369,93.60923,93.52276,105.35035,49.508766,59.261665,36.097065,42.58964,23.73959,27.016674,47.192577,51.61459,26.000729,30.385391,16.28749,18.478764,28.496443,35.2585,35.58848,39.547596,74.12065,80.12256,64.29122,69.62788
4loafOx5K1rLjyttpQw024OkgHFEIcG27Y2jCdudQJ8,f7ee7d3db556de65ce3fb6cee90e9255,170.5,1,105.37976,112.63705,7.257286,99.201706,103.59158,4.3898773,108.252144,106.792336,1.4598083,56.527733,55.661613,0.8661194,40.75679,39.249023,1.5077667,24.886665,25.08681,0.20014381,49.927525,49.13759,0.78993607,28.174374,28.944855,0.7704811,17.00185,17.740408,0.7385578,31.900204,33.41231,1.5121078,37.246033,38.42482,1.1787872,78.42345,76.46322,1.960228,67.18536,67.92556,0.7401962,105.66198,119.612114,95.448814,111.73435,100.87854,112.70613,50.785164,60.538063,36.002735,42.49531,23.448267,26.725351,46.926582,51.348595,26.752523,31.137186,16.644772,18.836044,30.031282,36.793343,36.445263,40.404377,73.462265,79.46417,65.25723,70.59389
4loafOx5K1rLjyttpQw024OkgHFEIcG27Y2jCdudQJ8,9c77149724498d2fdd7b903f64333466,170.5,1,105.37976,106.39836,1.0186005,99.201706,94.78908,4.412628,108.252144,101.67965,6.5724945,56.527733,53.71612,2.8116112,40.75679,38.20674,2.5500488,24.886665,24.714157,0.17250824,49.927525,49.016926,0.91059875,28.174374,28.149792,0.02458191,17.00185,17.256811,0.254961,31.900204,32.023693,0.12348938,37.246033,37.73564,0.48960876,78.42345,76.36419,2.0592575,67.18536,66.84597,0.33939362,99.423294,113.37343,86.64631,102.93185,95.765854,107.593445,48.839672,58.59257,34.960453,41.45303,23.075615,26.3527,46.80592,51.227932,25.95746,30.342123,16.161175,18.352448,28.642664,35.404724,35.756084,39.7152,73.363235,79.36514,64.17764,69.5143
Nd9tQGPzZWHmXztXwfqP_CNNVoQ5a-YgEhcOnNMObTQ,b38dc38bb2c4b7625182e44ba402207f,163.5,0,107.90236,101.55355,6.3488083,93.86033,91.158165,2.7021637,114.94191,104.59838,10.343529,54.789608,54.401875,0.38773346,36.08423,35.04124,1.0429878,23.532368,22.30041,1.2319584,49.011597,47.66131,1.3502884,24.37355,24.712633,0.33908272,15.522859,15.58864,0.06578159,31.339886,29.5021,1.8377857,35.261623,33.26537,1.996254,79.79933,76.441216,3.3581161,58.924484,59.967888,1.0434036,94.57848,108.52862,83.015396,99.300934,98.684586,110.51218,49.525425,59.278324,31.794952,38.28753,20.661867,23.938951,45.450302,49.872314,22.520302,26.904964,14.493004,16.684277,26.12107,32.88313,31.285812,35.244926,73.44026,79.44217,57.29956,62.636215
Nd9tQGPzZWHmXztXwfqP_CNNVoQ5a-YgEhcOnNMObTQ,22e59aae0b74a33de9e216fb67cb68ab,163.5,0,107.90236,99.511925,8.390434,93.86033,88.66641,5.1939163,114.94191,103.1189,11.823013,54.789608,53.750767,1.0388412,36.08423,34.76134,1.3228874,23.532368,22.123962,1.4084053,49.011597,47.40976,1.6018372,24.37355,24.297523,0.07602692,15.522859,15.399168,0.123690605,31.339886,28.8247,2.5151863,35.261623,32.86715,2.394474,79.79933,76.065865,3.733467,58.924484,59.45252,0.5280342,92.53686,106.48699,80.52364,96.80918,97.2051,109.03269,48.874317,58.627216,31.515053,38.00763,20.48542,23.762505,45.198753,49.620766,22.105192,26.489855,14.303532,16.494804,25.44367,32.205727,30.887592,34.846706,73.06491,79.06682,56.78419,62.120846
EZf8GCv7WZ5l8j5itthrmnOTBx1GAYks9lIEXm7yFd0,7507dfe054a530d608d19fbd222795dc,171.0,1,117.73627,109.38281,8.353455,109.5879,99.01859,10.569305,106.84943,103.91415,2.9352798,52.24202,54.41703,2.1750107,36.495567,38.48819,1.9926224,23.536867,24.823057,1.28619,50.619953,49.301685,1.3182678,26.788893,28.48918,1.7002869,16.86556,17.424986,0.55942535,31.486124,32.58571,1.0995846,38.90165,38.052074,0.84957504,77.659256,76.898476,0.76078033,67.60328,67.32959,0.27368927,102.407745,116.35788,90.875824,107.16136,98.00035,109.82794,49.54058,59.29348,35.2419,41.734478,23.184515,26.4616,47.09068,51.51269,26.296848,30.68151,16.32935,18.520622,29.20468,35.966736,36.072517,40.03163,73.89752,79.89943,64.66126,69.99792
EZf8GCv7WZ5l8j5itthrmnOTBx1GAYks9lIEXm7yFd0,712eb07c69189cecd462d4a92d6c978e,171.0,1,117.73627,112.76632,4.969948,109.5879,104.69067,4.897232,106.84943,107.096985,0.2475586,52.24202,55.709583,3.4675636,36.495567,39.422222,2.9266548,23.536867,25.052347,1.51548,50.619953,48.807037,1.8129158,26.788893,28.686594,1.8977013,16.86556,17.462074,0.59651375,31.486124,33.101963,1.615839,38.90165,38.26392,0.63772964,77.659256,76.03408,1.6251755,67.60328,68.03303,0.42974854,105.79125,119.74139,96.5479,112.833435,101.18319,113.01078,50.833134,60.586033,36.175934,42.66851,23.413805,26.69089,46.59603,51.018044,26.494263,30.878925,16.366438,18.55771,29.720934,36.482994,36.284363,40.243477,73.03313,79.035034,65.3647,70.701355
Z06eP0fGE6r4C4mNVvfMny0ZwN8WwHX5W10iRv6cmU8,21b1949c62d5c7a98373e0639a85f44a,185.0,1,108.99378,105.442894,3.550888,91.74271,92.28342,0.54071045,105.22313,104.248276,0.9748535,57.934704,54.735504,3.1991997,40.494247,38.325817,2.1684303,26.366327,25.976398,0.38992882,56.24334,54.710987,1.5323524,31.680984,28.431038,3.2499466,19.906103,18.034899,1.8712044,35.095367,31.716328,3.3790398,40.753407,38.603146,2.150261,85.574554,86.294334,0.71977997,73.08472,71.284,1.8007202,98.46783,112.41796,84.14065,100.426186,98.33448,110.16207,49.859055,59.611954,35.07953,41.572105,24.337856,27.61494,52.49998,56.921993,26.238707,30.62337,16.939262,19.130535,28.335299,35.09736,36.62359,40.582703,83.29338,89.29529,68.61567,73.952324
6QUZA0v5ZRqi_OjovOS4Qi0KJvsOSqlt1I1U6Dy4gAM,5b9a7b5fd5f1a19182e6230338d906bb,174.0,1,108.77547,110.4507,1.6752319,99.044395,100.34666,1.3022614,109.20675,106.22235,2.984398,54.753773,56.293232,1.5394592,38.30161,40.002125,1.7005157,25.207033,25.588583,0.38154984,48.764675,49.94078,1.1761055,28.508247,29.115225,0.60697746,17.853819,17.744814,0.109004974,31.254892,33.308865,2.0539722,39.218822,38.605827,0.61299515,76.21255,77.94962,1.7370758,70.34991,69.06621,1.283699,103.47563,117.425766,92.20389,108.489426,100.308556,112.13615,51.416782,61.16968,36.755836,43.248413,23.95004,27.227125,47.729774,52.151787,26.922894,31.307556,16.649178,18.84045,29.927835,36.689896,36.62627,40.585384,74.94867,80.95058,66.39788,71.734535
6QUZA0v5ZRqi_OjovOS4Qi0KJvsOSqlt1I1U6Dy4gAM,1c45c070698c8d2675750bb1be3eebad,174.0,1,108.77547,110.06851,1.293045,99.044395,99.18215,0.13775635,109.20675,104.668396,4.538353,54.753773,55.223213,0.46944046,38.30161,39.32789,1.0262794,25.207033,25.465437,0.25840378,48.764675,50.508533,1.7438583,28.508247,29.176071,0.6678238,17.853819,17.879208,0.025388718,31.254892,33.1696,1.9147091,39.218822,38.76941,0.4494133,76.21255,78.79354,2.5809937,70.34991,68.905,1.4449081,103.093445,117.04358,91.03938,107.32492,98.7546,110.58219,50.346764,60.099663,36.0816,42.574177,23.826895,27.10398,48.297527,52.71954,26.98374,31.368402,16.783571,18.974844,29.788572,36.55063,36.789852,40.748966,75.79259,81.794495,66.23667,71.573326
EU_UtqmsPy2xW35iJcsFplr9CMI5BDH-Is0qi5fVYlQ,47b90ce3589e7cdcf641fee0ba69d0f2,177.0,1,113.53131,109.06807,4.4632416,100.04561,98.122314,1.9232941,108.86702,105.74572,3.1212997,59.505375,56.05471,3.4506645,41.6667,39.83666,1.83004,26.455986,25.84682,0.6091652,50.631195,51.599632,0.9684372,28.664078,29.127394,0.46331596,18.03432,18.022415,0.01190567,32.294445,32.94679,0.65234375,37.755634,38.70773,0.95209503,79.78475,80.79742,1.0126648,67.81419,69.94551,2.1313171,102.093,116.04314,89.979546,106.26508,99.831924,111.659515,51.17826,60.93116,36.59037,43.082947,24.208279,27.485363,49.388626,53.81064,26.935062,31.319725,16.926779,19.118052,29.56576,36.32782,36.728172,40.687286,77.79646,83.79837,67.27718,72.61384
EU_UtqmsPy2xW35iJcsFplr9CMI5BDH-Is0qi5fVYlQ,3cbd1a8f01e1bafe51b37e03041d8f0f,177.0,1,113.53131,107.51402,6.017288,100.04561,95.70825,4.3373566,108.86702,104.12237,4.744652,59.505375,55.53769,3.9676857,41.6667,39.972744,1.6939545,26.455986,25.898285,0.5577011,50.631195,51.214447,0.58325195,28.664078,29.013813,0.34973526,18.03432,17.908583,0.12573814,32.294445,32.69811,0.40366364,37.755634,38.65678,0.90114594,79.78475,80.082184,0.29743195,67.81419,69.767204,1.9530106,100.538956,114.48909,87.56548,103.85102,98.20857,110.03616,50.66124,60.41414,36.726456,43.219032,24.259743,27.536827,49.00344,53.425453,26.821482,31.206144,16.812946,19.00422,29.31708,36.07914,36.677223,40.636337,77.08123,83.08314,67.09888,72.43553
EU_UtqmsPy2xW35iJcsFplr9CMI5BDH-Is0qi5fVYlQ,adc989809e871832aed54c4838daafcb,177.0,1,113.53131,109.60201,3.9292984,100.04561,99.62702,0.41858673,108.86702,106.95695,1.9100723,59.505375,56.43448,3.0708961,41.6667,39.73769,1.9290085,26.455986,25.731945,0.724041,50.631195,51.645226,1.0140305,28.664078,28.846148,0.18206978,18.03432,17.808706,0.22561455,32.294445,32.79161,0.49716568,37.755634,38.47845,0.72281647,79.78475,81.07862,1.293869,67.81419,70.06275,2.248558,102.626945,116.57708,91.48425,107.76979,101.04315,112.87074,51.55803,61.31093,36.4914,42.98398,24.093403,27.370487,49.43422,53.85623,26.653816,31.038479,16.71307,18.904343,29.410582,36.172638,36.498894,40.458008,78.07767,84.079575,67.394424,72.73108
EU_UtqmsPy2xW35iJcsFplr9CMI5BDH-Is0qi5fVYlQ,7d83f7ea44e2d9b1becc990f19febc67,177.0,1,113.53131,110.09661,3.4347,100.04561,98.966255,1.0793533,108.86702,107.77261,1.0944061,59.505375,58.064163,1.4412117,41.6667,41.389256,0.27744293,26.455986,26.353188,0.10279846,50.631195,50.95032,0.31912613,28.664078,29.685831,1.0217533,18.03432,18.116417,0.0820961,32.294445,33.937523,1.6430779,37.755634,39.00807,1.2524376,79.78475,79.73251,0.052238464,67.81419,70.37051,2.5563126,103.121544,117.07168,90.82349,107.109024,101.85882,113.68641,53.187714,62.940613,38.142967,44.635544,24.714645,27.99173,48.739315,53.161327,27.4935,31.878162,17.02078,19.212053,30.556494,37.31855,37.028515,40.98763,76.73156,82.73347,67.70218,73.03883
EU_UtqmsPy2xW35iJcsFplr9CMI5BDH-Is0qi5fVYlQ,782f46ad3c542becf1d16253d3133f88,177.0,1,113.53131,110.09661,3.4347,100.04561,98.966255,1.0793533,108.86702,107.77261,1.0944061,59.505375,58.064163,1.4412117,41.6667,41.389256,0.27744293,26.455986,26.353188,0.10279846,50.631195,50.95032,0.31912613,28.664078,29.685831,1.0217533,18.03432,18.116417,0.0820961,32.294445,33.937523,1.6430779,37.755634,39.00807,1.2524376,79.78475,79.73251,0.052238464,67.81419,70.37051,2.5563126,103.121544,117.07168,90.82349,107.109024,101.85882,113.68641,53.187714,62.940613,38.142967,44.635544,24.714645,27.99173,48.739315,53.161327,27.4935,31.878162,17.02078,19.212053,30.556494,37.31855,37.028515,40.98763,76.73156,82.73347,67.70218,73.03883
EU_UtqmsPy2xW35iJcsFplr9CMI5BDH-Is0qi5fVYlQ,f1b3d9f48290dcc0dde33c80f42bfca3,177.0,1,113.53131,110.25398,3.2773285,100.04561,99.39804,0.64756775,108.86702,106.2592,2.6078186,59.505375,56.65968,2.8456955,41.6667,40.600586,1.0661125,26.455986,26.180416,0.27556992,50.631195,51.329216,0.69802094,28.664078,29.537094,0.87301636,18.03432,18.031227,0.0030937195,32.294445,33.466026,1.1715813,37.755634,39.182377,1.4267426,79.78475,80.24113,0.45637512,67.81419,70.52194,2.7077484,103.278915,117.22905,91.25527,107.54081,100.345406,112.173,51.78323,61.53613,37.354298,43.846874,24.541874,27.818958,49.11821,53.540222,27.344763,31.729425,16.93559,19.126863,30.084997,36.847054,37.20282,41.161934,77.24017,83.24208,67.853615,73.19027
EU_UtqmsPy2xW35iJcsFplr9CMI5BDH-Is0qi5fVYlQ,0f132c8ceb37c7c7c5b2baec9e638b30,177.0,1,113.53131,106.78899,6.742325,100.04561,93.49863,6.546982,108.86702,103.90186,4.9651566,59.505375,56.15998,3.3453941,41.6667,40.282024,1.3846741,26.455986,26.123438,0.33254814,50.631195,51.43298,0.8017845,28.664078,29.268017,0.60393906,18.03432,17.951912,0.082408905,32.294445,33.133793,0.83934784,37.755634,38.785496,1.0298615,79.78475,80.57735,0.7925949,67.81419,69.5254,1.7112045,99.81392,113.76405,85.35586,101.641396,97.98807,109.81566,51.28353,61.03643,37.035736,43.528313,24.484896,27.76198,49.221973,53.643986,27.075686,31.460348,16.856276,19.047548,29.752764,36.514824,36.80594,40.765053,77.57639,83.5783,66.85707,72.193726
EU_UtqmsPy2xW35iJcsFplr9CMI5BDH-Is0qi5fVYlQ,87e311073612bfd7ec773ced9ff6640e,177.0,1,113.53131,110.95092,2.580391,100.04561,100.31395,0.26834106,108.86702,107.68171,1.1853104,59.505375,57.643085,1.8622894,41.6667,41.160385,0.5063133,26.455986,26.298048,0.157938,50.631195,51.201084,0.56988907,28.664078,29.664196,1.0001183,18.03432,18.14873,0.11440849,32.294445,33.80025,1.505806,37.755634,39.07243,1.3167953,79.78475,80.17144,0.38668823,67.81419,70.4047,2.5905075,103.97585,117.92599,92.17118,108.45672,101.767914,113.595505,52.766636,62.519535,37.914097,44.406673,24.659506,27.93659,48.990078,53.41209,27.471865,31.856527,17.053093,19.244366,30.419222,37.181282,37.092873,41.051987,77.17049,83.17239,67.736374,73.07303
EU_UtqmsPy2xW35iJcsFplr9CMI5BDH-Is0qi5fVYlQ,004c72a4efa6341764e10e6f599d4212,177.0,1,113.53131,110.16968,3.3616333,100.04561,99.646645,0.39896393,108.86702,106.357475,2.5095444,59.505375,56.526424,2.9789505,41.6667,40.229446,1.437252,26.455986,25.908394,0.54759216,50.631195,51.17121,0.5400162,28.664078,29.239622,0.57554436,18.03432,17.910053,0.12426758,32.294445,33.241222,0.94677734,37.755634,38.82036,1.064724,79.78475,80.082184,0.29743195,67.81419,70.02856,2.214363,103.19461,117.144745,91.503876,107.78941,100.44368,112.27127,51.649975,61.402874,36.98316,43.475735,24.269852,27.546936,48.960205,53.382217,27.04729,31.431953,16.814417,19.00569,29.860193,36.622253,36.8408,40.799915,77.08123,83.08314,67.36023,72.696884
EU_UtqmsPy2xW35iJcsFplr9CMI5BDH-Is0qi5fVYlQ,8c2263ef68ec58e7f2af2f4c29a47170,177.0,1,113.53131,108.657776,4.873535,100.04561,98.141945,1.9036636,108.86702,105.49267,3.3743515,59.505375,55.786873,3.718502,41.6667,39.575317,2.091381,26.455986,25.661182,0.7948036,50.631195,51.28048,0.64928436,28.664078,28.739328,0.075250626,18.03432,17.669172,0.36514854,32.294445,32.56979,0.27534485,37.755634,38.452976,0.6973419,79.78475,80.37195,0.58719635,67.81419,69.82583,2.0116348,101.68271,115.63284,89.999176,106.28471,99.57887,111.40646,50.910423,60.663322,36.32903,42.821606,24.02264,27.299725,49.069473,53.491486,26.546997,30.93166,16.573536,18.764809,29.18876,35.95082,36.47342,40.432533,77.370995,83.3729,67.1575,72.494156
EU_UtqmsPy2xW35iJcsFplr9CMI5BDH-Is0qi5fVYlQ,d6ead42f0e0cb3404c5f79856274856c,177.0,1,113.53131,105.68457,7.8467407,100.04561,93.06521,6.9804,108.86702,102.89454,5.972481,59.505375,55.038654,4.4667206,41.6667,39.37892,2.287777,26.455986,25.67405,0.78193665,50.631195,51.219162,0.5879669,28.664078,28.612226,0.051851273,18.03432,17.58178,0.45254135,32.294445,32.277348,0.017097473,37.755634,38.34571,0.59007645,79.78475,80.235016,0.45026398,67.81419,69.2323,1.4181061,98.7095,112.65964,84.92244,101.20798,96.98074,108.808334,50.162205,59.915104,36.132633,42.62521,24.035507,27.312592,49.008156,53.43017,26.419895,30.804558,16.486143,18.677416,28.896318,35.65838,36.366154,40.325268,77.23406,83.23597,66.56397,71.90063
EU_UtqmsPy2xW35iJcsFplr9CMI5BDH-Is0qi5fVYlQ,48d5cd0844847057b0220e03e0b00ec0,177.0,1,113.53131,108.38238,5.1489334,100.04561,97.19987,2.8457413,108.86702,105.981575,2.8854446,59.505375,56.718307,2.7870674,41.6667,40.34543,1.32127,26.455986,25.935963,0.52002335,50.631195,51.055656,0.42446136,28.664078,29.047617,0.3835392,18.03432,17.771986,0.26233482,32.294445,33.056206,0.7617607,37.755634,38.580353,0.8247185,79.78475,80.02228,0.23752594,67.81419,69.789185,1.9749908,101.40731,115.357445,89.0571,105.342636,100.06778,111.89537,51.841858,61.594757,37.09914,43.591717,24.29742,27.574505,48.84465,53.266663,26.855286,31.239948,16.67635,18.867622,29.675177,36.437233,36.600796,40.55991,77.021324,83.02323,67.12086,72.45751
EU_UtqmsPy2xW35iJcsFplr9CMI5BDH-Is0qi5fVYlQ,d7ad523cfaac9322867a4d99fb16e383,177.0,1,113.53131,112.822525,0.708786,100.04561,103.7486,3.7029877,108.86702,109.59559,0.72856903,59.505375,58.138786,1.3665886,41.6667,41.441833,0.22486496,26.455986,26.349512,0.10647392,50.631195,51.01085,0.37965393,28.664078,29.731804,1.0677261,18.03432,18.247139,0.21281815,32.294445,34.001183,1.7067375,37.755634,39.179695,1.4240608,79.78475,79.82421,0.03945923,67.81419,70.94694,3.1327438,105.84746,119.79759,95.60583,111.891365,103.68179,115.509384,53.262337,63.015236,38.195545,44.68812,24.71097,27.988054,48.799843,53.221855,27.539473,31.924135,17.151503,19.342775,30.620153,37.38221,37.200138,41.159252,76.82326,82.825165,68.27861,73.615265
EU_UtqmsPy2xW35iJcsFplr9CMI5BDH-Is0qi5fVYlQ,527fdbf4dadcdb0975742f760c217aac,177.0,1,113.53131,114.71099,1.1796799,100.04561,106.06453,6.018921,108.86702,111.06478,2.1977615,59.505375,58.666466,0.83890915,41.6667,41.339767,0.326931,26.455986,26.303562,0.15242386,50.631195,51.168068,0.53687286,28.664078,29.996824,1.3327465,18.03432,18.396954,0.36263275,32.294445,34.542305,2.24786,37.755634,39.35668,1.6010475,79.78475,80.07485,0.2901001,67.81419,70.99578,3.1815872,107.73592,121.68606,97.92176,114.2073,105.150986,116.97858,53.790016,63.542915,38.09348,44.586056,24.66502,27.942104,48.95706,53.379074,27.804493,32.189156,17.301317,19.49259,31.161276,37.923332,37.377125,41.33624,77.0739,83.075806,68.32745,73.66411
0Up4gP44WpK3WbvwdreR2zu-Y9s2ELCBmK14pX_Xy6Y,ec5282026e08908a10d3ef35ea9ff988,175.5,1,113.47997,110.00106,3.4789124,96.87876,100.398994,3.5202332,103.95304,105.59094,1.6379013,56.374454,54.87009,1.504364,38.442608,38.37994,0.06266785,24.163736,25.092323,0.92858696,51.407295,51.23803,0.16926575,27.64499,28.364782,0.7197914,15.076399,17.523762,2.447363,34.128864,32.28431,1.8445549,38.979492,38.17677,0.80272293,81.64118,80.342606,1.2985764,67.92596,68.96362,1.0376663,103.02599,116.97613,92.256226,108.54176,99.67715,111.50474,49.99364,59.74654,35.13365,41.62623,23.453781,26.730865,49.027023,53.449036,26.172451,30.557114,16.428125,18.619398,28.90328,35.665337,36.197212,40.156326,77.34165,83.34356,66.295296,71.63195
0Up4gP44WpK3WbvwdreR2zu-Y9s2ELCBmK14pX_Xy6Y,adf85ccbe7fe09db05a251d3f2a4f97a,175.5,1,113.47997,108.25873,5.221245,96.87876,97.73633,0.85756683,103.95304,104.406746,0.45370483,56.374454,54.258877,2.1155777,38.442608,37.7146,0.7280083,24.163736,24.935635,0.77189827,51.407295,51.673523,0.26622772,27.64499,28.095705,0.4507141,15.076399,17.445549,2.3691502,34.128864,31.884436,2.2444286,38.979492,37.995758,0.98373413,81.64118,81.04928,0.5919037,67.92596,68.79021,0.8642502,101.28366,115.233795,89.59356,105.8791,98.49295,110.32054,49.382427,59.135326,34.46831,40.960888,23.297092,26.574177,49.462517,53.88453,25.903374,30.288036,16.349913,18.541185,28.503407,35.265465,36.0162,39.975315,78.048325,84.05023,66.12188,71.458534
csaAIT3E5P3uy8GXAdLV3OsjNls_Y-_K2rYyutGUcFg,56bbcd20967558b6b5bd752d32fdc948,191.5,1,113.4382,111.41179,2.026413,97.90482,100.34666,2.4418335,109.59746,110.47022,0.8727646,59.070885,58.690453,0.38043213,45.492134,41.148014,4.34412,28.399317,27.10309,1.2962265,53.64568,55.276974,1.6312943,30.312405,30.104996,0.2074089,18.730772,18.815557,0.08478546,34.799862,33.909668,0.89019394,37.863297,39.791107,1.9278107,88.642914,87.41915,1.2237625,73.23259,73.531105,0.29851532,104.43672,118.386856,92.20389,108.489426,104.55643,116.38402,53.814003,63.566902,37.901726,44.394302,25.464548,28.741632,53.065968,57.48798,27.912664,32.297325,17.719921,19.911194,30.528639,37.290695,37.81155,41.770664,84.4182,90.420105,70.86278,76.19943
csaAIT3E5P3uy8GXAdLV3OsjNls_Y-_K2rYyutGUcFg,5cdecba461d96cece1ac877ffc461908,191.5,1,113.4382,113.95785,0.5196457,97.90482,104.41589,6.5110703,109.59746,114.42082,4.8233643,59.070885,60.433403,1.3625183,45.492134,41.435646,4.056488,28.399317,27.068169,1.3311481,53.64568,55.50966,1.8639793,30.312405,30.178013,0.13439178,18.730772,18.918371,0.18759918,34.799862,34.470688,0.32917404,37.863297,39.563168,1.6998711,88.642914,88.07448,0.56843567,73.23259,73.44806,0.21546936,106.98278,120.932915,96.273125,112.55866,108.50703,120.33462,55.556953,65.30985,38.189358,44.681934,25.429626,28.70671,53.298653,57.720665,27.985682,32.370346,17.822735,20.014008,31.089659,37.851715,37.58361,41.542725,85.073524,91.07543,70.77973,76.11639
csaAIT3E5P3uy8GXAdLV3OsjNls_Y-_K2rYyutGUcFg,44af218fe025edec7b6d2bd45fd1ccd4,191.5,1,113.4382,107.7276,5.710602,97.90482,94.883934,3.0208893,109.59746,108.68165,0.91580963,59.070885,58.250717,0.82016754,45.492134,40.67172,4.8204155,28.399317,26.860474,1.5388432,53.64568,54.997124,1.3514442,30.312405,29.426218,0.8861866,18.730772,18.396954,0.33381844,34.799862,33.241222,1.5586395,37.863297,39.06439,1.2010918,88.642914,87.213745,1.4291687,73.23259,72.32939,0.90319824,100.75253,114.70267,86.741165,103.0267,102.76785,114.59544,53.374268,63.127167,37.42543,43.918007,25.221931,28.499016,52.786118,57.20813,27.233887,31.61855,17.301317,19.49259,29.860193,36.622253,37.08483,41.043945,84.21279,90.2147,69.661064,74.99772
csaAIT3E5P3uy8GXAdLV3OsjNls_Y-_K2rYyutGUcFg,0d4d63e31b84b6dba7cb4df0d9c40ef5,191.5,1,113.4382,112.805664,0.63253784,97.90482,102.85886,4.954033,109.59746,112.475006,2.8775482,59.070885,59.244785,0.1739006,45.492134,40.92533,4.566803,28.399317,26.97443,1.4248867,53.64568,55.695175,2.0494957,30.312405,30.026571,0.28583336,18.730772,18.862558,0.13178635,34.799862,33.989246,0.81061554,37.863297,39.624847,1.7615509,88.642914,88.265205,0.37770844,73.23259,73.61903,0.3864441,105.8306,119.78073,94.71609,111.001625,106.56121,118.3888,54.368336,64.12123,37.679043,44.17162,25.335888,28.612972,53.48417,57.90618,27.83424,32.218903,17.766922,19.958195,30.608217,37.370277,37.64529,41.604404,85.26425,91.26616,70.95071,76.28736
x1f2s_UJaYPGwtUbwUWwA_KRu6TkqUbomKd-l04lF2M,abedb039b5b2e1b811a87181cbbb7bc9,162.5,0,98.377846,98.49884,0.12099457,83.66989,86.15012,2.4802322,105.01278,106.227264,1.2144852,63.508842,57.906925,5.6019173,39.300037,38.53458,0.76545715,23.495367,23.377934,0.11743355,45.05007,46.00737,0.9572983,27.955256,25.341381,2.6138744,15.717702,15.75902,0.04131794,34.399117,30.685371,3.713745,33.738125,33.241234,0.49689102,73.014244,73.657295,0.64305115,60.07724,60.170612,0.093372345,91.52377,105.47391,78.007355,94.29289,100.31347,112.14106,53.030476,62.783375,35.288292,41.78087,21.739391,25.016476,43.796364,48.218376,23.14905,27.533712,14.6633835,16.854656,27.304342,34.0664,31.261677,35.22079,70.65634,76.65825,57.502285,62.83894
x1f2s_UJaYPGwtUbwUWwA_KRu6TkqUbomKd-l04lF2M,e1c38d05ced3179b7fc05c43de47006c,162.5,0,98.377846,98.21501,0.16283417,83.66989,86.47396,2.8040695,105.01278,104.29373,0.71904755,63.508842,56.10401,7.404831,39.300037,37.210373,2.0896645,23.495367,22.810453,0.68491364,45.05007,45.85015,0.80007935,27.955256,24.884356,3.0709,15.717702,15.520342,0.19736004,34.399117,29.89302,4.506096,33.738125,32.955643,0.78248215,73.014244,73.3981,0.38385773,60.07724,59.43298,0.6442604,91.239944,105.19008,78.33119,94.61673,98.37994,110.20753,51.227562,60.98046,33.964085,40.45666,21.171911,24.448996,43.639145,48.061157,22.692024,27.076687,14.4247055,16.615978,26.511992,33.274048,30.976086,34.9352,70.39715,76.399055,56.764652,62.101307
x1f2s_UJaYPGwtUbwUWwA_KRu6TkqUbomKd-l04lF2M,b062e18dd39c0d71998958e8755b37ba,162.5,0,98.377846,96.9476,1.4302444,83.66989,84.63234,0.9624481,105.01278,103.87668,1.1361008,63.508842,56.31855,7.1902924,39.300037,37.71634,1.5836983,23.495367,23.041122,0.4542446,45.05007,45.894173,0.84410095,27.955256,24.928976,3.0262794,15.717702,15.582766,0.13493633,34.399117,29.823391,4.5757256,33.738125,32.990505,0.7476196,73.014244,73.40788,0.3936386,60.07724,59.71631,0.3609314,89.972534,103.92267,76.48957,92.77511,97.96288,109.790474,51.4421,61.195,34.47005,40.962627,21.40258,24.679665,43.683167,48.10518,22.736645,27.121307,14.487129,16.678402,26.442362,33.204422,31.010948,34.970062,70.40693,76.40884,57.04798,62.384636
x1f2s_UJaYPGwtUbwUWwA_KRu6TkqUbomKd-l04lF2M,76d7ca877b2660c959fc8951bf4211f3,162.5,0,98.377846,96.601944,1.7759018,83.66989,83.55288,0.117012024,105.01278,102.12679,2.8859863,63.508842,55.17191,8.336933,39.300037,36.965363,2.3346748,23.495367,22.848133,0.64723396,45.05007,46.167732,1.1176605,27.955256,25.00064,2.9546146,15.717702,15.683377,0.034324646,34.399117,29.651804,4.7473125,33.738125,33.076317,0.661808,73.014244,73.782005,0.76776123,60.07724,59.281544,0.79569626,89.62688,103.57701,75.41011,91.69565,96.213,108.04059,50.29546,60.04836,33.719074,40.21165,21.20959,24.486675,43.956726,48.37874,22.80831,27.192972,14.587741,16.779015,26.270775,33.032833,31.09676,35.055874,70.78105,76.78296,56.613216,61.94987
x1f2s_UJaYPGwtUbwUWwA_KRu6TkqUbomKd-l04lF2M,7960a910e7bdbe305e18e41f5552451f,162.5,0,98.377846,99.30397,0.9261246,83.66989,87.22631,3.5564194,105.01278,104.591,0.42177582,63.508842,56.489113,7.0197296,39.300037,37.809704,1.4903336,23.495367,23.10729,0.38807678,45.05007,45.847004,0.7969322,27.955256,25.328537,2.6267185,15.717702,15.753144,0.035442352,34.399117,30.35146,4.047657,33.738125,33.365932,0.37219238,73.014244,73.19759,0.18334961,60.07724,59.916595,0.16064453,92.3289,106.27904,79.08354,95.36908,98.67721,110.5048,51.612663,61.365562,34.563416,41.055992,21.468748,24.745832,43.635998,48.05801,23.136206,27.520868,14.657508,16.848782,26.97043,33.73249,31.386375,35.34549,70.19664,76.19855,57.24827,62.584923
x1f2s_UJaYPGwtUbwUWwA_KRu6TkqUbomKd-l04lF2M,4b54419875b02f268f668d8212ecccd1,162.5,0,98.377846,99.644005,1.266159,83.66989,87.00878,3.33889,105.01278,104.52099,0.49179077,63.508842,56.952835,6.5560074,39.300037,38.73407,0.56596756,23.495367,23.57506,0.07969284,45.05007,45.780975,0.7309036,27.955256,25.785563,2.169693,15.717702,15.956203,0.23850155,34.399117,30.793236,3.6058807,33.738125,33.871418,0.13329315,73.014244,72.8846,0.1296463,60.07724,60.666443,0.5892029,92.66894,106.61907,78.86601,95.15155,98.60719,110.434784,52.076385,61.829285,35.48778,41.98036,21.936518,25.213602,43.56997,47.99198,23.593231,27.977894,14.860567,17.05184,27.412207,34.174263,31.891861,35.850975,69.883644,75.88555,57.998116,63.33477
m6bnnhstozF5e3qocMoIjdCFW_yH6vh1K68T40-77SE,b667b16dd8d5372432841f78fe2fa42c,176.0,1,111.1262,111.035225,0.0909729,107.45433,102.38782,5.066513,110.93001,107.72102,3.2089844,52.804058,55.399105,2.595047,37.283745,37.772587,0.488842,24.05735,24.873602,0.81625175,50.86245,52.07286,1.2104111,27.28543,28.191708,0.9062767,16.926672,17.552404,0.6257324,32.2885,32.303207,0.014705658,37.45807,37.9676,0.5095329,78.36721,82.06406,3.696846,71.005005,68.86836,2.1366425,104.06016,118.01029,94.24505,110.53059,101.80723,113.63482,50.522655,60.275555,34.5263,41.018875,23.23506,26.512144,49.861855,54.283867,25.999376,30.384039,16.456768,18.64804,28.922178,35.684235,35.988045,39.94716,79.0631,85.06501,66.200035,71.53669
m6bnnhstozF5e3qocMoIjdCFW_yH6vh1K68T40-77SE,551d3bfce81753ec2dd0844f2a07d11f,176.0,1,111.1262,113.210335,2.084137,107.45433,105.03086,2.4234695,110.93001,109.084564,1.8454437,52.804058,56.25059,3.4465332,37.283745,38.6552,1.3714561,24.05735,25.236607,1.1792564,50.86245,51.816593,0.9541435,27.28543,28.877247,1.591816,16.926672,17.913725,0.9870529,32.2885,33.18353,0.89502716,37.45807,38.54147,1.0834007,78.36721,81.41851,3.0513,71.005005,69.55959,1.4454117,106.23527,120.1854,96.88809,113.17363,103.17077,114.99836,51.37414,61.12704,35.408913,41.90149,23.598064,26.875149,49.605587,54.0276,26.684916,31.069578,16.818089,19.009361,29.8025,36.56456,36.561913,40.521027,78.41756,84.419464,66.891266,72.22792
xoNAmboD80UChuSRkEHzXPFIkh5Fcg2iclcsYL3C01o,a43e125f57adad6932cf28880e82f0a9,180.2,1,109.29368,107.609566,1.6841125,100.86797,96.18583,4.682144,108.43836,105.65236,2.786003,58.217262,55.937447,2.2798157,39.70045,39.266033,0.43441772,26.244215,25.803627,0.440588,53.233322,52.627842,0.6054802,28.46616,28.714989,0.24882889,19.149857,17.805769,1.3440876,30.278152,32.437496,2.1593437,38.38764,38.467724,0.08008194,82.22414,82.79274,0.5686035,72.35327,70.390045,1.9632263,100.6345,114.58463,88.04306,104.3286,99.73856,111.566154,51.060997,60.813896,36.019745,42.51232,24.165085,27.44217,50.416836,54.83885,26.522657,30.90732,16.710133,18.901405,29.056467,35.818527,36.488167,40.44728,79.79179,85.79369,67.72172,73.05837
xoNAmboD80UChuSRkEHzXPFIkh5Fcg2iclcsYL3C01o,454855f068012338c46f1e495d3d5061,180.2,1,109.29368,107.10092,2.1927567,100.86797,94.6615,6.2064743,108.43836,105.858734,2.579628,58.217262,56.22927,1.9879913,39.70045,39.286137,0.41431427,26.244215,25.943316,0.3008995,53.233322,53.110504,0.12281799,28.46616,28.934036,0.46787643,19.149857,18.064274,1.0855827,30.278152,32.77371,2.4955559,38.38764,38.564262,0.17662048,82.22414,83.6339,1.4097672,72.35327,70.24838,2.104889,100.125854,114.07599,86.51873,102.80427,99.94494,111.77253,51.35282,61.10572,36.03985,42.532425,24.304773,27.581858,50.899498,55.32151,26.741705,31.126368,16.968637,19.15991,29.39268,36.15474,36.584705,40.54382,80.63295,86.63486,67.580055,72.91671
vk6NsCmopCC5j-Vi3Nb78pAEVsYNk6O2NkFueyEZyDs,50d048396b97dca6f1f9e0e5cfc4c579,164.75,1,112.12932,112.28296,0.15364075,108.04296,101.55696,6.486,103.68486,105.07009,1.385231,51.510635,54.86376,3.3531265,36.435722,38.49824,2.062519,24.065065,24.50968,0.4446144,49.3121,47.44749,1.8646088,25.729818,29.016518,3.2866993,17.626663,17.872599,0.24593544,30.439259,33.786324,3.347065,38.149857,38.007828,0.14202881,75.393684,73.63773,1.7559509,66.37235,65.13302,1.2393341,105.30789,119.258026,93.41419,109.69973,99.156296,110.98389,49.987312,59.74021,35.251953,41.74453,22.871138,26.148222,45.236485,49.658497,26.824186,31.208849,16.776962,18.968235,30.405294,37.16735,36.02827,39.987385,70.63678,76.63869,62.46469,67.801346
vk6NsCmopCC5j-Vi3Nb78pAEVsYNk6O2NkFueyEZyDs,58ec2bed76356e9f82aa837cc500eb34,164.75,1,112.12932,111.1926,0.9367218,108.04296,101.69435,6.34861,103.68486,103.51921,0.16564941,51.510635,52.890617,1.379982,36.435722,36.894615,0.45889282,24.065065,23.814228,0.25083733,49.3121,47.80595,1.5061493,25.729818,28.034859,2.3050404,17.626663,17.440777,0.18588638,30.439259,32.42655,1.9872932,38.149857,37.37094,0.7789154,75.393684,74.42755,0.9661331,66.37235,64.68237,1.6899796,104.21753,118.16766,93.55158,109.83712,97.605415,109.43301,48.014168,57.767067,33.648327,40.140903,22.175686,25.45277,45.594944,50.016956,25.842527,30.22719,16.34514,18.536413,29.045523,35.80758,35.391384,39.3505,71.4266,77.428505,62.014046,67.3507
vk6NsCmopCC5j-Vi3Nb78pAEVsYNk6O2NkFueyEZyDs,720d44f3b379fa26cd36d6f517f2f62b,164.75,1,112.12932,111.467995,0.66132355,108.04296,101.62893,6.414032,103.68486,103.75998,0.07511902,51.510635,53.579536,2.068901,36.435722,37.929935,1.4942131,24.065065,24.205435,0.14036942,49.3121,47.28398,2.0281181,25.729818,28.4378,2.707981,17.626663,17.557545,0.0691185,30.439259,32.841347,2.4020882,38.149857,37.70346,0.44639587,75.393684,73.37121,2.0224762,66.37235,65.136986,1.2353668,104.49293,118.44306,93.48616,109.7717,97.84618,109.673775,48.703087,58.455986,34.683647,41.176224,22.566893,25.843977,45.072975,49.494987,26.245468,30.63013,16.461908,18.653181,29.460318,36.222374,35.723904,39.683018,70.370255,76.37216,62.46866,67.80531
vk6NsCmopCC5j-Vi3Nb78pAEVsYNk6O2NkFueyEZyDs,2e3c673b5f04b177f41487e357ba2df2,164.75,1,112.12932,109.06807,3.0612488,108.04296,98.33821,9.70475,103.68486,102.9717,0.71315765,51.510635,53.149796,1.6391602,36.435722,36.586105,0.150383,24.065065,23.782293,0.28277206,49.3121,48.04099,1.2711105,25.729818,27.914518,2.1847,17.626663,17.304546,0.32211685,30.439259,32.384773,1.9455147,38.149857,37.220768,0.9290886,75.393684,74.75521,0.6384735,66.37235,64.36408,2.0082703,102.093,116.04314,90.19544,106.48098,97.05791,108.8855,48.273346,58.026245,33.339817,39.832394,22.143751,25.420835,45.829983,50.251995,25.722187,30.10685,16.20891,18.400183,29.003744,35.7658,35.24121,39.200325,71.75426,77.756165,61.695755,67.03241
vk6NsCmopCC5j-Vi3Nb78pAEVsYNk6O2NkFueyEZyDs,a2b84a40b0c9280346f11b31ee6af58e,164.75,1,112.12932,110.692375,1.436943,108.04296,100.96817,7.074791,103.68486,103.88405,0.19918823,51.510635,53.01454,1.5039062,36.435722,36.45698,0.021259308,24.065065,23.68442,0.38064575,49.3121,48.387657,0.9244423,25.729818,27.84691,2.1170921,17.626663,17.39194,0.23472404,30.439259,32.29426,1.8549995,38.149857,37.13898,1.0108757,75.393684,75.57682,0.18313599,66.37235,64.44743,1.9249191,103.71731,117.66744,92.8254,109.11094,97.97025,109.797844,48.138092,57.89099,33.210693,39.70327,22.045877,25.322962,46.17665,50.598663,25.65458,30.039242,16.296303,18.487576,28.913229,35.675285,35.159424,39.118538,72.57587,78.577774,61.779106,67.11576
3mxoVpAOY5oJwWqK27jdkWeB-2wOJKm4zNTR1Utv3pw,b9603862f2e34e28b9c3ce08cb1cd6fc,177.5,1,109.37326,112.65953,3.2862701,103.14199,104.154205,1.0122147,102.42292,107.25913,4.836212,56.51638,55.548347,0.96803284,41.990356,39.1516,2.8387566,26.937891,25.5362,1.4016914,50.91426,51.783577,0.8693161,28.176321,29.008406,0.83208466,17.87111,17.896833,0.025722504,32.656044,32.916946,0.2609024,36.78138,38.90617,2.1247902,79.95266,81.125084,1.1724243,68.162766,70.26792,2.105156,105.68446,119.6346,96.01144,112.296974,101.34534,113.17293,50.671898,60.424797,35.90531,42.39789,23.897657,27.174742,49.57257,53.994583,26.816074,31.200737,16.801197,18.99247,29.535917,36.297974,36.926613,40.885727,78.12413,84.12604,67.599594,72.93625
QCS_XzowNPVZ6LaRgVS6VUwPbRWnZ8G6G8Jy4ABnbFs,e019142955b6d38e677eeebf96177686,155.4,0,104.995766,108.54537,3.5496063,94.96619,97.56623,2.6000443,102.67248,102.78983,0.11735535,51.57923,52.54083,0.96159744,34.25109,36.05105,1.7999573,24.013214,22.55865,1.454565,44.688766,44.42575,0.26301575,27.668732,26.240728,1.4280033,16.871855,16.488087,0.38376808,33.145763,31.130444,2.0153198,33.938587,34.753002,0.814415,72.22413,69.77914,2.444992,58.56499,58.959133,0.39414215,101.570305,115.52044,89.42346,105.709,96.87604,108.70363,47.66438,57.41728,32.80476,39.297337,20.920107,24.197191,42.214745,46.636757,24.048397,28.43306,15.39245,17.583723,27.749414,34.511475,32.773445,36.73256,66.77818,72.78009,56.290806,61.62746
QCS_XzowNPVZ6LaRgVS6VUwPbRWnZ8G6G8Jy4ABnbFs,16486e838903e3ad7404e0e0b80980b0,155.4,0,104.995766,107.7276,2.7318344,94.96619,97.35688,2.3906937,102.67248,104.70894,2.0364609,51.57923,53.924496,2.3452644,34.25109,36.347183,2.0960922,24.013214,22.463072,1.5501423,44.688766,44.020126,0.66864014,27.668732,25.766632,1.9020996,16.871855,16.06269,0.80916405,33.145763,31.063051,2.0827122,33.938587,34.136898,0.19831085,72.22413,69.4368,2.7873306,58.56499,58.695343,0.13035202,100.75253,114.70267,89.21411,105.49965,98.79514,110.622734,49.048046,58.800945,33.100895,39.59347,20.82453,24.101614,41.80912,46.231133,23.5743,27.958963,14.967054,17.158327,27.682022,34.44408,32.15734,36.116455,66.435844,72.43775,56.027016,61.36367
HfAv5nieC8ev9QiBBg_9Yql7wukmrR4qlsPwCKvkZyc,9d919b9929e3927fbb36dfff419cf8f6,192.5,1,104.22369,109.50646,5.282776,100.00593,98.141945,1.8639832,111.76583,109.30568,2.4601517,59.16226,57.621765,1.540493,40.62533,40.054703,0.5706291,28.901825,26.770412,2.1314125,54.615665,55.789505,1.1738396,28.723326,29.289652,0.56632614,17.988205,18.398422,0.4102173,31.561731,32.87318,1.311449,37.898594,39.30305,1.4044571,86.51121,88.46571,1.9545059,76.321556,73.345474,2.9760818,102.531395,116.48153,89.999176,106.28471,103.391884,115.219475,52.745316,62.498215,36.808414,43.30099,25.13187,28.408955,53.5785,58.00051,27.09732,31.481983,17.302786,19.494059,29.492151,36.25421,37.323494,41.282608,85.46476,91.46667,70.67715,76.0138
HfAv5nieC8ev9QiBBg_9Yql7wukmrR4qlsPwCKvkZyc,49c9e21587ccb9db9f6c6da97ddc078b,192.5,1,104.22369,110.91719,6.6935043,100.00593,100.66068,0.65475464,111.76583,110.06239,1.7034378,59.16226,57.53115,1.6311073,40.62533,39.78563,0.8397026,28.901825,26.658295,2.2435303,54.615665,55.968735,1.3530693,28.723326,29.23151,0.50818443,17.988205,18.333796,0.3455906,31.561731,32.837368,1.2756367,37.898594,39.380817,1.4822235,86.51121,88.75914,2.2479324,76.321556,73.599495,2.7220612,103.94212,117.89226,92.517914,108.80345,104.1486,115.97619,52.6547,62.4076,36.53934,43.031918,25.019753,28.296837,53.75773,58.17974,27.039179,31.423841,17.23816,19.429432,29.456339,36.2184,37.40126,41.360374,85.75819,91.76009,70.93117,76.26782
HfAv5nieC8ev9QiBBg_9Yql7wukmrR4qlsPwCKvkZyc,80e43afc63b268e34b345e5a602ddfbd,192.5,1,104.22369,109.416534,5.192848,100.00593,98.927,1.0789261,111.76583,109.10914,2.6566925,59.16226,56.650352,2.5119057,40.62533,38.99696,1.6283722,28.901825,26.485523,2.4163017,54.615665,56.427814,1.812149,28.723326,28.706877,0.016448975,17.988205,18.11054,0.122335434,31.561731,32.07144,0.5097103,37.898594,39.139473,1.240879,86.51121,89.57097,3.059761,76.321556,73.599495,2.7220612,102.44147,116.3916,90.78423,107.06977,103.19534,115.022934,51.773903,61.526802,35.75067,42.243248,24.846981,28.124065,54.21681,58.63882,26.514545,30.899208,17.014904,19.206177,28.690413,35.45247,37.159916,41.11903,86.570015,92.57192,70.93117,76.26782
HfAv5nieC8ev9QiBBg_9Yql7wukmrR4qlsPwCKvkZyc,bf5ad75e897284e37b9a38b2fe5ca0c5,192.5,1,104.22369,108.89384,4.6701508,100.00593,97.57278,2.4331512,111.76583,108.81923,2.9466019,59.16226,57.080757,2.081501,40.62533,39.697483,0.9278488,28.901825,26.685865,2.2159595,54.615665,55.98131,1.3656464,28.723326,28.988123,0.2647972,17.988205,18.250076,0.26187134,31.561731,32.433517,0.8717861,37.898594,39.17433,1.2757378,86.51121,88.77871,2.2675018,76.321556,73.39432,2.9272385,101.91877,115.868904,89.43001,105.715546,102.90543,114.733025,52.204308,61.957207,36.451195,42.94377,25.047323,28.324408,53.770306,58.192318,26.795792,31.180454,17.15444,19.345713,29.052488,35.814545,37.194775,41.15389,85.777756,91.77966,70.72599,76.062645
HfAv5nieC8ev9QiBBg_9Yql7wukmrR4qlsPwCKvkZyc,c6740bbf185b9b85cc3e518ffe63e212,192.5,1,104.22369,109.450264,5.2265778,100.00593,98.776535,1.229393,111.76583,109.133705,2.6321259,59.16226,57.05144,2.110817,40.62533,39.620163,1.0051689,28.901825,26.621534,2.2802906,54.615665,55.830383,1.2147179,28.723326,28.921867,0.19854164,17.988205,18.158278,0.17007256,31.561731,32.373833,0.81210136,37.898594,39.206512,1.3079185,86.51121,88.53418,2.022972,76.321556,73.579956,2.7416,102.4752,116.42533,90.633766,106.919304,103.21991,115.0475,52.17499,61.92789,36.373875,42.86645,24.982992,28.260077,53.619377,58.04139,26.729536,31.114199,17.062641,19.253914,28.992804,35.75486,37.226955,41.18607,85.533226,91.53513,70.91163,76.24828
HfAv5nieC8ev9QiBBg_9Yql7wukmrR4qlsPwCKvkZyc,50006dc98d9358d257a2020a035814a2,192.5,1,104.22369,109.2142,4.9905167,100.00593,98.24662,1.7593079,111.76583,109.12879,2.6370392,59.16226,57.41922,1.7430382,40.62533,40.187695,0.43763733,28.901825,26.821877,2.0799484,54.615665,55.6826,1.0669327,28.723326,29.097647,0.37432098,17.988205,18.277983,0.28977776,31.561731,32.54393,0.9821987,37.898594,39.241375,1.3427811,86.51121,88.265205,1.7539978,76.321556,73.65323,2.6683273,102.239136,116.18927,90.10385,106.38939,103.215,115.04259,52.54277,62.29567,36.941406,43.433983,25.183334,28.460419,53.471592,57.893604,26.905315,31.289978,17.182346,19.37362,29.1629,35.924957,37.261818,41.220932,85.26425,91.26616,70.9849,76.321556
HfAv5nieC8ev9QiBBg_9Yql7wukmrR4qlsPwCKvkZyc,eca7019378efab483a3299139d522545,192.5,1,104.22369,104.42981,0.20612335,100.00593,91.63983,8.3660965,111.76583,104.84775,6.918083,59.16226,54.744835,4.4174232,40.62533,38.58252,2.0428123,28.901825,26.448763,2.453062,54.615665,56.19513,1.579464,28.723326,27.953054,0.7702713,17.988205,17.79916,0.18904495,31.561731,30.780428,0.7813034,37.898594,38.69432,0.7957268,86.51121,89.13082,2.6196136,76.321556,73.14519,3.1763687,97.45474,111.40488,83.49706,99.7826,98.93395,110.76154,49.868385,59.621284,35.33623,41.828808,24.81022,28.087305,53.984123,58.406136,25.760723,30.145386,16.703524,18.894796,27.399399,34.161457,36.714764,40.673878,86.12987,92.131775,70.47686,75.813515
T7e25wwki0I_vszINgAJrfkfH2MTO1FLgHf0y3eokg4,75da2bd7e839e6f309970da5f22a08b0,180.5,1,110.86354,110.98464,0.12110138,96.68256,100.67377,3.9912033,109.79615,109.512054,0.28409576,59.92259,58.461258,1.4613304,40.985115,41.18822,0.20310593,27.874527,26.564556,1.3099709,51.744244,52.61998,0.87573624,30.21527,29.631744,0.5835247,17.768192,18.248608,0.48041534,34.880142,33.748528,1.1316147,39.91807,39.160927,0.7571449,81.29262,82.7365,1.4438858,69.74236,71.66503,1.9226685,104.009575,117.95971,92.531,108.816536,103.59826,115.42585,53.58481,63.337708,37.941933,44.43451,24.926014,28.203098,50.408974,54.830986,27.439413,31.824076,17.152971,19.344244,30.367498,37.129555,37.18137,41.140484,79.73555,85.73746,68.996704,74.33336
T7e25wwki0I_vszINgAJrfkfH2MTO1FLgHf0y3eokg4,a5ac3437a18244653daee03c0a82f208,180.5,1,110.86354,107.34822,3.5153198,96.68256,95.59703,1.0855331,109.79615,106.10442,3.6917267,59.92259,56.247925,3.6746635,40.985115,39.269127,1.7159882,27.874527,25.930449,1.9440784,51.744244,53.110504,1.3662605,30.21527,28.758257,1.4570122,17.768192,17.861582,0.09338951,34.880142,32.53796,2.3421822,39.91807,38.550854,1.367218,81.29262,83.62901,2.3363953,69.74236,70.6001,0.8577347,100.37315,114.32329,87.45426,103.7398,100.19063,112.01822,51.371475,61.124374,36.02284,42.515415,24.291906,27.56899,50.899498,55.32151,26.565926,30.950588,16.765945,18.957218,29.15693,35.91899,36.571297,40.53041,80.62806,86.62997,67.93177,73.268425
5JaS2hAYXC2DN2pVXkPx9B-NfsTXYr5dcLdE7mBHs0Y,181bef71121b3b28a04721acc3aca5d5,183.0,1,115.26729,113.56442,1.7028656,99.67972,105.31872,5.639,108.47039,110.34738,1.8769913,52.562546,57.427216,4.86467,37.58842,40.15986,2.5714378,26.057915,26.27783,0.21991539,51.970337,53.563293,1.5929565,27.330956,29.539799,2.2088432,17.598356,18.44983,0.85147285,29.909132,33.444145,3.5350132,38.90569,39.359367,0.45367813,83.66138,84.225655,0.56427765,70.135925,72.334274,2.198349,106.589355,120.53949,97.17595,113.46149,104.433586,116.26118,52.550766,62.303665,36.91357,43.406147,24.639288,27.916372,51.352287,55.7743,27.347467,31.73213,17.354193,19.545465,30.063116,36.825172,37.37981,41.338924,81.2247,87.22661,69.66595,75.0026
IMYB0pKXccbzfVl-qVe3NgiNYe8JtTigArh8EfOW-gk,8988649a91a8c95d49d16dedcac1157e,183.0,1,108.25954,109.67508,1.4155426,92.5994,98.46251,5.863106,108.001396,108.15588,0.15448761,59.984917,58.19475,1.790165,42.356052,41.720184,0.6358681,27.339108,26.89172,0.4473877,51.289227,52.415596,1.1263695,31.114923,29.875132,1.2397919,18.415642,18.369047,0.04659462,35.284996,33.780357,1.5046387,39.203453,39.490765,0.28731155,82.30588,82.174095,0.13178253,69.36925,72.20238,2.83313,102.70001,116.65015,90.31974,106.60528,102.24209,114.06968,53.318302,63.0712,38.473896,44.966473,25.253178,28.530262,50.20459,54.626602,27.6828,32.067463,17.27341,19.464684,30.399328,37.161385,37.511208,41.47032,79.17314,85.17505,69.53405,74.870705
IMYB0pKXccbzfVl-qVe3NgiNYe8JtTigArh8EfOW-gk,be38b6759fe4a778fddb53ec3c631369,183.0,1,108.25954,106.11734,2.1421967,92.5994,93.41849,0.81908417,108.001396,105.63762,2.3637772,59.984917,56.72764,3.2572784,42.356052,40.2712,2.0848541,27.339108,26.417519,0.9215889,51.289227,53.069626,1.7803993,31.114923,28.978657,2.1362667,18.415642,17.940897,0.4747448,35.284996,32.62052,2.6644745,39.203453,38.731865,0.47158813,82.30588,83.57522,1.2693405,69.36925,71.23515,1.8659058,99.14227,113.09241,85.27572,101.56126,99.72382,111.551414,51.85119,61.604088,37.02491,43.517487,24.778976,28.05606,50.85862,55.280632,26.786325,31.170988,16.84526,19.036533,29.239492,36.00155,36.752308,40.711422,80.574265,86.57617,68.566826,73.90348
CCHsOEZmSYbVoB3ecu47M09hpz0wKo9-Pm2qTUlzAJA,da3b423d48a68d5b6f168cef0ad0ac24,157.4,0,93.04376,104.06729,11.023529,84.200584,90.24072,6.0401382,102.21559,103.35399,1.1383972,57.582153,54.877087,2.7050667,41.070625,36.780567,4.290058,23.043915,22.948303,0.09561157,45.350925,45.674065,0.3231392,25.315922,26.572243,1.256321,15.628654,16.800066,1.1714125,32.282715,31.714338,0.56837654,33.173866,34.346066,1.1721992,71.10526,72.3222,1.2169342,59.62885,58.71,0.91884995,97.092224,111.04236,82.09795,98.38349,97.44019,109.267784,50.000637,59.753536,33.53428,40.026855,21.309761,24.586845,43.46306,47.88507,24.379911,28.764574,15.70443,17.895702,28.33331,35.095367,32.36651,36.325623,69.32124,75.32315,56.04167,61.378326
r07mJnfLAzgEyz5m_Y10pk_bmMwES4T4UiAqeD8petY,77210574623b7571f26a91369c8f9cf0,163.5,1,108.29142,106.34497,1.9464493,102.24444,95.773674,6.470764,102.47294,99.86159,2.611351,51.02812,51.52544,0.49732208,37.720284,36.36574,1.3545418,24.222935,23.449156,0.7737789,46.853966,46.876785,0.022819519,27.376085,27.09951,0.2765751,17.466204,16.648872,0.8173313,31.093641,31.076977,0.016664505,36.832664,36.675056,0.15760803,73.304535,72.86993,0.43460846,63.440933,63.829483,0.3885498,99.3699,113.32004,87.630905,103.91644,93.94779,105.77538,46.64899,56.40189,33.119453,39.61203,21.810614,25.087698,44.66578,49.08779,24.907179,29.291842,15.553236,17.744509,27.695948,34.458008,34.6955,38.654613,69.86897,75.87088,61.161156,66.49781
r07mJnfLAzgEyz5m_Y10pk_bmMwES4T4UiAqeD8petY,92d10cf93397afccb7f056ed9997a2a3,163.5,1,108.29142,110.29895,2.0075302,102.24444,100.96817,1.276268,102.47294,103.790695,1.3177567,51.02812,53.48826,2.4601402,37.720284,37.537437,0.18284607,24.222935,23.843866,0.37906837,46.853966,46.716423,0.13754272,27.376085,27.704935,0.3288498,17.466204,17.008404,0.4577999,31.093641,32.22164,1.1280003,36.832664,37.033726,0.20106125,73.304535,72.60584,0.6986923,63.440933,64.382706,0.94177246,103.32388,117.27402,92.8254,109.11094,97.8769,109.70449,48.61181,58.364708,34.29115,40.783726,22.205324,25.482409,44.505417,48.92743,25.512604,29.897266,15.912767,18.10404,28.840612,35.60267,35.05417,39.013283,69.60489,75.6068,61.71438,67.05103
59bc276b681516389ccf478d,f8afea6ff1d96c18d948e025539fb4ab,169.9,1,103.386604,112.507774,9.12117,102.42408,102.4467,0.022621155,108.49655,108.13132,0.36523438,53.009354,56.852894,3.8435402,37.16665,39.530468,2.3638191,24.419266,25.200766,0.78149986,49.741375,49.534027,0.20734787,26.96902,29.268017,2.298996,18.168207,18.064274,0.103933334,28.674313,34.031025,5.3567123,36.21862,38.273308,2.0546875,79.98153,77.30988,2.671646,64.743256,67.49568,2.7524261,105.53271,119.48284,94.30393,110.58947,102.21752,114.04511,51.976444,61.729343,36.28418,42.776756,23.562223,26.839308,47.32302,51.745033,27.075686,31.460348,16.968637,19.15991,30.649996,37.412056,36.29375,40.252865,74.30893,80.31084,64.827354,70.16401
59bc276b681516389ccf478d,49a4445fd00442994e8ffd919ff0a754,169.9,1,103.386604,105.92062,2.5340195,102.42408,93.24512,9.178963,108.49655,101.37254,7.124008,53.009354,53.114483,0.10512924,37.16665,36.758144,0.4085045,24.419266,24.363674,0.055591583,49.741375,50.29747,0.5560951,26.96902,28.033506,1.0644855,18.168207,17.419111,0.7490959,28.674313,32.006786,3.3324738,36.21862,37.51441,1.2957878,79.98153,78.63353,1.3479996,64.743256,65.88302,1.1397629,98.94556,112.89569,85.10235,101.387886,95.45875,107.28634,48.238033,57.990932,33.511856,40.004433,22.725132,26.002216,48.086464,52.508476,25.841175,30.225838,16.323475,18.514748,28.625757,35.387817,35.53485,39.493965,75.632576,81.63448,63.21469,68.551346
59bc276b681516389ccf478d,fec4f8fcca82714e71cc052fb89d899e,169.9,1,103.386604,112.04128,8.654678,102.42408,102.74764,0.32356262,108.49655,107.59327,0.90328217,53.009354,55.725574,2.7162209,37.16665,38.096947,0.93029785,24.419266,24.687046,0.2677803,49.741375,50.133568,0.39219284,26.96902,28.636564,1.6675434,18.168207,17.81091,0.3572979,28.674313,33.233265,4.5589523,36.21862,37.911285,1.6926651,79.98153,78.49186,1.4896698,64.743256,67.11709,2.3738327,105.066216,119.01635,94.60487,110.89041,101.679474,113.507065,50.849125,60.602024,34.85066,41.343235,23.048504,26.325588,47.92256,52.344574,26.444233,30.828896,16.715273,18.906546,29.852236,36.614296,35.93173,39.890842,75.490906,81.49281,64.44876,69.785416
59bc276b681516389ccf478d,6244944944e0a37cd1501584e1c4d78e,169.9,1,103.386604,113.98033,10.593727,102.42408,104.70375,2.2796707,108.49655,108.02322,0.47333527,53.009354,55.59632,2.5869675,37.16665,37.871174,0.704525,24.419266,24.655571,0.23630524,49.741375,50.362717,0.6213417,26.96902,29.038153,2.0691319,18.168207,18.131104,0.037103653,28.674313,33.76245,5.0881386,36.21862,38.168724,1.9501038,79.98153,78.91702,1.0645065,64.743256,66.84964,2.1063843,107.005264,120.9554,96.56098,112.84652,102.10942,113.93701,50.71987,60.47277,34.624886,41.117462,23.017029,26.294113,48.15171,52.573723,26.845821,31.230484,17.035467,19.22674,30.381422,37.14348,36.189167,40.14828,75.91607,81.91798,64.18131,69.51797
59bc276b681516389ccf478d,e11aba0e28f584bfd984fe72817b2da5,169.9,1,103.386604,116.127335,12.74073,102.42408,107.89634,5.4722595,108.49655,109.85602,1.3594666,53.009354,56.610374,3.6010208,37.16665,39.05727,1.8906212,24.419266,25.062916,0.64365005,49.741375,49.764107,0.022731781,26.96902,29.418106,2.4490852,18.168207,18.210419,0.042211533,28.674313,34.313522,5.6392097,36.21862,38.60851,2.3898888,79.98153,77.70541,2.276123,64.743256,67.71062,2.9673615,109.15227,123.1024,99.75357,116.03911,103.94222,115.76981,51.733925,61.486824,35.81098,42.30356,23.424374,26.701458,47.5531,51.975113,27.225775,31.610437,17.114782,19.306055,30.932493,37.69455,36.628952,40.588066,74.70445,80.70636,65.04229,70.378944
59bc276b681516389ccf478d,a4896af316b21eb128d3ef266f87f6fa,169.9,1,103.386604,111.67595,8.289345,102.42408,101.63547,0.78861237,108.49655,106.030716,2.4658356,53.009354,54.68187,1.6725159,37.16665,37.402966,0.23631668,24.419266,24.450174,0.030908585,49.741375,50.194885,0.45351028,26.96902,28.618986,1.6499653,18.168207,17.90638,0.26182747,28.674313,33.07212,4.397808,36.21862,37.864357,1.6457367,79.98153,78.62145,1.3600769,64.743256,66.46616,1.722908,104.70088,118.65102,93.4927,109.77824,100.11692,111.94451,49.80542,59.55832,34.156677,40.649254,22.811632,26.088717,47.98388,52.40589,26.426655,30.811317,16.810743,19.002016,29.691092,36.453148,35.8848,39.843914,75.6205,81.622406,63.797836,69.13449
59bc276b681516389ccf478d,0e4a0305c597e3d589aea31a5256c17f,169.9,1,103.386604,109.07369,5.687088,102.42408,98.16811,4.255966,108.49655,105.00375,3.4927979,53.009354,54.66688,1.6575279,37.16665,37.380478,0.21382904,24.419266,24.39331,0.0259552,49.741375,50.134747,0.39337158,26.96902,28.214695,1.2456741,18.168207,17.61703,0.551178,28.674313,32.55487,3.880558,36.21862,37.431274,1.2126541,79.98153,78.67556,1.3059692,64.743256,66.1346,1.3913422,102.098625,116.04876,90.025345,106.31088,99.08996,110.91755,49.790432,59.54333,34.13419,40.626766,22.754768,26.031853,47.92374,52.345753,26.022364,30.407026,16.521393,18.712666,29.173841,35.935898,35.451717,39.41083,75.67461,81.67651,63.46627,68.802925
59bc276b681516389ccf478d,ebfe0f5f6540e6f2a429094100d8ee7b,169.9,1,103.386604,110.84975,7.4631424,102.42408,101.00088,1.4232025,108.49655,105.65973,2.8368225,53.009354,54.68087,1.6715164,37.16665,37.73992,0.5732727,24.419266,24.45293,0.033664703,49.741375,49.63602,0.10535431,26.96902,28.367487,1.3984661,18.168207,17.673578,0.4946289,28.674313,32.7379,4.063587,36.21862,37.648487,1.4298668,79.98153,77.692566,2.2889633,64.743256,66.4857,1.7424469,103.87468,117.824814,92.85811,109.14365,99.74593,111.573524,49.80442,59.55732,34.493633,40.98621,22.814388,26.091473,47.425014,51.847027,26.175156,30.559818,16.577942,18.769215,29.35687,36.118927,35.66893,39.628044,74.69161,80.69352,63.817375,69.15403
76mo2dUguqyOIGL4bac3EyH7z3vFLMknog1q_Q5RMio,c1765e1dbf530d66bf126cf486b6c751,190.0,1,113.82223,114.07026,0.24803162,107.43442,105.82901,1.6054077,111.86265,112.76,0.8973541,56.01102,58.05084,2.0398178,37.35758,38.92428,1.5667,25.390263,26.04992,0.6596565,55.274776,55.512802,0.23802567,28.134167,29.130098,0.9959316,17.509048,18.311764,0.8027153,33.241745,33.283,0.04125595,38.399433,39.107292,0.70785904,87.910286,88.04024,0.12995148,74.55843,72.62737,1.9310608,107.09519,121.04533,97.68624,113.97178,106.84621,118.6738,53.17439,62.927288,35.67799,42.170567,24.411377,27.688461,53.301796,57.72381,26.937767,31.32243,17.216127,19.4074,29.901972,36.664032,37.127735,41.08685,85.03928,91.04119,69.959045,75.2957
76mo2dUguqyOIGL4bac3EyH7z3vFLMknog1q_Q5RMio,0137443ba49903cceede13e710c77634,190.0,1,113.82223,113.131645,0.6905823,107.43442,104.926186,2.508232,111.86265,111.3252,0.53744507,56.01102,57.40323,1.3922081,37.35758,39.37892,2.0213432,25.390263,26.321941,0.9316788,55.274776,55.46878,0.19400406,28.134167,29.090885,0.95671844,17.509048,18.266232,0.7571831,33.241745,32.823444,0.41830063,38.399433,39.292324,0.89289093,87.910286,87.88374,0.026542664,74.55843,73.32593,1.2325058,106.15658,120.10671,96.78342,113.068954,105.41141,117.239,52.52678,62.27968,36.132633,42.62521,24.6834,27.960484,53.257774,57.679787,26.898554,31.283216,17.170595,19.361868,29.442415,36.204475,37.312767,41.27188,84.88279,90.8847,70.6576,75.994255
___N-yQ2K98VMoiVyAIsDEB-mM-r-eIaMuX0ihKxeyo,b3c62d220cafd3390b3efb0b62e31276,165.9,0,102.23241,101.9576,0.27480316,92.627625,90.78894,1.8386841,103.33675,105.64253,2.3057861,55.18524,56.10268,0.9174385,36.29051,37.557636,1.267128,24.378937,23.247896,1.1310406,46.68394,47.00885,0.3249092,24.675066,25.560429,0.8853626,15.732963,16.114098,0.381135,29.311142,30.381674,1.0705318,32.61622,33.809742,1.1935234,77.234146,75.156235,2.0779114,61.95276,61.17204,0.78071976,94.98254,108.93267,82.64617,98.93171,99.72874,111.55633,51.22623,60.97913,34.311348,40.803925,21.609354,24.886438,44.797844,49.219856,23.368097,27.75276,15.018461,17.209734,27.000645,33.762703,31.830185,35.7893,72.15528,78.15719,58.50371,63.840366
5IsuENU7QwftIF-Xu6ZQmn_xfRc2LVyd5V2-puckUkg,858c3f6bf2fbce3f7f5a2da8c8a34127,164.5,1,112.07606,107.49154,4.5845184,97.01001,94.87085,2.1391602,102.709915,101.17723,1.5326843,54.6351,53.479595,1.1555061,38.08449,37.938828,0.14566422,24.472677,24.269276,0.20340157,47.720207,47.112614,0.60759354,28.21146,28.43239,0.2209301,16.583141,17.511278,0.9281368,32.279377,32.76774,0.48836136,38.060177,37.51843,0.54174805,73.94728,73.07044,0.8768387,64.315506,64.40256,0.08705139,100.51647,114.466606,86.72808,103.01362,95.263435,107.09103,48.603146,58.356045,34.69254,41.185116,22.630733,25.907818,44.901608,49.32362,26.240059,30.624722,16.415642,18.606915,29.38671,36.148766,35.53887,39.497986,70.06949,76.071396,61.73423,67.070885
ruUChlhWH6x7TjiSLy_KREcgFsU0wQEcCf25PKt10OA,6fe0aefb2088060510b43b6e6509bfc1,181.5,1,111.262794,110.70362,0.5591736,102.22322,101.47192,0.7513046,108.04463,109.836365,1.7917328,53.651268,57.07276,3.4214935,39.91378,38.59489,1.3188896,24.98291,25.529766,0.5468559,52.7676,53.773964,1.0063629,26.92726,28.425629,1.4983692,17.67804,17.771986,0.09394646,32.515297,32.534977,0.019680023,38.544037,38.1942,0.34983826,82.05186,85.18909,3.13723,72.09821,70.55614,1.5420761,103.72855,117.67869,93.32915,109.614685,103.92257,115.75016,52.196312,61.94921,35.348602,41.84118,23.891224,27.168308,51.562958,55.98497,26.233297,30.61796,16.67635,18.867622,29.153948,35.916008,36.21464,40.173756,82.18813,88.19004,67.88781,73.224464
iFpd5co3UXPjUAe6mbPsoFh9aAhq2rYS3p58myDMEPQ,79b84f6d3b7b46e029bb2abf8ee01e39,152.75,0,103.09992,95.72516,7.3747635,86.22276,82.02855,4.194214,103.08093,96.90847,6.1724625,56.387623,51.510784,4.8768387,34.313503,35.285576,0.9720726,21.259306,21.890537,0.6312313,42.42624,43.284344,0.8581047,24.067434,24.47195,0.40451622,15.131959,15.476278,0.34431934,26.55659,28.695387,2.1387978,33.26833,32.66871,0.5996208,68.92394,68.33644,0.5875015,58.46864,56.458008,2.0106316,88.75009,102.700226,73.88578,90.17132,90.994675,102.822266,46.634335,56.387234,32.039288,38.531864,20.251995,23.52908,41.073338,45.49535,22.27962,26.664282,14.380642,16.571915,25.314358,32.076416,30.689152,34.648266,65.33549,71.337395,53.78968,59.126335
iFpd5co3UXPjUAe6mbPsoFh9aAhq2rYS3p58myDMEPQ,e40ea27d0b729c46c793ed80da47d178,152.75,0,103.09992,93.40954,9.690384,86.22276,80.69394,5.528824,103.08093,97.03131,6.0496216,56.387623,51.100365,5.287258,34.313503,34.36082,0.047317505,21.259306,21.344652,0.08534622,42.42624,43.41955,0.99331284,24.067434,23.490292,0.5771427,15.131959,15.007003,0.12495613,26.55659,27.631046,1.0744572,33.26833,31.679188,1.5891418,68.92394,68.98688,0.062934875,58.46864,55.57871,2.8899307,86.43447,100.384605,72.55117,88.83671,91.117516,102.94511,46.223915,55.976814,31.114532,37.60711,19.70611,22.983194,41.208546,45.630558,21.29796,25.682623,13.911366,16.102638,24.250017,31.012075,29.69963,33.658745,65.98592,71.98783,52.91038,58.247036
4rLp86ErZXEGFqDlzaE7zpMB5EAFQ5C1CA_-OXzfMMg,b43262103bed39942bdb86700850df9d,170.75,1,103.93542,111.855804,7.9203873,93.64169,103.06166,9.419968,105.20242,108.93716,3.7347336,53.888454,56.884876,2.9964218,39.8185,39.256756,0.5617447,24.962528,25.010532,0.04800415,49.37599,49.67572,0.2997284,26.942413,28.587887,1.6454735,17.353197,17.699282,0.3460846,32.299484,33.227295,0.92781067,36.645958,37.78659,1.1406326,76.34102,77.88024,1.5392227,67.554855,67.637344,0.08248901,104.88074,118.83087,94.91889,111.20443,103.02336,114.85095,52.008427,61.761326,36.010468,42.503044,23.37199,26.649075,47.464714,51.886726,26.395555,30.780218,16.603645,18.794918,29.846266,36.608322,35.807034,39.766148,74.87929,80.881195,64.96902,70.30567
4rLp86ErZXEGFqDlzaE7zpMB5EAFQ5C1CA_-OXzfMMg,a5fe3ae3a7e4982ecba8eb03d8571692,170.75,1,103.93542,108.58472,4.6492996,93.64169,97.78212,4.1404266,105.20242,103.93196,1.270462,53.888454,55.40577,1.5173149,39.8185,40.098003,0.27950287,24.962528,25.393755,0.43122673,49.37599,48.520508,0.855484,26.942413,28.719046,1.7766323,17.353197,17.449223,0.09602547,32.299484,32.755802,0.4563179,36.645958,38.21029,1.564331,76.34102,75.44477,0.89624786,67.554855,67.866936,0.31208038,101.60965,115.559784,89.63935,105.92489,98.018166,109.84576,50.52932,60.28222,36.851715,43.34429,23.755213,27.032297,46.3095,50.731514,26.526714,30.911377,16.353586,18.544859,29.374773,36.136833,36.230732,40.189846,72.44382,78.445724,65.19861,70.53526
4rLp86ErZXEGFqDlzaE7zpMB5EAFQ5C1CA_-OXzfMMg,a4af1e04eac0b614109c1c94d4e3c8d1,170.75,1,103.93542,102.49497,1.440445,93.64169,90.50538,3.1363144,105.20242,99.68224,5.5201797,53.888454,52.30497,1.5834846,39.8185,36.7218,3.0966988,24.962528,24.105206,0.8573227,49.37599,49.318783,0.057209015,26.942413,26.990664,0.0482502,17.353197,16.59852,0.7546768,32.299484,30.620901,1.6785831,36.645958,36.801765,0.1558075,76.34102,77.123436,0.7824173,67.554855,65.99843,1.556427,95.519905,109.47004,82.36261,98.64815,93.76845,105.59604,47.42852,57.18142,33.475513,39.96809,22.466663,25.743748,47.107777,51.52979,24.798332,29.182995,15.502884,17.694157,27.239872,34.00193,34.82221,38.781322,74.12248,80.12439,63.3301,68.666756
4rLp86ErZXEGFqDlzaE7zpMB5EAFQ5C1CA_-OXzfMMg,4a9dcf7a144858e36536e2dced5e2c32,170.75,1,103.93542,105.69019,1.754776,93.64169,94.622246,0.9805527,105.20242,101.870674,3.331749,53.888454,53.75043,0.13802338,39.8185,38.178135,1.6403656,24.962528,24.64592,0.31660843,49.37599,48.96347,0.41252136,26.942413,27.825953,0.8835392,17.353197,16.98986,0.36333656,32.299484,31.667587,0.631897,36.645958,37.525135,0.8791771,76.34102,76.33607,0.004951477,67.554855,67.00352,0.5513382,98.715126,112.66526,86.47948,102.765015,95.95688,107.78447,48.87398,58.62688,34.931847,41.424423,23.007378,26.284462,46.752464,51.174477,25.633621,30.018284,15.894224,18.085497,28.286558,35.048615,35.545578,39.504692,73.33511,79.33702,64.33519,69.671844
VbArPJgfiazy--dHRifBZpNMtFsJ4sL_Yb5YGRMn70E,2014ee476f4641bc362d4edf34875462,152.6,0,91.780426,96.68626,4.9058304,82.37077,84.55383,2.1830597,105.73388,99.898445,5.835434,55.921417,52.92926,2.992157,36.726963,35.505165,1.221798,23.670454,21.794962,1.8754921,45.698284,43.322075,2.3762093,24.588707,24.08118,0.5075264,16.021252,15.150943,0.8703089,29.329176,28.70434,0.62483597,34.291275,32.24501,2.0462646,69.953316,68.71301,1.240303,56.895283,56.697376,0.1979065,89.71119,103.66132,76.411064,92.6966,93.98465,105.81224,48.05281,57.80571,32.258877,38.751453,20.15642,23.433504,41.11107,45.53308,21.88885,26.273512,14.055306,16.246578,25.32331,32.08537,30.265453,34.224567,65.71206,71.71397,54.02905,59.365704
0LE2aj67f6O62tt6mzfTs8MDHtjuLkfVeCRgMRPRmfg,ee80597c4a5144f727acd15d9976ec3e,191.8,1,110.59177,107.28078,3.3109894,101.063286,94.90684,6.1564484,111.42026,106.52209,4.8981705,56.92919,56.088024,0.84116745,41.16471,39.41449,1.7502213,27.22578,26.540663,0.6851177,54.950703,55.459347,0.5086441,30.384787,28.89212,1.4926662,19.441227,18.226576,1.2146511,32.50378,32.20374,0.3000412,39.305836,39.07511,0.23072433,89.0163,87.77126,1.2450333,71.49018,72.72019,1.230011,100.30571,114.255844,86.76407,103.04961,100.60829,112.43588,51.211575,60.964474,36.1682,42.660778,24.90212,28.179205,53.24834,57.670353,26.69979,31.084452,17.13094,19.322212,28.82271,35.58477,37.095554,41.05467,84.77031,90.77222,70.051865,75.38852
0LE2aj67f6O62tt6mzfTs8MDHtjuLkfVeCRgMRPRmfg,acfdcd9031662bbed401388cf2130572,191.8,1,110.59177,108.067635,2.5241318,101.063286,96.4606,4.602684,111.42026,106.69406,4.7261963,56.92919,55.54102,1.3881721,41.16471,38.543087,2.621624,27.22578,26.257612,0.96816826,54.950703,55.927856,0.9771538,30.384787,28.640621,1.7441654,19.441227,18.120823,1.320404,32.50378,31.915272,0.5885086,39.305836,39.03757,0.26826477,89.0163,88.5244,0.49189758,71.49018,72.85209,1.361908,101.09257,115.0427,88.31783,104.60337,100.780266,112.60786,50.66457,60.41747,35.2968,41.789375,24.61907,27.896154,53.71685,58.138863,26.44829,30.832952,17.025187,19.21646,28.534243,35.296303,37.058014,41.017128,85.523445,91.52535,70.18376,75.52042
NT9pVYCYjVJUv93rGE-RcIZ1SXERnAOVnaUgOW501eg,ac27d6d1490ecd6cc7837b88c4e45562,173.0,1,104.06861,103.919754,0.14885712,101.56963,91.112366,10.457268,101.99385,100.73254,1.2613144,54.664795,53.85637,0.8084259,39.83183,38.574787,1.2570419,24.933376,25.033049,0.09967232,48.751167,49.71625,0.9650841,27.053167,28.065958,1.0127907,16.813108,17.205404,0.39229584,29.472649,31.735228,2.262579,37.997128,37.704803,0.29232407,75.80954,77.567245,1.7577057,68.07764,67.56407,0.51356506,96.94469,110.89482,82.9696,99.255135,94.81874,106.64633,48.97992,58.73282,35.3285,41.821075,23.394506,26.67159,47.505245,51.927258,25.873627,30.25829,16.109768,18.30104,28.354198,35.116257,35.725246,39.68436,74.56629,80.5682,64.895744,70.2324
NT9pVYCYjVJUv93rGE-RcIZ1SXERnAOVnaUgOW501eg,9c10e8f8f389aed97f26ca6b85027b66,173.0,1,104.06861,105.96559,1.8969803,101.56963,93.96476,7.6048737,101.99385,101.522415,0.47143555,54.664795,54.10197,0.56282425,39.83183,39.160877,0.67095184,24.933376,25.243958,0.3105812,48.751167,49.36359,0.61242294,27.053167,28.468899,1.4157314,16.813108,17.393408,0.5802994,29.472649,32.163948,2.6912994,37.997128,38.155315,0.15818787,75.80954,76.80678,0.99723816,68.07764,68.11363,0.035995483,98.990524,112.94066,85.82199,102.10753,95.60862,107.43621,49.22552,58.97842,35.91459,42.407166,23.605415,26.8825,47.152584,51.574596,26.276567,30.66123,16.297771,18.489044,28.782919,35.544975,36.17576,40.134872,73.805824,79.80773,65.445305,70.78196
59bc2763681516389ccf447a,1219c729817464c538e4bc233e4ee33d,160.3,0,97.71895,96.090485,1.6284637,83.663086,83.71316,0.050071716,105.029495,99.85913,5.1703644,55.331753,53.10116,2.2305946,37.237625,35.678364,1.5592613,22.932028,22.206673,0.72535515,46.33584,45.33133,1.004509,25.106127,24.266424,0.8397026,16.731533,15.342619,1.3889141,29.647137,28.566074,1.0810623,32.67204,32.615074,0.056964874,72.64736,72.19993,0.44743347,60.98873,58.177532,2.8111992,89.11542,103.06555,75.57039,91.85593,93.945335,105.77293,48.22471,57.977608,32.432076,38.924652,20.56813,23.845215,43.120323,47.542336,22.074093,26.458755,14.246983,16.438255,25.185045,31.947104,30.635517,34.59463,69.198975,75.20088,55.509205,60.84586
05QGDWJaVnG3hO2Zc44lxI6oajSeypzBye5n7HiDOyE,638d80d42197a9f8cfa5ea8575c66782,176.75,1,112.509514,114.47493,1.965416,107.33689,106.757996,0.57889557,104.47759,108.99121,4.5136185,53.316383,55.9068,2.590416,36.326733,38.712418,2.385685,23.413912,25.320234,1.9063225,52.99418,51.884197,1.1099815,28.20076,29.085478,0.88471794,17.590448,18.04004,0.44959068,33.265087,33.296925,0.031837463,38.182682,38.895443,0.7127609,82.27184,81.37939,0.89245605,67.319046,69.95528,2.6362305,107.49986,121.45,98.61523,114.900764,103.077415,114.90501,51.03035,60.78325,35.46613,41.958706,23.681692,26.958776,49.67319,54.095203,26.893147,31.27781,16.944403,19.135675,29.915895,36.677956,36.915886,40.875,78.37843,84.38034,67.28695,72.623604
05QGDWJaVnG3hO2Zc44lxI6oajSeypzBye5n7HiDOyE,78460663760f9b444ea449804526cf83,176.75,1,112.509514,104.59139,7.9181213,107.33689,91.810745,15.526146,104.47759,102.182076,2.295517,53.316383,53.51424,0.1978569,36.326733,36.868324,0.54159164,23.413912,24.787216,1.3733044,52.99418,52.307114,0.6870651,28.20076,27.75226,0.44849968,17.590448,17.245428,0.3450203,33.265087,31.455713,1.8093739,38.182682,37.694077,0.4886055,82.27184,82.276794,0.004951477,67.319046,68.02081,0.70176697,97.616325,111.56646,83.66798,99.953514,96.26828,108.09587,48.63779,58.39069,33.622036,40.114613,23.148674,26.425758,50.096107,54.51812,25.559929,29.944592,16.149792,18.341064,28.074684,34.836742,35.71452,39.673634,79.27584,85.27775,65.352486,70.68914
05QGDWJaVnG3hO2Zc44lxI6oajSeypzBye5n7HiDOyE,d6f16ee870978d1428896d8501115885,176.75,1,112.509514,108.79267,3.7168427,107.33689,99.16252,8.17437,104.47759,103.54685,0.93074036,53.316383,53.24507,0.07131195,36.326733,37.371414,1.0446815,23.413912,24.742645,1.3287334,52.99418,51.44713,1.5470505,28.20076,27.91587,0.28488922,17.590448,17.306015,0.28443336,33.265087,31.533798,1.7312889,38.182682,38.01587,0.1668129,82.27184,80.73751,1.5343323,67.319046,68.597244,1.2781982,101.817604,115.76774,91.01975,107.30529,97.63306,109.46065,48.36862,58.12152,34.125126,40.617702,23.104103,26.381187,49.236122,53.658134,25.72354,30.108202,16.210379,18.401651,28.15277,34.914825,36.036312,39.995426,77.73656,83.738464,65.92892,71.26557
Vf7Yx7KhVWQ4JpCSpF5g5eBpDiVa3guZqMhUyzJfvnA,45108038273e7fb409461e9a52b2d21a,160.5,0,95.301384,99.767654,4.4662704,84.77787,86.88939,2.1115189,103.05853,101.986755,1.0717773,56.491375,54.786476,1.7048988,38.527485,37.36905,1.1584358,22.89778,22.929005,0.031225204,43.128105,44.7339,1.605793,24.880852,25.523245,0.6423931,15.444792,15.950696,0.5059042,32.829723,30.330322,2.499401,34.27199,33.64348,0.62851334,72.24242,70.94308,1.2993393,62.05325,59.174072,2.879177,92.79259,106.74272,78.74662,95.03216,96.07296,107.90055,49.910027,59.662926,34.12276,40.615337,21.290462,24.567547,42.522892,46.944904,23.330914,27.715576,14.85506,17.046333,26.949293,33.71135,31.663921,35.623035,67.94212,73.94403,56.505745,61.8424
nVpOVrjB1lX9c-PX6KRkqdy4OFCNZVUXPMt0NrbfYcE,e3347555fe85eb5029a12b6ef6af0f84,177.5,1,85.48541,91.47611,5.9907,70.44599,75.73497,5.2889786,87.85273,93.6163,5.7635727,43.425987,48.413986,4.987999,35.877598,35.681458,0.19614029,24.330585,24.607094,0.27650833,52.060585,51.659374,0.40121078,23.920977,24.684238,0.7632618,16.883873,16.301,0.5828724,23.753988,26.767635,3.013647,35.074932,35.61783,0.5428963,82.640236,81.50899,1.1312485,67.33335,66.53944,0.7939148,84.501045,98.45118,67.5922,83.87774,87.70251,99.5301,43.537537,53.290436,32.43517,38.927746,22.968552,26.245636,49.448368,53.87038,22.491907,26.87657,15.205364,17.396637,23.386606,30.148664,33.63827,37.597385,78.50803,84.50994,63.87111,69.20776
foAXsyM76uW2KP7tYzPGq3CpbaAb0YYl-0ByjoGVKrA,484c30c8ec72c91e09ca21ffa76a6b16,193.4,1,112.719925,110.551865,2.1680603,88.94255,99.810196,10.867645,107.428375,110.54393,3.1155548,59.382706,58.370647,1.0120583,39.741337,40.51244,0.7711029,26.739323,26.899073,0.15974998,55.456398,55.666878,0.21047974,32.27192,29.491121,2.780798,19.203655,18.483612,0.7200432,36.36891,33.199444,3.169468,38.69582,39.413,0.71717834,91.32982,88.20652,3.1232986,70.77565,73.65323,2.8775787,103.5768,117.52693,91.66743,107.952965,104.630135,116.457726,53.494198,63.247097,37.26615,43.758728,25.26053,28.537615,53.45587,57.877884,27.29879,31.683453,17.387976,19.579248,29.818415,36.580475,37.43344,41.392555,85.20557,91.20747,70.9849,76.321556
D0eXN6wb19lyHGlE8OOTBR6Xn7qPtrQIW_vZqXHps2E,6d6ba06cba8ad9562c54457c519093a2,179.5,1,107.98341,108.12384,0.14042664,96.58183,97.461555,0.8797226,107.907135,105.49021,2.4169235,53.8714,55.354465,1.4830666,38.51833,38.942062,0.42373276,24.298351,25.623505,1.3251534,53.781624,52.31026,1.4713631,26.57863,28.485125,1.9064941,16.899178,17.621437,0.7222595,30.884047,32.192795,1.3087482,39.012917,38.43823,0.57468796,83.27845,82.22789,1.05056,69.95185,70.28258,0.33072662,101.14877,115.09891,89.31879,105.604324,99.576416,111.40401,50.478016,60.230915,35.695774,42.18835,23.984962,27.262047,50.099255,54.521267,26.292793,30.677456,16.5258,18.717073,28.811766,35.573822,36.45867,40.417786,79.22694,85.22884,67.61425,72.950905
D0eXN6wb19lyHGlE8OOTBR6Xn7qPtrQIW_vZqXHps2E,9718f9bb759e38c496d687976ba7f012,179.5,1,107.98341,107.29482,0.688591,96.58183,96.51621,0.06562042,107.907135,104.25196,3.6551743,53.8714,54.066326,0.19492722,38.51833,37.5645,0.9538307,24.298351,25.136894,0.83854294,53.781624,52.755188,1.0264359,26.57863,27.968603,1.3899727,16.899178,17.436369,0.5371914,30.884047,31.555683,0.6716366,39.012917,38.120453,0.8924637,83.27845,82.99814,0.28031158,69.95185,69.701256,0.2505951,100.319756,114.26989,88.37344,104.65898,98.338165,110.16576,49.189877,58.942776,34.31821,40.810787,23.498352,26.775436,50.54418,54.966194,25.776272,30.160934,16.340733,18.532005,28.174654,34.936714,36.140896,40.10001,79.997185,85.99909,67.03293,72.36958
D0eXN6wb19lyHGlE8OOTBR6Xn7qPtrQIW_vZqXHps2E,4ba1a8d73327529f68a28fccab10fc57,179.5,1,107.98341,107.29482,0.688591,96.58183,96.51621,0.06562042,107.907135,104.25196,3.6551743,53.8714,54.066326,0.19492722,38.51833,37.5645,0.9538307,24.298351,25.136894,0.83854294,53.781624,52.755188,1.0264359,26.57863,27.968603,1.3899727,16.899178,17.436369,0.5371914,30.884047,31.555683,0.6716366,39.012917,38.120453,0.8924637,83.27845,82.99814,0.28031158,69.95185,69.701256,0.2505951,100.319756,114.26989,88.37344,104.65898,98.338165,110.16576,49.189877,58.942776,34.31821,40.810787,23.498352,26.775436,50.54418,54.966194,25.776272,30.160934,16.340733,18.532005,28.174654,34.936714,36.140896,40.10001,79.997185,85.99909,67.03293,72.36958
me6W9DDi6oFf_-XnSWBG6DodoIp9UmCyc4sX73d9NUk,09dbaa3516f1c83387ee81521782fd8d,157.0,0,102.241585,102.66745,0.42586517,87.63987,90.995834,3.3559647,105.506386,108.25907,2.7526855,54.53191,58.205414,3.6735039,36.29743,38.46963,2.172203,21.475498,23.144968,1.6694698,42.06916,44.432037,2.362877,23.983955,25.448202,1.4642467,15.621632,15.810427,0.18879509,27.493925,31.395037,3.9011116,33.199085,33.225147,0.026062012,68.989845,70.76212,1.7722778,60.496582,59.19361,1.3029709,95.69238,109.64252,82.853065,99.1386,102.345276,114.17287,53.328964,63.081863,35.223343,41.71592,21.506426,24.78351,42.22103,46.643044,23.25587,27.640533,14.71479,16.906063,28.014008,34.776066,31.24559,35.204704,67.76117,73.76308,56.525284,61.86194
me6W9DDi6oFf_-XnSWBG6DodoIp9UmCyc4sX73d9NUk,a353085d29235e5e16ed657cf25dd547,157.0,0,102.241585,102.62038,0.3787918,87.63987,91.1647,3.5248337,105.506386,108.598114,3.0917282,54.53191,58.30935,3.777439,36.29743,38.38149,2.0840607,21.475498,23.110966,1.6354675,42.06916,44.50436,2.4351997,23.983955,25.353552,1.3695965,15.621632,15.75755,0.13591862,27.493925,31.339333,3.8454075,33.199085,33.16883,0.030254364,68.989845,70.908844,1.9189987,60.496582,59.23758,1.2590027,95.64531,109.59544,83.021935,99.30747,102.68432,114.51191,53.4329,63.1858,35.1352,41.627777,21.472424,24.749508,42.293354,46.715366,23.16122,27.545883,14.661914,16.853188,27.958303,34.72036,31.189274,35.148388,67.90789,73.9098,56.569252,61.905907
me6W9DDi6oFf_-XnSWBG6DodoIp9UmCyc4sX73d9NUk,914ba574f1c37bb96ef05d057101d2d8,157.0,0,102.241585,98.080124,4.161461,87.63987,86.1534,1.4864731,105.506386,102.99295,2.5134354,54.53191,55.2432,0.71128845,36.29743,37.167942,0.8705139,21.475498,22.57519,1.0996914,42.06916,44.120747,2.0515862,23.983955,24.638266,0.6543102,15.621632,15.396964,0.22466755,27.493925,29.605051,2.111126,33.199085,32.749157,0.44992828,68.989845,70.131256,1.1414108,60.496582,58.475517,2.0210648,91.10506,105.05519,78.01063,94.296165,97.079155,108.906746,50.36675,60.119648,33.921654,40.41423,20.936647,24.213732,41.90974,46.331753,22.445934,26.830597,14.301328,16.4926,26.224022,32.98608,30.7696,34.728714,67.1303,73.13221,55.80719,61.143845
me6W9DDi6oFf_-XnSWBG6DodoIp9UmCyc4sX73d9NUk,81eff90ea13f1e9ce4e87a590a4ffa94,157.0,0,102.241585,99.32786,2.9137268,87.63987,88.08824,0.4483719,105.506386,104.646286,0.8600998,54.53191,55.884148,1.3522377,36.29743,37.080956,0.7835274,21.475498,22.494318,1.0188198,42.06916,44.064148,1.9949875,23.983955,24.5666,0.5826454,15.621632,15.269915,0.351717,27.493925,29.877106,2.3831806,33.199085,32.644573,0.554512,68.989845,70.14104,1.1511917,60.496582,58.299656,2.196926,92.35279,106.302925,79.94547,96.23101,98.73249,110.56008,51.007698,60.760597,33.834667,40.327244,20.855776,24.13286,41.85314,46.275154,22.37427,26.758932,14.174278,16.365551,26.496077,33.258133,30.665016,34.62413,67.14008,73.14199,55.63133,60.967983
me6W9DDi6oFf_-XnSWBG6DodoIp9UmCyc4sX73d9NUk,51fafc34008524c12c95890a8fd00751,157.0,0,102.241585,106.34778,4.1061935,87.63987,94.05308,6.413208,105.506386,110.05257,4.5461807,54.53191,58.853024,4.3211136,36.29743,38.5168,2.2193718,21.475498,23.187243,1.7117443,42.06916,43.721413,1.6522522,23.983955,26.000553,2.0165977,15.621632,16.132824,0.5111923,27.493925,32.53995,5.046026,33.199085,33.564373,0.36528778,68.989845,69.25585,0.26600647,60.496582,58.475517,2.0210648,99.37271,113.322845,85.91031,102.19585,104.13877,115.96636,53.976574,63.729473,35.27051,41.76309,21.5487,24.825785,41.510406,45.93242,23.808222,28.192884,15.037188,17.22846,29.158922,35.920982,31.584816,35.54393,66.2549,72.256805,55.80719,61.143845
me6W9DDi6oFf_-XnSWBG6DodoIp9UmCyc4sX73d9NUk,84025dc8665f54a05c4fd9907e76a491,157.0,0,102.241585,99.21264,3.028946,87.63987,87.21159,0.42827606,105.506386,105.26664,0.2397461,54.53191,56.694324,2.1624146,36.29743,37.72716,1.4297333,21.475498,22.782883,1.3073845,42.06916,44.299976,2.230816,23.983955,24.845144,0.8611889,15.621632,15.51667,0.104961395,27.493925,30.230228,2.7363033,33.199085,32.711617,0.48746872,68.989845,70.65453,1.6646881,60.496582,58.602528,1.8940544,92.23757,106.187706,79.068825,95.35436,99.352844,111.180435,51.817875,61.570774,34.480873,40.97345,21.14434,24.421425,42.08897,46.510983,22.652813,27.037476,14.421034,16.612307,26.8492,33.61126,30.73206,34.691174,67.65358,73.65549,55.9342,61.270855
me6W9DDi6oFf_-XnSWBG6DodoIp9UmCyc4sX73d9NUk,6d96d3e807fd117228e058fc3a03e090,157.0,0,102.241585,101.78574,0.45584106,87.63987,90.56753,2.927658,105.506386,103.99031,1.5160751,54.53191,55.005344,0.47343445,36.29743,36.71407,0.41664124,21.475498,22.412527,0.9370289,42.06916,43.979248,1.9100876,23.983955,24.977654,0.9936981,15.621632,15.517405,0.104227066,27.493925,30.212324,2.718399,33.199085,33.1152,0.08388519,68.989845,69.78892,0.79907227,60.496582,58.20684,2.2897415,94.81068,108.76081,82.42476,98.7103,98.076515,109.904106,50.128895,59.881794,33.46778,39.960358,20.773985,24.05107,41.76824,46.190254,22.785322,27.169985,14.421768,16.61304,26.831295,33.593353,31.135643,35.094757,66.787964,72.78987,55.538513,60.875168
me6W9DDi6oFf_-XnSWBG6DodoIp9UmCyc4sX73d9NUk,4227c053ef7a696dfc19a1edd41b6e7d,157.0,0,102.241585,96.214134,6.0274506,87.63987,82.84632,4.7935486,105.506386,100.88732,4.6190643,54.53191,54.236057,0.29585266,36.29743,36.375793,0.078365326,21.475498,22.305923,0.83042526,42.06916,44.337708,2.268547,23.983955,24.607166,0.6232109,15.621632,15.549718,0.07191372,27.493925,29.350903,1.8569775,33.199085,32.491722,0.7073631,68.989845,70.59096,1.6011124,60.496582,57.32754,3.1690407,89.23907,103.1892,74.70355,90.98909,94.973526,106.80112,49.359608,59.112507,33.129505,39.62208,20.667381,23.944466,42.1267,46.548714,22.414835,26.799498,14.454082,16.645355,25.969873,32.731934,30.512165,34.47128,67.590004,73.59191,54.659214,59.99587
me6W9DDi6oFf_-XnSWBG6DodoIp9UmCyc4sX73d9NUk,cf8400e79e936926a50f3bfd258dd431,157.0,0,102.241585,95.15187,7.089714,87.63987,82.25752,5.382347,105.506386,98.4833,7.0230865,54.53191,52.384922,2.146988,36.29743,35.403103,0.89432526,21.475498,21.905241,0.4297428,42.06916,44.07358,2.0044212,23.983955,24.159605,0.17564964,15.621632,15.286072,0.33555984,27.493925,28.44273,0.94880486,33.199085,32.336185,0.8628998,68.989845,70.03833,1.0484848,60.496582,57.02467,3.4719124,88.1768,102.12694,74.11475,90.40029,92.5695,104.397095,47.508472,57.26137,32.156815,38.64939,20.266699,23.543783,41.862576,46.284588,21.967274,26.351936,14.190435,16.381708,25.0617,31.82376,30.356628,34.315742,67.03738,73.03928,54.356342,59.692997
me6W9DDi6oFf_-XnSWBG6DodoIp9UmCyc4sX73d9NUk,5432cc3d3840c6c422262da7525fa6cd,157.0,0,102.241585,95.534065,6.7075195,87.63987,82.46687,5.1729965,105.506386,99.87633,5.6300583,54.53191,53.76942,0.7624893,36.29743,36.426826,0.12939835,21.475498,22.3096,0.83410263,42.06916,44.10188,2.0327187,23.983955,24.50846,0.5245037,15.621632,15.405777,0.21585464,27.493925,29.060448,1.5665226,33.199085,32.580215,0.6188698,68.989845,70.087234,1.0973892,60.496582,57.586445,2.9101372,88.559,102.50913,74.324104,90.60964,93.96253,105.79012,48.89297,58.64587,33.18054,39.673115,20.671059,23.948143,41.890873,46.312885,22.316128,26.70079,14.310141,16.501413,25.679419,32.441475,30.600658,34.559772,67.08628,73.08819,54.918118,60.254772
me6W9DDi6oFf_-XnSWBG6DodoIp9UmCyc4sX73d9NUk,aea597cdae628166225e281fce184902,157.0,0,102.241585,95.15187,7.089714,87.63987,82.25752,5.382347,105.506386,98.4833,7.0230865,54.53191,52.384922,2.146988,36.29743,35.403103,0.89432526,21.475498,21.905241,0.4297428,42.06916,44.07358,2.0044212,23.983955,24.159605,0.17564964,15.621632,15.286072,0.33555984,27.493925,28.44273,0.94880486,33.199085,32.336185,0.8628998,68.989845,70.03833,1.0484848,60.496582,57.02467,3.4719124,88.1768,102.12694,74.11475,90.40029,92.5695,104.397095,47.508472,57.26137,32.156815,38.64939,20.266699,23.543783,41.862576,46.284588,21.967274,26.351936,14.190435,16.381708,25.0617,31.82376,30.356628,34.315742,67.03738,73.03928,54.356342,59.692997
me6W9DDi6oFf_-XnSWBG6DodoIp9UmCyc4sX73d9NUk,c0124a67ef63f56bef39351c40a15bb7,157.0,0,102.241585,95.15187,7.089714,87.63987,82.25752,5.382347,105.506386,98.4833,7.0230865,54.53191,52.384922,2.146988,36.29743,35.403103,0.89432526,21.475498,21.905241,0.4297428,42.06916,44.07358,2.0044212,23.983955,24.159605,0.17564964,15.621632,15.286072,0.33555984,27.493925,28.44273,0.94880486,33.199085,32.336185,0.8628998,68.989845,70.03833,1.0484848,60.496582,57.02467,3.4719124,88.1768,102.12694,74.11475,90.40029,92.5695,104.397095,47.508472,57.26137,32.156815,38.64939,20.266699,23.543783,41.862576,46.284588,21.967274,26.351936,14.190435,16.381708,25.0617,31.82376,30.356628,34.315742,67.03738,73.03928,54.356342,59.692997
me6W9DDi6oFf_-XnSWBG6DodoIp9UmCyc4sX73d9NUk,08c91bdf0901111efbac55765a74b3a1,157.0,0,102.241585,95.15187,7.089714,87.63987,82.25752,5.382347,105.506386,98.4833,7.0230865,54.53191,52.384922,2.146988,36.29743,35.403103,0.89432526,21.475498,21.905241,0.4297428,42.06916,44.07358,2.0044212,23.983955,24.159605,0.17564964,15.621632,15.286072,0.33555984,27.493925,28.44273,0.94880486,33.199085,32.336185,0.8628998,68.989845,70.03833,1.0484848,60.496582,57.02467,3.4719124,88.1768,102.12694,74.11475,90.40029,92.5695,104.397095,47.508472,57.26137,32.156815,38.64939,20.266699,23.543783,41.862576,46.284588,21.967274,26.351936,14.190435,16.381708,25.0617,31.82376,30.356628,34.315742,67.03738,73.03928,54.356342,59.692997
me6W9DDi6oFf_-XnSWBG6DodoIp9UmCyc4sX73d9NUk,bbbed2c9f6297249d280a1fff2bb7308,157.0,0,102.241585,96.27596,5.965622,87.63987,83.729515,3.9103546,105.506386,101.761955,3.7444305,54.53191,54.29469,0.23722076,36.29743,36.04486,0.2525673,21.475498,22.147856,0.67235756,42.06916,44.567245,2.498085,23.983955,24.240734,0.25677872,15.621632,15.413121,0.2085104,27.493925,28.96794,1.4740143,33.199085,32.153835,1.0452499,68.989845,71.148476,2.1586304,60.496582,57.46432,3.032261,89.300896,103.25103,75.58675,91.872284,95.84816,107.67575,49.41824,59.17114,32.798573,39.29115,20.509314,23.786398,42.35624,46.77825,22.048403,26.433065,14.317485,16.508759,25.58691,32.34897,30.174278,34.133392,68.14752,74.14943,54.795994,60.13265
me6W9DDi6oFf_-XnSWBG6DodoIp9UmCyc4sX73d9NUk,8d57c3c288952165e019133e05ca2d29,157.0,0,102.241585,105.53844,3.296852,87.63987,93.60167,5.9617996,105.506386,108.17554,2.6691513,54.53191,57.107407,2.5754967,36.29743,37.278896,0.9814682,21.475498,22.708445,1.2329464,42.06916,44.20879,2.1396294,23.983955,25.649672,1.6657162,15.621632,16.107489,0.485857,27.493925,31.76308,4.2691555,33.199085,33.273415,0.074329376,68.989845,70.351326,1.3614807,60.496582,57.85512,2.6414604,98.56337,112.513504,85.4589,101.74444,102.26174,114.08933,52.230957,61.983856,34.032608,40.525185,21.069902,24.346987,41.997784,46.419796,23.45734,27.842003,15.011852,17.203125,28.382051,35.14411,31.293858,35.25297,67.35037,73.35228,55.186794,60.52345
me6W9DDi6oFf_-XnSWBG6DodoIp9UmCyc4sX73d9NUk,27c8182d442326ee0003f5765137fbc8,157.0,0,102.241585,104.869606,2.6280212,87.63987,93.27619,5.636322,105.506386,106.335365,0.8289795,54.53191,55.92945,1.397541,36.29743,36.80415,0.5067215,21.475498,22.509941,1.0344429,42.06916,44.13018,2.06102,23.983955,25.499582,1.5156269,15.621632,15.963181,0.34154892,27.493925,31.24384,3.7499142,33.199085,33.352524,0.15343857,68.989845,70.09213,1.1022873,60.496582,57.94305,2.5535316,97.89454,111.84467,85.13342,101.41896,100.42157,112.24916,51.053,60.8059,33.55786,40.050438,20.871399,24.148483,41.919174,46.341187,23.307251,27.691914,14.867544,17.058817,27.86281,34.62487,31.372967,35.33208,67.09118,73.09309,55.274723,60.611378
me6W9DDi6oFf_-XnSWBG6DodoIp9UmCyc4sX73d9NUk,3e03545d824a538bd7eb7a538d3e0d00,157.0,0,102.241585,96.72841,5.513176,87.63987,83.48091,4.1589584,105.506386,100.956116,4.55027,54.53191,54.54462,0.012710571,36.29743,37.257248,0.9598198,21.475498,22.660656,1.1851578,42.06916,43.86605,1.7968903,23.983955,24.838383,0.85442734,15.621632,15.558531,0.063100815,27.493925,29.555813,2.0618877,33.199085,32.875195,0.3238907,68.989845,69.62264,0.63279724,60.496582,58.104256,2.3923264,89.75334,103.703476,75.33814,91.62368,95.04232,106.86991,49.66817,59.42107,34.01096,40.503536,21.022114,24.299198,41.655045,46.077057,22.646051,27.030714,14.462894,16.654167,26.174784,32.936844,30.895638,34.85475,66.62169,72.6236,55.43593,60.772583
oHv-WsmLya2pGjXGy7Mwj9Zcw_Wh1D7VjiZDysIuTL4,d283a23dfaca723b768b6a1270105211,186.2,1,104.72886,104.377815,0.3510437,98.59309,91.48854,7.1045456,108.24613,104.01488,4.2312546,58.210106,55.010006,3.2001,40.65252,39.106754,1.5457649,26.663021,26.141819,0.5212021,50.39827,53.88716,3.4888916,26.99121,28.366135,1.3749237,18.151455,17.928411,0.22304344,31.82593,31.596964,0.22896576,35.840496,38.45834,2.6178436,82.59359,84.929886,2.336296,73.082664,71.40124,1.681427,97.40275,111.35288,83.34577,99.63131,98.10108,109.92867,50.133556,59.886456,35.860466,42.353043,24.503277,27.780361,51.676155,56.098167,26.173803,30.558466,16.832775,19.024048,28.215935,34.977993,36.478783,40.437897,81.92893,87.93084,68.73291,74.069565
oHv-WsmLya2pGjXGy7Mwj9Zcw_Wh1D7VjiZDysIuTL4,fe967714e845eac0368f2622bcaebcfe,186.2,1,104.72886,107.87092,3.1420593,98.59309,96.53257,2.0605164,108.24613,107.010994,1.2351379,58.210106,56.337204,1.8729019,40.65252,39.36655,1.2859688,26.663021,26.22269,0.4403305,50.39827,54.343094,3.9448242,26.99121,28.72851,1.737299,18.151455,17.998178,0.15327644,31.82593,32.272373,0.44644356,35.840496,38.77209,2.9315948,82.59359,85.86397,3.270378,73.082664,72.07537,1.0072937,100.89585,114.845985,88.3898,104.67534,101.0972,112.92479,51.460754,61.213654,36.120262,42.61284,24.584148,27.861233,52.132088,56.5541,26.536179,30.920841,16.902542,19.093815,28.891344,35.653404,36.792534,40.751648,82.863014,88.86492,69.40704,74.7437
oHv-WsmLya2pGjXGy7Mwj9Zcw_Wh1D7VjiZDysIuTL4,94ee7ae08463402fe1b9efe0e0a5c43e,186.2,1,104.72886,107.60676,2.8778992,98.59309,95.41058,3.1825027,108.24613,106.6523,1.5938339,58.210106,56.887543,1.3225632,40.65252,40.173775,0.4787445,26.663021,26.491037,0.17198372,50.39827,53.846283,3.4480133,26.99121,29.159845,2.1686344,18.151455,18.146526,0.004928589,31.82593,32.775696,0.94976616,35.840496,38.962486,3.1219902,82.59359,84.95434,2.3607483,73.082664,71.923935,1.1587296,100.63169,114.581825,87.267815,103.55335,100.7385,112.56609,52.011093,61.763992,36.927486,43.420063,24.852495,28.12958,51.635277,56.05729,26.967514,31.352177,17.05089,19.242163,29.394667,36.156723,36.98293,40.942043,81.953384,87.95529,69.25561,74.59226
oHv-WsmLya2pGjXGy7Mwj9Zcw_Wh1D7VjiZDysIuTL4,b2cfe9596363f59f6dd28fc531b1c790,186.2,1,104.72886,108.388,3.6591415,98.59309,97.33726,1.2558289,108.24613,107.8758,0.3703308,58.210106,56.800926,1.4091797,40.65252,39.734596,0.917923,26.663021,26.454277,0.20874405,50.39827,54.839905,4.441635,26.99121,28.885359,1.8941479,18.151455,18.169292,0.017837524,31.82593,32.39174,0.56580925,35.840496,38.89008,3.0495834,82.59359,86.661125,4.0675354,73.082664,72.49059,0.59207153,101.41293,115.36307,89.19449,105.48003,101.962006,113.7896,51.924477,61.677376,36.488308,42.980885,24.815735,28.09282,52.6289,57.05091,26.693027,31.07769,17.073656,19.264929,29.01071,35.772766,36.910522,40.869637,83.66017,89.66208,69.822266,75.15892
oHv-WsmLya2pGjXGy7Mwj9Zcw_Wh1D7VjiZDysIuTL4,2bd86223c497b9cf75d0e53c62ec32e8,186.2,1,104.72886,112.5134,7.7845383,98.59309,103.61775,5.024666,108.24613,110.445656,2.199524,58.210106,58.13079,0.079315186,40.65252,41.20678,0.55426025,26.663021,26.834742,0.1717205,50.39827,53.88716,3.4888916,26.99121,29.74803,2.7568188,18.151455,18.511518,0.36006355,31.82593,33.475975,1.6500454,35.840496,39.573895,3.7333984,82.59359,84.84186,2.2482681,73.082664,73.19404,0.1113739,105.53833,119.488464,95.47498,111.76052,104.53186,116.35945,53.25434,63.00724,37.96049,44.453068,25.1962,28.473284,51.676155,56.098167,27.555698,31.940361,17.415882,19.607155,30.094946,36.857002,37.594337,41.55345,81.840904,87.84281,70.52571,75.862366
oHv-WsmLya2pGjXGy7Mwj9Zcw_Wh1D7VjiZDysIuTL4,8d9f785e170fffc77c8cb48f466b44ef,186.2,1,104.72886,108.94442,4.215561,98.59309,98.240074,0.35301208,108.24613,107.90037,0.34576416,58.210106,56.55574,1.6543655,40.65252,39.30624,1.3462791,26.663021,26.160198,0.5028229,50.39827,54.45629,4.0580215,26.99121,28.821808,1.8305969,18.151455,18.134777,0.016677856,31.82593,32.3987,0.5727711,35.840496,38.76941,2.928913,82.59359,86.04003,3.4464417,73.082664,72.0314,1.0512619,101.96935,115.91949,90.097305,106.38284,101.98657,113.81416,51.67929,61.43219,36.05995,42.55253,24.521656,27.79874,52.245285,56.667297,26.629477,31.01414,17.03914,19.230413,29.017672,35.77973,36.789852,40.748966,83.03908,89.040985,69.363075,74.69973
oHv-WsmLya2pGjXGy7Mwj9Zcw_Wh1D7VjiZDysIuTL4,47c29e3552658a6a7ddd2209c56cb83b,186.2,1,104.72886,106.957596,2.2287369,98.59309,94.668045,3.9250412,108.24613,106.35256,1.89357,58.210106,56.70365,1.5064545,40.65252,40.21398,0.4385376,26.663021,26.505741,0.15727997,50.39827,53.682777,3.2845078,26.99121,29.051674,2.060463,18.151455,18.107603,0.043851852,31.82593,32.640415,0.81448555,35.840496,38.89008,3.0495834,82.59359,84.65602,2.0624313,73.082664,71.82135,1.2613144,99.98253,113.93266,86.525276,102.810814,100.43877,112.26636,51.8272,61.5801,36.967693,43.46027,24.867199,28.144283,51.47177,55.893784,26.859343,31.244005,17.011967,19.20324,29.259386,36.021446,36.910522,40.869637,81.65507,87.656975,69.15302,74.48968
TW6ZaAGWau_uKoWlAo0V68CkLwuOtK7LynFsYNKLZNo,57e9e3809982138f714280bae16c0c3f,190.5,1,112.18412,112.94055,0.7564316,104.209045,104.31122,0.10217285,109.68788,111.02055,1.3326721,54.159115,57.512497,3.353382,38.61452,39.699028,1.084507,26.167418,26.456116,0.2886982,54.14206,55.459347,1.3172874,28.040785,29.273426,1.2326412,17.369167,18.345547,0.9763794,30.582558,32.996525,2.4139671,38.81147,39.426407,0.6149368,86.50148,87.76148,1.2600021,72.831314,73.506676,0.67536163,105.965485,119.91562,96.16845,112.45399,105.10676,116.93435,52.636047,62.388947,36.45274,42.945316,24.817574,28.094658,53.24834,57.670353,27.081095,31.465757,17.24991,19.441183,29.615496,36.377556,37.44685,41.405964,84.76053,90.762436,70.83835,76.175
TW6ZaAGWau_uKoWlAo0V68CkLwuOtK7LynFsYNKLZNo,5d79f5383347ff2de68b74757d88adac,190.5,1,112.18412,111.10829,1.0758286,104.209045,101.4392,2.769844,109.68788,109.924805,0.23692322,54.159115,57.09941,2.9402962,38.61452,39.136135,0.5216141,26.167418,26.253937,0.08651924,54.14206,55.58512,1.4430618,28.040785,28.901585,0.8607998,17.369167,18.152401,0.78323364,30.582558,32.60361,2.0210533,38.81147,39.048298,0.23682785,86.50148,88.10382,1.6023407,72.831314,72.87651,0.045196533,104.133224,118.08336,93.29643,109.58197,104.01101,115.8386,52.22296,61.97586,35.889847,42.382423,24.615395,27.892479,53.374115,57.796127,26.709253,31.093916,17.056765,19.248037,29.222582,35.984642,37.06874,41.027855,85.10287,91.104774,70.20818,75.54484
dfAi3WWpAhDCTklcMbrId_SBtZBCRCiJz-E2GUW5kbU,603642dd6d520798aea5bceff3099e89,174.5,1,106.67541,105.39512,1.2802887,99.81414,92.952354,6.861786,106.10041,102.42592,3.674492,56.326183,54.557613,1.76857,35.89168,38.612675,2.720993,23.104618,25.144247,2.039629,48.809532,50.517967,1.708435,30.823149,28.324219,2.49893,17.473024,17.40479,0.06823349,34.413567,32.174892,2.2386742,36.677097,37.9314,1.254303,77.18961,79.04295,1.8533401,66.5158,68.050125,1.5343246,98.42005,112.370186,84.809586,101.09512,96.51212,108.339714,49.681164,59.434063,35.366386,41.858963,23.505705,26.78279,48.30696,52.728973,26.131887,30.51655,16.309155,18.500427,28.793863,35.555923,35.951843,39.910957,76.042,82.04391,65.3818,70.71845
dfAi3WWpAhDCTklcMbrId_SBtZBCRCiJz-E2GUW5kbU,2b1e74363cd80f3cbac1d4388c983c9e,174.5,1,106.67541,105.67614,0.9992676,99.81414,93.57877,6.235367,106.10041,102.51006,3.5903473,56.326183,54.629234,1.696949,35.89168,38.9351,3.043419,23.104618,25.277042,2.1724243,48.809532,50.350925,1.5413933,30.823149,28.390474,2.4326744,17.473024,17.384962,0.08806229,34.413567,32.16196,2.251606,36.677097,38.058777,1.3816795,77.18961,78.70887,1.5192566,66.5158,68.440926,1.9251251,98.70107,112.65121,85.436005,101.72154,96.59627,108.42386,49.752785,59.505684,35.688812,42.18139,23.6385,26.915585,48.13992,52.56193,26.198143,30.582806,16.289326,18.480598,28.780931,35.54299,36.07922,40.038334,75.70792,81.70982,65.7726,71.10925
n4BK7cRJclRIbsDzzYnvMCsuAwJrnvrM8RS8dgUrkyQ,3767a662f5eed6dd4986fa44275d5658,188.7,1,107.78979,107.72198,0.06781006,93.46137,95.77695,2.3155746,110.765236,108.308205,2.4570312,58.76112,57.30729,1.4538307,40.286133,39.833565,0.45256805,26.543072,26.527798,0.015274048,54.1899,55.07259,0.8826904,29.303291,28.91105,0.39224052,18.526823,18.163418,0.36340523,31.516472,32.568798,1.0523262,39.151306,38.841812,0.30949402,85.54441,87.22842,1.6840057,73.78053,72.37335,1.4071808,100.74691,114.697044,87.63418,103.919716,102.39441,114.222,52.43084,62.18374,36.587276,43.079853,24.889256,28.16634,52.861584,57.283596,26.71872,31.103382,17.067781,19.259054,29.187769,35.94983,36.862255,40.82137,84.22746,90.22937,69.705025,75.04168
VcmahEYVpQrUE-nues0J-16TIGPVG1bCIpDG8YOLRSI,a7c28cf0caeca796e1e3c1f0c8c315cf,157.3,0,89.758385,91.59976,1.8413773,78.49636,78.29296,0.20339966,103.83753,97.861725,5.975807,56.39836,52.863968,3.5343933,37.721203,36.07579,1.6454124,24.394684,22.15337,2.241314,44.165905,44.18678,0.020874023,25.168592,23.859428,1.309164,16.083628,15.196476,0.8871517,28.935047,27.92349,1.0115566,32.503433,31.955397,0.5480366,69.01102,70.341545,1.3305283,57.751717,57.185875,0.5658417,84.624695,98.57483,70.15019,86.43573,91.94793,103.77552,47.98752,57.740417,32.829502,39.32208,20.514828,23.791912,41.975773,46.397785,21.667097,26.05176,14.10084,16.292112,24.542461,31.30452,29.97584,33.93495,67.34059,73.3425,54.517548,59.854202
3jiT5VXoF7XsjFrpxd7yjRdPORLXRC9yl-frqqzegzU,6b260322c2d302f4671b1635b1910a57,185.0,1,109.07734,109.36034,0.28299713,92.969185,98.48214,5.5129547,106.472305,107.64486,1.172554,56.26471,56.029392,0.23531723,39.77256,38.47118,1.3013802,25.67556,25.843143,0.16758347,53.282867,54.896503,1.613636,28.325567,28.744736,0.41916847,18.55751,18.133307,0.42420387,31.910753,32.42655,0.51579857,39.046284,38.697002,0.3492813,86.152176,86.81273,0.660553,69.81909,71.31819,1.4990997,102.38527,116.3354,90.33937,106.62491,101.731064,113.558655,51.152943,60.90584,35.22489,41.71747,24.204601,27.481686,52.685497,57.10751,26.552404,30.937067,17.03767,19.228943,29.045523,35.80758,36.717445,40.67656,83.811775,89.81368,68.649864,73.98652
THEwqU40js1n9THdzHKyVX6jgnrohfzOOWqALF-UYFA,6b8e67a93f28e163a47b63ad373537cb,159.75,0,101.782074,94.4718,7.310272,81.71567,81.26965,0.4460144,100.28188,98.52753,1.7543564,53.05687,52.947918,0.10895157,37.670544,36.11986,1.5506821,22.778587,22.381283,0.39730453,45.405804,44.944572,0.46123123,26.050995,24.561193,1.4898014,16.047882,15.478482,0.56939983,29.324492,28.711304,0.6131878,33.281273,32.79743,0.48384476,70.505974,71.39789,0.89191437,62.35364,58.270348,4.083294,87.496735,101.44687,73.126884,89.41242,92.61373,104.44132,48.07147,57.824368,32.873573,39.36615,20.74274,24.019825,42.733566,47.15558,22.368862,26.753525,14.382846,16.57412,25.330275,32.09233,30.817871,34.776985,68.396935,74.39884,55.60202,60.938675
THEwqU40js1n9THdzHKyVX6jgnrohfzOOWqALF-UYFA,ead2b2774a1f11371735cd138db5beed,159.75,0,101.782074,99.65103,2.1310425,81.71567,87.412766,5.697098,100.28188,99.775604,0.506279,53.05687,52.595463,0.4614067,37.670544,36.208782,1.4617615,22.778587,22.507185,0.27140236,45.405804,44.806217,0.5995865,26.050995,25.022274,1.0287209,16.047882,15.728175,0.31970692,29.324492,29.229548,0.094944,33.281273,33.554985,0.27371216,70.505974,70.79636,0.2903824,62.35364,59.091026,3.2626152,92.675964,106.6261,79.27,95.555534,93.86181,105.6894,47.719013,57.471912,32.962494,39.45507,20.868643,24.145727,42.59521,47.017223,22.829943,27.214605,14.632539,16.82381,25.848518,32.610577,31.575428,35.534542,67.7954,73.79731,56.4227,61.759354
3dexwlFNR0_Q_g3P3X6qYvlJDqalSsaRUSW0Gb9ARxM,0c04352beb4c66741b179414518a4cf5,172.7,1,110.75081,110.11347,0.63733673,105.711784,99.79712,5.914665,105.35796,104.62663,0.7313309,55.198685,54.80713,0.3915558,38.27287,38.603397,0.33052826,25.786667,25.06843,0.7182369,51.324535,50.300613,1.023922,26.146296,28.801527,2.6552315,16.986887,17.741142,0.7542553,29.803297,32.851295,3.0479984,39.29878,38.3618,0.9369774,81.7807,78.51005,3.2706528,65.8707,68.10875,2.2380524,103.138405,117.08854,91.65435,107.93989,98.71284,110.54043,49.93068,59.68358,35.35711,41.849686,23.429888,26.706972,48.089607,52.51162,26.609196,30.993858,16.645506,18.836779,29.470266,36.232323,36.382244,40.34136,75.509094,81.511,65.44042,70.77708
M9VAAnHg45vZQEy5PFtkbS_mlS0KKYpuUVM_rbe3jXA,a13ead776138d8049d5c8c36611abf01,182.0,1,109.96044,111.810844,1.8504028,96.1775,102.00838,5.830879,103.99135,109.7086,5.7172546,53.42824,57.25132,3.8230782,39.54016,39.28923,0.2509308,25.988958,25.927692,0.061265945,51.542072,53.884018,2.3419456,28.087437,29.253143,1.1657066,18.344107,18.348484,0.004377365,31.074608,33.300903,2.2262955,38.75965,38.865948,0.10629654,80.861015,85.07171,4.2106934,71.916954,71.10814,0.808815,104.83578,118.78591,93.86561,110.151146,103.79481,115.6224,52.37487,62.12777,36.042942,42.53552,24.28915,27.566235,51.67301,56.095024,27.060812,31.445475,17.252848,19.44412,29.919874,36.68193,36.88639,40.845505,82.070755,88.07266,68.43981,73.77647
qO2JJJ3Ee8e_vihSLCUd_lLPfQfBkBsw3tFVMmy94MI,808eada13e547c28e8dd50a116fb2216,162.4,0,91.28644,89.677574,1.6088638,84.19041,76.99761,7.192795,103.57152,94.76119,8.810326,57.369015,49.74918,7.619835,37.126026,33.74999,3.3760376,23.298073,21.62219,1.6758823,47.791798,46.321804,1.4699936,25.692978,23.052197,2.6407814,16.150124,14.952658,1.1974659,29.110115,26.23248,2.877636,33.422047,31.756956,1.6650906,75.50958,74.06076,1.448822,58.986794,57.469208,1.5175858,82.70251,96.65264,68.85484,85.14038,88.8474,100.67499,44.87273,54.62563,30.5037,36.996277,19.983648,23.260733,44.110798,48.53281,20.859865,25.244528,13.857021,16.048294,22.85145,29.613508,29.7774,33.73651,71.05981,77.061714,54.80088,60.137535
qO2JJJ3Ee8e_vihSLCUd_lLPfQfBkBsw3tFVMmy94MI,6ba249bed0dacdacdd8023f6a26d33f8,162.4,0,91.28644,89.28414,2.0022964,84.19041,76.546196,7.644211,103.57152,97.065704,6.5058136,57.369015,51.91054,5.458473,37.126026,35.20207,1.9239578,23.298073,22.10742,1.1906528,47.791798,46.167732,1.6240654,25.692978,23.295584,2.3973942,16.150124,15.034909,1.1152143,29.110115,26.811403,2.2987118,33.422047,31.735502,1.6865444,75.50958,73.95806,1.5515213,58.986794,58.07983,0.90696335,82.309074,96.25921,68.40343,84.688965,91.15191,102.9795,47.034092,56.78699,31.95578,38.448357,20.468878,23.745962,43.956726,48.37874,21.103252,25.487915,13.939273,16.130547,23.430374,30.192432,29.755945,33.715057,70.95711,76.959015,55.411503,60.748158
qO2JJJ3Ee8e_vihSLCUd_lLPfQfBkBsw3tFVMmy94MI,1f931543c0b97d40fde7669024ca0cb2,162.4,0,91.28644,88.85699,2.429451,84.19041,76.72938,7.461029,103.57152,95.76358,7.8079376,57.369015,50.479404,6.8896103,37.126026,34.18917,2.9368553,23.298073,21.704899,1.593174,47.791798,46.277786,1.5140114,25.692978,22.843966,2.8490124,16.150124,14.813123,1.3370008,29.110115,26.085262,3.0248528,33.422047,31.512928,1.9091187,75.50958,74.15613,1.3534546,58.986794,57.713455,1.2733383,81.88192,95.832054,68.58661,84.87215,89.849785,101.677376,45.602955,55.355854,30.942883,37.43546,20.066357,23.343441,44.06678,48.488792,20.651634,25.036297,13.717486,15.908759,22.704233,29.466291,29.533371,33.492485,71.155174,77.15708,55.045128,60.381783
qO2JJJ3Ee8e_vihSLCUd_lLPfQfBkBsw3tFVMmy94MI,c24ba48864497e7c16acc2dc2d7e5616,162.4,0,91.28644,91.68407,0.39762878,84.19041,78.449974,5.7404327,103.57152,97.24751,6.324005,57.369015,51.849247,5.5197678,37.126026,34.93454,2.1914864,23.298073,22.083527,1.2145462,47.791798,46.249485,1.5423126,25.692978,23.798582,1.8943958,16.150124,15.31251,0.83761406,29.110115,27.50571,1.6044044,33.422047,32.14579,1.2762566,75.50958,73.90427,1.6053162,58.986794,57.86489,1.1219025,84.709,98.659134,70.307205,86.59274,91.33372,103.16131,46.972797,56.725697,31.688251,38.18083,20.444984,23.722069,44.03848,48.46049,21.60625,25.990913,14.216873,16.408146,24.124681,30.88674,30.166233,34.125347,70.90331,76.90522,55.196564,60.53322
qO2JJJ3Ee8e_vihSLCUd_lLPfQfBkBsw3tFVMmy94MI,cc3fa5a6b25d01dc947ce75ff761ca3a,162.4,0,91.28644,93.10042,1.8139801,84.19041,80.582726,3.6076813,103.57152,99.56186,4.009659,57.369015,53.57121,3.7978058,37.126026,36.473217,0.65280914,23.298073,22.553135,0.7449379,47.791798,45.56401,2.227787,25.692978,24.159605,1.5333729,16.150124,15.26918,0.8809433,29.110115,28.243788,0.8663273,33.422047,32.491722,0.93032455,75.50958,72.76234,2.7472458,58.986794,58.949364,0.03742981,86.12535,100.075485,72.43996,88.725494,93.64806,105.475655,48.69476,58.44766,33.22693,39.719505,20.914593,24.191677,43.353004,47.775017,21.967274,26.351936,14.173544,16.364817,24.862759,31.624817,30.512165,34.47128,69.76138,75.76329,56.281036,61.61769
qO2JJJ3Ee8e_vihSLCUd_lLPfQfBkBsw3tFVMmy94MI,32ccdd21fa4b026567af464a2b73bf80,162.4,0,91.28644,92.55524,1.2687988,84.19041,78.84251,5.3479004,103.57152,97.846985,5.724533,57.369015,52.728714,4.6403008,37.126026,36.190224,0.93580246,23.298073,22.554972,0.7431011,47.791798,45.79984,1.9919586,25.692978,24.390821,1.3021564,16.150124,15.546046,0.60407734,29.110115,28.225883,0.88423157,33.422047,32.65798,0.7640648,75.50958,73.00687,2.502716,58.986794,58.680687,0.30610657,85.58017,99.530304,70.69974,86.985275,91.93319,103.76078,47.852264,57.605164,32.943935,39.436512,20.91643,24.193514,43.588833,48.010845,22.19849,26.583153,14.45041,16.641682,24.844854,31.606913,30.678425,34.63754,70.00591,76.00782,56.01236,61.349014
bMHM7SdGME-vAeg4QMc9bvY3jgg3t360D0VHzjHE3jI,1c104a5db4158ac6e877b5b69a9792d8,175.5,1,114.3901,104.8949,9.495201,86.46251,91.48854,5.0260315,102.34955,102.4078,0.058250427,54.731712,54.157978,0.5737343,38.048573,37.493607,0.554966,26.21054,24.996288,1.2142525,52.594395,52.03041,0.5639839,30.108883,28.305288,1.8035946,18.491638,17.691204,0.8004341,32.620853,32.110233,0.5106201,39.7996,37.873745,1.9258537,82.44,81.66548,0.7745209,67.26575,67.871826,0.6060791,97.91983,111.869965,83.34577,99.63131,96.494,108.321594,49.28153,59.034428,34.24732,40.739895,23.357746,26.63483,49.819405,54.241417,26.112957,30.49762,16.595568,18.78684,28.729204,35.491264,35.894188,39.853302,78.66453,84.666435,65.2035,70.54015
OAbrCqaAW3pJE5CZ4IQFZbVuacN5J6rhE7eBJqme8HA,a4433bf37d108818830bce3021d4a974,172.0,0,113.7863,100.998535,12.7877655,96.16659,90.04446,6.1221313,112.37951,104.89811,7.4813995,50.55071,54.92206,4.3713493,35.36827,35.95749,0.58921814,23.762625,23.272709,0.48991585,50.029804,50.3466,0.31679535,23.651894,25.367748,1.7158546,15.954693,16.112997,0.15830421,26.089796,29.615496,3.5256996,33.339046,34.292435,0.9533882,81.24213,80.81209,0.43003845,64.67059,63.267708,1.4028854,94.02347,107.9736,81.90169,98.187225,98.984314,110.811905,50.04561,59.798508,32.7112,39.203777,21.634167,24.911251,48.135593,52.557606,23.175417,27.56008,15.017361,17.208633,26.234467,32.996525,32.312878,36.27199,77.811134,83.81304,60.59938,65.936035
wtG3VS1hbhCZ1uA_tfz0jjFmWwxHJlmT38Kf-6if8kM,fd8f6522997a68e25a6ee14bc346e8af,178.0,1,106.992615,105.723915,1.2686996,99.496346,94.74328,4.753067,103.446304,104.36743,0.9211273,53.44768,54.773815,1.3261337,38.213703,38.025425,0.1882782,26.01489,25.071646,0.94324493,51.732437,51.882626,0.15018845,26.559664,27.72657,1.1669064,16.621517,17.191818,0.57030106,30.952835,31.435322,0.48248672,38.078545,37.61765,0.46089554,78.901886,81.68993,2.7880478,70.265785,69.06621,1.1995773,98.74885,112.69898,86.60051,102.88605,98.453636,110.28123,49.897366,59.650265,34.779137,41.271713,23.433104,26.710188,49.67162,54.09363,25.534239,29.918901,16.096182,18.287455,28.054293,34.816353,35.638092,39.597206,78.68898,84.69089,66.39788,71.734535
bzAAtfEYTvcUwHDx_a0yjF5OQfTSli80mnRsIYujCns,24f58b386cac5e7f6b2577bd823687d7,161.0,0,98.3266,93.842316,4.4842834,83.868164,81.82574,2.042427,103.3507,98.7339,4.6167984,53.741573,51.8146,1.9269714,35.61741,34.065456,1.5519524,23.375404,21.752687,1.6227169,49.597153,46.752583,2.8445702,24.73315,23.590351,1.1427994,15.934647,15.112755,0.8218918,28.163506,27.531574,0.6319313,34.239063,32.16188,2.0771828,77.0441,74.88726,2.1568375,59.4763,58.084717,1.3915825,86.86725,100.81738,73.68297,89.968506,92.82011,104.6477,46.938152,56.69105,30.819168,37.311745,20.114145,23.39123,44.541576,48.96359,21.39802,25.782682,14.017118,16.208391,24.150545,30.912603,30.182323,34.141438,71.88631,77.888214,55.41639,60.753044
bzAAtfEYTvcUwHDx_a0yjF5OQfTSli80mnRsIYujCns,e2ad8eeb2dd6579927ee1e1ff1a88cb3,161.0,0,98.3266,95.03947,3.2871323,83.868164,83.22577,0.642395,103.3507,100.5925,2.7582016,53.741573,52.9719,0.7696724,35.61741,34.515465,1.101944,23.375404,21.87032,1.505085,49.597153,46.746296,2.8508568,24.73315,23.72827,1.0048809,15.934647,15.139193,0.795454,28.163506,27.997099,0.16640663,34.239063,32.14847,2.0905914,77.0441,75.05598,1.988121,59.4763,58.216614,1.2596855,88.0644,102.014534,75.083,91.36854,94.6787,106.506294,48.09545,57.84835,31.269176,37.761753,20.231777,23.508862,44.53529,48.957302,21.535938,25.9206,14.043556,16.234829,24.61607,31.378128,30.168915,34.12803,72.05502,78.05693,55.548286,60.88494
9XOBx08BW9pET4ZXxgXqQtDDuEo5bdVjbEiOOJqJ4_A,82ad5eada9c2ecdb5cc6cf575f9a9d65,163.0,0,100.206,96.722786,3.4832153,83.11993,84.82533,1.7054062,97.75823,99.819824,2.061592,55.49673,52.770023,2.7267075,35.513012,35.208256,0.30475616,22.619421,22.221376,0.3980446,47.94081,46.44129,1.4995193,25.99169,24.501698,1.4899921,15.752787,15.363182,0.38960457,30.534649,28.690414,1.8442345,34.112904,33.057545,1.0553589,78.55546,74.129234,4.4262238,58.778248,59.18873,0.4104805,89.74772,103.69785,76.68256,92.9681,93.90603,105.73362,47.893574,57.646473,31.961967,38.454544,20.582834,23.859919,44.230286,48.652298,22.309366,26.694029,14.267546,16.458818,25.309385,32.07144,31.077988,35.0371,71.12828,77.13019,56.5204,61.857056
9XOBx08BW9pET4ZXxgXqQtDDuEo5bdVjbEiOOJqJ4_A,372eceaa2800e958a7eb8078ddf656ef,163.0,0,100.206,99.850555,0.35544586,83.11993,87.891975,4.772049,97.75823,100.97331,3.2150803,55.49673,53.29371,2.203022,35.513012,35.605682,0.09267044,22.619421,22.435503,0.183918,47.94081,46.406704,1.5341072,25.99169,25.108812,0.88287735,15.752787,15.677502,0.07528496,30.534649,29.539898,0.994751,34.112904,33.620686,0.49221802,78.55546,73.85536,4.700096,58.778248,59.33039,0.5521431,92.87549,106.82562,79.74921,96.034744,95.05952,106.88711,48.41726,58.17016,32.359394,38.85197,20.79696,24.074045,44.195698,48.61771,22.916481,27.301144,14.581865,16.773138,26.158869,32.92093,31.641129,35.600243,70.85441,76.856316,56.662064,61.99872
B_HmsIJRHhy2Nz0cI3egjmWuu1BAEsxE__E_yjjxaXg,d742a7fd897cb66aa720db5237ba3082,180.2,0,100.13676,100.770905,0.63414764,91.61695,88.11441,3.5025406,104.12857,104.89934,0.7707672,57.952538,55.17124,2.7812958,41.154827,37.01852,4.136307,23.945683,24.63788,0.6921978,54.622753,53.868294,0.7544594,25.437603,26.397577,0.9599743,17.407034,16.973886,0.43314743,29.31791,29.925348,0.60743904,34.14016,35.791,1.6508408,89.45519,86.651344,2.8038483,63.75101,66.89971,3.1487007,93.79584,107.74597,79.97164,96.25718,98.98554,110.81313,50.294792,60.04769,33.772232,40.26481,22.999338,26.276423,51.657288,56.0793,24.205246,28.589909,15.87825,18.069523,26.54432,33.306377,33.811443,37.770557,83.65039,89.6523,64.231384,69.56804
6EfPJh7fgmLut392y-qHjFx3U4_cr7FzqXv9xXBfIn0,1328b37899a1c90afd535811cba13039,179.5,1,106.299324,107.73884,1.4395142,90.49811,97.23258,6.734474,103.57019,104.53327,0.96308136,55.33392,54.48099,0.85292816,36.298393,38.20365,1.9052582,25.546827,25.311964,0.23486328,52.363037,52.349564,0.013473511,28.581285,28.23768,0.34360504,17.784935,17.498793,0.28614235,30.727686,31.85161,1.1239243,39.798965,38.284035,1.5149307,81.66397,82.269455,0.605484,68.580185,69.92108,1.3408966,100.76377,114.713905,89.08981,105.37535,98.61948,110.44707,49.60454,59.35744,34.957363,41.44994,23.673422,26.950506,50.138557,54.56057,26.04535,30.430012,16.403156,18.594429,28.470581,35.23264,36.304478,40.26359,79.2685,85.27041,67.252754,72.58941
6EfPJh7fgmLut392y-qHjFx3U4_cr7FzqXv9xXBfIn0,55fc603e54a0e22dbe8a7dd326fc3ca9,179.5,1,106.299324,106.4349,0.13557434,90.49811,94.79234,4.294235,103.57019,102.851715,0.71847534,55.33392,53.48226,1.8516579,36.298393,37.200996,0.90260315,25.546827,25.000883,0.5459442,52.363037,52.63413,0.27109146,28.581285,27.951702,0.62958336,17.784935,17.404057,0.38087845,30.727686,31.469143,0.741457,39.798965,38.058777,1.7401886,81.66397,82.79274,1.1287689,68.580185,69.13216,0.55197144,99.45983,113.409966,86.649574,102.93511,96.93792,108.76551,48.605812,58.35871,33.95471,40.447285,23.36234,26.639425,50.423122,54.845135,25.75937,30.144033,16.30842,18.499693,28.088114,34.850174,36.07922,40.038334,79.79179,85.79369,66.46383,71.80048
kxH9CwuvoCoy93lDhjDtkA6vwDpKxRo1t6KirECKe5k,7444c75f5ebf4a098401cddf2d0c1197,184.5,1,110.7925,106.59508,4.197426,87.590225,94.504486,6.914261,103.31786,106.35502,3.0371552,55.979347,56.59572,0.61637115,39.627674,39.709854,0.08218002,28.30338,26.211662,2.0917168,53.649822,53.522415,0.12740707,28.420143,28.746088,0.3259449,17.731096,17.88949,0.15839386,31.210896,32.42655,1.2156563,39.203545,38.597782,0.6057625,83.06028,84.44084,1.3805618,72.333664,71.40124,0.93242645,99.62001,113.570145,86.36172,102.647255,100.44122,112.268814,51.71927,61.472168,36.463566,42.956142,24.57312,27.850204,51.31141,55.73342,26.553757,30.93842,16.793854,18.985126,29.045523,35.80758,36.618225,40.57734,81.43989,87.441795,68.73291,74.069565
kxH9CwuvoCoy93lDhjDtkA6vwDpKxRo1t6KirECKe5k,535efeb1f27d85bc371922c208e346b8,184.5,1,110.7925,108.62968,2.1628265,87.590225,96.346115,8.75589,103.31786,106.84393,3.5260696,55.979347,56.89287,0.9135246,39.627674,40.158314,0.53063965,28.30338,26.47082,1.8325596,53.649822,53.736233,0.08641052,28.420143,29.4776,1.057457,17.731096,18.314701,0.5836048,31.210896,33.227295,2.0163994,39.203545,39.209194,0.0056495667,83.06028,84.65602,1.5957413,72.333664,71.74808,0.58558655,101.65461,115.604744,88.20335,104.488884,100.93014,112.75773,52.016422,61.76932,36.912025,43.404602,24.832277,28.109362,51.525227,55.94724,27.285269,31.669931,17.219065,19.410337,29.846266,36.608322,37.229637,41.18875,81.65507,87.656975,69.07975,74.416405
kxH9CwuvoCoy93lDhjDtkA6vwDpKxRo1t6KirECKe5k,3ac1fb4580edb66eb95d1bf926166982,184.5,1,110.7925,108.13508,2.657425,87.590225,95.97975,8.389526,103.31786,106.27394,2.9560776,55.979347,55.86016,0.1191864,39.627674,38.610355,1.0173187,28.30338,25.959858,2.343521,53.649822,54.49717,0.84734726,28.420143,28.915108,0.4949646,17.731096,18.040773,0.30967712,31.210896,32.62052,1.409626,39.203545,38.90885,0.294693,83.06028,85.981346,2.9210663,72.333664,71.26446,1.0692062,101.16001,115.110146,87.83698,104.12252,100.360146,112.18774,50.98371,60.73661,35.364067,41.856644,24.321316,27.5984,52.286163,56.708176,26.722776,31.107439,16.945137,19.13641,29.239492,36.00155,36.929295,40.88841,82.98039,88.9823,68.59613,73.932785
kxH9CwuvoCoy93lDhjDtkA6vwDpKxRo1t6KirECKe5k,19933897995be6ac076d457c48066d35,184.5,1,110.7925,103.775024,7.017479,87.590225,89.66328,2.0730515,103.31786,102.19006,1.1278,55.979347,54.008278,1.9710693,39.627674,38.211384,1.4162903,28.30338,25.977318,2.3260612,53.649822,54.248764,0.5989418,28.420143,28.255259,0.16488457,17.731096,17.730862,0.00023460388,31.210896,31.450243,0.23934746,39.203545,38.60851,0.59503555,83.06028,85.502075,2.4417953,72.333664,71.01533,1.3183365,96.79996,110.75009,81.52051,97.806046,96.27627,108.10386,49.13183,58.884727,34.965096,41.457672,24.338776,27.61586,52.037758,56.45977,26.062927,30.44759,16.635225,18.826498,28.069214,34.831272,36.628952,40.588066,82.50112,88.50303,68.347,73.683655
kxH9CwuvoCoy93lDhjDtkA6vwDpKxRo1t6KirECKe5k,35faa32a4dec2d55764d61531813c653,184.5,1,110.7925,106.016174,4.776329,87.590225,93.15189,5.5616684,103.31786,103.90494,0.5870743,55.979347,54.525967,1.4533806,39.627674,38.04321,1.584465,28.30338,25.759516,2.5438633,53.649822,54.19531,0.54548645,28.420143,28.41346,0.0066833496,17.731096,17.795486,0.06439018,31.210896,31.84962,0.6387253,39.203545,38.651417,0.55212784,83.06028,85.394485,2.3342056,72.333664,71.029976,1.303688,99.04111,112.99124,85.009125,101.29466,97.99114,109.81873,49.649517,59.402416,34.79692,41.289497,24.120974,27.398058,51.984303,56.406315,26.221128,30.605791,16.69985,18.891123,28.468592,35.23065,36.67186,40.630974,82.39353,88.39544,68.36165,73.6983
kxH9CwuvoCoy93lDhjDtkA6vwDpKxRo1t6KirECKe5k,c37a3df805500ef0a6815530ac180e4b,184.5,1,110.7925,104.35815,6.4343567,87.590225,90.72761,3.1373825,103.31786,103.74278,0.42491913,55.979347,55.26119,0.7181587,39.627674,39.281498,0.34617615,28.30338,26.299887,2.0034924,53.649822,53.953194,0.30337143,28.420143,28.525688,0.105545044,17.731096,17.857176,0.12607956,31.210896,31.833704,0.62280846,39.203545,38.67287,0.530674,83.06028,85.01302,1.9527435,72.333664,71.464745,0.8689194,97.38308,111.33321,82.58484,98.87038,97.82899,109.65658,50.38474,60.137638,36.03521,42.527786,24.661345,27.938429,51.742188,56.1642,26.333357,30.71802,16.76154,18.952812,28.452675,35.214733,36.693314,40.652428,82.01207,88.01398,68.79642,74.13307
b8QMVZASbEi0rhVc6keOvzhxxr-kWjjm6k2WH7f9jVI,c2f1f31c53ef89290afa90189f6644b6,179.1,1,106.79649,107.440956,0.6444626,95.36064,95.75078,0.39013672,106.628944,104.045586,2.5833588,55.55701,54.44568,1.1113319,38.99236,38.152233,0.84012604,24.279953,25.43511,1.1551571,52.897953,52.811787,0.08616638,26.846563,28.571661,1.7250977,17.083712,17.825598,0.74188614,31.46257,32.18683,0.7242584,37.971817,38.518677,0.54685974,83.37722,82.856316,0.52090454,68.318954,69.906425,1.587471,100.46589,114.41602,87.60801,103.89355,98.13179,109.95938,49.56923,59.32213,34.905945,41.39852,23.796568,27.073652,50.60078,55.022793,26.37933,30.763992,16.729961,18.921234,28.8058,35.567856,36.53912,40.498234,79.85536,85.85727,67.2381,72.57475
hiLbPtVcyMMB3zUdzjdhu-M78PXMUByh506hkZpqzgY,b23edae466a0dbd3ccf6978754433770,175.0,1,105.71251,106.260666,0.54815674,98.85813,94.023636,4.8344955,101.81892,102.38446,0.5655441,52.909473,54.33458,1.425106,38.35637,38.74412,0.38775253,24.574085,25.30645,0.73236465,50.460514,50.576138,0.115623474,25.307405,28.537857,3.2304516,16.045486,17.547997,1.5025101,31.762398,32.309177,0.54677963,37.171154,38.2961,1.1249466,81.77748,78.96623,2.8112488,64.62147,68.60702,3.98555,99.2856,113.23573,85.88087,102.166405,96.470665,108.298256,49.45813,59.21103,35.497833,41.99041,23.667908,26.944992,48.36513,52.787144,26.345526,30.730188,16.45236,18.643633,28.928148,35.69021,36.316544,40.275658,75.96528,81.967186,65.93869,71.275345
hiLbPtVcyMMB3zUdzjdhu-M78PXMUByh506hkZpqzgY,8984b35fc902e49c1d849c1edc1a012b,175.0,1,105.71251,106.37307,0.6605606,98.85813,95.394226,3.4639053,101.81892,103.14854,1.3296204,52.909473,53.72345,0.8139763,38.35637,37.542755,0.8136139,24.574085,24.84695,0.2728653,50.460514,51.44713,0.9866142,25.307405,27.809727,2.5023212,16.045486,17.326946,1.2814598,31.762398,31.434826,0.32757187,37.171154,37.70346,0.5323067,81.77748,80.687386,1.0900955,64.62147,68.416504,3.7950363,99.398,113.34814,87.25146,103.536995,97.23474,109.06233,48.847,58.5999,34.296467,40.789043,23.208408,26.485493,49.236122,53.658134,25.617395,30.002058,16.23131,18.422583,28.053797,34.815857,35.723904,39.683018,77.68643,83.68834,65.74818,71.08483
hiLbPtVcyMMB3zUdzjdhu-M78PXMUByh506hkZpqzgY,c064e6e3adde954a164240be256cb102,175.0,1,105.71251,106.120155,0.40764618,98.85813,94.82506,4.0330734,101.81892,102.99522,1.1763,52.909473,53.89901,0.9895363,38.35637,37.704933,0.65143585,24.574085,24.858898,0.28481293,50.460514,51.11697,0.656456,25.307405,27.87125,2.5638447,16.045486,17.26746,1.2219734,31.762398,31.59199,0.17040825,37.171154,37.727596,0.55644226,81.77748,80.100525,1.6769562,64.62147,68.29438,3.6729126,99.14509,113.09522,86.68229,102.96783,97.08142,108.90901,49.02256,58.77546,34.458645,40.95122,23.220356,26.49744,48.905964,53.327976,25.678919,30.063581,16.171824,18.363096,28.21096,34.97302,35.74804,39.707153,77.09957,83.10148,65.62605,70.96271
hiLbPtVcyMMB3zUdzjdhu-M78PXMUByh506hkZpqzgY,ad8a10e3cdfc820751de0a516cf1b60a,175.0,1,105.71251,104.46353,1.2489777,98.85813,92.44861,6.409523,101.81892,100.93768,0.8812332,52.909473,52.74604,0.16343307,38.35637,37.098934,1.2574348,24.574085,24.71094,0.13685417,50.460514,51.202656,0.7421417,25.307405,27.596764,2.2893581,16.045486,17.159138,1.1136513,31.762398,31.045893,0.71650505,37.171154,37.6029,0.43174744,81.77748,80.19222,1.5852585,64.62147,68.01105,3.3895798,97.488464,111.4386,84.30584,100.59138,95.02389,106.85148,47.86959,57.62249,33.852646,40.345222,23.072397,26.349482,48.99165,53.413662,25.404432,29.789095,16.063501,18.254774,27.664864,34.42692,35.623344,39.58246,77.19127,83.19318,65.34272,70.679375
hiLbPtVcyMMB3zUdzjdhu-M78PXMUByh506hkZpqzgY,e3537362f6738d0dc6b673771941c794,175.0,1,105.71251,104.65743,1.0550766,98.85813,92.317764,6.540367,101.81892,102.49317,0.6742554,52.909473,54.663216,1.7537422,38.35637,38.948246,0.591877,24.574085,25.30645,0.73236465,50.460514,50.53762,0.077106476,25.307405,28.216047,2.9086418,16.045486,17.39561,1.3501244,31.762398,31.937155,0.174757,37.171154,37.86838,0.6972275,81.77748,79.084526,2.692955,64.62147,68.38963,3.7681656,97.682365,111.6325,84.174995,100.46053,96.57938,108.40697,49.786766,59.539665,35.701958,42.194534,23.667908,26.944992,48.326614,52.748627,26.023716,30.408379,16.299974,18.491247,28.556126,35.318184,35.888824,39.84794,76.08357,82.08548,65.721306,71.05796
hiLbPtVcyMMB3zUdzjdhu-M78PXMUByh506hkZpqzgY,95cb619a14ccb634b176f74e7bcadd98,175.0,1,105.71251,110.88909,5.1765823,98.85813,101.38686,2.5287323,101.81892,105.539345,3.7204285,52.909473,54.07632,1.1668472,38.35637,37.231346,1.1250229,24.574085,24.768377,0.19429207,50.460514,51.96595,1.505436,25.307405,28.376953,3.0695477,16.045486,17.744814,1.6993275,31.762398,32.320118,0.5577202,37.171154,38.2599,1.0887451,81.77748,81.54566,0.23181915,64.62147,68.53863,3.91716,103.914024,117.86416,93.244095,109.52963,99.62555,111.45314,49.19987,58.95277,33.985058,40.477634,23.129835,26.40692,49.754944,54.176956,26.184622,30.569284,16.649178,18.84045,28.939089,35.70115,36.280342,40.239456,78.54471,84.546616,65.8703,71.206955
hiLbPtVcyMMB3zUdzjdhu-M78PXMUByh506hkZpqzgY,80cd9946eb1e8bca0ac805540990e017,175.0,1,105.71251,108.07326,2.3607483,98.85813,96.96435,1.8937836,101.81892,102.91778,1.0988617,52.909473,53.89984,0.9903679,38.35637,38.53381,0.17744064,24.574085,25.29726,0.72317505,50.460514,50.92831,0.46779633,25.307405,28.606817,3.2994118,16.045486,17.711033,1.6655464,31.762398,32.24651,0.4841118,37.171154,38.52404,1.3528862,81.77748,79.49655,2.2809296,64.62147,69.01003,4.388565,101.09819,115.048325,88.82158,105.10712,97.00398,108.83157,49.02339,58.77629,35.28752,41.780098,23.658718,26.935802,48.717304,53.139317,26.414486,30.799149,16.615396,18.80667,28.86548,35.62754,36.544483,40.503597,76.4956,82.497505,66.341705,71.67836
hiLbPtVcyMMB3zUdzjdhu-M78PXMUByh506hkZpqzgY,fa0e0fc551e399f53b5b5fad5bee54a7,175.0,1,105.71251,108.191284,2.478775,98.85813,97.12791,1.7302246,101.81892,105.10817,3.2892532,52.909473,55.06331,2.1538353,38.35637,38.129036,0.22733307,24.574085,25.081295,0.5072098,50.460514,51.736412,1.275898,25.307405,28.51352,3.2061138,16.045486,17.743345,1.6978588,31.762398,32.4743,0.7119026,37.171154,38.073524,0.90237045,81.77748,81.27425,0.50323486,64.62147,68.44337,3.8218994,101.21622,115.16635,88.98514,105.270676,99.194374,111.021965,50.18686,59.93976,34.882748,41.375324,23.442753,26.719837,49.525406,53.94742,26.321188,30.70585,16.647709,18.838982,29.093271,35.85533,36.093967,40.05308,78.27329,84.2752,65.77504,71.111694
hiLbPtVcyMMB3zUdzjdhu-M78PXMUByh506hkZpqzgY,d8894d7a3e4b2341aaddfbe58425279b,175.0,1,105.71251,104.87804,0.83447266,98.85813,92.29487,6.563263,101.81892,101.14037,0.6785431,52.909473,53.397644,0.48817062,38.35637,37.955452,0.40091705,24.574085,25.043158,0.46907234,50.460514,50.96447,0.50395584,25.307405,28.160608,2.8532028,16.045486,17.464277,1.4187908,31.762398,31.723291,0.03910637,37.171154,37.979668,0.80851364,81.77748,79.67505,2.1024323,64.62147,68.15759,3.5361252,97.90297,111.8531,84.1521,100.43764,95.22658,107.05417,48.521194,58.274094,34.709164,41.20174,23.404615,26.6817,48.753464,53.175476,25.968277,30.35294,16.36864,18.559914,28.342262,35.10432,36.00011,39.959225,76.674095,82.676,65.489265,70.82592
hiLbPtVcyMMB3zUdzjdhu-M78PXMUByh506hkZpqzgY,89d10ca06f461f4e4d51d915dbb298f5,175.0,1,105.71251,107.65734,1.9448318,98.85813,95.74096,3.1171722,101.81892,104.78632,2.9674072,52.909473,55.360462,2.4509888,38.35637,38.564735,0.2083664,24.574085,25.301855,0.72776985,50.460514,51.49587,1.0353546,25.307405,28.767723,3.4603176,16.045486,17.854239,1.8087521,31.762398,32.76376,1.0013618,37.171154,38.28001,1.1088562,81.77748,80.62625,1.1512299,64.62147,68.714485,4.0930176,100.682274,114.63241,87.59819,103.88373,98.87253,110.70012,50.484013,60.23691,35.318447,41.811024,23.663313,26.940397,49.284863,53.706875,26.575392,30.960054,16.758602,18.949875,29.38273,36.14479,36.300453,40.259567,77.6253,83.627205,66.04616,71.38281
SBAJJtSt30mW6d7I0tcNAfCArXRNzOABCb1TY4qq9N4,d57a1eb5dcb27be00c59d662c67ae29c,168.0,1,103.761536,102.63689,1.124649,101.319016,90.463875,10.855141,98.47739,97.73888,0.73851013,49.132202,50.967113,1.8349113,37.29818,36.129913,1.1682663,24.920128,23.765522,1.1546059,47.182995,48.39552,1.2125244,26.638435,26.999453,0.36101723,17.535578,16.643503,0.8920746,28.785824,30.554148,1.7683239,35.787086,36.84065,1.0535622,74.32109,75.3274,1.0063095,66.71407,65.09783,1.6162415,95.66182,109.61195,82.321106,98.60664,91.82508,103.65267,46.090664,55.843563,32.883625,39.3762,22.12698,25.404064,46.184513,50.606525,24.807121,29.191784,15.547867,17.73914,27.173119,33.935177,34.86109,38.820206,72.32645,78.328354,62.429504,67.76616
SBAJJtSt30mW6d7I0tcNAfCArXRNzOABCb1TY4qq9N4,319c8c5da5c408d2801130adeee5d339,168.0,1,103.761536,102.28667,1.4748688,101.319016,90.077065,11.241951,98.47739,97.237686,1.2397003,49.132202,50.78589,1.6536865,37.29818,36.18481,1.113369,24.920128,23.78505,1.1350784,47.182995,48.237514,1.0545197,26.638435,26.96193,0.32349396,17.535578,16.562902,0.9726753,28.785824,30.435139,1.6493149,35.787086,36.85674,1.0696526,74.32109,75.0193,0.69821167,66.71407,65.125534,1.5885391,95.3116,109.261734,81.934296,98.21983,91.32389,103.15148,45.90944,55.66234,32.938522,39.4311,22.146507,25.423592,46.02651,50.44852,24.769598,29.15426,15.467266,17.658539,27.05411,33.81617,34.877182,38.836296,72.01835,78.020256,62.457207,67.79386
jnqncBOcs5waiY4OSoenSOGEQFHVoxdQNVbP4Hu1d3g,cf6babae945afde0d17c4ce8da7f50c5,173.0,1,104.76899,103.62187,1.1471176,93.45332,90.80693,2.6463928,104.813675,100.83204,3.981636,56.06823,52.739376,3.3288536,35.833252,36.594612,0.76136017,26.575453,24.414104,2.1613483,50.08794,51.015564,0.92762375,26.152082,27.506845,1.354763,17.329304,17.264154,0.06514931,30.27039,31.12696,0.8565712,37.160866,37.25563,0.09476471,79.09844,79.90124,0.8027954,66.887,66.883835,0.0031661987,96.646805,110.59694,82.66416,98.9497,94.91824,106.745834,47.862926,57.615826,33.348324,39.8409,22.775562,26.052647,48.804558,53.22657,25.314514,29.699177,16.168518,18.35979,27.745932,34.507988,35.276073,39.235188,76.90028,82.90219,64.21551,69.55216
jnqncBOcs5waiY4OSoenSOGEQFHVoxdQNVbP4Hu1d3g,eb318369524fac51d0531108193c6e23,173.0,1,104.76899,103.62187,1.1471176,93.45332,90.80693,2.6463928,104.813675,100.83204,3.981636,56.06823,52.739376,3.3288536,35.833252,36.594612,0.76136017,26.575453,24.414104,2.1613483,50.08794,51.015564,0.92762375,26.152082,27.506845,1.354763,17.329304,17.264154,0.06514931,30.27039,31.12696,0.8565712,37.160866,37.25563,0.09476471,79.09844,79.90124,0.8027954,66.887,66.883835,0.0031661987,96.646805,110.59694,82.66416,98.9497,94.91824,106.745834,47.862926,57.615826,33.348324,39.8409,22.775562,26.052647,48.804558,53.22657,25.314514,29.699177,16.168518,18.35979,27.745932,34.507988,35.276073,39.235188,76.90028,82.90219,64.21551,69.55216
xKwQ25X_cBlo4v_7JJoYN9jWSY-MyA4C9QMM5xviELs,a95cd7a6900b09211a44a773589db3e3,187.0,1,107.286964,107.50559,0.21862793,95.960686,96.13349,0.17280579,106.486946,106.97906,0.4921112,59.75383,55.74956,4.0042686,38.22562,38.201332,0.024288177,24.95911,25.901041,0.9419308,57.131237,55.349293,1.7819443,28.210548,28.222807,0.01225853,17.302298,17.807972,0.50567436,33.23377,31.67654,1.5572281,37.92688,38.45834,0.5314598,89.44527,87.7517,1.6935654,69.98709,71.718765,1.7316742,100.530525,114.48066,87.99072,104.27626,101.06526,112.89285,50.87311,60.62601,34.955044,41.44762,24.262499,27.539583,53.138287,57.5603,26.030476,30.415138,16.712336,18.903608,28.295511,35.05757,36.478783,40.437897,84.75075,90.752655,69.05044,74.38709
xKwQ25X_cBlo4v_7JJoYN9jWSY-MyA4C9QMM5xviELs,c1cd97c2984f90a8fabae53e89cb023e,187.0,1,107.286964,106.00494,1.2820282,95.960686,93.941864,2.0188217,106.486946,104.55047,1.9364777,59.75383,54.11513,5.6386986,38.22562,37.212883,1.0127373,24.95911,25.623505,0.6643944,57.131237,55.550533,1.5807037,28.210548,27.814459,0.39608955,17.302298,17.604546,0.302248,33.23377,30.992426,2.2413425,37.92688,38.356438,0.4295578,89.44527,87.99623,1.4490356,69.98709,71.35728,1.3701859,99.02987,112.98,85.799095,102.08463,98.63667,110.464264,49.23868,58.99158,33.966595,40.45917,23.984962,27.262047,53.339527,57.76154,25.622128,30.00679,16.50891,18.700182,27.611397,34.373455,36.37688,40.335995,84.99528,90.997185,68.68895,74.025604
xKwQ25X_cBlo4v_7JJoYN9jWSY-MyA4C9QMM5xviELs,e92f8d0e58892de88b83d6c96b9ea54e,187.0,1,107.286964,105.257416,2.0295486,95.960686,92.91147,3.0492172,106.486946,103.98908,2.4978638,59.75383,53.963806,5.790024,38.22562,37.206795,1.0188255,24.95911,25.630856,0.6717453,57.131237,55.453056,1.6781807,28.210548,27.690737,0.51981163,17.302298,17.50981,0.2075119,33.23377,30.832775,2.4009933,37.92688,38.271965,0.34508514,89.44527,87.88374,1.5615234,69.98709,71.28889,1.301796,98.28235,112.23248,84.7687,101.05424,98.07529,109.90288,49.087357,58.840256,33.960506,40.453083,23.992313,27.269398,53.24205,57.664062,25.498405,29.883068,16.414173,18.605446,27.451746,34.213806,36.292408,40.251522,84.88279,90.8847,68.62056,73.957214
xKwQ25X_cBlo4v_7JJoYN9jWSY-MyA4C9QMM5xviELs,cec41484f3f5ba6cad9b952660436f32,187.0,1,107.286964,109.50646,2.2194977,95.960686,98.43634,2.4756546,106.486946,107.576065,1.089119,59.75383,56.2959,3.4579315,38.22562,39.01861,0.7929878,24.95911,26.193283,1.2341728,57.131237,54.924805,2.2064323,28.210548,28.990828,0.78027916,17.302298,18.149464,0.84716606,33.23377,32.597645,0.63612366,37.92688,39.083157,1.1562767,89.44527,86.8274,2.6178665,69.98709,72.18284,2.1957474,102.531395,116.48153,90.29357,106.57911,101.66227,113.48986,51.41945,61.172348,35.77232,42.264896,24.55474,27.831825,52.7138,57.13581,26.798496,31.183159,17.053827,19.2451,29.216616,35.978676,37.1036,41.062714,83.82645,89.828354,69.51451,74.851166
xKwQ25X_cBlo4v_7JJoYN9jWSY-MyA4C9QMM5xviELs,f2c8e8cb9627561b68c3d4f6eb973cfd,187.0,1,107.286964,109.25355,1.9665833,95.960686,97.53352,1.5728378,106.486946,107.625206,1.1382599,59.75383,56.763615,2.9902153,38.22562,39.58614,1.3605194,24.95911,26.502066,1.5429554,57.131237,55.053722,2.0775146,28.210548,29.299116,1.0885677,17.302298,18.300014,0.9977169,33.23377,32.912968,0.32080078,37.92688,39.321823,1.3949432,89.44527,86.988785,2.456482,69.98709,72.55898,2.5718918,102.27848,116.228615,89.390755,105.67629,101.71141,113.539,51.887165,61.640064,36.33985,42.832428,24.863523,28.140608,52.842716,57.26473,27.106785,31.491447,17.204378,19.39565,29.531939,36.294,37.342266,41.30138,83.98783,89.98974,69.890656,75.22731
xKwQ25X_cBlo4v_7JJoYN9jWSY-MyA4C9QMM5xviELs,a5cd523d1dac3280c803e4ef18560ca1,187.0,1,107.286964,110.7542,3.4672394,95.960686,100.49713,4.5364456,106.486946,108.13132,1.644371,59.75383,56.01207,3.7417603,38.22562,38.429424,0.20380402,24.95911,25.954344,0.99523354,57.131237,55.21723,1.9140053,28.210548,28.916458,0.7059097,17.302298,18.14212,0.83982277,33.23377,32.57974,0.65402985,37.92688,39.0912,1.1643219,89.44527,87.28711,2.1581573,69.98709,72.08025,2.0931625,103.77914,117.72927,92.35436,108.6399,102.21752,114.04511,51.13562,60.88852,35.183136,41.675713,24.315802,27.592886,53.006226,57.428238,26.724127,31.10879,17.046484,19.237757,29.19871,35.96077,37.111645,41.07076,84.286156,90.28806,69.41193,74.74858
xKwQ25X_cBlo4v_7JJoYN9jWSY-MyA4C9QMM5xviELs,14a82f7174611656be51291f409247be,187.0,1,107.286964,107.74727,0.46030426,95.960686,96.62416,0.66347504,106.486946,105.70887,0.7780762,59.75383,54.45734,5.2964897,38.22562,37.322292,0.90332794,24.95911,25.522415,0.5633049,57.131237,55.214085,1.9171524,28.210548,28.080832,0.12971687,17.302298,17.736002,0.43370438,33.23377,31.459692,1.7740765,37.92688,38.48784,0.56095886,89.44527,87.3947,2.0505676,69.98709,71.259575,1.2724838,100.7722,114.722336,88.48139,104.76693,99.795074,111.622665,49.58089,59.33379,34.076004,40.56858,23.883873,27.160957,53.00308,57.42509,25.8885,30.273163,16.640366,18.831638,28.078663,34.84072,36.50828,40.467396,84.393745,90.39565,68.59125,73.9279
q68ers8KpX1SPgX0jbGF-cK0SOLGfikQ_tJlyhVGO_Y,08876890daf4c1f29b1df5b60157e92f,154.0,0,95.910965,96.6722,0.7612381,85.18321,84.246346,0.93686676,96.865974,99.49798,2.6320038,52.623486,53.277718,0.654232,36.5669,36.350277,0.2166214,21.766254,22.19932,0.4330654,42.376167,43.3378,0.9616318,25.13848,24.461134,0.6773453,15.5204735,15.187663,0.3328104,29.940554,29.039558,0.90099525,32.617237,32.75452,0.13728333,66.64844,68.53695,1.8885117,58.251026,57.459435,0.79159164,89.697136,103.64727,76.10358,92.389114,93.58418,105.41177,48.401268,58.154167,33.10399,39.596565,20.560778,23.837862,41.126793,45.548805,22.268803,26.653465,14.092027,16.283298,25.65853,32.420586,30.774963,34.734077,65.535995,71.5379,54.791107,60.12776
q68ers8KpX1SPgX0jbGF-cK0SOLGfikQ_tJlyhVGO_Y,ce8f1ee628e5af7c259429ea257f0ecb,154.0,0,95.910965,95.87129,0.03967285,85.18321,83.50054,1.6826706,96.865974,96.49081,0.37516785,52.623486,51.164326,1.4591599,36.5669,35.618053,0.9488449,21.766254,21.978762,0.21250725,42.376167,43.070526,0.6943588,25.13848,24.352962,0.78551674,15.5204735,15.121568,0.39890575,29.940554,28.355196,1.5853577,32.617237,32.98246,0.36522293,66.64844,67.74958,1.1011429,58.251026,57.527824,0.72320175,88.896225,102.84636,75.35777,91.64331,90.57701,102.4046,46.287876,56.040775,32.371765,38.86434,20.34022,23.617304,40.85952,45.281532,22.160631,26.545294,14.025931,16.217205,24.974167,31.736225,31.002903,34.962017,64.74863,70.750534,54.859497,60.19615
q68ers8KpX1SPgX0jbGF-cK0SOLGfikQ_tJlyhVGO_Y,cf78f78f4237dc02e8135383fee2862e,154.0,0,95.910965,94.76406,1.146904,85.18321,82.63697,2.5462418,96.865974,95.74393,1.1220474,52.623486,50.21823,2.4052544,36.5669,34.31907,2.2478294,21.766254,21.45677,0.30948448,42.376167,43.51074,1.1345711,25.13848,23.818865,1.3196144,15.5204735,14.946782,0.57369137,29.940554,27.674812,2.2657413,32.617237,32.44077,0.1764679,66.64844,68.72768,2.079239,58.251026,56.67295,1.5780754,87.788994,101.73913,74.4942,90.77974,89.83013,101.65772,45.34178,55.09468,31.07278,37.565357,19.818228,23.095312,41.299732,45.721745,21.626534,26.011196,13.851146,16.04242,24.293783,31.055841,30.461212,34.420326,65.72672,71.72863,54.004623,59.341278
q68ers8KpX1SPgX0jbGF-cK0SOLGfikQ_tJlyhVGO_Y,0ad3cd583e7ac4aa628c1b059f609041,154.0,0,95.910965,95.562164,0.34880066,85.18321,83.631386,1.5518265,96.865974,97.20329,0.33731842,52.623486,51.270927,1.3525581,36.5669,35.044334,1.5225639,21.766254,21.682844,0.08341026,42.376167,43.309498,0.93333054,25.13848,24.028446,1.110033,15.5204735,14.989377,0.53109646,29.940554,28.158243,1.7823105,32.617237,32.55608,0.061157227,66.64844,68.42447,1.7760315,58.251026,57.039326,1.2117004,88.5871,102.53723,75.48862,91.774155,91.2895,103.11709,46.394478,56.147377,31.798046,38.290623,20.044302,23.321386,41.09849,45.520504,21.836115,26.220778,13.893741,16.085014,24.777214,31.539272,30.576523,34.535637,65.423515,71.42542,54.371,59.707653
q68ers8KpX1SPgX0jbGF-cK0SOLGfikQ_tJlyhVGO_Y,5ab32542a2fbc5bd994c587b7e9c48ea,154.0,0,95.910965,93.17348,2.7374878,85.18321,79.98084,5.2023697,96.865974,96.34831,0.51766205,52.623486,51.538765,1.0847206,36.5669,35.522175,1.0447235,21.766254,21.940163,0.17390823,42.376167,43.53275,1.1565819,25.13848,24.091997,1.0464821,15.5204735,15.189132,0.33134174,29.940554,28.07071,1.8698444,32.617237,32.395184,0.22205353,66.64844,68.8744,2.2259598,58.251026,56.951397,1.2996292,86.19841,100.148544,71.83807,88.12361,90.43452,102.26211,46.662315,56.415215,32.275887,38.768463,20.30162,23.578705,41.321743,45.743755,21.899666,26.284328,14.093495,16.284767,24.68968,31.451738,30.415627,34.37474,65.87344,71.87535,54.28307,59.619724
q68ers8KpX1SPgX0jbGF-cK0SOLGfikQ_tJlyhVGO_Y,53c5e33627c476174ba36d17ff854cab,154.0,0,95.910965,92.566475,3.34449,85.18321,80.183655,4.9995575,96.865974,96.9576,0.09162903,52.623486,51.613388,1.0100975,36.5669,35.17887,1.3880272,21.766254,21.688358,0.07789612,42.376167,43.520172,1.1440048,25.13848,23.611986,1.5264931,15.5204735,14.939439,0.58103466,29.940554,27.61314,2.3274136,32.617237,31.907127,0.7101097,66.64844,69.09936,2.45092,58.251026,56.70226,1.5487671,85.59141,99.54154,72.040886,88.32642,91.04381,102.8714,46.73694,56.489838,31.932583,38.42516,20.049816,23.3269,41.309166,45.73118,21.419655,25.804317,13.843802,16.035076,24.232111,30.99417,29.92757,33.886684,66.098404,72.10031,54.03393,59.370586
q68ers8KpX1SPgX0jbGF-cK0SOLGfikQ_tJlyhVGO_Y,779cb4ec1a250f390f6a068f530d9717,154.0,0,95.910965,99.94891,4.0379486,85.18321,88.08988,2.9066696,96.865974,99.48324,2.6172638,52.623486,52.344948,0.27853775,36.5669,35.935066,0.6318321,21.766254,22.157047,0.39079285,42.376167,43.457283,1.0811157,25.13848,24.884356,0.2541237,15.5204735,15.485826,0.03464794,29.940554,29.37975,0.56080437,32.617237,33.319004,0.70176697,66.64844,68.50761,1.859169,58.251026,57.850235,0.40079117,92.97385,106.92398,79.94711,96.23265,93.56944,105.39703,47.4685,57.221397,32.688778,39.181355,20.518505,23.79559,41.246277,45.66829,22.692024,27.076687,14.390189,16.581463,25.99872,32.76078,31.339447,35.29856,65.50665,71.50856,55.181908,60.518562
q68ers8KpX1SPgX0jbGF-cK0SOLGfikQ_tJlyhVGO_Y,082643cec8cc39f87efaa74268974022,154.0,0,95.910965,92.03253,3.8784332,85.18321,79.45093,5.7322845,96.865974,96.04858,0.8173981,52.623486,51.30824,1.3152466,36.5669,35.33042,1.2364769,21.766254,21.844587,0.0783329,42.376167,43.70883,1.3326645,25.13848,23.736383,1.4020958,15.5204735,14.939439,0.58103466,29.940554,27.541521,2.3990326,32.617237,32.19138,0.42585754,66.64844,69.26074,2.6123047,58.251026,57.176105,1.0749207,85.057465,99.0076,71.30816,87.5937,90.13478,101.96237,46.43179,56.18469,32.084133,38.57671,20.206045,23.48313,41.497826,45.919838,21.544052,25.928715,13.843802,16.035076,24.160492,30.92255,30.211823,34.170937,66.25979,72.261696,54.50778,59.844433
oP_caYV94VClEmcKqdXPcwfMeQYmYdeW5LbFijNGoDE,26e5a7a82e964c0bdb0fcc6cb05bc811,167.0,1,106.15216,102.70152,3.4506378,90.36793,88.57482,1.7931061,100.52637,98.89359,1.6327744,57.544743,53.62251,3.9222336,39.847103,38.890255,0.95684814,23.645367,24.770216,1.1248493,45.24906,47.460068,2.2110062,29.456669,28.128157,1.3285122,16.017792,17.14702,1.1292286,32.841816,32.012753,0.8290634,36.94604,37.424572,0.47853088,73.289154,73.63284,0.34368896,64.87018,65.43237,0.5621948,95.726456,109.67659,80.43205,96.71759,92.9798,104.80739,48.74606,58.49896,35.643967,42.136543,23.131674,26.408758,45.24906,49.671074,25.935825,30.320488,16.051384,18.242657,28.631723,35.393784,35.445015,39.40413,70.63189,76.6338,62.764046,68.1007
oP_caYV94VClEmcKqdXPcwfMeQYmYdeW5LbFijNGoDE,4b3a722bb7004e26918ae5060090b8c8,167.0,1,106.15216,103.28183,2.8703308,90.36793,90.534615,0.16668701,100.52637,98.95256,1.5738068,57.544743,52.734047,4.8106956,39.847103,37.79501,2.0520935,23.645367,24.26537,0.62000275,45.24906,47.496227,2.2471657,29.456669,27.615694,1.8409748,16.017792,16.831598,0.81380653,32.841816,31.46218,1.3796368,36.94604,37.098083,0.15204239,73.289154,73.73555,0.44639587,64.87018,65.23163,0.3614502,96.30676,110.2569,82.391846,98.67738,93.038765,104.866356,47.857597,57.610497,34.54872,41.041298,22.626827,25.903912,45.28522,49.707233,25.423363,29.808025,15.735962,17.927235,28.08115,34.84321,35.118526,39.07764,70.7346,76.7365,62.5633,67.899956
cbi5o8uB6vm_EucKeEnWr7tLbEpxDuXkedWMJRE8bVs,495d21c7d0a05312efaa0aa06864e575,160.5,1,107.10484,101.093376,6.011467,93.09553,87.757866,5.3376617,101.937096,95.67022,6.266876,53.19881,50.748577,2.4502335,37.462997,36.631725,0.8312721,23.93561,23.467077,0.46853256,44.7739,45.623756,0.84985733,28.029224,26.868631,1.160593,16.54084,16.375174,0.16566658,33.530632,30.554317,2.9763145,36.57486,36.374046,0.2008133,69.97697,70.48337,0.50640106,63.101517,62.807297,0.29421997,94.11831,108.06844,79.6151,95.900635,89.756424,101.584015,45.872128,55.625027,33.385437,39.878014,21.828535,25.10562,43.41275,47.834763,24.6763,29.060963,15.279537,17.47081,27.173288,33.93535,34.39449,38.353603,67.482414,73.48432,60.13897,65.475624
cbi5o8uB6vm_EucKeEnWr7tLbEpxDuXkedWMJRE8bVs,6910d994c61b1ab8ed62e2824305add3,160.5,1,107.10484,100.92265,6.18219,93.09553,87.47655,5.6189804,101.937096,96.50555,5.431549,53.19881,51.60406,1.5947495,37.462997,37.29465,0.1683464,23.93561,23.68488,0.2507305,44.7739,45.538857,0.7649574,28.029224,26.96193,1.0672951,16.54084,16.408588,0.13225174,33.530632,30.746609,2.7840233,36.57486,36.321083,0.25377655,69.97697,70.454025,0.4770584,63.101517,62.980713,0.12080383,93.947586,107.89772,79.33378,95.619316,90.59175,102.41934,46.72761,56.48051,34.048363,40.54094,22.046337,25.323421,43.32785,47.749863,24.769598,29.15426,15.312952,17.504225,27.36558,34.12764,34.341526,38.30064,67.45307,73.45498,60.312386,65.64904
cbi5o8uB6vm_EucKeEnWr7tLbEpxDuXkedWMJRE8bVs,ec25612a7d727921d4a6a8c8232a2b59,160.5,1,107.10484,103.268486,3.836357,93.09553,90.1442,2.9513245,101.937096,98.49559,3.4415054,53.19881,52.81,0.3888092,37.462997,38.134834,0.67183685,23.93561,24.029734,0.09412384,44.7739,45.37535,0.6014519,28.029224,27.465605,0.5636196,16.54084,16.698387,0.157547,33.530632,31.526339,2.0042934,36.57486,36.69651,0.121650696,69.97697,70.121475,0.14450836,63.101517,63.48509,0.38357162,96.29342,110.24355,82.001434,98.28697,92.581795,104.409386,47.93355,57.68645,34.888546,41.381123,22.391191,25.668276,43.164345,47.586357,25.273273,29.657936,15.602751,17.794024,28.14531,34.907368,34.716953,38.676067,67.12052,73.12243,60.81676,66.15341
cbi5o8uB6vm_EucKeEnWr7tLbEpxDuXkedWMJRE8bVs,159d8946e48b2beccc10349aa33b97c7,160.5,1,107.10484,100.23415,6.8706894,93.09553,87.50599,5.5895386,101.937096,97.88629,4.050804,53.19881,51.97317,1.2256393,37.462997,36.41368,1.0493164,23.93561,23.17162,0.7639904,44.7739,45.730663,0.9567642,28.029224,26.336731,1.6924934,16.54084,16.170279,0.3705616,33.530632,30.366255,3.1643772,36.57486,35.477043,1.0978165,69.97697,71.21205,1.2350845,63.101517,61.94143,1.1600876,93.25909,107.20922,79.36322,95.64876,91.972496,103.80009,47.09672,56.84962,33.167393,39.65997,21.533077,24.810162,43.519657,47.94167,24.1444,28.529062,15.074642,17.265915,26.985226,33.747284,33.497486,37.4566,68.2111,74.213005,59.2731,64.60976
9gXNSs0fKryeE1p3HbJYSkH_gv_ipvySjQrz90dRHN0,2448f394ff03a87ccfa1292145bb70c8,178.0,1,109.80169,103.57972,6.2219696,87.103065,89.51853,2.4154663,103.27432,102.22691,1.047409,57.493237,54.926056,2.5671806,39.729885,38.82376,0.9061241,25.324015,25.630856,0.3068409,50.81269,52.02255,1.209858,29.130522,28.414812,0.7157097,17.786974,17.57664,0.21033478,33.40606,32.09631,1.3097496,37.54992,38.14325,0.5933304,80.83627,81.64837,0.81209564,67.22157,69.1004,1.87883,96.60465,110.55479,81.37576,97.6613,96.31312,108.14071,50.049606,59.802505,35.577473,42.07005,23.992313,27.269398,49.811543,54.233555,26.22248,30.607143,16.481003,18.672276,28.71528,35.47734,36.163692,40.122807,78.647415,84.64932,66.432076,71.76873
9gXNSs0fKryeE1p3HbJYSkH_gv_ipvySjQrz90dRHN0,6b2d63b212d5ace52f0cdef7747c4803,178.0,1,109.80169,106.623184,3.178505,87.103065,94.14794,7.044876,103.27432,106.089676,2.8153534,57.493237,56.93951,0.5537262,39.729885,39.790268,0.060382843,25.324015,25.867039,0.54302406,50.81269,52.1499,1.3372078,29.130522,28.846148,0.28437424,17.786974,17.811644,0.024669647,33.40606,32.90103,0.5050278,37.54992,38.24247,0.69255066,80.83627,82.12763,1.291359,67.22157,69.5254,2.3038254,99.64812,113.59825,86.00517,102.29071,100.17588,112.00347,52.06306,61.81596,36.54398,43.036556,24.228497,27.50558,49.938892,54.360905,26.653816,31.038479,16.716007,18.90728,29.520002,36.28206,36.262913,40.222027,79.12668,85.128586,66.85707,72.193726
9gXNSs0fKryeE1p3HbJYSkH_gv_ipvySjQrz90dRHN0,126ab7f883dcc8d1e5bf932ecbf2729b,178.0,1,109.80169,105.76325,4.038437,87.103065,94.49795,7.394882,103.27432,103.02024,0.25408173,57.493237,53.749435,3.743801,39.729885,37.65777,2.0721169,25.324015,25.080378,0.24363708,50.81269,52.15147,1.3387794,29.130522,27.808374,1.3221474,17.786974,17.301609,0.4853649,33.40606,31.300041,2.106018,37.54992,37.9019,0.35198212,80.83627,81.90022,1.0639496,67.22157,69.33,2.108429,98.788185,112.73832,86.35518,102.64072,97.106445,108.93404,48.872986,58.625885,34.41148,40.904057,23.441835,26.71892,49.940464,54.362476,25.616043,30.000706,16.205973,18.397245,27.919012,34.68107,35.922344,39.88146,78.89927,84.90118,66.661674,71.99833
9gXNSs0fKryeE1p3HbJYSkH_gv_ipvySjQrz90dRHN0,f3d2145598712164a1182ca8e786c3f2,178.0,1,109.80169,107.98333,1.8183594,87.103065,96.17929,9.076225,103.27432,105.878395,2.6040726,57.493237,56.695656,0.7975807,39.729885,40.26192,0.5320358,25.324015,26.028782,0.7047672,50.81269,51.54932,0.7366295,29.130522,29.21934,0.0888176,17.786974,17.97321,0.18623543,33.40606,33.165623,0.24043655,37.54992,38.715775,1.1658554,80.83627,80.804756,0.03151703,67.22157,70.06275,2.841179,101.00826,114.9584,88.03652,104.32206,99.9646,111.79219,51.819206,61.572105,37.015633,43.50821,24.39024,27.667324,49.338314,53.760326,27.027008,31.41167,16.877573,19.068846,29.784594,36.546654,36.736217,40.69533,77.8038,83.80571,67.394424,72.73108
9gXNSs0fKryeE1p3HbJYSkH_gv_ipvySjQrz90dRHN0,8b9663fdfd004d3636d018fb5d720b03,178.0,1,109.80169,107.31731,2.4843826,87.103065,95.364784,8.261719,103.27432,105.04798,1.7736588,57.493237,55.337143,2.1560936,39.729885,38.33432,1.395565,25.324015,25.424082,0.10006714,50.81269,52.667145,1.854454,29.130522,28.55138,0.5791416,17.786974,17.730862,0.05611229,33.40606,32.418594,0.9874649,37.54992,38.305485,0.75556564,80.83627,82.853874,2.017601,67.22157,69.5083,2.286728,100.34224,114.29237,87.222015,103.50755,99.134186,110.96178,50.460693,60.213593,35.08803,41.58061,23.78554,27.062624,50.45614,54.87815,26.359049,30.743711,16.635225,18.826498,29.037565,35.79962,36.325928,40.28504,79.85292,85.85483,66.83997,72.17663
9gXNSs0fKryeE1p3HbJYSkH_gv_ipvySjQrz90dRHN0,c71b6fb5c7e55d0fe06998363b1afddc,178.0,1,109.80169,109.27041,0.5312805,87.103065,97.932594,10.829529,103.27432,106.372215,3.0978928,57.493237,56.1813,1.3119354,39.729885,39.114487,0.6153984,25.324015,25.716322,0.39230728,50.81269,52.5398,1.727108,29.130522,29.13145,0.0009288788,17.786974,18.069416,0.2824421,33.40606,33.117878,0.2881813,37.54992,38.7265,1.1765823,80.83627,82.516426,1.6801529,67.22157,70.048096,2.8265228,102.29534,116.245476,89.789825,106.07536,100.45842,112.28601,51.30485,61.05775,35.8682,42.360775,24.07778,27.354864,50.328793,54.750805,26.93912,31.323782,16.97378,19.165052,29.736849,36.49891,36.746944,40.70606,79.51547,85.51738,67.37977,72.71642
QD6ovtOw9zxOZ6WdyfubnDySb43N6CMB70x5nzS257U,24790c0b3fd35615242bc2298b54cf85,182.8,1,104.35874,105.24618,0.8874359,96.1969,93.1568,3.0401,103.25986,104.07691,0.81705475,54.02796,54.403538,0.37557602,41.493816,38.026585,3.4672318,25.224974,25.684158,0.45918465,53.584618,54.176445,0.5918274,27.471441,28.01052,0.53907967,17.988728,17.714705,0.27402306,30.995207,31.264233,0.2690258,37.299168,38.23308,0.9339142,84.2841,85.45317,1.1690674,70.6297,70.85412,0.22441864,98.27111,112.221245,85.01403,101.29957,98.16312,109.99071,49.52709,59.279987,34.780296,41.272873,24.045616,27.3227,51.96544,56.38745,25.81819,30.202852,16.619068,18.81034,27.883204,34.645264,36.253525,40.21264,82.45222,88.454124,68.18579,73.522446
yFwn7aVInJZ3B8jS-mJhWYPwTVQHndSgQiahVTBh5fk,a87d5f6daf47684eee6d199b182ace1c,171.0,1,106.74431,104.435425,2.3088837,90.058876,92.59417,2.5352936,99.732155,100.42544,0.6932831,53.287254,51.81993,1.4673233,35.794327,35.661354,0.13297272,23.150335,23.893492,0.74315643,50.49152,50.62016,0.12863922,28.933964,27.170837,1.7631264,18.16654,16.988207,1.1783333,33.313927,30.860876,2.4530506,37.21766,37.004898,0.21276093,78.31526,79.32294,1.0076752,66.024605,65.98316,0.04144287,97.46036,111.41049,84.4514,100.73694,94.51164,106.33923,46.94348,56.69638,32.415066,38.907642,22.25495,25.532034,48.409153,52.831165,24.978506,29.363169,15.8925705,18.083843,27.479847,34.241905,35.02534,38.984455,76.32198,82.32389,63.314835,68.65149
WN5vfoa5N3L_TefOY_LT6EtCWhKor__7LmepFzJPudQ,c620d23205d72ba7c56a326224a1d991,189.25,1,107.25906,107.03348,0.22558594,99.63814,94.83814,4.7999954,106.47548,106.03317,0.44230652,52.60347,55.179237,2.5757675,35.781136,37.875813,2.094677,24.356134,25.990185,1.6340504,56.614105,55.893272,0.7208328,27.94705,28.289062,0.3420124,17.157114,17.830004,0.6728897,32.17081,31.635757,0.53505325,38.9941,38.74259,0.2515068,89.32093,88.63199,0.68894196,71.91709,72.0021,0.085006714,100.05841,114.008545,86.69537,102.98091,100.11938,111.94697,50.302788,60.055687,34.629524,41.1221,24.351643,27.628727,53.682266,58.10428,26.096731,30.481394,16.734367,18.92564,28.254728,35.016785,36.763035,40.72215,85.631035,91.63294,69.33377,74.670425
WN5vfoa5N3L_TefOY_LT6EtCWhKor__7LmepFzJPudQ,6a314eca2a3aebbcb9cc0f160cefd331,189.25,1,107.25906,108.579094,1.3200302,99.63814,97.02977,2.608368,106.47548,106.981514,0.50603485,52.60347,55.64829,3.0448189,35.781136,38.223755,2.4426193,24.356134,26.042566,1.6864319,56.614105,55.635433,0.978672,27.94705,28.663607,0.71655655,17.157114,18.005524,0.84840965,32.17081,32.168922,0.0018882751,38.9941,38.986618,0.0074806213,89.32093,88.09404,1.2268906,71.91709,72.16818,0.251091,101.60403,115.55416,88.887,105.17254,101.06772,112.89531,50.77184,60.52474,34.977467,41.470043,24.404024,27.681108,53.424427,57.84644,26.471275,30.855938,16.909887,19.10116,28.787893,35.54995,37.00706,40.966175,85.09309,91.09499,69.499855,74.83651
WN5vfoa5N3L_TefOY_LT6EtCWhKor__7LmepFzJPudQ,ee017c64c64c071751c780abea80524a,189.25,1,107.25906,108.74209,1.4830246,99.63814,97.26529,2.3728485,106.47548,107.75542,1.2799377,52.60347,56.162643,3.5591736,35.781136,38.513706,2.7325706,24.356134,26.187769,1.8316345,56.614105,55.84296,0.77114487,27.94705,28.666311,0.71926117,17.157114,18.008461,0.85134697,32.17081,32.18683,0.016017914,38.9941,38.970528,0.023571014,89.32093,88.53418,0.7867508,71.91709,72.47594,0.5588455,101.76702,115.717155,89.12252,105.40806,101.84162,113.66921,51.286194,61.039093,35.267418,41.759995,24.549227,27.826311,53.631954,58.053967,26.47398,30.858643,16.912825,19.104097,28.8058,35.567856,36.99097,40.950085,85.533226,91.53513,69.80761,75.144264
WN5vfoa5N3L_TefOY_LT6EtCWhKor__7LmepFzJPudQ,f0d008faa73252ce6e2e033819ebe923,189.25,1,107.25906,111.097046,3.8379822,99.63814,101.09901,1.4608688,106.47548,108.814316,2.3388367,52.60347,56.42515,3.821682,35.781136,38.818348,3.0372124,24.356134,26.18593,1.8297958,56.614105,55.49079,1.1233139,27.94705,29.04221,1.0951595,17.157114,18.18031,1.0231953,32.17081,32.65633,0.4855194,38.9941,39.276234,0.282135,89.32093,87.81039,1.5105438,71.91709,72.70065,0.7835617,104.12198,118.07211,92.95624,109.241776,102.90052,114.72811,51.548702,61.3016,35.57206,42.064636,24.547388,27.824472,53.279785,57.701797,26.849878,31.23454,17.084673,19.275946,29.275301,36.03736,37.296677,41.25579,84.80943,90.81134,70.032326,75.36898
WN5vfoa5N3L_TefOY_LT6EtCWhKor__7LmepFzJPudQ,5b49b856e17cf02b4db278260d04efe4,189.25,1,107.25906,108.68026,1.421196,99.63814,97.80175,1.8363876,106.47548,107.61538,1.1399002,52.60347,55.720245,3.1167755,35.781136,37.79018,2.0090446,24.356134,25.778814,1.4226799,56.614105,55.58512,1.0289841,27.94705,28.322866,0.37581635,17.157114,17.783003,0.6258888,32.17081,31.931187,0.23962402,38.9941,38.678234,0.31586456,89.32093,88.152725,1.1682053,71.91709,71.806694,0.11039734,101.70519,115.65533,89.65898,105.94452,101.701584,113.529175,50.843796,60.596695,34.54389,41.03647,24.140272,27.417356,53.374115,57.796127,26.130535,30.515198,16.687366,18.87864,28.550158,35.312218,36.698677,40.65779,85.15177,91.15368,69.13837,74.47502
WN5vfoa5N3L_TefOY_LT6EtCWhKor__7LmepFzJPudQ,263a2d7b1e2ca77a98d4f9f70bca9514,189.25,1,107.25906,106.39836,0.8607025,99.63814,94.18065,5.457489,106.47548,105.632706,0.84277344,52.60347,55.049316,2.4458466,35.781136,37.89514,2.114006,24.356134,25.93964,1.5835056,56.614105,55.666878,0.9472275,27.94705,28.113283,0.16623306,17.157114,17.70883,0.55171585,32.17081,31.419905,0.750906,38.9941,38.56024,0.43385696,89.32093,88.33367,0.9872589,71.91709,71.77738,0.13970947,99.423294,113.37343,86.03788,102.32342,99.71891,111.5465,50.172867,59.925766,34.648853,41.14143,24.301098,27.578182,53.45587,57.877884,25.920952,30.305614,16.613194,18.804466,28.038876,34.800934,36.580685,40.5398,85.33272,91.334625,69.109055,74.44571
WN5vfoa5N3L_TefOY_LT6EtCWhKor__7LmepFzJPudQ,d5eeae4b33ddfc1a1fb8d5c24f535ac2,189.25,1,107.25906,105.87566,1.3834,99.63814,94.14794,5.490196,106.47548,105.32683,1.1486511,52.60347,54.43685,1.8333817,35.781136,37.26817,1.4870338,24.356134,25.670372,1.3142376,56.614105,55.80523,0.80887604,27.94705,27.670456,0.27659416,17.157114,17.516418,0.35930443,32.17081,30.833273,1.3375378,38.9941,38.282692,0.7114067,89.32093,88.64177,0.6791611,71.91709,71.62106,0.29602814,98.9006,112.85073,86.00517,102.29071,99.41303,111.24062,49.560402,59.3133,34.02188,40.514458,24.03183,27.308914,53.594223,58.016235,25.478125,29.862787,16.420782,18.612055,27.452244,34.214302,36.303135,40.26225,85.640816,91.64272,68.952736,74.28939
WN5vfoa5N3L_TefOY_LT6EtCWhKor__7LmepFzJPudQ,0fa7dbd7ca0e34a14977e9c31d7a0427,189.25,1,107.25906,105.855995,1.4030685,99.63814,93.16661,6.471527,106.47548,106.55402,0.07854462,52.60347,56.41849,3.8150215,35.781136,39.515007,3.7338715,24.356134,26.579262,2.2231274,56.614105,55.314705,1.2994003,27.94705,28.593296,0.64624596,17.157114,17.942366,0.7852516,32.17081,31.92323,0.24758148,38.9941,38.788177,0.20592117,89.32093,87.75659,1.5643387,71.91709,72.49059,0.5735016,98.88093,112.83106,85.02384,101.30938,100.64023,112.46782,51.54204,61.29494,36.26872,42.761295,24.94072,28.217804,53.1037,57.52571,26.400965,30.785627,16.84673,19.038002,28.5422,35.30426,36.80862,40.767735,84.75564,90.757545,69.822266,75.15892
1h1YOTgYdWkDBeOowQ-UOSkvmV6JjhMOMvP8xNGMg9k,a64d27d1ae58474f8c8c7bce6ec5521a,173.8,1,103.03875,101.94742,1.0913315,89.61148,87.68099,1.9304886,103.567955,100.44018,3.127777,55.688545,54.5786,1.1099434,38.654205,39.29387,0.6396637,23.808361,25.392836,1.5844746,49.97664,49.781498,0.19514084,28.591728,28.249851,0.34187698,16.839739,17.322172,0.48243332,33.735573,31.979927,1.7556458,37.403847,37.754414,0.35056686,75.918144,77.75156,1.8334122,68.81856,67.57628,1.242279,94.97235,108.922485,79.53822,95.82376,94.52638,106.35397,49.702152,59.45505,36.04758,42.540157,23.754293,27.031378,47.57049,51.992504,26.05752,30.442183,16.226536,18.417809,28.598898,35.360954,35.774857,39.73397,74.7506,80.75251,64.90795,70.244606
bpyWGHqAZ_F8jjeg0pH3UeLMZ0Hp2Afwy9pnuLsQiN0,4f0bee8a155230ee357db80d052cc101,180.5,1,108.73136,106.4349,2.296463,95.61492,95.44656,0.16835785,104.89856,104.47799,0.42057037,54.347916,54.373974,0.026058197,37.282738,37.915245,0.6325073,25.670713,25.329426,0.3412876,53.54996,52.95957,0.59038925,27.538826,27.947645,0.4088192,18.565512,17.474558,1.0909538,29.238667,31.425375,2.1867085,37.16155,38.06548,0.90393066,85.575516,83.423615,2.1519012,68.13345,70.0774,1.9439468,99.45983,113.409966,87.303795,103.58933,98.56419,110.391785,49.497524,59.250423,34.668957,41.161533,23.690884,26.967968,50.748566,55.170578,25.755314,30.139977,16.378922,18.570194,28.044346,34.806404,36.085922,40.045036,80.42266,86.42457,67.40907,72.74573
BNldbDpAydeJs9HMe4pjl5PF65x7iRBWOhN8P6lTKpg,3d2e1b284ac918e77d74a45e7f534b34,163.5,0,79.63896,83.8548,4.2158356,64.667816,71.6919,7.024086,85.35106,90.432236,5.0811768,44.15644,46.569763,2.4133224,31.62736,33.301533,1.6741734,21.301739,21.767391,0.46565247,48.165176,47.024574,1.1406021,21.844492,21.791996,0.052495956,15.052383,14.506147,0.54623604,22.596476,23.757637,1.1611614,32.000343,31.507565,0.49277878,75.013176,75.1758,0.16262054,57.652023,58.631836,0.9798126,76.87973,90.829865,63.549133,79.83467,84.51844,96.34603,41.693314,51.446213,30.055244,36.54782,20.128849,23.405933,44.81357,49.23558,19.599665,23.984327,13.410511,15.601784,20.376608,27.138666,29.528008,33.48712,72.17484,78.17675,55.96351,61.300163
BNldbDpAydeJs9HMe4pjl5PF65x7iRBWOhN8P6lTKpg,93132b5cf1bc5b03ed941f5b8c05f054,163.5,0,79.63896,83.75363,4.11467,64.667816,71.54797,6.8801575,85.35106,90.216034,4.864975,44.15644,46.473824,2.3173828,31.62736,33.527306,1.8999462,21.301739,21.886862,0.58512306,48.165176,46.796604,1.3685722,21.844492,21.819038,0.025453568,15.052383,14.567837,0.48454666,22.596476,23.725805,1.1293297,32.000343,31.577286,0.42305756,75.013176,74.67941,0.33376312,57.652023,58.817467,1.1654434,76.778564,90.7287,63.405205,79.69074,84.30224,96.12983,41.597374,51.350273,30.281017,36.773594,20.24832,23.525404,44.585598,49.00761,19.626707,24.01137,13.4722,15.663473,20.344776,27.106834,29.597729,33.556843,71.67846,77.68037,56.14914,61.485794
UJ-lC5Qr0xris1r9m23uwU-CY5wGgUnWIaa3GuPQXlI,456e9e6dd398535aab729598f76a32f7,178.5,1,106.13642,109.04559,2.909172,96.6511,98.59335,1.9422531,104.82453,104.856346,0.031814575,55.030357,54.232536,0.79782104,36.130497,37.535408,1.404911,24.367153,25.092323,0.72517014,51.045742,52.775627,1.7298851,27.05847,28.359375,1.3009052,16.596174,17.700016,1.1038418,30.493769,32.05453,1.5607624,37.04273,38.36582,1.3230934,81.40804,82.971245,1.5632019,69.36985,69.542496,0.17264557,102.070526,116.02066,90.450584,106.73612,98.94255,110.77014,49.356087,59.108986,34.28912,40.781696,23.453781,26.730865,50.56462,54.986633,26.167044,30.551706,16.60438,18.795652,28.673502,35.435562,36.386265,40.34538,79.97029,85.9722,66.87417,72.21082
59bc2770681516389ccf492e,8fa0e4f6513cf05db1664098b9d6c50f,177.5,1,90.764175,95.843185,5.07901,80.20658,79.69953,0.50704956,94.424904,95.15428,0.72937775,46.970722,49.70654,2.735817,34.44735,35.931202,1.4838524,24.643599,24.934256,0.29065704,54.166355,52.747326,1.4190292,24.009333,26.114134,2.1048012,17.284697,16.760454,0.5242424,24.060637,28.660572,4.5999355,36.744682,36.92646,0.18177795,83.30726,82.983475,0.32378387,67.8166,67.77168,0.044914246,88.86812,102.81825,71.55676,87.8423,89.240486,101.06808,44.83009,54.58299,32.684914,39.17749,23.295713,26.572798,50.53632,54.958332,23.921803,28.306465,15.664818,17.85609,25.279543,32.041603,34.946903,38.906017,79.98252,85.98443,65.103355,70.44001
59bc2770681516389ccf492e,19cdcf61e65034031e45cef14fc1327a,177.5,1,90.764175,92.94305,2.1788712,80.20658,77.30509,2.9014893,94.424904,94.4762,0.05129242,46.970722,48.978977,2.008255,34.44735,35.280937,0.83358765,24.643599,24.531506,0.11209297,54.166355,52.502068,1.6642876,24.009333,25.103403,1.0940704,17.284697,16.36177,0.92292595,24.060637,27.450008,3.3893719,36.744682,35.996105,0.7485771,83.30726,82.915,0.3922577,67.8166,66.882614,0.93398285,85.96798,99.91811,69.16232,85.44786,88.5624,100.38999,44.102528,53.855427,32.03465,38.527225,22.892963,26.170048,50.29106,54.713074,22.911072,27.295734,15.266134,17.457407,24.06898,30.831038,34.01655,37.975662,79.91405,85.915955,64.21429,69.55094
59bc2770681516389ccf492e,249cedf59de38affcc1a384f122f4306,177.5,1,90.764175,95.9275,5.1633224,80.20658,81.62293,1.4163513,94.424904,95.64565,1.2207489,46.970722,49.160202,2.1894798,34.44735,35.117016,0.6696663,24.643599,24.39963,0.24396896,54.166355,52.730034,1.4363213,24.009333,25.578007,1.5686741,17.284697,16.48313,0.8015671,24.060637,28.018984,3.9583473,36.744682,36.473934,0.27074814,83.30726,83.0177,0.2895584,67.8166,67.652,0.16459656,88.95243,102.902565,73.48016,89.7657,89.73186,101.55945,44.283752,54.03665,31.870728,38.363304,22.761087,26.038172,50.519028,54.94104,23.385675,27.770338,15.387493,17.578766,24.637955,31.400013,34.494377,38.45349,80.01675,86.018654,64.98367,70.32033
59bc2770681516389ccf492e,371a777767332f5a4927c189fa1c9d54,177.5,1,90.764175,94.78093,4.016754,80.20658,80.22945,0.022865295,94.424904,95.2329,0.80799866,46.970722,48.920345,1.9496231,34.44735,35.04279,0.5954399,24.643599,24.423868,0.21973038,54.166355,52.775627,1.390728,24.009333,25.292704,1.283371,17.284697,16.38215,0.9025459,24.060637,27.642982,3.582346,36.744682,36.314045,0.43063736,83.30726,83.13508,0.17218018,67.8166,67.54208,0.27451324,87.80586,101.756,72.08668,88.372215,89.31911,101.1467,44.043896,53.796795,31.796501,38.289078,22.785326,26.06241,50.56462,54.986633,23.100372,27.485035,15.286514,17.477787,24.261953,31.024012,34.334488,38.293602,80.134125,86.13603,64.87376,70.21041
59bc2770681516389ccf492e,c70a196bca9ba1a84913f479fcaa1648,177.5,1,90.764175,94.29757,3.5333939,80.20658,78.60699,1.5995941,94.424904,94.4418,0.016899109,46.970722,49.029613,2.0588913,34.44735,35.24073,0.79338074,24.643599,24.521397,0.12220192,54.166355,52.42346,1.742897,24.009333,25.456314,1.4469814,17.284697,16.398674,0.88602257,24.060637,27.933437,3.8728008,36.744682,36.359295,0.38538742,83.30726,82.59956,0.707695,67.8166,67.0487,0.76789856,87.3225,101.27264,70.46422,86.749756,88.52801,100.3556,44.153164,53.906063,31.994442,38.48702,22.882854,26.159939,50.212452,54.634464,23.263983,27.648645,15.303038,17.49431,24.552408,31.314466,34.379738,38.338852,79.59861,85.60052,64.38037,69.717026
59bc2770681516389ccf492e,98b7a589edc69e66e08958ee90c49043,177.5,1,90.764175,94.21888,3.4547043,80.20658,79.15653,1.0500488,94.424904,94.80541,0.38050842,46.970722,48.763107,1.7923851,34.44735,35.147945,0.70059586,24.643599,24.50922,0.13437843,54.166355,52.624695,1.5416603,24.009333,25.256197,1.2468643,17.284697,16.431538,0.85315895,24.060637,27.57932,3.5186844,36.744682,36.267452,0.47723007,83.30726,82.87099,0.43627167,67.8166,67.49323,0.32336426,87.24381,101.19395,71.01376,87.2993,88.89162,100.71921,43.886658,53.639557,31.901657,38.394234,22.870678,26.147762,50.41369,54.8357,23.063866,27.448528,15.335901,17.527174,24.198292,30.96035,34.287895,38.24701,79.87003,85.87194,64.824905,70.16156
59bc2770681516389ccf492e,b8d5bb240e925c85dd94927348c71b6e,177.5,1,90.764175,95.80946,5.045288,80.20658,80.8575,0.65091705,94.424904,94.93317,0.50826263,46.970722,48.84306,1.8723373,34.44735,35.079903,0.6325531,24.643599,24.442707,0.2008915,54.166355,52.538227,1.628128,24.009333,25.628714,1.619381,17.284697,16.484598,0.8000984,24.060637,28.090603,4.0299664,36.744682,36.57785,0.16683197,83.30726,82.66315,0.64411163,67.8166,67.46637,0.35022736,88.8344,102.78453,72.71473,89.00027,89.01937,100.84696,43.96661,53.71951,31.833614,38.32619,22.804165,26.08125,50.32722,54.749233,23.436382,27.821045,15.388962,17.580235,24.709574,31.471632,34.598293,38.557407,79.66219,85.6641,64.79804,70.1347
59bc2770681516389ccf492e,df46f041a197013a970e95990cab5f40,177.5,1,90.764175,94.634796,3.8706207,80.20658,79.48364,0.72293854,94.424904,94.658005,0.23310089,46.970722,48.6112,1.6404762,34.44735,34.682476,0.2351265,24.643599,24.308075,0.3355236,54.166355,52.72217,1.4441833,24.009333,25.236591,1.2272587,17.284697,16.343962,0.94073486,24.060637,27.690727,3.6300907,36.744682,36.247673,0.49700928,83.30726,83.1473,0.15995789,67.8166,66.98886,0.8277359,87.65973,101.60986,71.34087,87.62641,88.74421,100.5718,43.73475,53.487648,31.436188,37.928764,22.669533,25.946617,50.511166,54.933178,23.04426,27.428923,15.248325,17.439598,24.309698,31.071756,34.268116,38.22723,80.14635,86.148254,64.32053,69.65719
59bc2770681516389ccf492e,acc28c275c7281ee858604500692fd0e,177.5,1,90.764175,96.12421,5.360031,80.20658,81.263115,1.0565338,94.424904,96.0928,1.6678925,46.970722,49.72253,2.7518082,34.44735,35.134026,0.686676,24.643599,24.478662,0.16493607,54.166355,52.940704,1.2256508,24.009333,25.747702,1.738369,17.284697,16.554733,0.7299633,24.060637,28.335302,4.274666,36.744682,36.551704,0.1929779,83.30726,83.46763,0.16036987,67.8166,67.57628,0.2403183,89.14914,103.09927,73.120346,89.40588,90.179,102.00659,44.84608,54.59898,31.887737,38.380314,22.84012,26.117205,50.7297,55.15171,23.55537,27.940033,15.459097,17.65037,24.954273,31.716331,34.572147,38.53126,80.466675,86.46858,64.90795,70.244606
59bc2770681516389ccf492e,b13e0859ad1b8ba966b580a4c52d8d24,177.5,1,90.764175,96.02304,5.2588654,80.20658,80.50422,0.29763794,94.424904,95.5916,1.1666946,46.970722,49.650574,2.6798515,34.44735,35.208256,0.7609062,24.643599,24.579063,0.06453514,54.166355,52.880962,1.2853928,24.009333,25.98027,1.9709377,17.284697,16.652912,0.63178444,24.060637,28.625757,4.5651207,36.744682,36.768913,0.024230957,83.30726,83.205986,0.10127258,67.8166,67.615364,0.20123291,89.04797,102.99811,72.36145,88.64699,89.6778,101.505394,44.774124,54.527023,31.961967,38.454544,22.940521,26.217606,50.669956,55.09197,23.78794,28.172602,15.557276,17.748549,25.244728,32.006786,34.789356,38.74847,80.20503,86.20694,64.94704,70.28369
R2oQsZsj0aVNB5JF8rS1AwZranVfJ3b5YWVVZ1etG7A,c0416efe55bdf151cc091887ce4e8cfd,162.5,0,95.483284,97.14994,1.6666565,85.88341,85.62021,0.26319885,106.377106,103.43138,2.9457245,55.55287,54.757824,0.79504776,33.450928,35.4263,1.9753723,21.107466,22.276516,1.1690502,49.2161,47.214806,2.0012932,23.560757,24.223156,0.6623993,14.232791,15.366855,1.1340637,27.48994,28.914225,1.424284,32.16311,32.467587,0.3044777,76.59189,75.948494,0.6433945,61.283333,59.066605,2.2167282,90.17487,104.12501,77.47744,93.76298,97.517586,109.34518,49.881374,59.634274,32.18001,38.67259,20.637974,23.915058,45.0038,49.42581,22.030825,26.415487,14.271218,16.46249,25.533195,32.295254,30.48803,34.447144,72.94754,78.94945,56.398277,61.734932
R2oQsZsj0aVNB5JF8rS1AwZranVfJ3b5YWVVZ1etG7A,2b3e5422b0df35ebdef118171ef8ec67,162.5,0,95.483284,97.61643,2.1331482,85.88341,87.00715,1.1237411,106.377106,102.85233,3.5247726,55.55287,54.19305,1.3598213,33.450928,35.51599,2.0650635,21.107466,22.256298,1.1488323,49.2161,46.762016,2.4540825,23.560757,24.128506,0.567749,14.232791,15.140661,0.9078703,27.48994,28.627747,1.1378059,32.16311,32.666027,0.50291824,76.59189,75.06821,1.5236816,61.283333,59.608837,1.6744957,90.641365,104.5915,78.86438,95.14992,96.93854,108.76613,49.3166,59.0695,32.269703,38.76228,20.617756,23.89484,44.55101,48.973022,21.936174,26.320837,14.045025,16.236298,25.246717,32.008774,30.68647,34.645584,72.06725,78.06916,56.94051,62.277164
iqh-P4vqGKCTAkySq9mt7oqpEujpSiENp6W7piq4iNg,31f85d87d9c6d0bfd4666c152c1b85cc,193.0,1,105.17271,108.112595,2.939888,91.54563,95.88489,4.3392563,104.375595,108.07726,3.7016678,57.8532,57.57379,0.2794075,44.08519,40.75832,3.32687,27.362978,27.036922,0.32605553,53.995808,55.258106,1.2622986,29.169827,29.43974,0.26991272,18.480608,18.4513,0.02930832,31.528736,32.924904,1.3961678,39.73536,39.35668,0.37867737,89.686775,87.4974,2.1893768,72.0633,73.252655,1.189354,101.13753,115.08766,87.74212,104.02766,102.16347,113.99106,52.697342,62.45024,37.51203,44.00461,25.39838,28.675465,53.0471,57.469112,27.247408,31.63207,17.355663,19.546936,29.543875,36.30593,37.377125,41.33624,84.496445,90.49835,70.58433,75.92098
iqh-P4vqGKCTAkySq9mt7oqpEujpSiENp6W7piq4iNg,1f2efa5d0ba39af40f6dda7390986a86,193.0,1,105.17271,111.715294,6.5425873,91.54563,101.41303,9.867401,104.375595,110.49971,6.124115,57.8532,57.99754,0.14434052,44.08519,40.393368,3.691822,27.362978,26.888044,0.47493362,53.995808,55.830383,1.8345757,29.169827,29.74803,0.5782032,18.480608,18.71568,0.23507118,31.528736,33.400375,1.8716393,39.73536,39.702614,0.03274536,89.686775,88.319,1.367775,72.0633,73.848625,1.7853241,104.74023,118.69036,93.27026,109.5558,104.585915,116.413506,53.12109,62.87399,37.14708,43.639656,25.249502,28.526587,53.619377,58.04139,27.555698,31.940361,17.620043,19.811316,30.019346,36.781403,37.723057,41.68217,85.31805,91.319954,71.1803,76.51695
iqh-P4vqGKCTAkySq9mt7oqpEujpSiENp6W7piq4iNg,12999c475bb8888f89b00354ae954ef9,193.0,1,105.17271,105.98245,0.8097458,91.54563,93.01942,1.4737854,104.375595,105.73344,1.3578415,57.8532,55.39311,2.4600906,44.08519,38.87634,5.208851,27.362978,26.60867,0.7543087,53.995808,56.377502,2.3816948,29.169827,28.525688,0.64413834,18.480608,18.112743,0.3678646,31.528736,31.564138,0.035402298,39.73536,39.056343,0.6790161,89.686775,89.394905,0.29187012,72.0633,73.24777,1.1844711,99.007385,112.95752,84.87665,101.162186,99.81964,111.64723,50.51666,60.269558,35.63005,42.122627,24.970127,28.247211,54.166496,58.58851,26.333357,30.71802,17.017107,19.20838,28.18311,34.945168,37.076786,41.0359,86.39395,92.39586,70.579445,75.9161
iqh-P4vqGKCTAkySq9mt7oqpEujpSiENp6W7piq4iNg,c02e7b65ac26f0aeac3114891432f31b,193.0,1,105.17271,105.98245,0.8097458,91.54563,93.01942,1.4737854,104.375595,105.73344,1.3578415,57.8532,55.39311,2.4600906,44.08519,38.87634,5.208851,27.362978,26.60867,0.7543087,53.995808,56.377502,2.3816948,29.169827,28.525688,0.64413834,18.480608,18.112743,0.3678646,31.528736,31.564138,0.035402298,39.73536,39.056343,0.6790161,89.686775,89.394905,0.29187012,72.0633,73.24777,1.1844711,99.007385,112.95752,84.87665,101.162186,99.81964,111.64723,50.51666,60.269558,35.63005,42.122627,24.970127,28.247211,54.166496,58.58851,26.333357,30.71802,17.017107,19.20838,28.18311,34.945168,37.076786,41.0359,86.39395,92.39586,70.579445,75.9161
iqh-P4vqGKCTAkySq9mt7oqpEujpSiENp6W7piq4iNg,3e596ad4f3e3e9c8ef2d92917e14a706,193.0,1,105.17271,105.98245,0.8097458,91.54563,93.01942,1.4737854,104.375595,105.73344,1.3578415,57.8532,55.39311,2.4600906,44.08519,38.87634,5.208851,27.362978,26.60867,0.7543087,53.995808,56.377502,2.3816948,29.169827,28.525688,0.64413834,18.480608,18.112743,0.3678646,31.528736,31.564138,0.035402298,39.73536,39.056343,0.6790161,89.686775,89.394905,0.29187012,72.0633,73.24777,1.1844711,99.007385,112.95752,84.87665,101.162186,99.81964,111.64723,50.51666,60.269558,35.63005,42.122627,24.970127,28.247211,54.166496,58.58851,26.333357,30.71802,17.017107,19.20838,28.18311,34.945168,37.076786,41.0359,86.39395,92.39586,70.579445,75.9161
iqh-P4vqGKCTAkySq9mt7oqpEujpSiENp6W7piq4iNg,7f885669989c7e9b7163ab1bf44dd1a4,193.0,1,105.17271,105.98245,0.8097458,91.54563,93.01942,1.4737854,104.375595,105.73344,1.3578415,57.8532,55.39311,2.4600906,44.08519,38.87634,5.208851,27.362978,26.60867,0.7543087,53.995808,56.377502,2.3816948,29.169827,28.525688,0.64413834,18.480608,18.112743,0.3678646,31.528736,31.564138,0.035402298,39.73536,39.056343,0.6790161,89.686775,89.394905,0.29187012,72.0633,73.24777,1.1844711,99.007385,112.95752,84.87665,101.162186,99.81964,111.64723,50.51666,60.269558,35.63005,42.122627,24.970127,28.247211,54.166496,58.58851,26.333357,30.71802,17.017107,19.20838,28.18311,34.945168,37.076786,41.0359,86.39395,92.39586,70.579445,75.9161
iqh-P4vqGKCTAkySq9mt7oqpEujpSiENp6W7piq4iNg,60bc96e46e445ffb501d9bba1f86edb0,193.0,1,105.17271,105.98245,0.8097458,91.54563,93.01942,1.4737854,104.375595,105.73344,1.3578415,57.8532,55.39311,2.4600906,44.08519,38.87634,5.208851,27.362978,26.60867,0.7543087,53.995808,56.377502,2.3816948,29.169827,28.525688,0.64413834,18.480608,18.112743,0.3678646,31.528736,31.564138,0.035402298,39.73536,39.056343,0.6790161,89.686775,89.394905,0.29187012,72.0633,73.24777,1.1844711,99.007385,112.95752,84.87665,101.162186,99.81964,111.64723,50.51666,60.269558,35.63005,42.122627,24.970127,28.247211,54.166496,58.58851,26.333357,30.71802,17.017107,19.20838,28.18311,34.945168,37.076786,41.0359,86.39395,92.39586,70.579445,75.9161
iqh-P4vqGKCTAkySq9mt7oqpEujpSiENp6W7piq4iNg,7fea11d6af00a82191d94b6376ee1c60,193.0,1,105.17271,105.98245,0.8097458,91.54563,93.01942,1.4737854,104.375595,105.73344,1.3578415,57.8532,55.39311,2.4600906,44.08519,38.87634,5.208851,27.362978,26.60867,0.7543087,53.995808,56.377502,2.3816948,29.169827,28.525688,0.64413834,18.480608,18.112743,0.3678646,31.528736,31.564138,0.035402298,39.73536,39.056343,0.6790161,89.686775,89.394905,0.29187012,72.0633,73.24777,1.1844711,99.007385,112.95752,84.87665,101.162186,99.81964,111.64723,50.51666,60.269558,35.63005,42.122627,24.970127,28.247211,54.166496,58.58851,26.333357,30.71802,17.017107,19.20838,28.18311,34.945168,37.076786,41.0359,86.39395,92.39586,70.579445,75.9161
iqh-P4vqGKCTAkySq9mt7oqpEujpSiENp6W7piq4iNg,8e4c98372da3dcd1cc187a4792c444c7,193.0,1,105.17271,105.98245,0.8097458,91.54563,93.01942,1.4737854,104.375595,105.73344,1.3578415,57.8532,55.39311,2.4600906,44.08519,38.87634,5.208851,27.362978,26.60867,0.7543087,53.995808,56.377502,2.3816948,29.169827,28.525688,0.64413834,18.480608,18.112743,0.3678646,31.528736,31.564138,0.035402298,39.73536,39.056343,0.6790161,89.686775,89.394905,0.29187012,72.0633,73.24777,1.1844711,99.007385,112.95752,84.87665,101.162186,99.81964,111.64723,50.51666,60.269558,35.63005,42.122627,24.970127,28.247211,54.166496,58.58851,26.333357,30.71802,17.017107,19.20838,28.18311,34.945168,37.076786,41.0359,86.39395,92.39586,70.579445,75.9161
iqh-P4vqGKCTAkySq9mt7oqpEujpSiENp6W7piq4iNg,826fd67be07c4635f0071bc707f2ddb1,193.0,1,105.17271,106.83114,1.658432,91.54563,94.1185,2.5728683,104.375595,108.21976,3.844162,57.8532,57.901596,0.048397064,44.08519,40.66244,3.4227486,27.362978,26.913776,0.44920158,53.995808,55.11661,1.1208038,29.169827,29.195002,0.025175095,18.480608,18.339672,0.1409359,31.528736,32.783653,1.2549171,39.73536,38.95444,0.7809181,89.686775,87.40937,2.2774048,72.0633,72.62737,0.56407166,99.85607,113.806206,85.97573,102.26127,102.30596,114.13355,53.025146,62.778046,37.416153,43.90873,25.275234,28.552319,52.905605,57.327618,27.00267,31.387333,17.244036,19.435308,29.402624,36.16468,36.974884,40.934,84.40842,90.410324,69.959045,75.2957
iqh-P4vqGKCTAkySq9mt7oqpEujpSiENp6W7piq4iNg,6d73280301a0f5d7b299d298846a0ce2,193.0,1,105.17271,109.07369,3.9009857,91.54563,97.52698,5.981346,104.375595,108.52441,4.1488113,57.8532,57.491177,0.3620224,44.08519,40.54337,3.5418205,27.362978,26.904587,0.4583912,53.995808,55.254963,1.2591553,29.169827,29.423513,0.2536869,18.480608,18.468924,0.011684418,31.528736,32.926895,1.398159,39.73536,39.38618,0.3491783,89.686775,87.453384,2.2333908,72.0633,73.321045,1.2577438,102.098625,116.04876,89.38421,105.66975,102.61061,114.4382,52.614727,62.367626,37.29708,43.789658,25.266045,28.543129,53.043957,57.46597,27.231182,31.615845,17.373287,19.56456,29.545866,36.307922,37.406624,41.365738,84.45243,90.45434,70.65272,75.98937
iqh-P4vqGKCTAkySq9mt7oqpEujpSiENp6W7piq4iNg,c4e387a7bc50a65383c2ab4007b708ba,193.0,1,105.17271,107.57866,2.4059525,91.54563,95.41058,3.864952,104.375595,107.36478,2.9891815,57.8532,56.235935,1.6172638,44.08519,39.177887,4.907303,27.362978,26.641752,0.72122574,53.995808,56.471836,2.4760284,29.169827,28.798822,0.3710041,18.480608,18.29414,0.18646812,31.528736,32.036625,0.5078888,39.73536,39.107292,0.628067,89.686775,89.59053,0.09624481,72.0633,73.19892,1.1356201,100.60359,114.55373,87.267815,103.55335,101.45098,113.27857,51.359486,61.112385,35.9316,42.424175,25.00321,28.280294,54.26083,58.682842,26.606491,30.991154,17.198503,19.389776,28.655596,35.417656,37.127735,41.08685,86.58958,92.591484,70.530594,75.86725
iqh-P4vqGKCTAkySq9mt7oqpEujpSiENp6W7piq4iNg,4ec1fbc6e3e425f4a946ecaf73cb210f,193.0,1,105.17271,109.94486,4.772156,91.54563,99.012054,7.466423,104.375595,109.37447,4.9988785,57.8532,57.541813,0.3113861,44.08519,40.241817,3.8433723,27.362978,26.87334,0.48963737,53.995808,55.74863,1.7528229,29.169827,29.355907,0.18608093,18.480608,18.477737,0.0028705597,31.528736,32.82941,1.3006744,39.73536,39.44786,0.28749847,89.686775,88.24075,1.446022,72.0633,73.75093,1.6876297,102.969795,116.91993,90.869286,107.15482,103.46068,115.28827,52.665363,62.418262,36.99553,43.488106,25.234798,28.511883,53.537624,57.959637,27.163576,31.548239,17.382101,19.573374,29.448381,36.21044,37.468304,41.427418,85.2398,91.24171,71.0826,76.41926
iqh-P4vqGKCTAkySq9mt7oqpEujpSiENp6W7piq4iNg,b51e5f3edc6f722de166e26b11ab288e,193.0,1,105.17271,106.97446,1.8017502,91.54563,94.422714,2.8770828,104.375595,107.22965,2.8540573,57.8532,56.615704,1.2374954,44.08519,39.60006,4.4851303,27.362978,26.658295,0.7046833,53.995808,55.83667,1.8408623,29.169827,28.87319,0.29663658,18.480608,18.222168,0.25844002,31.528736,32.228607,0.69987106,39.73536,38.994663,0.74069595,89.686775,88.5733,1.113472,72.0633,72.87651,0.81320953,99.99939,113.949524,86.279945,102.56548,101.31586,113.14345,51.739254,61.492153,36.35377,42.846348,25.019753,28.296837,53.625664,58.047676,26.680859,31.065521,17.126532,19.317804,28.847578,35.609634,37.015106,40.97422,85.57235,91.57426,70.20818,75.54484
mxHdyqO0muEOOY8F9RPm4GeZqhWO1pjThEJFK1dkjHU,e1841a958db9b94cfd50909b73b2f5e5,169.0,1,99.02821,100.80533,1.7771149,84.49024,87.84291,3.3526688,102.06644,98.1246,3.9418335,54.171562,52.316963,1.854599,36.40829,37.500324,1.0920334,24.921797,24.278208,0.643589,48.627502,48.13611,0.49139404,27.259165,27.075848,0.18331718,16.79664,16.506264,0.29037666,30.331732,30.65696,0.32522774,36.632927,36.79104,0.15811157,73.49466,74.95328,1.4586182,66.694,65.61312,1.0808792,93.83026,107.780396,79.70014,95.98568,92.21081,104.0384,47.440514,57.193413,34.254036,40.746613,22.639666,25.91675,45.925102,50.347115,24.883516,29.268179,15.410627,17.6019,27.27593,34.037987,34.81148,38.770596,71.952324,77.95423,62.944794,68.28145
mxHdyqO0muEOOY8F9RPm4GeZqhWO1pjThEJFK1dkjHU,67f3d8b9b64ffd2809f1d17322e3beaf,169.0,1,99.02821,99.7522,0.72398376,84.49024,85.96367,1.4734268,102.06644,96.47607,5.59037,54.171562,51.420174,2.7513885,36.40829,37.040943,0.6326523,24.921797,24.178726,0.7430706,48.627502,48.210785,0.41671753,27.259165,27.03427,0.22489548,16.79664,16.55161,0.24502945,30.331732,30.48531,0.1535778,36.632927,36.82925,0.1963234,73.49466,74.95817,1.4635086,66.694,65.30872,1.3852768,92.77713,106.727264,77.8209,94.10644,90.56227,102.38986,46.543724,56.296623,33.794655,40.28723,22.540184,25.817268,45.99978,50.42179,24.841938,29.2266,15.455975,17.647247,27.10428,33.86634,34.849693,38.808807,71.957214,77.95912,62.640396,67.97705
DNDgaE6BmUFno7fz7Lv2jHwHZ7Za8QFpLVa0hgdtcxk,caa2c743a5c8cb28dc842d8a3dfe1d5f,166.5,0,92.20428,92.690125,0.48584747,84.03578,80.07243,3.9633484,102.019516,100.572845,1.4466705,57.23265,54.373806,2.8588448,37.808357,36.87567,0.93268585,23.39905,22.989658,0.4093914,47.13336,47.139343,0.0059814453,24.332876,24.453022,0.1201458,14.895272,15.445435,0.5501623,28.708248,28.51037,0.19787788,32.534847,32.880558,0.34571075,75.745766,75.60127,0.1444931,62.83473,60.329376,2.505352,85.71506,99.66519,71.929665,88.2152,94.65905,106.48664,49.497356,59.250256,33.629383,40.12196,21.351116,24.6282,44.928337,49.35035,22.26069,26.645353,14.349798,16.54107,25.129341,31.8914,30.901001,34.860115,72.60032,78.60223,57.66105,62.997704
DNDgaE6BmUFno7fz7Lv2jHwHZ7Za8QFpLVa0hgdtcxk,b1fa7bbfcc15a92a309167b0bc8d566d,166.5,0,92.20428,93.201584,0.9973068,84.03578,81.13227,2.903511,102.019516,100.37507,1.6444473,57.23265,53.41497,3.8176804,37.808357,35.669083,2.1392746,23.39905,22.552216,0.8468342,47.13336,47.71476,0.581398,24.332876,23.958136,0.3747406,14.895272,15.2493515,0.35407925,28.708248,27.869776,0.83847237,32.534847,32.593624,0.058776855,75.745766,76.67963,0.9338608,62.83473,59.931248,2.9034805,86.22652,100.17665,72.9895,89.27504,94.46127,106.288864,48.53852,58.29142,32.422794,38.91537,20.913673,24.190758,45.503754,49.925766,21.765804,26.150467,14.153715,16.344988,24.488747,31.250805,30.614067,34.57318,73.67867,79.68058,57.26292,62.599575
DNDgaE6BmUFno7fz7Lv2jHwHZ7Za8QFpLVa0hgdtcxk,93eb5cf5a3ff9944c31cc056f4e41901,166.5,0,92.20428,93.17348,0.96920013,84.03578,80.15094,3.884842,102.019516,100.77308,1.2464371,57.23265,54.6942,2.5384521,37.808357,37.144165,0.6641922,23.39905,23.11556,0.28348923,47.13336,47.12362,0.009742737,24.332876,24.676125,0.34324837,14.895272,15.546781,0.65150833,28.708248,28.8247,0.11645126,32.534847,33.060226,0.5253792,75.745766,75.513245,0.23252106,62.83473,60.42219,2.4125366,86.19841,100.148544,72.00817,88.29371,94.85928,106.686874,49.81775,59.57065,33.897877,40.390453,21.477018,24.754103,44.912613,49.334625,22.483793,26.868456,14.451144,16.642418,25.44367,32.205727,31.08067,35.039783,72.51229,78.5142,57.753864,63.09052
DNDgaE6BmUFno7fz7Lv2jHwHZ7Za8QFpLVa0hgdtcxk,7b264715ab38fb24240961d2eae283fd,166.5,0,92.20428,93.96034,1.7560654,84.03578,81.68181,2.3539734,102.019516,99.99672,2.0227966,57.23265,53.347008,3.885643,37.808357,35.60259,2.2057686,23.39905,22.629412,0.76963806,47.13336,47.83739,0.7040291,24.332876,24.33268,0.00019645691,14.895272,15.330869,0.43559647,28.708248,28.30347,0.40477753,32.534847,33.044136,0.5092888,75.745766,76.73586,0.99009705,62.83473,60.136417,2.6983109,86.985275,100.93541,73.53904,89.82458,94.082924,105.910515,48.47056,58.223457,32.3563,38.848877,20.99087,24.267954,45.626385,50.048397,22.140348,26.525011,14.235232,16.426506,24.922441,31.6845,31.064579,35.023693,73.73491,79.73682,57.46809,62.804745
DNDgaE6BmUFno7fz7Lv2jHwHZ7Za8QFpLVa0hgdtcxk,42872cccd21f7ed65a37638adb0b5202,166.5,0,92.20428,92.29669,0.092414856,84.03578,79.87617,4.1596146,102.019516,100.12447,1.8950424,57.23265,53.778416,3.454235,37.808357,36.23739,1.5709686,23.39905,22.760828,0.63822174,47.13336,47.474216,0.34085464,24.332876,24.089294,0.24358177,14.895272,15.316181,0.42090893,28.708248,27.973227,0.7350216,32.534847,32.620438,0.08559036,75.745766,76.24804,0.50227356,62.83473,60.065586,2.7691422,85.321625,99.27176,71.7334,88.018936,94.21068,106.03827,48.901966,58.654865,32.9911,39.483677,21.122286,24.39937,45.26321,49.685223,21.896963,26.281626,14.220545,16.411818,24.592197,31.354256,30.64088,34.599995,73.247086,79.24899,57.39726,62.733913
DNDgaE6BmUFno7fz7Lv2jHwHZ7Za8QFpLVa0hgdtcxk,c3b18060d318bfe8ddbd8ca95d0c2584,166.5,0,92.20428,91.82458,0.3796997,84.03578,79.59486,4.4409256,102.019516,98.31378,3.7057343,57.23265,52.524837,4.7078133,37.808357,35.89409,1.9142685,23.39905,22.674442,0.72460747,47.13336,47.180218,0.046855927,24.332876,24.04332,0.2895565,14.895272,15.205288,0.31001568,28.708248,27.642982,1.0652657,32.534847,32.85106,0.3162117,75.745766,75.501015,0.24475098,62.83473,60.275642,2.5590858,84.84951,98.799644,71.45209,87.737625,92.39999,104.22758,47.648388,57.401287,32.6478,39.140377,21.0359,24.312984,44.96921,49.391224,21.850988,26.235651,14.109652,16.300924,24.261953,31.024012,30.871502,34.830616,72.50006,78.50197,57.607315,62.94397
DNDgaE6BmUFno7fz7Lv2jHwHZ7Za8QFpLVa0hgdtcxk,5b15de1490b655c39bbfc47a7c443a4c,166.5,0,92.20428,92.45406,0.24978638,84.03578,80.48459,3.5511932,102.019516,98.11232,3.907196,57.23265,51.985165,5.247486,37.808357,35.14485,2.6635056,23.39905,22.430908,0.96814156,47.13336,47.614143,0.48078156,24.332876,23.867542,0.46533394,14.895272,15.055472,0.16020012,28.708248,27.44006,1.2681885,32.534847,32.829605,0.29475784,75.745766,76.307945,0.56217957,62.83473,60.16573,2.6689987,85.479,99.42913,72.34182,88.62736,92.198524,104.026115,47.108715,56.861614,31.898563,38.39114,20.792366,24.06945,45.403137,49.82515,21.67521,26.059874,13.959836,16.151108,24.05903,30.821089,30.850048,34.809162,73.30699,79.3089,57.497402,62.834057
EZSFs4NfveRhx2gyv5v3qrH1_Rh53qhl24r5JzUSCoA,158cf3e74cb18ae55e9f522f52128e7a,179.2,1,105.875305,103.78908,2.0862274,93.393135,89.8393,3.553833,100.4568,103.0657,2.6088943,54.41898,55.658947,1.2399673,42.150444,39.763977,2.386467,25.906475,26.097706,0.19123077,52.788296,52.316547,0.47174835,28.979933,28.713636,0.2662964,17.695616,17.843224,0.1476078,32.59328,32.31216,0.2811203,38.219505,38.340347,0.12084198,83.46404,82.264565,1.1994781,68.13916,69.62798,1.4888229,96.81401,110.764145,81.69653,97.98207,97.1519,108.97949,50.782497,60.535397,36.51769,43.010265,24.459164,27.736248,50.10554,54.527554,26.521305,30.905968,16.747587,18.93886,28.931131,35.69319,36.36079,40.319904,79.26361,85.26552,66.959656,72.29631
7tXOo2zQVaooe8RHfl4Db8bshORuWkeNqa-z90Ou4lc,ce509a825eeae6a4beb02dced928196a,165.5,0,85.75194,86.54137,0.7894287,70.17806,73.73306,3.5550003,88.60323,92.98244,4.379204,44.611233,48.6645,4.0532684,31.905188,33.842773,1.9375858,21.197975,21.956705,0.75872993,47.194267,47.364166,0.16989899,21.091173,22.53838,1.4472065,14.128148,14.818998,0.69085026,21.838026,25.046783,3.2087574,30.437056,31.74891,1.3118553,75.71396,75.83601,0.12205505,59.33272,58.636723,0.69599915,79.5663,93.51643,65.590294,81.87583,87.06864,98.89623,43.78805,53.54095,30.596485,37.08906,20.318163,23.595247,45.15316,49.575172,20.346048,24.730711,13.723362,15.914635,21.665754,28.427813,29.769354,33.72847,72.83506,78.83697,55.968395,61.30505
RCvBZwL6ySv9VZVZ5BZjlncUxRBCExRk8cLHIXkL2mc,71c50acb9c03d99fd9e2f90ecce73342,174.25,1,90.42782,90.88596,0.45814514,74.92438,76.15367,1.2292938,93.08257,92.54512,0.5374527,45.886616,47.822342,1.9357262,32.06102,35.206707,3.145687,23.072453,24.156841,1.0843887,52.349846,50.726284,1.6235619,23.644526,24.57742,0.93289375,16.145645,15.993657,0.15198803,24.289238,26.664185,2.3749466,35.768154,35.529835,0.2383194,81.74426,79.67505,2.0692139,65.20998,66.13398,0.9240036,83.9109,97.86103,68.0109,84.29644,86.631325,98.458916,42.945892,52.69879,31.960419,38.452995,22.5183,25.795383,48.515278,52.93729,22.385088,26.76975,14.898021,17.089294,23.283155,30.045214,33.550278,37.50939,76.674095,82.676,63.465652,68.80231
RCvBZwL6ySv9VZVZ5BZjlncUxRBCExRk8cLHIXkL2mc,f59714c646526dd822a4e6842c29cbdb,174.25,1,90.42782,91.06582,0.6380005,74.92438,76.40227,1.47789,93.08257,92.26995,0.8126221,45.886616,47.646446,1.7598305,32.06102,35.013405,2.952385,23.072453,24.048801,0.9763489,52.349846,50.567493,1.7823524,23.644526,24.5977,0.9531746,16.145645,15.948492,0.19715309,24.289238,26.765646,2.476408,35.768154,35.534027,0.23412704,81.74426,79.43053,2.313736,65.20998,65.87569,0.66571045,84.09075,98.040886,68.2595,84.54504,86.356155,98.18375,42.769997,52.522896,31.767117,38.259693,22.41026,25.687344,48.356487,52.7785,22.405369,26.790031,14.852856,17.044128,23.384617,30.146675,33.55447,37.513584,76.42957,82.43148,63.20736,68.544014
s54yIZNewRa3lzGAm5m3geWsbCp6MKlTEJ-t5WEeY8k,7cf969a3b11e4ee940ba750740e719c2,169.0,0,96.46299,93.965965,2.4970245,85.455666,81.11919,4.336479,101.408005,98.02387,3.3841324,52.579483,51.374866,1.2046165,39.167957,34.549484,4.618473,23.6096,22.597246,1.0123539,48.30303,49.179646,0.87661743,25.021654,24.269129,0.7525253,15.969331,15.69219,0.27714062,27.741804,27.559425,0.18237877,33.26899,33.266712,0.0022773743,77.69363,78.735466,1.0418396,62.786224,60.96931,1.8169136,86.9909,100.94103,72.97642,89.261955,92.11008,103.93767,46.498417,56.251316,31.303196,37.795773,20.958704,24.235788,46.96864,51.39065,22.076797,26.46146,14.596554,16.787827,24.178396,30.940454,31.287155,35.24627,75.73451,81.73642,58.300983,63.637638
MoVC8zaNHbXveUHEwDF-a7ohr17YeOCTHW_iDKwpc5A,ac8ca4d8fc2bdbc0c68070133cc8167b,172.0,1,99.35476,100.88753,1.5327682,82.58422,86.77163,4.1874084,98.8374,98.39977,0.4376297,55.370804,52.796677,2.5741272,38.547035,37.806995,0.7400398,25.015644,24.730698,0.28494644,50.181774,49.34492,0.836853,28.548075,27.635975,0.91209984,17.2899,16.955343,0.33455658,33.548622,31.200073,2.348549,38.257732,37.357533,0.9001999,77.377106,76.878914,0.49819183,66.43077,66.7153,0.28453064,93.91246,107.862595,78.62886,94.9144,92.48598,104.31357,47.920227,57.673126,34.560707,41.053284,23.092155,26.36924,47.133915,51.555927,25.443644,29.828306,15.859707,18.05098,27.819044,34.5811,35.377975,39.33709,73.87796,79.87987,64.046974,69.38363
MoVC8zaNHbXveUHEwDF-a7ohr17YeOCTHW_iDKwpc5A,7f6aff40b72600521c633bc8f0d45cba,172.0,1,99.35476,99.986855,0.63209534,82.58422,85.23095,2.6467285,98.8374,98.50542,0.33198547,55.370804,53.74444,1.6263657,38.547035,38.98768,0.4406433,25.015644,25.163086,0.14744186,50.181774,48.802322,1.3794518,28.548075,27.861784,0.68629074,17.2899,17.003447,0.28645325,33.548622,31.474115,2.0745068,38.257732,37.440662,0.81707,77.377106,75.94238,1.4347229,66.43077,66.84719,0.41641998,93.01179,106.96192,77.08818,93.37372,92.59162,104.41921,48.86799,58.620888,35.74139,42.233967,23.524544,26.801628,46.591316,51.01333,25.669453,30.054115,15.90781,18.099083,28.093086,34.855145,35.461105,39.42022,72.94143,78.94334,64.17886,69.51552
S9zKF4YjHsOv9MC2NLaW4o0k8o84LWICxS8BJ5wsQnk,de927634c8bf40b42b5094755aeccfac,174.85,1,104.76808,107.336975,2.5688934,92.96907,96.63724,3.668167,106.05783,103.012794,3.0450363,50.349075,53.418964,3.069889,38.37118,37.4252,0.9459801,24.067406,24.750916,0.6835098,50.728245,51.18772,0.45947647,28.060654,27.949673,0.11098099,17.149174,17.390102,0.24092865,30.86784,31.635757,0.76791763,37.377773,37.86838,0.49060822,78.374016,80.1641,1.7900848,67.97945,68.24309,0.26364136,100.36191,114.31204,88.49447,104.78001,97.099,108.92659,48.542515,58.295414,34.178913,40.67149,23.112373,26.389458,48.976715,53.398727,25.757341,30.142004,16.294466,18.485739,28.254728,35.016785,35.888824,39.84794,77.16315,83.165054,65.57476,70.911415
S9zKF4YjHsOv9MC2NLaW4o0k8o84LWICxS8BJ5wsQnk,91099b99653b0cb4459e328c38b4b09c,174.85,1,104.76808,106.17074,1.4026566,92.96907,93.57877,0.60970306,106.05783,101.857155,4.200676,50.349075,54.438187,4.0891113,38.37118,39.516552,1.1453705,24.067406,25.596853,1.5294476,50.728245,50.21414,0.51410294,28.060654,28.786654,0.72599983,17.149174,17.676516,0.52734184,30.86784,32.418594,1.5507545,37.377773,38.502586,1.1248131,78.374016,78.21738,0.1566391,67.97945,68.829285,0.84983826,99.19567,113.145805,85.436005,101.72154,95.94336,107.77095,49.561737,59.314636,36.270264,42.76284,23.958311,27.235395,48.003136,52.425148,26.594322,30.978985,16.58088,18.772152,29.037565,35.79962,36.52303,40.482143,75.21642,81.21833,66.16096,71.49761
S9zKF4YjHsOv9MC2NLaW4o0k8o84LWICxS8BJ5wsQnk,0b6483c8674d09602d2b8cb6e5c9edff,174.85,1,104.76808,109.65822,4.8901367,92.96907,99.77095,6.80188,106.05783,105.16345,0.89437866,50.349075,54.833447,4.484371,38.37118,38.742573,0.3713913,24.067406,25.216389,1.148983,50.728245,50.784454,0.056209564,28.060654,28.550028,0.48937416,17.149174,17.64714,0.49796677,30.86784,32.439484,1.5716438,37.377773,38.333645,0.9558716,78.374016,79.45376,1.0797424,67.97945,69.01736,1.0379105,102.68315,116.633286,91.62818,107.91372,99.24966,111.07725,49.956997,59.709896,35.496284,41.98886,23.577847,26.85493,48.57345,52.99546,26.357697,30.74236,16.551504,18.742777,29.058455,35.82051,36.354088,40.3132,76.452805,82.45471,66.34903,71.685684
S9zKF4YjHsOv9MC2NLaW4o0k8o84LWICxS8BJ5wsQnk,5e64b6725142bfc7c08bf30e1feea9cc,174.85,1,104.76808,104.956726,0.18864441,92.96907,92.471504,0.49756622,106.05783,101.10352,4.9543076,50.349075,53.335682,2.9866066,38.37118,37.96821,0.40297318,24.067406,25.048672,0.981266,50.728245,50.727856,0.00038909912,28.060654,28.153849,0.09319496,17.149174,17.434166,0.28499222,30.86784,31.698423,0.8305836,37.377773,38.076206,0.6984329,78.374016,79.16277,0.7887573,67.97945,68.41161,0.43216705,97.98166,111.93179,84.328735,100.61427,95.18973,107.01732,48.459232,58.21213,34.72192,41.214497,23.41013,26.687214,48.51685,52.93886,25.961517,30.34618,16.33853,18.529802,28.317394,35.079453,36.09665,40.055763,76.16182,82.16373,65.743286,71.07994
S9zKF4YjHsOv9MC2NLaW4o0k8o84LWICxS8BJ5wsQnk,15b4e770eebe6aef1e39b651b82a26f3,174.85,1,104.76808,104.60264,0.16544342,92.96907,92.53529,0.43377686,106.05783,102.24964,3.8081894,50.349075,53.802402,3.4533272,38.37118,37.74398,0.6272011,24.067406,24.952637,0.885231,50.728245,51.236458,0.50821304,28.060654,27.811754,0.24889946,17.149174,17.268929,0.11975479,30.86784,31.412941,0.54510117,37.377773,37.677986,0.30021286,78.374016,80.220345,1.8463287,67.97945,68.328575,0.34912872,97.62757,111.577705,84.392525,100.67806,96.335846,108.16344,48.925953,58.678852,34.497692,40.99027,23.314095,26.591179,49.02545,53.447464,25.619423,30.004086,16.173292,18.364565,28.031912,34.79397,35.69843,39.657543,77.21939,83.2213,65.66025,70.9969
S9zKF4YjHsOv9MC2NLaW4o0k8o84LWICxS8BJ5wsQnk,ddf320f8683a05a217719ad2d5051c33,174.85,1,104.76808,100.88963,3.8784485,92.96907,87.183784,5.785286,106.05783,99.864044,6.1937866,50.349075,52.568813,2.219738,38.37118,36.754665,1.6165161,24.067406,24.73851,0.67110443,50.728245,51.69711,0.96886444,28.060654,27.252304,0.8083496,17.149174,17.102222,0.046951294,30.86784,30.61857,0.24926949,37.377773,37.23686,0.14091492,78.374016,81.04684,2.672821,67.97945,67.66421,0.31523895,93.914566,107.8647,79.041016,95.32655,93.95025,105.77784,47.692364,57.445263,33.508377,40.000954,23.099968,26.377052,49.486103,53.908115,25.059973,29.444635,16.006586,18.197859,27.237541,33.9996,35.2573,39.216415,78.04588,84.04779,64.99588,70.332535
S9zKF4YjHsOv9MC2NLaW4o0k8o84LWICxS8BJ5wsQnk,470d23e1e8de9ad29b48541c2e1827b6,174.85,1,104.76808,106.20727,1.4391861,92.96907,94.61571,1.646637,106.05783,102.13724,3.9205933,50.349075,53.624508,3.2754326,38.37118,38.249268,0.12191391,24.067406,25.071186,1.0037804,50.728245,50.601295,0.12694931,28.060654,28.168722,0.108068466,17.149174,17.492184,0.34300995,30.86784,31.774021,0.90618134,37.377773,38.033302,0.655529,78.374016,79.00628,0.6322632,67.97945,68.51909,0.53964233,99.2322,113.182335,86.47294,102.75848,96.22344,108.05103,48.74806,58.500957,35.00298,41.495556,23.432644,26.709728,48.39029,52.8123,25.97639,30.361053,16.396547,18.58782,28.392992,35.155052,36.053745,40.01286,76.005325,82.00723,65.85076,71.187416
S9zKF4YjHsOv9MC2NLaW4o0k8o84LWICxS8BJ5wsQnk,bd350421c4d3d5efc1dfd08a1be18650,174.85,1,104.76808,102.34568,2.4224014,92.96907,89.5128,3.4562683,106.05783,102.50269,3.5551376,50.349075,54.733173,4.384098,38.37118,38.695408,0.32422638,24.067406,25.1516,1.0841942,50.728245,50.627235,0.10100937,28.060654,27.666399,0.39425468,17.149174,17.293163,0.14398956,30.86784,31.344803,0.47696304,37.377773,37.179874,0.19789886,78.374016,79.505104,1.1310883,67.97945,67.79122,0.18822479,95.37061,109.32075,81.37003,97.65557,96.5889,108.41649,49.856724,59.609623,35.44912,41.941696,23.513058,26.790142,48.41623,52.83824,25.474068,29.85873,16.197527,18.3888,27.963774,34.72583,35.200317,39.15943,76.50415,82.50606,65.122894,70.45955
S9zKF4YjHsOv9MC2NLaW4o0k8o84LWICxS8BJ5wsQnk,e23b5e084734020e218b2f7c215a38b0,174.85,1,104.76808,104.861176,0.09309387,92.96907,92.21309,0.75598145,106.05783,102.689415,3.3684158,50.349075,54.204727,3.8556519,38.37118,37.891273,0.479908,24.067406,24.974232,0.906826,50.728245,51.368523,0.64027786,28.060654,28.045675,0.014978409,17.149174,17.535513,0.3863392,30.86784,31.791927,0.9240875,37.377773,37.639103,0.26132965,78.374016,80.61892,2.2449036,67.97945,67.89625,0.08319855,97.88611,111.83624,84.07032,100.35586,96.77562,108.60321,49.328278,59.081177,34.644985,41.13756,23.33569,26.612774,49.157516,53.57953,25.853344,30.238007,16.439877,18.63115,28.410898,35.17296,35.659546,39.61866,77.617966,83.61987,65.22792,70.564575
S9zKF4YjHsOv9MC2NLaW4o0k8o84LWICxS8BJ5wsQnk,72d1bbd8550cb8331df3c1eb7c44206b,174.85,1,104.76808,98.41735,6.350731,92.96907,83.402405,9.566666,106.05783,97.68974,8.368088,50.349075,52.07844,1.7293663,38.37118,37.26227,1.1089096,24.067406,24.844654,0.7772484,50.728245,50.895294,0.16704941,28.060654,27.195513,0.8651409,17.149174,17.14555,0.0036239624,30.86784,30.404427,0.46341324,37.377773,37.069927,0.30784607,78.374016,79.74963,1.375618,67.97945,67.09877,0.88067627,91.44228,105.39242,75.259636,91.54517,91.77595,103.60354,47.201992,56.95489,34.015984,40.50856,23.206112,26.483196,48.684288,53.1063,25.003181,29.387844,16.049913,18.241186,27.023397,33.785454,35.09037,39.049484,76.74868,82.75059,64.43044,69.7671
nABobY93RIm5CgL2YfJ3aZnXF6_za1yd1oNPrC3bszI,f729dbc33ad8f3ade2c81106052653e1,179.0,1,103.32456,103.18418,0.14038086,96.01816,89.847275,6.170883,109.72431,102.54784,7.1764755,54.075096,53.741104,0.333992,36.766975,36.765488,0.0014877319,24.896877,24.996748,0.09987068,49.716354,53.594734,3.8783798,25.641033,27.51631,1.8752766,15.995802,17.356321,1.3605194,30.616283,31.047634,0.4313507,36.739788,37.58413,0.8443413,82.252556,84.55332,2.300766,69.298515,68.870804,0.4277115,96.209114,110.15925,81.704506,97.99004,96.63404,108.46163,48.864655,58.617554,33.5192,40.011776,23.358206,26.63529,51.383728,55.80574,25.323978,29.708641,16.260685,18.451958,27.666605,34.428665,35.604572,39.563686,81.55237,87.554276,66.20248,71.53913
Oy8RHBJN9tp8RgpUs4Pg2x7ALbud1MPkfbF64WxpE2Y,9b0124c8e1402f845c9547c13fb8bbcb,173.0,1,105.019966,106.103294,1.0833282,93.171555,95.53162,2.3600616,101.75681,101.43397,0.32284546,51.38156,52.53417,1.152607,36.485043,37.022964,0.5379219,24.022789,24.336678,0.31388855,50.62062,49.872784,0.74783707,27.77919,27.53524,0.24394989,17.141838,16.981964,0.15987396,30.998737,31.194105,0.19536781,38.218056,37.463455,0.7546005,78.83323,77.94779,0.885437,68.46717,67.15495,1.3122177,99.12823,113.07836,87.38885,103.674385,95.52017,107.34776,47.65772,57.410618,33.776676,40.269253,22.698135,25.97522,47.661777,52.08379,25.342909,29.727571,15.886328,18.0776,27.813076,34.575134,35.4839,39.443012,74.94684,80.948746,64.486626,69.82328
Oy8RHBJN9tp8RgpUs4Pg2x7ALbud1MPkfbF64WxpE2Y,d90995ac7615ca1481cfbdf8ec830cd0,173.0,1,105.019966,104.28648,0.73348236,93.171555,92.94254,0.22901154,101.75681,99.920555,1.8362579,51.38156,51.56542,0.18385696,36.485043,36.003883,0.4811592,24.022789,24.01744,0.0053482056,50.62062,50.411846,0.20877457,27.77919,27.069088,0.7101021,17.141838,16.781246,0.3605919,30.998737,30.59068,0.40805817,38.218056,37.14099,1.0770645,78.83323,78.9696,0.1363678,68.46717,66.66889,1.7982788,97.31142,111.26155,84.799774,101.08531,94.00676,105.83435,46.68897,56.441868,32.757595,39.25017,22.378899,25.655983,48.20084,52.622852,24.876757,29.26142,15.68561,17.876883,27.20965,33.97171,35.161434,39.12055,75.96864,81.97055,64.000565,69.33722
2A-OwfseLIFUUX6GNQFD8YuEVTs-luhhW0d6P352JyE,5b07d815d62fb8b14776ae8c4ade7259,164.5,1,103.50388,100.83414,2.6697464,91.2875,88.035904,3.2515945,98.539536,96.68244,1.8570938,50.9447,50.663296,0.2814026,34.9747,35.469597,0.49489594,23.688292,23.24422,0.44407082,47.523838,47.33901,0.18482971,25.290958,26.534525,1.2435665,16.639261,16.31569,0.32357216,27.95919,30.26206,2.3028698,36.32252,36.165215,0.15730667,73.99704,73.642624,0.3544159,63.389336,63.294575,0.094760895,93.85907,107.809204,79.893135,96.17867,90.76865,102.59624,45.786846,55.539745,32.22331,38.715885,21.605679,24.882763,45.128002,49.550014,24.342194,28.726856,15.220053,17.411325,26.881031,33.64309,34.185658,38.14477,70.64167,76.64358,60.626247,65.962906
2A-OwfseLIFUUX6GNQFD8YuEVTs-luhhW0d6P352JyE,69e07a4231c1dc6fb6ecb9a9d8f1d192,164.5,1,103.50388,98.58877,4.9151154,91.2875,86.47396,4.8135376,98.539536,96.333565,2.2059708,50.9447,50.284855,0.65984344,34.9747,35.20207,0.2273674,23.688292,23.004362,0.68392944,47.523838,47.142487,0.38135147,25.290958,25.743645,0.4526863,16.639261,15.833193,0.8060684,27.95919,29.263369,1.3041782,36.32252,35.495476,0.82704544,73.99704,73.52281,0.4742279,63.389336,63.12482,0.26451492,91.6137,105.563835,78.33119,94.61673,90.41977,102.24736,45.408405,55.161304,31.95578,38.448357,21.36582,24.642904,44.93148,49.353493,23.551313,27.935976,14.737556,16.92883,25.88234,32.644398,33.51592,37.475033,70.52186,76.523766,60.456493,65.79315
Uv0m2CsOMq4Ll7gVXkA9zRMJOIu13kj44KrnuOq91jU,e6039ce0bcb8c8f3451e1024ba80489c,173.5,1,102.67372,105.74921,3.0754852,88.57466,91.95795,3.3832855,96.19048,101.1932,5.002716,53.5533,54.523132,0.9698334,36.247746,39.225826,2.9780807,24.395866,25.523333,1.1274662,49.99298,50.190166,0.19718552,28.205008,29.097647,0.89263916,17.559332,17.90638,0.3470478,34.051678,32.918934,1.1327438,38.06627,38.568287,0.502018,76.09228,78.1752,2.082924,67.8792,67.97685,0.09764862,98.77414,112.72427,83.81518,100.100716,95.2794,107.106995,49.646683,59.399582,35.979538,42.472115,23.88479,27.161875,47.97916,52.401173,26.905315,31.289978,16.810743,19.002016,29.537905,36.299965,36.58873,40.547844,75.17425,81.176155,65.308525,70.64518
HTxLE7dUgdo28d3l443uipc24MX6AMIc9oqgSSelXcE,849b58ca6958281be75c6b686227b8bc,168.0,1,90.16098,97.21458,7.0535965,78.81758,83.98139,5.1638107,91.02038,93.911125,2.890747,45.81106,48.419315,2.6082535,32.357414,34.028343,1.670929,22.3807,22.9869,0.6062012,49.266792,48.832977,0.433815,24.324839,25.564486,1.2396469,15.361691,15.919117,0.5574255,25.591335,28.689419,3.0980835,33.29693,35.784843,2.487915,77.05383,76.307945,0.74588776,61.95838,63.707355,1.7489738,90.23951,104.189644,75.83862,92.12416,87.99733,99.82492,43.542866,53.295765,30.782055,37.27463,21.348358,24.625443,46.62197,51.043983,23.372154,27.756817,14.823481,17.014753,25.30839,32.07045,33.805286,37.7644,73.30699,79.3089,61.03903,66.37569
HTxLE7dUgdo28d3l443uipc24MX6AMIc9oqgSSelXcE,110f76195cf4d2541d8883f9869f740a,168.0,1,90.16098,97.60239,7.4414062,78.81758,84.74028,5.922699,91.02038,94.4074,3.387024,45.81106,48.467285,2.6562233,32.357414,33.89535,1.5379372,22.3807,22.956573,0.5758743,49.266792,49.202442,0.06435013,24.324839,25.433329,1.10849,15.361691,15.866975,0.50528336,25.591335,28.540213,2.9488773,33.29693,35.717297,2.4203682,77.05383,77.014626,0.03920746,61.95838,63.811775,1.8533936,90.62732,104.57745,76.59751,92.88305,88.49361,100.3212,43.590836,53.343735,30.649063,37.14164,21.318031,24.595116,46.991436,51.41345,23.240997,27.62566,14.771338,16.962612,25.159184,31.921242,33.73774,37.696854,74.01367,80.01558,61.143448,66.4801
HTxLE7dUgdo28d3l443uipc24MX6AMIc9oqgSSelXcE,19a26fec62fa66b1ef24eb17dd37ed41,168.0,1,90.16098,96.0399,5.8789215,78.81758,82.6108,3.7932205,91.02038,93.93078,2.9104004,45.81106,48.77377,2.9627075,32.357414,34.586597,2.2291832,22.3807,23.189999,0.80929947,49.266792,48.653355,0.61343765,24.324839,25.520542,1.1957035,15.361691,15.983376,0.6216841,25.591335,28.545185,2.9538498,33.29693,35.63576,2.3388329,77.05383,75.975395,1.0784378,61.95838,63.91741,1.9590302,89.064835,103.01497,74.46803,90.75357,88.01698,99.844574,43.89732,53.65022,31.34031,37.832886,21.551456,24.82854,46.44235,50.86436,23.32821,27.712873,14.887739,17.079012,25.164156,31.926214,33.656204,37.61532,72.97444,78.97635,61.249084,66.58574
HTxLE7dUgdo28d3l443uipc24MX6AMIc9oqgSSelXcE,95f0df49fd78bb807b8fab33173f5dbe,168.0,1,90.16098,94.30881,4.147827,78.81758,81.21078,2.393196,91.02038,92.51564,1.4952621,45.81106,47.555836,1.7447739,32.357414,33.777824,1.4204102,22.3807,22.83986,0.45916176,49.266792,48.611694,0.65509796,24.324839,24.838383,0.5135441,15.361691,15.623892,0.26220036,25.591335,27.599215,2.0078793,33.29693,35.186756,1.8898277,77.05383,76.04264,1.0111923,61.95838,63.478985,1.5206032,87.33374,101.283875,73.06801,89.353546,86.601845,98.429436,42.679386,52.432285,30.531536,37.024113,21.201319,24.478403,46.40069,50.8227,22.646051,27.030714,14.528255,16.719528,24.218185,30.980244,33.2072,37.166313,73.04169,79.043594,60.810658,66.14731
kIylnWWgtxbfedUMpfR5Ot3-iuysBKh-wHxw0Qwh46c,0a5434c7c6cb555985d493d9d5127cb9,166.0,0,91.29725,95.10129,3.804039,82.66114,83.166885,0.50574493,100.84612,99.891075,0.9550476,56.602486,53.213757,3.388729,37.963287,36.209557,1.7537308,23.095634,22.753475,0.34215927,47.510303,46.983696,0.5266075,22.035988,24.519276,2.4832878,14.230476,15.4204645,1.1899881,26.794065,28.392994,1.5989285,32.40401,33.179558,0.775547,74.94766,75.06821,0.12054443,61.903725,60.522335,1.3813896,88.12622,102.076355,75.02412,91.309654,93.97728,105.80487,48.337307,58.090206,32.96327,39.455845,21.114933,24.392017,44.77269,49.194702,22.326944,26.711607,14.324828,16.516102,25.011965,31.774023,31.2,35.159115,72.06725,78.06916,57.854008,63.190662
0-XhQ-_PmaT9DVwpTEiOdhAFo0CD2e5T-32D899sQpw,6541800b63e3f708f961befaa94d2603,180.9,1,105.03558,102.94109,2.09449,98.82495,88.38918,10.435768,105.4231,103.19829,2.2248154,50.472446,55.56767,5.0952225,38.399452,39.3248,0.9253464,24.348894,26.050838,1.7019444,51.803204,53.006737,1.2035332,27.07511,28.579775,1.5046654,16.861944,17.890959,1.0290146,30.544798,32.18086,1.6360607,38.14338,38.2304,0.087020874,81.87305,83.52631,1.6532669,70.82355,69.8014,1.0221481,95.96603,109.91616,80.246414,96.53195,97.28449,109.11208,50.69122,60.44412,36.07851,42.571087,24.412296,27.68938,50.79573,55.217743,26.387444,30.772106,16.795322,18.986595,28.79983,35.56189,36.250843,40.209957,80.52536,86.52727,67.13307,72.46973
4V0D7qiw6J5sTLHjBGkxAjwpIZRx-KPVaQWLWf8xy4o,61b9a99bb55df380f63abd05b276b317,162.25,0,95.95661,97.02348,1.0668716,91.83299,85.99638,5.836609,104.18954,99.414444,4.775093,52.453533,52.18771,0.26582336,34.685295,35.31341,0.6281166,20.74203,22.210348,1.4683189,47.095413,46.041958,1.0534554,23.532934,24.309692,0.7767582,14.917347,15.265509,0.3481617,26.885147,28.209969,1.3248215,33.029617,33.03341,0.003791809,74.43533,73.2954,1.1399307,61.15531,59.472057,1.6832542,90.048416,103.99855,77.853615,94.13915,93.50065,105.32824,47.31126,57.06416,32.067123,38.5597,20.571806,23.84889,43.83095,48.252964,22.117361,26.502024,14.169872,16.361145,24.82894,31.590998,31.053852,35.012966,70.29445,76.29636,56.80373,62.140385
4V0D7qiw6J5sTLHjBGkxAjwpIZRx-KPVaQWLWf8xy4o,ffdc86f6b9ee01f57868fef07be6f889,162.25,0,95.95661,98.92319,2.9665756,91.83299,88.191284,3.6417084,104.18954,101.89462,2.2949142,52.453533,53.520905,1.0673714,34.685295,35.926563,1.2412682,20.74203,22.424475,1.6824455,47.095413,46.041958,1.0534554,23.532934,24.520628,0.9876938,14.917347,15.399902,0.4825554,26.885147,28.826689,1.9415417,33.029617,33.11922,0.089603424,74.43533,73.41522,1.0201111,61.15531,59.814007,1.3413048,91.94812,105.898254,80.048515,96.33405,95.98083,107.80842,48.644455,58.397354,32.680275,39.17285,20.785933,24.063017,43.83095,48.252964,22.328297,26.71296,14.304266,16.495539,25.44566,32.207718,31.139664,35.098778,70.41427,76.416176,57.14568,62.482334
fXAVRAvJxNQVKYTuT_YpnJiF36hIZF5FwwZWhhCjkd4,567c0373974a31f526c8bc53ab1606a6,191.0,1,102.547264,107.39318,4.8459167,87.72942,94.96571,7.23629,105.68817,107.14366,1.4554901,58.29195,56.90886,1.383091,42.235077,40.173775,2.0613022,27.517591,26.792469,0.72512245,54.10985,54.981403,0.8715515,29.293617,29.144972,0.1486454,17.85131,18.236856,0.38554573,33.485355,32.5867,0.89865494,39.33932,39.21724,0.12208176,86.79556,86.92521,0.1296463,73.31895,73.00841,0.31053925,100.41811,114.36825,86.822945,103.10848,101.229866,113.05746,52.03241,61.78531,36.927486,43.420063,25.153927,28.431011,52.770397,57.19241,26.95264,31.337303,17.14122,19.332493,29.205671,35.967728,37.237682,41.196796,83.924255,89.92616,70.34008,75.676735
fXAVRAvJxNQVKYTuT_YpnJiF36hIZF5FwwZWhhCjkd4,bd11f9ffcbcf6714fe494a07e72e2b5a,191.0,1,102.547264,107.85968,5.312416,87.72942,95.82601,8.096588,105.68817,107.50728,1.819107,58.29195,56.886208,1.4057426,42.235077,40.026867,2.20821,27.517591,26.742844,0.77474785,54.10985,55.320995,1.2111435,29.293617,29.07466,0.2189579,17.85131,18.23392,0.3826084,33.485355,32.465347,1.0200081,39.33932,39.126064,0.21325684,86.79556,87.60499,0.80942535,73.31895,72.94002,0.37892914,100.88461,114.83475,87.68324,103.96878,101.59348,113.421074,52.009758,61.762657,36.78058,43.273155,25.104301,28.381386,53.10999,57.532,26.882328,31.26699,17.138283,19.329556,29.084318,35.846375,37.146507,41.10562,84.604034,90.60594,70.27169,75.608345
fXAVRAvJxNQVKYTuT_YpnJiF36hIZF5FwwZWhhCjkd4,e2bd002e6647396ebd8583be2e1259c9,191.0,1,102.547264,107.85968,5.312416,87.72942,95.82601,8.096588,105.68817,107.50728,1.819107,58.29195,56.886208,1.4057426,42.235077,40.026867,2.20821,27.517591,26.742844,0.77474785,54.10985,55.320995,1.2111435,29.293617,29.07466,0.2189579,17.85131,18.23392,0.3826084,33.485355,32.465347,1.0200081,39.33932,39.126064,0.21325684,86.79556,87.60499,0.80942535,73.31895,72.94002,0.37892914,100.88461,114.83475,87.68324,103.96878,101.59348,113.421074,52.009758,61.762657,36.78058,43.273155,25.104301,28.381386,53.10999,57.532,26.882328,31.26699,17.138283,19.329556,29.084318,35.846375,37.146507,41.10562,84.604034,90.60594,70.27169,75.608345
E8-vjMUBIIvCU3QWccMaqpmmwMclKonOuHHZEaPFWis,8dd587e6390f57fad51536cc586d85b5,171.5,1,107.84385,102.57577,5.2680817,91.99726,89.464554,2.5327072,99.51868,99.16876,0.34991455,50.861156,52.837982,1.9768257,38.36775,37.98406,0.38368988,23.902536,24.76562,0.8630829,49.493565,49.20834,0.2852249,27.40609,27.791473,0.3853836,16.547052,17.120949,0.5738964,30.768139,31.315956,0.54781723,38.18393,37.530495,0.65343475,74.74332,76.548805,1.8054886,66.86837,66.97176,0.103393555,95.6007,109.550835,81.321785,97.60732,93.25497,105.08256,47.961533,57.71443,34.73777,41.230347,23.127077,26.404161,46.997334,51.419346,25.599142,29.983805,16.025312,18.216585,27.934927,34.696983,35.550938,39.51005,73.54785,79.54976,64.30344,69.64009
vbZZsZ3TYtTI253SiLaYLGYn-BT6NSlnN-B60PQzdHw,b92b6a00ccb5fff3a2dc99765355190d,161.8,0,99.646034,96.309685,3.3363495,79.00551,83.16035,4.1548386,100.276665,100.21292,0.06374359,53.064594,53.433624,0.36903,34.604576,35.59795,0.9933739,22.582724,22.356468,0.22625542,45.45928,46.262062,0.80278397,24.654245,24.634209,0.020036697,15.768058,15.663548,0.10450935,29.098202,28.954012,0.14418983,33.004932,32.805473,0.19945908,71.58441,73.83825,2.2538376,60.025227,58.34362,1.6816063,89.33462,103.28475,75.01758,91.303116,94.299126,106.12672,48.557175,58.310074,32.35166,38.84424,20.717926,23.99501,44.051056,48.47307,22.441877,26.82654,14.567912,16.759186,25.572983,32.33504,30.825916,34.78503,70.837296,76.8392,55.675293,61.011948
vbZZsZ3TYtTI253SiLaYLGYn-BT6NSlnN-B60PQzdHw,6a57be01ebe6347e7484799d0146bbb7,161.8,0,99.646034,93.08356,6.562477,79.00551,81.15189,2.1463852,100.276665,100.14904,0.12762451,53.064594,53.09383,0.02923584,34.604576,34.82629,0.22171402,22.582724,21.96957,0.61315346,45.45928,46.70699,1.2477112,24.654245,23.517336,1.1369095,15.768058,15.046659,0.72139835,29.098202,27.627068,1.4711342,33.004932,31.92858,1.0763531,71.58441,75.038864,3.4544525,60.025227,58.285004,1.7402229,86.10849,100.058624,73.009125,89.29466,94.235245,106.062836,48.21738,57.97028,31.580002,38.07258,20.331028,23.608112,44.495983,48.917995,21.325005,25.709667,13.951023,16.142296,24.246038,31.008097,29.949022,33.908134,72.03791,78.03982,55.616676,60.95333
MjvyiQerHJp4LNFaYjErBuE5gZXzJTTBxjRPbdaIkX8,fe236f8e07a1bd213941ceb99c353ebe,181.75,1,91.810745,97.84406,6.0333176,81.02201,83.14072,2.1187057,96.189804,97.68974,1.499939,49.28256,50.57002,1.2874603,32.285316,35.717022,3.4317055,23.829031,24.968718,1.1396866,54.21965,54.126133,0.0935173,23.630594,26.148275,2.5176811,15.931312,16.715971,0.7846594,25.869316,28.803812,2.934496,37.909824,37.179874,0.72994995,86.33903,85.52653,0.8125,68.348885,69.14192,0.7930374,90.868996,104.81913,74.99795,91.283485,91.77595,103.60354,45.69357,55.44647,32.470734,38.96331,23.330175,26.60726,51.915127,56.33714,23.955944,28.340607,15.620335,17.811607,25.422783,32.18484,35.200317,39.15943,82.52557,88.52748,66.473595,71.81025
MjvyiQerHJp4LNFaYjErBuE5gZXzJTTBxjRPbdaIkX8,1b22d416e007039ee3582c05e0a9012c,181.75,1,91.810745,98.38644,6.575691,81.02201,84.10242,3.0804062,96.189804,97.83224,1.6424332,49.28256,50.30884,1.0262833,32.285316,35.172688,2.887371,23.829031,24.694857,0.86582565,54.21965,54.26134,0.041690826,23.630594,25.98027,2.3496761,15.931312,16.61936,0.68804836,25.869316,28.66853,2.7992134,37.909824,37.067245,0.8425789,86.33903,85.79061,0.54841614,68.348885,68.79265,0.44376373,91.41137,105.3615,75.95965,92.245186,91.91844,103.74603,45.432392,55.18529,31.9264,38.418976,23.056314,26.333399,52.050335,56.472347,23.78794,28.172602,15.523724,17.714996,25.2875,32.04956,35.08769,39.046803,82.78966,88.791565,66.12432,71.460976
BGjL1f-CjLwYekISOM-ZP9CGKLtlVbXMfak4uh6NEtU,c88d92aa939936de2cb472930bf67bbb,184.5,1,103.827515,106.53044,2.7029266,98.07346,94.40636,3.6671066,104.00378,106.045456,2.0416794,55.761986,55.56434,0.1976471,39.16447,38.071434,1.0930367,25.391754,25.717241,0.32548714,55.574234,54.6198,0.95443344,26.882563,28.248499,1.3659363,17.721226,17.74408,0.022853851,29.677294,31.877472,2.2001781,38.089035,38.32694,0.2379036,82.60047,86.44594,3.8454666,71.92138,70.893196,1.028183,99.555374,113.50551,86.26359,102.549126,100.13166,111.95925,50.68789,60.44079,34.825146,41.317722,24.0787,27.355783,52.408794,56.830807,26.056168,30.44083,16.648443,18.839716,28.496443,35.2585,36.34738,40.306496,83.444984,89.44689,68.22487,73.56152
jgZVDpdG6tLTkZXoAq80mPzizScTJEG7n1vuu76jn9o,3327f5ded6979666d773085c18030bf9,183.5,1,102.10693,107.848434,5.741501,89.49951,96.33957,6.8400574,106.12407,105.7187,0.40537262,55.991238,55.984085,0.0071525574,38.967716,39.756245,0.78852844,26.365297,26.237394,0.12790298,52.199142,53.242565,1.0434227,28.38982,28.994884,0.6050644,17.7768,17.960726,0.18392563,32.090797,32.51608,0.42528152,38.77405,38.957123,0.18307114,82.00844,83.75617,1.7477341,70.298584,71.59664,1.2980576,100.87337,114.8235,88.1968,104.48234,99.8049,111.63249,51.107635,60.860535,36.509956,43.002533,24.598852,27.875937,51.03156,55.45357,26.802553,31.187216,16.86509,19.056362,29.13505,35.89711,36.977566,40.93668,80.75522,86.757126,68.928314,74.26497
jgZVDpdG6tLTkZXoAq80mPzizScTJEG7n1vuu76jn9o,f82276ae013c63cfa114fb0a2345cb2b,183.5,1,102.10693,103.35982,1.2528839,89.49951,89.485,0.014511108,106.12407,102.52511,3.5989609,55.991238,54.792137,1.1991005,38.967716,39.089745,0.12202835,26.365297,26.065542,0.2997551,52.199142,53.047615,0.8484726,28.38982,28.397234,0.007413864,17.7768,17.683859,0.092941284,32.090797,31.741196,0.34960175,38.77405,38.49186,0.28219223,82.00844,83.40894,1.4005051,70.298584,70.70268,0.4040985,96.38475,110.334885,81.34223,97.62777,96.61131,108.4389,49.915688,59.668587,35.843456,42.336033,24.427,27.704084,50.83661,55.25862,26.204903,30.589565,16.588223,18.779495,28.360167,35.122223,36.512302,40.471416,80.40799,86.4099,68.034355,73.37101
yDKNHjVVLnOxD_oBdXqQW1d9SwZDDiKn-VdTJGev_T0,932487de838861c4b1e132858f732bf6,170.05,0,99.95495,99.3405,0.61444855,85.41655,87.68754,2.2709885,104.382324,102.704765,1.6775589,51.066322,53.880356,2.8140335,34.3253,35.665993,1.3406944,22.193794,22.998848,0.8050537,48.273098,49.592545,1.3194466,23.702406,25.143969,1.4415627,14.985678,15.950696,0.9650183,29.663883,29.212639,0.45124435,33.06155,33.9398,0.8782501,79.65187,79.63226,0.019607544,63.58669,61.921886,1.6648026,92.36543,106.31557,79.54477,95.83031,96.79097,108.61856,49.003906,58.756805,32.419704,38.91228,21.360306,24.63739,47.38154,51.80355,22.951637,27.3363,14.85506,17.046333,25.83161,32.593666,31.960243,35.919357,76.63131,82.63322,59.25356,64.59021
yDKNHjVVLnOxD_oBdXqQW1d9SwZDDiKn-VdTJGev_T0,e6a155c2f5bd35135a6c994c56157df5,170.05,0,99.95495,101.09127,1.136322,85.41655,89.3239,3.9073486,104.382324,106.335365,1.9530411,51.066322,56.435814,5.3694916,34.3253,37.031666,2.7063675,22.193794,23.507973,1.3141785,48.273098,49.74298,1.469883,23.702406,25.762575,2.0601692,14.985678,16.408405,1.4227276,29.663883,30.367374,0.7034912,33.06155,34.087288,1.0257378,79.65187,80.04062,0.38874817,63.58669,62.427486,1.1592026,94.1162,108.06634,81.18113,97.46667,100.42157,112.24916,51.559364,61.312263,33.785378,40.277954,21.86943,25.146515,47.531975,51.953987,23.570244,27.954906,15.312769,17.504042,26.986345,33.748405,32.10773,36.066845,77.039665,83.04157,59.75916,65.09581
yDKNHjVVLnOxD_oBdXqQW1d9SwZDDiKn-VdTJGev_T0,19386eeb0b174cd7dff1203add3dbadf,170.05,0,99.95495,97.07968,2.875267,85.41655,84.77626,0.6402893,104.382324,102.678665,1.703659,51.066322,54.681538,3.6152153,34.3253,36.477085,2.1517868,22.193794,23.173458,0.97966385,48.273098,48.79171,0.5186119,23.702406,25.108812,1.4064064,14.985678,15.925726,0.9400482,29.663883,29.277294,0.38658905,33.06155,33.677,0.615448,79.65187,78.310295,1.3415756,63.58669,61.85594,1.7307472,90.104614,104.05475,76.63349,92.91903,96.76487,108.59246,49.805088,59.557987,33.230797,39.723373,21.534916,24.812,46.580704,51.002716,22.916481,27.301144,14.83009,17.021362,25.896265,32.658325,31.697441,35.656555,75.30934,81.31125,59.187614,64.52427
98ybaqAtTEscPfdBt_pbzyB7uRzO8UymbWubJOh3cd8,53ccb3ee31382f0a1a51d73d8f3f6afe,169.5,0,94.26928,93.44326,0.8260193,83.76413,81.034134,2.7299957,103.4725,100.1908,3.2817001,54.36176,53.239075,1.1226845,35.557858,35.758778,0.2009201,23.387436,22.872026,0.51540947,50.334385,48.837303,1.4970818,25.213486,24.25155,0.96193504,16.163635,15.571015,0.5926199,29.513802,27.873755,1.6400471,33.811264,32.99855,0.8127136,79.99442,78.49445,1.4999695,60.957973,61.120747,0.16277313,86.46819,100.41833,72.891365,89.1769,94.27701,106.1046,48.362625,58.115524,32.51249,39.005066,21.233484,24.510569,46.626297,51.04831,22.05922,26.443882,14.475379,16.666653,24.492725,31.254784,31.018993,34.978107,75.4935,81.49541,58.45242,63.789074
Xh60cQvKbDrqtBGVd8w99ZGaHI-9LOZnuYADjpDVlaA,7752b29122bbba6164975013889e475e,176.2,1,102.035774,105.521576,3.4858017,84.591736,93.41031,8.818573,97.2275,101.78837,4.5608673,53.053665,53.326355,0.27268982,38.81139,37.69836,1.1130295,24.018824,25.107946,1.0891228,51.817917,51.742702,0.075214386,28.394312,28.078127,0.316185,17.973724,17.430494,0.54323006,29.911585,31.573587,1.6620026,37.55562,38.112408,0.5567894,80.867584,81.027275,0.15969086,68.38042,68.8879,0.50748444,98.54651,112.49664,85.26754,101.55308,95.87457,107.70216,48.449905,58.202805,34.452072,40.94465,23.469404,26.746489,49.531696,53.95371,25.885796,30.270458,16.334858,18.52613,28.192558,34.954617,36.13285,40.091965,78.02632,84.02823,66.219574,71.55623
Xh60cQvKbDrqtBGVd8w99ZGaHI-9LOZnuYADjpDVlaA,87e7f019d7157cf02ab6a6ff4c8bc500,176.2,1,102.035774,102.48127,0.4454956,84.591736,89.50545,4.9137115,97.2275,99.89353,2.666031,53.053665,52.3676,0.6860657,38.81139,36.905052,1.9063377,24.018824,24.80238,0.783556,51.817917,51.57133,0.24658585,28.394312,27.4149,0.9794121,17.973724,17.04659,0.92713356,29.911585,30.77011,0.8585243,37.55562,37.592175,0.036556244,80.867584,80.87811,0.010528564,68.38042,68.145386,0.23503113,95.5062,109.45634,81.36268,97.64822,93.97974,105.80733,47.49115,57.24405,33.658764,40.15134,23.163837,26.440922,49.360325,53.782337,25.222569,29.607231,15.950954,18.142227,27.38908,34.15114,35.612617,39.57173,77.87716,83.87907,65.47706,70.81371
Xh60cQvKbDrqtBGVd8w99ZGaHI-9LOZnuYADjpDVlaA,6c498688091cf6ba6b29cb10620aabd6,176.2,1,102.035774,101.266205,0.7695694,84.591736,86.94663,2.3548965,97.2275,99.13191,1.9044113,53.053665,52.883957,0.16970825,38.81139,38.08071,0.73067856,24.018824,25.280718,1.2618942,51.817917,51.13505,0.68286514,28.394312,27.794176,0.6001358,17.973724,17.27921,0.6945152,29.911585,31.085682,1.1740971,37.55562,37.77989,0.22426987,80.867584,79.95992,0.90766144,68.38042,68.34078,0.039634705,94.29114,108.24127,78.80386,95.0894,93.21812,105.04571,48.007507,57.760406,34.834423,41.327,23.642176,26.91926,48.924046,53.346058,25.601845,29.986507,16.183573,18.374846,27.704653,34.466713,35.80033,39.759445,76.95897,82.96088,65.672455,71.00911
Xh60cQvKbDrqtBGVd8w99ZGaHI-9LOZnuYADjpDVlaA,3fdd5b5a7a81bf93073df1d4ac2c224e,176.2,1,102.035774,98.83326,3.2025146,84.591736,84.0141,0.5776367,97.2275,97.905945,0.6784439,53.053665,52.414238,0.6394272,38.81139,37.915245,0.89614487,24.018824,25.257744,1.2389202,51.817917,51.11697,0.7009468,28.394312,27.356081,1.0382309,17.973724,17.060911,0.9128132,29.911585,30.467218,0.55563354,37.55562,37.456753,0.09886551,80.867584,80.04062,0.82696533,68.38042,68.06722,0.31319427,91.85819,105.80833,75.87133,92.15687,91.99215,103.81974,47.53779,57.290688,34.668957,41.161533,23.619202,26.896286,48.905964,53.327976,25.16375,29.548412,15.965275,18.156548,27.08619,33.848248,35.477196,39.43631,77.039665,83.04157,65.398895,70.73555
Xh60cQvKbDrqtBGVd8w99ZGaHI-9LOZnuYADjpDVlaA,ac184677f6657bc0688077e336b84803,176.2,1,102.035774,100.4379,1.5978775,84.591736,84.67486,0.08312225,97.2275,99.522545,2.295044,53.053665,54.046337,0.99267197,38.81139,38.867832,0.05644226,24.018824,25.603287,1.5844631,51.817917,51.06352,0.75439835,28.394312,28.31205,0.08226204,17.973724,17.668438,0.3052864,29.911585,31.8347,1.9231148,37.55562,37.857655,0.3020363,80.867584,79.985596,0.8819885,68.38042,67.7668,0.61361694,93.46283,107.412964,76.53209,92.81763,93.60875,105.43634,49.169888,58.922787,35.621544,42.11412,23.964745,27.241829,48.852512,53.274525,26.119719,30.504381,16.572802,18.764074,28.45367,35.21573,35.878098,39.83721,76.98464,82.98655,65.09847,70.43513
Xh60cQvKbDrqtBGVd8w99ZGaHI-9LOZnuYADjpDVlaA,ba2879e69a0cf25e5e494441f08611ca,176.2,1,102.035774,99.784515,2.2512589,84.591736,84.844955,0.2532196,97.2275,97.065704,0.16179657,53.053665,51.222958,1.8307076,38.81139,36.78366,2.027729,24.018824,24.883251,0.86442757,51.817917,51.588627,0.22929001,28.394312,27.233374,1.1609383,17.973724,17.16281,0.810915,29.911585,30.242165,0.33057976,37.55562,37.466137,0.089481354,80.867584,80.675156,0.19242859,68.38042,67.7668,0.61361694,92.80945,106.75958,76.70219,92.987724,91.15191,102.9795,46.346508,56.099407,33.537373,40.02995,23.244709,26.521793,49.37762,53.799633,25.041042,29.425705,16.067173,18.258446,26.861135,33.62319,35.48658,39.445694,77.6742,83.67611,65.09847,70.43513
Xh60cQvKbDrqtBGVd8w99ZGaHI-9LOZnuYADjpDVlaA,7b5b7800ec03150ffa5b835cc559c9c2,176.2,1,102.035774,101.25707,0.7787018,84.591736,86.59499,2.0032578,97.2275,98.42188,1.1943817,53.053665,52.49952,0.5541458,38.81139,37.928776,0.88261414,24.018824,25.30553,1.2867069,51.817917,51.264755,0.5531616,28.394312,27.884094,0.51021767,17.973724,17.347507,0.6262169,29.911585,31.140888,1.2293034,37.55562,37.958214,0.40259552,80.867584,80.07729,0.79029083,68.38042,68.328575,0.051841736,94.282005,108.23214,78.452225,94.73776,92.50809,104.33568,47.62307,57.37597,34.682487,41.175064,23.666988,26.944073,49.05375,53.47576,25.691763,30.076426,16.251871,18.443144,27.75986,34.52192,35.978657,39.93777,77.07634,83.07825,65.66025,70.9969
59bc276e681516389ccf4844,052b7e059ec26b5329054dbf4cd3ec55,165.0,0,92.05766,91.1445,0.91316223,79.854256,77.96585,1.8884048,101.00207,97.463715,3.538353,52.812218,51.970505,0.84171295,39.037395,35.143307,3.8940887,24.17349,22.362902,1.8105888,50.93985,47.335865,3.6039848,24.336174,23.87295,0.4632244,14.73667,15.380808,0.64413834,27.328053,27.430113,0.10206032,33.702606,32.3925,1.3101044,79.29649,75.90204,3.394455,59.798065,58.93959,0.85847473,84.16943,98.11957,69.82308,86.10862,91.54992,103.37751,47.094055,56.846954,31.897018,38.389595,20.72436,24.001444,45.12486,49.54687,21.680618,26.06528,14.2851715,16.476444,24.049084,30.811142,30.412945,34.37206,72.901085,78.90299,56.271263,61.607918
O4seCrLSEagQp6BGJTsPYovKuLedF1KiXDYJjsxHV0w,e1baeeec27a69955e28ae05b7d347953,162.2,0,84.4954,84.09086,0.40454102,69.135315,71.06385,1.9285355,86.91593,89.655876,2.7399445,44.69365,46.798958,2.1053085,31.804392,33.193283,1.3888912,22.060488,21.517424,0.5430641,44.520947,45.47597,0.9550247,22.134102,22.127327,0.0067749023,14.269537,14.629525,0.3599882,23.664371,24.370378,0.706007,30.48405,31.38689,0.90283966,74.02907,72.18037,1.8487015,57.52296,57.449665,0.07329559,77.11579,91.065926,62.92108,79.20662,83.74208,95.56967,41.92251,51.675407,29.946995,36.43957,19.878881,23.155966,43.264965,47.686977,19.934996,24.319658,13.533889,15.725162,20.98935,27.751408,29.407333,33.366447,69.17941,75.18132,54.781338,60.117992
aKCbIlgkgwR0Tv0hD5Y3Reox0bJEgCiqJMVSaIrRKRQ,93d7480755deaa8afcea22b2f17f2e07,156.4,0,91.93452,94.08399,2.149475,78.691956,79.93505,1.2430954,99.82359,96.00926,3.814331,51.294632,51.105694,0.18893814,36.74583,35.194336,1.5514946,22.934196,22.100069,0.8341274,44.489304,44.60498,0.11567688,22.996927,24.42192,1.4249935,15.003086,15.615079,0.61199284,26.866117,28.182116,1.3159981,31.867128,32.76793,0.9008007,72.772766,70.556725,2.2160416,57.32302,57.361736,0.038715363,87.108925,101.05906,71.79228,88.07782,90.09547,101.92306,46.229244,55.982143,31.948048,38.440624,20.461527,23.738611,42.393974,46.815987,22.22959,26.614252,14.519443,16.710716,24.801086,31.563145,30.788372,34.747486,67.55577,73.55768,54.69341,60.030064
9tplm5gImUViNEcYr2L4gMd5m3cwH61-cy8uJ4SItP0,4ab5322d658424fbe5da464f5af7804a,173.0,1,101.54571,102.508675,0.9629669,91.79136,90.119385,1.6719742,99.89638,100.370155,0.47377777,50.784653,53.133804,2.3491516,40.16326,37.4793,2.68396,25.060173,24.60158,0.45859337,50.248943,49.99954,0.2494049,25.877367,27.339855,1.4624882,16.597244,16.736105,0.1388607,31.430088,30.97676,0.45332718,36.969566,37.23954,0.26997375,75.263336,78.22662,2.9632874,68.55289,67.17571,1.3771744,95.53361,109.48374,81.976616,98.26215,94.45636,106.28395,48.257355,58.010254,34.233013,40.72559,22.963037,26.240122,47.788532,52.210545,25.147524,29.532187,15.640469,17.831741,27.595732,34.357788,35.259983,39.219097,75.22567,81.22758,64.507385,69.84404
9tplm5gImUViNEcYr2L4gMd5m3cwH61-cy8uJ4SItP0,583b7ab4db60b40f2bbc325bb1e35fca,173.0,1,101.54571,101.16082,0.3848877,91.79136,87.63193,4.1594315,99.89638,97.49811,2.3982697,50.784653,51.34555,0.5608978,40.16326,36.865234,3.298027,25.060173,24.566198,0.4939747,50.248943,50.1544,0.09454346,25.877367,27.272924,1.3955574,16.597244,16.890074,0.2928295,31.430088,30.55247,0.8776188,36.969566,37.40446,0.43489456,75.263336,78.198654,2.935318,68.55289,67.05237,1.5005188,94.18575,108.13589,79.48916,95.7747,91.58431,103.4119,46.4691,56.222,33.618946,40.111523,22.927656,26.20474,47.943394,52.365406,25.080593,29.465256,15.794437,17.98571,27.17144,33.9335,35.424904,39.384018,75.1977,81.19961,64.38404,69.720695
KNq9LWzRIJfcCQtM9-zFyifnJQUjTpBQI_cl49HX-Ds,a2ea49685cb768cfc03889f49d957813,167.5,1,102.133835,106.95198,4.8181458,88.291664,95.71806,7.426399,100.271736,101.90875,1.6370163,55.446663,52.87063,2.5760345,36.139534,36.380432,0.24089813,24.266386,23.759777,0.50660896,49.49951,48.880146,0.6193657,26.803143,27.510902,0.70775986,17.756685,17.03025,0.7264347,30.979357,31.668583,0.68922615,35.39555,36.913723,1.5181732,78.09519,76.437546,1.6576462,64.70921,64.74832,0.039108276,99.97691,113.92705,87.575294,103.86083,95.99496,107.82255,47.99418,57.747078,33.134144,39.62672,22.121235,25.39832,46.66914,51.091152,25.318571,29.703234,15.934614,18.125887,28.287554,35.049614,34.934166,38.89328,73.43659,79.4385,62.079994,67.41665
KNq9LWzRIJfcCQtM9-zFyifnJQUjTpBQI_cl49HX-Ds,f387a4a12bc5cef559cbafaa119b08c6,167.5,1,102.133835,107.469055,5.3352203,88.291664,96.42462,8.132957,100.271736,102.22323,1.9514923,55.446663,53.15446,2.292202,36.139534,36.7883,0.64876556,24.266386,23.978039,0.28834724,49.49951,48.83691,0.6626015,26.803143,27.734007,0.93086433,17.756685,17.149958,0.6067276,30.979357,31.878468,0.8991108,35.39555,37.147022,1.7514725,78.09519,76.26149,1.8337021,64.70921,65.18309,0.47387695,100.49399,114.44412,88.28185,104.56739,96.30943,108.137024,48.27801,58.03091,33.54201,40.034588,22.339497,25.616581,46.625904,51.047916,25.541676,29.926338,16.054321,18.245594,28.497438,35.2595,35.167465,39.12658,73.26054,79.26244,62.514763,67.85142
KNq9LWzRIJfcCQtM9-zFyifnJQUjTpBQI_cl49HX-Ds,49245e48972224fee1ce7f9f891ea8d2,167.5,1,102.133835,104.580154,2.4463196,88.291664,92.91801,4.626343,100.271736,100.73131,0.45957184,55.446663,52.395584,3.0510788,36.139534,36.09512,0.04441452,24.266386,23.671555,0.59483147,49.49951,49.009457,0.49005508,26.803143,27.074497,0.27135468,17.756685,16.855099,0.90158653,30.979357,31.040173,0.06081581,35.39555,36.555725,1.1601753,78.09519,76.74442,1.350769,64.70921,64.56132,0.14789581,97.60509,111.55522,84.77524,101.060776,94.81751,106.6451,47.519135,57.272034,32.84883,39.341408,22.033012,25.310097,46.79845,51.220463,24.882166,29.266829,15.759462,17.950735,27.659143,34.421204,34.576168,38.535282,73.74347,79.74538,61.89299,67.229645
KNq9LWzRIJfcCQtM9-zFyifnJQUjTpBQI_cl49HX-Ds,ac16581b90636f1a3d441093a5c38f24,167.5,1,102.133835,104.484604,2.350769,88.291664,92.63342,4.3417587,100.271736,100.70306,0.4313202,55.446663,52.38759,3.0590744,36.139534,35.927334,0.21220016,24.266386,23.655931,0.61045456,49.49951,49.241943,0.25756836,26.803143,27.09275,0.289608,17.756685,16.88787,0.86881447,30.979357,31.062803,0.0834465,35.39555,36.53427,1.1387215,78.09519,77.1485,0.9466934,64.70921,64.49201,0.21720123,97.50954,111.45967,84.490654,100.77619,94.78926,106.61685,47.51114,57.264038,32.681046,39.173622,22.01739,25.294474,47.030937,51.45295,24.90042,29.285082,15.792234,17.983507,27.681774,34.443832,34.554714,38.51383,74.147545,80.14945,61.823685,67.16034
KNq9LWzRIJfcCQtM9-zFyifnJQUjTpBQI_cl49HX-Ds,29680d6932a1d665b4dc5074b4e292d6,167.5,1,102.133835,107.69388,5.5600433,88.291664,96.146576,7.854912,100.271736,101.11335,0.84161377,55.446663,52.674084,2.7725792,36.139534,37.073032,0.9334984,24.266386,24.217167,0.04921913,49.49951,48.924164,0.5753479,26.803143,28.147087,1.3439445,17.756685,17.429026,0.3276596,30.979357,32.089344,1.1099873,35.39555,37.632397,2.236847,78.09519,76.127,1.968193,64.70921,65.641205,0.9319916,100.71881,114.668945,88.00381,104.289345,95.199554,107.027145,47.797634,57.550533,33.826744,40.31932,22.578625,25.85571,46.713158,51.13517,25.954756,30.339418,16.33339,18.524662,28.708315,35.470375,35.65284,39.611954,73.126045,79.12795,62.972878,68.30953
KNq9LWzRIJfcCQtM9-zFyifnJQUjTpBQI_cl49HX-Ds,443b2ef7ca63a9e0bc3eec6bbe1a420e,167.5,1,102.133835,108.20252,6.0686874,88.291664,96.2578,7.966133,100.271736,101.72817,1.4564362,55.446663,53.390316,2.056347,36.139534,37.558605,1.4190712,24.266386,24.389635,0.123249054,49.49951,48.66908,0.8304329,26.803143,28.512167,1.7090244,17.756685,17.585451,0.17123413,30.979357,32.66031,1.6809521,35.39555,37.806705,2.4111557,78.09519,75.66974,2.4254532,64.70921,65.56946,0.86024475,101.227455,115.17759,88.11503,104.400566,95.81438,107.64197,48.513866,58.266766,34.312317,40.804893,22.751093,26.028177,46.458073,50.880085,26.319836,30.704498,16.489815,18.681087,29.27928,36.041336,35.82715,39.786263,72.668785,78.67069,62.90113,68.237785
KNq9LWzRIJfcCQtM9-zFyifnJQUjTpBQI_cl49HX-Ds,efc16ea1bd540bbd6e1a7abc980d5b59,167.5,1,102.133835,105.54406,3.410225,88.291664,94.39,6.0983353,100.271736,100.46106,0.18932343,55.446663,51.99183,3.454834,36.139534,36.150017,0.010482788,24.266386,23.7198,0.5465851,49.49951,48.89115,0.6083603,26.803143,27.172527,0.36938477,17.756685,16.899162,0.85752296,30.979357,30.98969,0.010334015,35.39555,36.765564,1.3700142,78.09519,76.39964,1.695549,64.70921,64.90849,0.19927979,98.56899,112.51913,86.24723,102.53277,94.547264,106.374855,47.11538,56.86828,32.90373,39.396305,22.081259,25.358343,46.680145,51.102158,24.980196,29.364859,15.803526,17.994799,27.608662,34.37072,34.786007,38.74512,73.39869,79.4006,62.240166,67.57682
KNq9LWzRIJfcCQtM9-zFyifnJQUjTpBQI_cl49HX-Ds,3671088a5166260c9d5c083a66235225,167.5,1,102.133835,104.20499,2.0711517,88.291664,91.11319,2.8215256,100.271736,98.67739,1.5943451,55.446663,51.342884,4.103779,36.139534,35.678364,0.4611702,24.266386,23.800673,0.4657135,49.49951,49.76155,0.26203918,26.803143,27.40949,0.60634804,17.756685,17.15363,0.60305595,30.979357,31.088665,0.10930824,35.39555,36.990818,1.5952682,78.09519,77.746666,0.348526,64.70921,64.713974,0.004760742,97.22992,111.18005,82.97042,99.25596,92.763596,104.59119,46.466434,56.219334,32.432076,38.924652,22.16213,25.439215,47.550545,51.972557,25.21716,29.601822,16.057993,18.249266,27.707636,34.469696,35.01126,38.970375,74.74571,80.74762,62.045647,67.3823
KNq9LWzRIJfcCQtM9-zFyifnJQUjTpBQI_cl49HX-Ds,ef0f9f1fabdfc7d4c969a4f4c008e3bb,167.5,1,102.133835,99.49788,2.6359558,88.291664,85.08702,3.2046432,100.271736,95.68987,4.5818634,55.446663,50.63398,4.812683,36.139534,36.29306,0.1535263,24.266386,23.96747,0.29891586,49.49951,48.34678,1.1527328,26.803143,27.117428,0.31428528,17.756685,16.95975,0.79693604,30.979357,30.453169,0.5261879,35.39555,36.768913,1.3733635,78.09519,75.06821,3.0269852,64.70921,64.65597,0.053245544,92.52281,106.472946,76.94425,93.22979,89.77608,101.60367,45.75753,55.51043,33.046772,39.53935,22.328928,25.606012,46.135773,50.557785,24.925097,29.30976,15.864113,18.055386,27.07214,33.834198,34.789356,38.74847,72.06725,78.06916,61.98764,67.324295
KNq9LWzRIJfcCQtM9-zFyifnJQUjTpBQI_cl49HX-Ds,8bd6a1ea9ea213e2c0f75b1855085fe9,167.5,1,102.133835,99.61871,2.5151215,88.291664,85.3945,2.8971634,100.271736,97.7094,2.5623398,55.446663,51.662693,3.7839699,36.139534,35.97991,0.15962219,24.266386,23.777699,0.48868752,49.49951,49.0975,0.40201187,26.803143,26.840406,0.03726387,17.756685,16.89393,0.8627548,30.979357,30.460752,0.5186043,35.39555,36.200073,0.80452347,78.09519,76.78355,1.3116455,64.70921,63.986412,0.7228012,92.64365,106.59378,77.25173,93.53727,91.7956,103.62319,46.786243,56.539143,32.733624,39.2262,22.139156,25.41624,46.886494,51.308506,24.648075,29.032738,15.798294,17.989567,27.079723,33.84178,34.220516,38.17963,73.78259,79.7845,61.318085,66.65474
KNq9LWzRIJfcCQtM9-zFyifnJQUjTpBQI_cl49HX-Ds,ab798c74408f489aef68491c911cc376,167.5,1,102.133835,104.63214,2.4983063,88.291664,91.24239,2.9507294,100.271736,100.35787,0.086135864,55.446663,52.928596,2.5180664,36.139534,36.717163,0.5776291,24.266386,24.07396,0.19242668,49.49951,49.021248,0.47826385,26.803143,27.890179,1.0870361,17.756685,17.348978,0.4077072,30.979357,32.00977,1.0304127,35.39555,37.084007,1.6884575,78.09519,76.539024,1.5561676,64.70921,64.58177,0.1274414,97.657074,111.60721,83.099625,99.38516,94.44408,106.27167,48.052147,57.805046,33.470875,39.96345,22.435417,25.712502,46.81024,51.232254,25.697847,30.08251,16.253342,18.444614,28.62874,35.3908,35.10445,39.063564,73.53807,79.53998,61.913445,67.2501
KNq9LWzRIJfcCQtM9-zFyifnJQUjTpBQI_cl49HX-Ds,be8eed2ebd04cea5392552244810fbd7,167.5,1,102.133835,106.03023,3.8963928,88.291664,93.46265,5.1709824,100.271736,99.89353,0.37820435,55.446663,52.149067,3.297596,36.139534,36.630177,0.49064255,24.266386,24.055235,0.21115112,49.49951,49.098286,0.40122604,26.803143,27.946293,1.1431503,17.756685,17.351181,0.40550423,30.979357,31.827736,0.84837914,35.39555,37.376305,1.9807549,78.09519,76.523125,1.5720673,64.70921,64.973854,0.2646408,99.05516,113.005295,85.31988,101.605415,93.97974,105.80733,47.272617,57.025517,33.38389,39.876465,22.416693,25.693777,46.88728,51.30929,25.753962,30.138624,16.255545,18.446817,28.446707,35.208763,35.396748,39.35586,73.52217,79.52408,62.305527,67.64218
p2B4yI1jryEWWbCCxGaBlXZf-6KhftowvESTZC8Sk-c,aa4fe55cb3643f3eed3071a9acff0218,180.85,1,93.11052,98.765816,5.6552963,78.32154,84.265976,5.944435,93.806114,98.56929,4.763176,47.120407,51.095036,3.9746284,33.11642,35.845375,2.7289543,24.60667,25.025236,0.41856575,53.91803,54.28335,0.3653221,26.296917,26.492481,0.19556427,17.84177,17.009138,0.83263206,30.294043,29.161907,1.1321354,36.965176,37.299877,0.33470154,85.4514,85.65857,0.20716858,67.82501,69.29825,1.4732361,91.79075,105.74088,76.12321,92.408745,92.655495,104.483086,46.218586,55.971485,32.599087,39.091663,23.386694,26.663778,52.072346,56.494358,24.30015,28.684813,15.913502,18.104774,25.780878,32.54294,35.32032,39.279434,82.657616,88.65952,66.62992,71.966576
p2B4yI1jryEWWbCCxGaBlXZf-6KhftowvESTZC8Sk-c,31081d78bfcc3d198d11c15c0c75036d,180.85,1,93.11052,96.42771,3.317192,78.32154,80.87712,2.5555801,93.806114,96.40236,2.5962448,47.120407,49.842457,2.7220497,33.11642,35.678364,2.561943,24.60667,24.971476,0.36480522,53.91803,53.802265,0.11576462,26.296917,25.899143,0.39777374,17.84177,16.746363,1.0954075,30.294043,28.396975,1.897068,36.965176,36.89428,0.07089615,85.4514,85.022804,0.4285965,67.82501,68.416504,0.5914917,89.452644,103.40278,72.73435,89.01989,90.48856,102.316154,44.966007,54.718906,32.432076,38.924652,23.332933,26.610018,51.59126,56.01327,23.706812,28.091475,15.650726,17.842,25.015945,31.778004,34.914722,38.873837,82.02185,88.02376,65.74818,71.08483
SZmnW-xc6SrqiqDHJsWld1yYThhr489nBwJCqzYIh-A,4719e4fee453995d3aaf82e2cdd3e6c1,189.0,1,106.300995,107.46344,1.1624451,90.54426,95.20123,4.656975,105.10755,106.99871,1.891159,55.11913,56.473125,1.3539963,37.641014,39.300056,1.6590424,25.490822,26.408327,0.91750526,54.108376,55.170067,1.0616913,28.136578,28.824512,0.6879349,17.848944,18.019476,0.17053223,30.407745,32.35991,1.9521637,38.466766,38.93567,0.4689026,87.42992,87.3947,0.035217285,69.39773,72.23169,2.8339615,100.48837,114.43851,87.058464,103.344,101.084915,112.912506,51.596676,61.349575,36.05377,42.546345,24.769785,28.04687,52.95906,57.381073,26.632181,31.016844,16.92384,19.115112,28.97888,35.740936,36.956112,40.915226,84.393745,90.39565,69.56336,74.90002
SZmnW-xc6SrqiqDHJsWld1yYThhr489nBwJCqzYIh-A,caf05da1fe153fe53cb77300de2ad395,189.0,1,106.300995,107.11778,0.8167877,90.54426,95.46946,4.9252014,105.10755,105.873474,0.76592255,55.11913,55.03599,0.08313751,37.641014,37.966278,0.32526398,25.490822,25.891851,0.4010296,54.108376,55.493935,1.3855591,28.136578,28.172777,0.03619957,17.848944,17.733065,0.11587906,30.407745,31.502466,1.0947208,38.466766,38.5951,0.12833405,87.42992,88.01579,0.58587646,69.39773,71.79204,2.39431,100.142715,114.09285,87.32669,103.61223,99.95968,111.78727,50.159542,59.91244,34.71999,41.212566,24.25331,27.530394,53.28293,57.70494,25.980446,30.365108,16.637428,18.828701,28.121437,34.883495,36.615543,40.574657,85.01484,91.01675,69.12371,74.460365
CpFafJDl0f2NkI4XPdcEpqtEtAyQlfh06eeNnLelmTw,68d76ef0dad9a06ce32f7b0067c19909,175.5,1,100.18814,102.16477,1.9766312,85.797226,88.06044,2.263214,102.11438,99.7928,2.321579,54.177452,53.33968,0.83777237,36.55067,37.8039,1.253231,25.443865,25.004559,0.43930626,50.62341,50.78524,0.1618309,27.995512,27.93142,0.064092636,17.372334,17.2256,0.14673424,31.21282,31.54325,0.33042908,37.322655,37.711506,0.38885117,80.7744,79.408516,1.3658829,67.22563,67.75947,0.53383636,95.189705,109.13984,79.91767,96.20321,93.879005,105.7066,48.46323,58.21613,34.557613,41.05019,23.366016,26.6431,48.574234,52.996246,25.739088,30.12375,16.129963,18.321236,28.16222,34.92428,35.73195,39.691063,76.40756,82.40947,65.09114,70.427795
CpFafJDl0f2NkI4XPdcEpqtEtAyQlfh06eeNnLelmTw,ccfa3d42949a5dff16ce6f6314e87e4b,175.5,1,100.18814,98.94567,1.2424698,85.797226,84.29541,1.5018158,102.11438,97.7094,4.4049835,54.177452,52.312965,1.8644867,36.55067,37.37023,0.819561,25.443865,24.870846,0.573019,50.62341,50.56985,0.05355835,27.995512,27.238783,0.7567291,17.372334,16.848948,0.523386,31.21282,30.540392,0.67242813,37.322655,37.30926,0.013393402,80.7744,79.058846,1.7155533,67.22563,67.5201,0.29447174,91.970604,105.92074,76.15264,92.43818,91.7956,103.62319,47.436516,57.189415,34.123943,40.61652,23.232304,26.509388,48.358845,52.780857,25.046452,29.431114,15.753311,17.944584,27.159363,33.92142,35.329704,39.28882,76.05789,82.0598,64.851776,70.18843
alvViEXcpt6DTJMCIgxAwfPXlieyPGTGoJs62yCtXlc,8a45e33094d25a7d291629bb2a85065c,159.6,0,94.7642,93.98283,0.7813721,82.878105,81.87154,1.0065689,97.48371,96.82002,0.66368866,52.143593,50.91914,1.224453,34.748077,34.25412,0.49395752,22.37125,21.633219,0.7380314,44.735764,45.17411,0.43834686,24.132048,23.712044,0.4200039,15.424057,15.014346,0.40971088,30.305525,27.50571,2.7998142,31.237926,32.330822,1.0928955,74.16419,71.87227,2.2919235,58.34464,57.54248,0.80215836,87.00776,100.95789,73.72877,90.014305,90.90623,102.73382,46.04269,55.79559,31.007832,37.50041,19.994677,23.27176,42.963104,47.385117,21.519712,25.904375,13.91871,16.109982,24.124681,30.88674,30.351265,34.31038,68.871315,74.87322,54.874153,60.210808
j3scOr7Agpc6mqX7390w1Nn1DSd35AU-mcbecE0rfZU,c64c849df4922bb53abd5a06ccfd2d04,178.0,1,105.54238,104.37923,1.1631546,94.588036,92.427345,2.1606903,103.27698,101.435196,1.8417816,50.452026,52.249004,1.796978,33.363796,35.648983,2.2851868,23.65226,24.380217,0.7279568,52.578102,52.934418,0.3563156,26.529127,27.087341,0.5582142,16.6803,16.950386,0.2700863,30.478514,30.552515,0.07400131,36.5219,37.425915,0.9040146,80.910126,83.45296,2.5428314,68.72502,68.096535,0.62848663,97.40416,111.354294,84.28458,100.570114,95.5214,107.34899,47.372555,57.125454,32.402695,38.89527,22.741674,26.018759,50.72341,55.145424,24.89501,29.279673,15.85475,18.046022,27.171486,33.933544,35.446358,39.40547,80.452,86.45391,65.42821,70.76486
j3scOr7Agpc6mqX7390w1Nn1DSd35AU-mcbecE0rfZU,b91682e66e70a73204f853bd81b22e83,178.0,1,105.54238,103.31626,2.22612,94.588036,90.9484,3.6396332,103.27698,101.11581,2.161171,50.452026,52.217026,1.7649994,33.363796,35.42939,2.0655937,23.65226,24.303997,0.6517372,52.578102,53.00045,0.42234802,26.529127,26.89804,0.36891365,16.6803,16.873919,0.19361877,30.478514,30.31652,0.16199303,36.5219,37.186577,0.66467667,80.910126,83.653465,2.7433395,68.72502,67.76924,0.95578,96.341194,110.29133,82.80563,99.09117,95.20201,107.0296,47.340576,57.093475,32.1831,38.67568,22.665455,25.94254,50.789444,55.211456,24.70571,29.090372,15.778282,17.969555,26.935492,33.697548,35.20702,39.166134,80.65251,86.65442,65.100914,70.43757
j3scOr7Agpc6mqX7390w1Nn1DSd35AU-mcbecE0rfZU,f69319971d28a7676c1f3b9e3f061694,178.0,1,105.54238,103.31626,2.22612,94.588036,90.9484,3.6396332,103.27698,101.11581,2.161171,50.452026,52.217026,1.7649994,33.363796,35.42939,2.0655937,23.65226,24.303997,0.6517372,52.578102,53.00045,0.42234802,26.529127,26.89804,0.36891365,16.6803,16.873919,0.19361877,30.478514,30.31652,0.16199303,36.5219,37.186577,0.66467667,80.910126,83.653465,2.7433395,68.72502,67.76924,0.95578,96.341194,110.29133,82.80563,99.09117,95.20201,107.0296,47.340576,57.093475,32.1831,38.67568,22.665455,25.94254,50.789444,55.211456,24.70571,29.090372,15.778282,17.969555,26.935492,33.697548,35.20702,39.166134,80.65251,86.65442,65.100914,70.43757
UVMzcuNGL27V5zxla6MePU3qTsKddVZxCu0I4JlEq6Y,7afe9815d88c1cc7a0971a79f80fef0c,182.0,1,97.33743,94.58421,2.7532196,79.41824,79.431305,0.013061523,96.074135,96.40236,0.32822418,44.919823,50.172924,5.2531013,33.245716,36.843197,3.5974808,25.606062,25.450733,0.15532875,53.474297,53.242565,0.23173141,25.515955,25.86331,0.3473549,16.90972,16.760317,0.14940262,27.184679,28.038877,0.85419846,37.682373,36.984787,0.69758606,80.4544,83.85887,3.4044724,71.78386,69.77942,2.0044403,87.609146,101.55928,71.288536,87.57407,90.48856,102.316154,45.296474,55.049374,33.59691,40.089485,23.812191,27.089275,51.03156,55.45357,23.670979,28.055641,15.6646805,17.855953,24.657848,31.419907,35.00523,38.964344,80.85792,86.859825,67.11109,72.44775
UVMzcuNGL27V5zxla6MePU3qTsKddVZxCu0I4JlEq6Y,c048d831e6e25c27ad281470f0ee06e8,182.0,1,97.33743,96.27596,1.06147,79.41824,81.63602,2.2177734,96.074135,97.3507,1.2765656,44.919823,50.258205,5.3383827,33.245716,35.707745,2.4620285,25.606062,24.951717,0.65434456,53.474297,53.98464,0.51034164,25.515955,25.798407,0.28245163,16.90972,16.629686,0.2800331,27.184679,28.231852,1.0471725,37.682373,36.867466,0.8149071,80.4544,85.34558,4.891182,71.78386,69.102844,2.681015,89.300896,103.25103,73.49325,89.778786,91.436905,103.264496,45.381756,55.134655,32.461456,38.954033,23.313175,26.59026,51.773632,56.195644,23.606075,27.990738,15.53405,17.725323,24.850822,31.61288,34.88791,38.847023,82.34463,88.346535,66.43452,71.77117
rhUrMSeO7Nb-lPQHSDizeYFdm1ZkYzFozoaL92zkAZ0,2682c8fa5f392434a7a135c0d54c70f4,165.0,0,81.40649,85.72079,4.3143005,74.03399,73.05267,0.9813156,90.703735,91.28722,0.58348083,44.899006,46.78297,1.8839645,31.436182,32.89637,1.4601879,20.923447,21.82253,0.8990841,46.504696,47.985176,1.4804802,22.14433,22.12192,0.02240944,15.124787,14.723527,0.40126038,23.472345,24.29876,0.8264141,32.484856,31.88031,0.6045456,75.203224,76.71141,1.5081863,58.866817,59.017754,0.15093613,78.74572,92.695854,64.909904,81.19544,85.37342,97.20101,41.90652,51.65942,29.650082,36.14266,20.183989,23.461073,45.77417,50.196182,19.929588,24.31425,13.627891,15.819163,20.91773,27.679789,29.900753,33.859867,73.71046,79.712364,56.349426,61.68608
Kt0GsE-I7kELdwI9W4UddWf2678GShfelphWFdlEfgs,a3d287681f14e7b2a2adeed744874e26,155.5,1,96.96344,93.95472,3.0087204,79.24449,78.39764,0.84685516,93.32987,92.19134,1.1385345,51.58092,49.98104,1.5998802,36.28622,36.604664,0.3184433,23.344572,23.35496,0.010387421,43.814377,44.727608,0.9132309,28.21801,26.000553,2.2174568,16.689552,16.20259,0.48696136,32.485924,29.265358,3.2205658,37.796154,35.227985,2.5681686,66.74215,69.26074,2.5185928,62.433563,61.030373,1.4031906,86.97965,100.92979,70.25487,86.540405,86.27754,98.10513,45.10459,54.85749,33.358376,39.850952,21.716417,24.993502,42.5166,46.938614,23.808222,28.192884,15.106955,17.298227,25.884329,32.646385,33.24843,37.207542,66.25979,72.261696,58.362045,63.6987
Kt0GsE-I7kELdwI9W4UddWf2678GShfelphWFdlEfgs,5e5e5e5243c2d37e6bbc74b6bc6846b8,155.5,1,96.96344,96.87173,0.09171295,79.24449,82.31641,3.0719147,93.32987,93.33131,0.0014343262,51.58092,49.09091,2.4900093,36.28622,34.57577,1.7104492,23.344572,22.525564,0.8190079,43.814377,45.61118,1.7968025,28.21801,25.776773,2.4412365,16.689552,16.224257,0.4652958,32.485924,29.256405,3.229519,37.796154,34.890434,2.9057198,66.74215,70.93819,4.1960373,62.433563,59.941017,2.492546,89.89666,103.846794,74.17364,90.459175,87.41751,99.2451,44.214462,53.96736,31.329483,37.82206,20.887022,24.164106,43.400173,47.822186,23.584442,27.969105,15.12862,17.319893,25.875376,32.637436,32.910877,36.86999,67.93723,73.93914,57.27269,62.609344
Kt0GsE-I7kELdwI9W4UddWf2678GShfelphWFdlEfgs,3a446cc9bfd9ffaa7340a717e88a564a,155.5,1,96.96344,96.91388,0.049560547,79.24449,81.97621,2.73172,93.32987,92.7908,0.5390701,51.58092,49.25614,2.3247795,36.28622,35.13712,1.1491013,23.344572,22.75807,0.5865021,43.814377,45.03576,1.2213821,28.21801,26.079992,2.1380177,16.689552,16.237843,0.45170975,32.485924,29.581676,2.9042473,37.796154,35.3024,2.4937553,66.74215,69.72045,2.978302,62.433563,60.317165,2.1163979,89.93881,103.88895,73.83344,90.11898,86.87701,98.7046,44.379692,54.13259,31.890831,38.383408,21.119528,24.396612,42.824753,47.246765,23.887661,28.272324,15.142206,17.333479,26.200647,32.962708,33.32284,37.281956,66.7195,72.721405,57.648838,62.985493
Kt0GsE-I7kELdwI9W4UddWf2678GShfelphWFdlEfgs,cc65c9f30e334d6940056aaaef889680,155.5,1,96.96344,94.29195,2.6714935,79.24449,78.99297,0.25151825,93.32987,91.46411,1.8657608,51.58092,48.845726,2.7351952,36.28622,35.129387,1.1568336,23.344572,22.736015,0.60855675,43.814377,44.843952,1.0295753,28.21801,25.716602,2.5014076,16.689552,16.083988,0.6055641,32.485924,29.001759,3.4841652,37.796154,34.94876,2.847393,66.74215,69.45148,2.7093277,62.433563,60.043602,2.3899612,87.31688,101.26701,70.850204,87.13574,85.550316,97.37791,43.969276,53.722176,31.883099,38.375675,21.097473,24.374557,42.632946,47.05496,23.524271,27.908934,14.988352,17.179625,25.62073,32.38279,32.969204,36.928318,66.45052,72.45243,57.375275,62.71193
Kt0GsE-I7kELdwI9W4UddWf2678GShfelphWFdlEfgs,cbaeb048d41474c19408ee00626151a5,155.5,1,96.96344,94.32567,2.6377716,79.24449,79.98739,0.74289703,93.32987,92.87925,0.45062256,51.58092,49.14421,2.4367104,36.28622,34.62526,1.6609612,23.344572,22.347279,0.9972935,43.814377,44.89426,1.0798836,28.21801,25.202787,3.0152225,16.689552,15.833927,0.85562515,32.485924,28.649632,3.8362923,37.796154,34.28573,3.5104256,66.74215,69.9014,3.1592484,62.433563,59.354816,3.0787468,87.3506,101.300735,71.84462,88.13016,86.965454,98.793045,44.26776,54.02066,31.378971,37.871548,20.708736,23.98582,42.683254,47.105267,23.010456,27.395119,14.738291,16.929564,25.268602,32.030663,32.30617,36.265285,66.900444,72.90235,56.68649,62.023144
Kt0GsE-I7kELdwI9W4UddWf2678GShfelphWFdlEfgs,72d35c702d3589df127754d62aebd245,155.5,1,96.96344,95.23056,1.7328796,79.24449,80.54347,1.2989807,93.32987,92.201164,1.1287079,51.58092,48.877705,2.7032166,36.28622,35.056705,1.2295151,23.344572,22.619303,0.7252693,43.814377,44.774776,0.9603996,28.21801,25.596937,2.6210728,16.689552,16.030745,0.65880775,32.485924,28.910246,3.5756779,37.796154,34.82004,2.9761124,66.74215,69.46615,2.723999,62.433563,59.936134,2.497429,88.25549,102.20563,72.4007,88.68624,86.28737,98.11496,44.001255,53.754154,31.810417,38.302994,20.98076,24.257845,42.56377,46.985783,23.404606,27.789268,14.935108,17.12638,25.529217,32.291275,32.840485,36.7996,66.465195,72.4671,57.267807,62.60446
Kt0GsE-I7kELdwI9W4UddWf2678GShfelphWFdlEfgs,0e96f4c58e5dbed2cd4dcb104b35c854,155.5,1,96.96344,95.53969,1.4237518,79.24449,80.55656,1.3120651,93.32987,92.8596,0.47027588,51.58092,49.6026,1.9783211,36.28622,35.599495,0.6867256,23.344572,22.836185,0.5083866,43.814377,44.689877,0.8754997,28.21801,25.804493,2.413517,16.689552,16.119606,0.5699463,32.485924,29.253422,3.232502,37.796154,34.925297,2.8708572,66.74215,69.36833,2.6261826,62.433563,60.04849,2.3850746,88.56462,102.514755,72.41379,88.699326,86.9458,98.77339,44.72615,54.47905,32.353207,38.845783,21.197643,24.474728,42.47887,46.900883,23.612162,27.996824,15.02397,17.215242,25.872393,32.634453,32.94574,36.904854,66.36738,72.369286,57.38016,62.716816
Kt0GsE-I7kELdwI9W4UddWf2678GShfelphWFdlEfgs,171837efd54a0edae1078f94c5ac413d,155.5,1,96.96344,97.37195,0.4085083,79.24449,82.54538,3.300888,93.32987,94.32879,0.9989166,51.58092,50.066322,1.5145988,36.28622,35.13248,1.1537399,23.344572,22.719473,0.6250992,43.814377,45.30932,1.4949417,28.21801,26.046865,2.1711445,16.689552,16.300266,0.38928604,32.485924,29.820904,2.66502,37.796154,35.008427,2.7877274,66.74215,70.49804,3.75589,62.433563,59.838432,2.595131,90.39688,104.347015,74.40261,90.68815,88.41499,100.242584,45.189873,54.942772,31.886192,38.37877,21.08093,24.358015,43.098312,47.520325,23.854534,28.239197,15.20463,17.395903,26.439875,33.201935,33.02887,36.987984,67.497086,73.49899,57.170105,62.50676
Kt0GsE-I7kELdwI9W4UddWf2678GShfelphWFdlEfgs,52e9a946b9b721875d9108bb4b4a33b6,155.5,1,96.96344,95.20246,1.7609787,79.24449,80.818245,1.5737534,93.32987,92.24047,1.0894012,51.58092,48.96832,2.6126022,36.28622,35.331966,0.95425415,23.344572,22.720392,0.62417984,43.814377,44.674156,0.85977936,28.21801,25.682123,2.5358868,16.689552,15.989251,0.7003012,32.485924,28.977886,3.5080376,37.796154,35.003735,2.7924194,66.74215,69.20206,2.4599075,62.433563,60.466156,1.9674072,88.227394,102.17753,72.675476,88.96101,86.326675,98.15427,44.09187,53.84477,32.08568,38.578255,21.08185,24.358934,42.46315,46.885162,23.489792,27.874454,14.893615,17.084888,25.596857,32.358917,33.024178,36.98329,66.2011,72.20301,57.79783,63.134483
Kt0GsE-I7kELdwI9W4UddWf2678GShfelphWFdlEfgs,69523054b40130b968c7696cc602fbbd,155.5,1,96.96344,96.68344,0.27999878,79.24449,82.224815,2.9803238,93.32987,92.50581,0.82405853,51.58092,48.973648,2.607273,36.28622,35.333515,0.9527054,23.344572,22.816887,0.52768517,43.814377,44.944572,1.1301956,28.21801,25.9512,2.2668095,16.689552,16.159998,0.52955437,32.485924,29.271326,3.2145977,37.796154,35.31514,2.4810143,66.74215,69.48571,2.7435608,62.433563,60.7617,1.6718636,89.708374,103.65851,74.08205,90.367584,86.59202,98.41961,44.0972,53.850098,32.087227,38.579803,21.178345,24.45543,42.733566,47.15558,23.75887,28.143532,15.064362,17.255634,25.890297,32.652355,33.335583,37.294697,66.48476,72.486664,58.093372,63.430027
Kt0GsE-I7kELdwI9W4UddWf2678GShfelphWFdlEfgs,e26a9a309e26864a660ff0b22c694b45,155.5,1,96.96344,96.450195,0.5132446,79.24449,82.21827,2.9737778,93.32987,92.39771,0.9321594,51.58092,48.67516,2.9057617,36.28622,34.8433,1.4429207,23.344572,22.606436,0.7381363,43.814377,45.086067,1.2716904,28.21801,25.701729,2.5162811,16.689552,16.009813,0.679739,32.485924,29.042542,3.4433823,37.796154,35.09424,2.7019157,66.74215,69.84271,3.100563,62.433563,60.405094,2.028469,89.47513,103.42526,74.0755,90.36104,86.48392,98.31151,43.79871,53.55161,31.597012,38.08959,20.967894,24.244978,42.87506,47.297073,23.509398,27.89406,14.914177,17.10545,25.661512,32.42357,33.11468,37.073795,66.84176,72.843666,57.736767,63.07342
JzUFURmryZAOZBJnIl8-sVLCj5Rc9ZuYnP0LZz7podg,9b3796880d562f4a22ce32499f9882b2,174.5,1,102.13223,105.70143,3.5691986,86.468956,93.43648,6.9675217,100.33536,103.0422,2.7068405,54.007854,54.032764,0.024909973,39.023815,37.278027,1.7457886,25.573088,24.767918,0.80517006,50.135777,51.64837,1.5125923,28.71773,27.99159,0.72613907,18.025545,17.4584,0.5671444,31.340036,31.809832,0.46979523,36.060062,37.664577,1.6045151,79.99427,81.10796,1.1136932,67.56769,67.75703,0.18933868,98.726364,112.6765,85.29371,101.57925,97.1284,108.95599,49.156315,58.909214,34.03174,40.524315,23.129375,26.40646,49.437363,53.859375,25.79926,30.183922,16.362764,18.554037,28.428802,35.19086,35.68502,39.644135,78.10701,84.10892,65.0887,70.425354
JzUFURmryZAOZBJnIl8-sVLCj5Rc9ZuYnP0LZz7podg,ee719c5131e5553cb2d001e43cc92397,174.5,1,102.13223,104.691154,2.5589218,86.468956,91.24321,4.774254,100.33536,101.23005,0.89469147,54.007854,53.91317,0.0946846,39.023815,38.23535,0.7884636,25.573088,25.16125,0.41183853,50.135777,50.88429,0.74851227,28.71773,28.45132,0.26640892,18.025545,17.603811,0.42173386,31.340036,32.148033,0.80799675,36.060062,38.074867,2.0148048,79.99427,79.55279,0.44148254,67.56769,67.928,0.36031342,97.71609,111.66622,83.10044,99.38598,95.31625,107.143845,49.03672,58.78962,34.989063,41.48164,23.522707,26.799791,48.673283,53.095295,26.25899,30.643652,16.508175,18.699448,28.767004,35.52906,36.09531,40.054424,76.551834,82.55374,65.259674,70.59633
JzUFURmryZAOZBJnIl8-sVLCj5Rc9ZuYnP0LZz7podg,5a16b5c4f7d9ef8335e22e022efd9cdd,174.5,1,102.13223,103.61344,1.4812088,86.468956,90.0094,3.5404434,100.33536,99.44638,0.88897705,54.007854,52.223686,1.7841682,39.023815,36.77129,2.2525253,25.573088,24.634203,0.93888474,50.135777,51.146843,1.0110664,28.71773,27.846235,0.8714943,18.025545,17.313726,0.7118187,31.340036,31.387577,0.047540665,36.060062,37.76916,1.7090988,79.99427,79.979485,0.014785767,67.56769,67.26486,0.30282593,96.638374,110.58851,81.86663,98.15217,93.532585,105.360176,47.347237,57.100136,33.525,40.01758,22.99566,26.272745,48.935837,53.35785,25.653904,30.038567,16.21809,18.409363,28.006548,34.76861,35.789604,39.74872,76.97853,82.98044,64.596535,69.93319
JzUFURmryZAOZBJnIl8-sVLCj5Rc9ZuYnP0LZz7podg,f57bb7ee2ac7bf832eb4c24f74cf17ad,174.5,1,102.13223,103.61344,1.4812088,86.468956,90.0094,3.5404434,100.33536,99.44638,0.88897705,54.007854,52.223686,1.7841682,39.023815,36.77129,2.2525253,25.573088,24.634203,0.93888474,50.135777,51.146843,1.0110664,28.71773,27.846235,0.8714943,18.025545,17.313726,0.7118187,31.340036,31.387577,0.047540665,36.060062,37.76916,1.7090988,79.99427,79.979485,0.014785767,67.56769,67.26486,0.30282593,96.638374,110.58851,81.86663,98.15217,93.532585,105.360176,47.347237,57.100136,33.525,40.01758,22.99566,26.272745,48.935837,53.35785,25.653904,30.038567,16.21809,18.409363,28.006548,34.76861,35.789604,39.74872,76.97853,82.98044,64.596535,69.93319
JzUFURmryZAOZBJnIl8-sVLCj5Rc9ZuYnP0LZz7podg,9d811850369b44fd04e250ff3fde4307,174.5,1,102.13223,103.791885,1.6596527,86.468956,90.39293,3.923973,100.33536,99.158936,1.1764221,54.007854,51.869236,2.1386185,39.023815,36.477085,2.54673,25.573088,24.578604,0.99448395,50.135777,51.39053,1.2547531,28.71773,27.656933,1.0607967,18.025545,17.189613,0.8359318,31.340036,31.13293,0.20710564,36.060062,37.742344,1.6822815,79.99427,80.3964,0.40213013,67.56769,67.32593,0.24176025,96.81682,110.76695,82.25016,98.5357,93.24514,105.07273,46.992786,56.745686,33.230797,39.723373,22.940062,26.217146,49.179523,53.601536,25.464602,29.849264,16.093977,18.28525,27.751902,34.51396,35.762787,39.7219,77.39545,83.397354,64.6576,69.994255
JzUFURmryZAOZBJnIl8-sVLCj5Rc9ZuYnP0LZz7podg,f8b16db180c3f9a780366b4616d28274,174.5,1,102.13223,99.181725,2.950508,86.468956,84.544014,1.924942,100.33536,97.21312,3.1222382,54.007854,51.56675,2.441105,39.023815,36.83005,2.1937637,25.573088,24.730238,0.84284973,50.135777,50.913372,0.7775955,28.71773,27.131287,1.586443,18.025545,16.930925,1.0946198,31.340036,30.306076,1.0339603,36.060062,37.260994,1.2009315,79.99427,79.6078,0.38646698,67.56769,67.2673,0.30038452,92.20666,106.15679,76.401245,92.68678,91.299324,103.126915,46.6903,56.4432,33.583763,40.07634,23.091696,26.36878,48.702366,53.12438,24.938955,29.323618,15.835289,18.026562,26.925047,33.687103,35.281437,39.24055,76.60685,82.60876,64.598976,69.93563
JzUFURmryZAOZBJnIl8-sVLCj5Rc9ZuYnP0LZz7podg,58f7cbe8a1f0944de19a8851061091b1,174.5,1,102.13223,103.50173,1.3694992,86.468956,89.91883,3.4498749,100.33536,99.84685,0.48851013,54.007854,52.812664,1.1951904,39.023815,37.41248,1.6113358,25.573088,24.89428,0.6788082,50.135777,51.040718,0.90494156,28.71773,27.975365,0.7423649,18.025545,17.360727,0.6648178,31.340036,31.538275,0.19823837,36.060062,37.824135,1.7640724,79.99427,79.867004,0.12726593,67.56769,67.53232,0.035369873,96.526665,110.4768,81.77606,98.0616,93.93305,105.76064,47.936214,57.689114,34.16619,40.658768,23.255737,26.532822,48.829712,53.251724,25.783033,30.167696,16.26509,18.456364,28.157246,34.919304,35.844578,39.80369,76.86605,82.86796,64.86399,70.200645
JzUFURmryZAOZBJnIl8-sVLCj5Rc9ZuYnP0LZz7podg,6e8755eab88607cfa38f6d324e3101b6,174.5,1,102.13223,110.39449,8.26226,86.468956,99.574684,13.105728,100.33536,105.07378,4.7384186,54.007854,55.165245,1.1573906,39.023815,38.942833,0.08098221,25.573088,25.484735,0.0883522,50.135777,51.348083,1.212307,28.71773,29.299116,0.58138657,18.025545,18.155338,0.12979317,31.340036,33.263107,1.9230709,36.060062,38.90349,2.8434258,79.99427,80.17877,0.18450165,67.56769,69.178566,1.610878,103.419426,117.36956,91.431915,107.71745,99.15998,110.98757,50.288795,60.041695,35.696545,42.18912,23.846193,27.123278,49.137077,53.55909,27.106785,31.491447,17.059702,19.250975,29.882078,36.644135,36.92393,40.883045,77.17782,83.179726,66.51024,71.84689
JzUFURmryZAOZBJnIl8-sVLCj5Rc9ZuYnP0LZz7podg,c3baec1f302b8d5a9c8603ce769e9a32,174.5,1,102.13223,101.54512,0.5871124,86.468956,87.07257,0.6036148,100.33536,99.27686,1.0584946,54.007854,53.09516,0.912693,39.023815,38.035477,0.9883385,25.573088,25.120813,0.45227432,50.135777,50.779736,0.64395905,28.71773,27.945618,0.7721119,18.025545,17.418745,0.6068001,31.340036,31.410952,0.07091522,36.060062,37.66726,1.6071968,79.99427,79.405464,0.58880615,67.56769,67.49568,0.072006226,94.57005,108.52019,78.9298,95.21534,93.36307,105.19066,48.21871,57.97161,34.78919,41.281765,23.482271,26.759356,48.56873,52.99074,25.753286,30.137949,16.323109,18.514381,28.029922,34.79198,35.687702,39.646816,76.40451,82.40642,64.827354,70.16401
JzUFURmryZAOZBJnIl8-sVLCj5Rc9ZuYnP0LZz7podg,939ffbfa94cae1f13ae08d59fcd7bf75,174.5,1,102.13223,101.94347,0.18876648,86.468956,88.985344,2.516388,100.33536,99.85422,0.48114014,54.007854,52.190372,1.817482,39.023815,36.41368,2.6101341,25.573088,24.457756,1.1153316,50.135777,51.525738,1.3899612,28.71773,27.094103,1.6236267,18.025545,16.992247,1.0332985,31.340036,30.479715,0.86032104,36.060062,37.069927,1.0098648,79.99427,80.93436,0.94008636,67.56769,67.07069,0.49700165,94.9684,108.91853,80.842575,97.12811,93.94042,105.76801,47.313923,57.066822,33.167393,39.65997,22.819214,26.096298,49.31473,53.736744,24.901772,29.286434,15.89661,18.087883,27.098686,33.860744,35.09037,39.049484,77.9334,83.93531,64.40236,69.73901
JzUFURmryZAOZBJnIl8-sVLCj5Rc9ZuYnP0LZz7podg,4f0116b18fa70d7f0701a6841403eddf,174.5,1,102.13223,109.77062,7.6383896,86.468956,97.82137,11.352417,100.33536,104.69911,4.3637543,54.007854,55.126602,1.1187477,39.023815,38.414734,0.60908127,25.573088,25.300016,0.2730713,50.135777,51.67667,1.5408936,28.71773,29.297764,0.58003426,18.025545,18.17737,0.15182495,31.340036,33.38645,2.0464153,36.060062,38.702366,2.6423035,79.99427,80.85488,0.86061096,67.56769,68.36765,0.7999649,102.795555,116.74569,89.678604,105.96414,98.78532,110.61291,50.250153,60.00305,35.168446,41.661022,23.661474,26.938559,49.465664,53.887676,27.105433,31.490095,17.081734,19.273006,30.005423,36.76748,36.72281,40.681923,77.85393,83.855835,65.699326,71.03598
59bc2766681516389ccf45b4,c42cc5acb1a3c3a9fe89a4c9de2611d6,173.0,0,95.53862,90.89159,4.6470337,81.449036,77.344345,4.1046906,104.78086,97.9256,6.8552628,53.880436,52.037132,1.8433037,37.80063,35.73558,2.0650482,24.079395,23.274088,0.8053074,48.931828,49.93508,1.0032539,25.795568,24.271833,1.523735,17.459435,15.767832,1.6916027,29.897776,27.251064,2.6467113,33.83392,33.36057,0.47335052,77.03049,80.11642,3.0859299,63.257538,62.30536,0.95217896,83.91652,97.86665,69.20158,85.487114,92.0118,103.83939,47.160683,56.91358,32.489292,38.98187,21.635546,24.91263,47.724075,52.146088,22.079502,26.464165,14.672195,16.863468,23.870035,30.632093,31.381012,35.340126,77.11546,83.11737,59.63703,64.97369
59bc2766681516389ccf45b4,da54db3cc216538f582a0db5cbb86594,173.0,0,95.53862,91.45925,4.0793686,81.449036,77.769585,3.679451,104.78086,99.33337,5.4474945,53.880436,53.276386,0.6040497,37.80063,36.65183,1.1487999,24.079395,23.632956,0.44643974,48.931828,50.104877,1.1730499,25.795568,24.476007,1.319561,17.459435,15.911773,1.5476618,29.897776,27.692719,2.2050571,33.83392,33.408836,0.42508316,77.03049,80.675156,3.6446686,63.257538,62.444584,0.81295395,84.484184,98.43432,69.626816,85.91235,93.41957,105.24716,48.399937,58.152836,33.40554,39.898117,21.994413,25.271498,47.89387,52.315884,22.283676,26.668339,14.816136,17.007408,24.31169,31.073748,31.42928,35.388393,77.6742,83.67611,59.776257,65.112915
59bc2766681516389ccf45b4,f402a631667729e42281bf506f58d4d4,173.0,0,95.53862,92.04378,3.4948425,81.449036,77.671455,3.7775803,104.78086,100.56916,4.2117004,53.880436,54.482826,0.6023903,37.80063,37.419308,0.38132095,24.079395,23.987114,0.09228134,48.931828,50.24087,1.3090439,25.795568,24.950611,0.84495735,17.459435,16.230865,1.228569,29.897776,28.392994,1.5047817,33.83392,33.589848,0.24407196,77.03049,80.90012,3.8696365,63.257538,62.574036,0.6835022,85.06871,99.018845,69.52869,85.814224,94.655365,106.482956,49.606377,59.359276,34.17302,40.665596,22.348572,25.625656,48.029865,52.451878,22.75828,27.142942,15.135229,17.326502,25.011965,31.774023,31.61029,35.569405,77.89917,83.90108,59.90571,65.24236
pMnXRR4wol-MqJYDEWJNQo91TG9sdN2LJPzQEZjnroc,9dc1765ee2f9709db0a586a841252f7d,163.5,1,98.170746,100.746315,2.5755692,90.7143,88.859406,1.8548965,97.1396,96.839676,0.29992676,50.04629,50.78589,0.7395973,32.99956,36.102077,3.1025162,23.072952,23.303495,0.23054314,45.83728,46.53562,0.69834137,26.064318,26.316618,0.25230026,16.043478,16.07848,0.035001755,29.88011,29.91192,0.03181076,35.29485,35.97356,0.67871094,71.04451,72.36132,1.3168106,65.56598,63.424026,2.1419525,93.77125,107.72138,80.71664,97.002174,90.92588,102.75347,45.90944,55.66234,32.85579,39.348366,21.664953,24.942038,44.324615,48.746628,24.124287,28.50895,14.982843,17.174116,26.530891,33.29295,33.994003,37.953117,69.36037,75.362274,60.7557,66.092354
pMnXRR4wol-MqJYDEWJNQo91TG9sdN2LJPzQEZjnroc,51934a230d14099e2c5ca69f65bf1eed,163.5,1,98.170746,95.921875,2.2488708,90.7143,82.532295,8.182007,97.1396,92.613914,4.525688,50.04629,48.47262,1.5736732,32.99956,34.937634,1.9380722,23.072952,22.97863,0.094322205,45.83728,46.527763,0.6904831,26.064318,25.621277,0.44304085,16.043478,15.822911,0.22056675,29.88011,28.728212,1.1518974,35.29485,35.60844,0.313591,71.04451,72.14613,1.1016235,65.56598,62.83172,2.7342606,88.94681,102.89694,74.38953,90.675064,86.70012,98.52771,43.59617,53.349068,31.691345,38.18392,21.340088,24.617172,44.316757,48.73877,23.428946,27.813608,14.727275,16.918549,25.347183,32.10924,33.628883,37.587997,69.14518,75.14709,60.16339,65.500046
13pX7gY7asIuwkUe84q-h_Y4ih0x3AWA_elpNZmNBKg,7ff8178073432f29124593e07591b2f7,168.0,0,87.31368,89.2167,1.9030151,67.684814,76.29759,8.612778,93.661316,95.61617,1.9548569,47.091267,50.346153,3.2548866,31.347073,34.322163,2.97509,20.825943,22.320627,1.4946842,50.94427,48.245373,2.6988983,21.579315,23.284765,1.70545,14.785403,15.1435995,0.35819626,25.262388,26.252375,0.9899864,32.636288,32.3925,0.24378586,78.33565,77.3001,1.0355453,60.765606,59.799355,0.9662514,82.24163,96.191765,68.15482,84.44036,89.70238,101.52997,45.469704,55.222603,31.075874,37.56845,20.682085,23.95917,46.034367,50.45638,21.092434,25.477097,14.047963,16.239235,22.871346,29.633404,30.412945,34.37206,74.29915,80.301056,57.131027,62.46768
tSmlCyLORH6VB-Q3-KA93xMd9htfy-YeQytwIAsApCc,ee25713389c84ea9abb5dfbd978612ec,171.0,1,106.6331,104.79794,1.8351593,87.9334,92.586,4.6525955,101.92882,102.542,0.61318207,53.92462,53.465603,0.4590187,33.952003,35.939705,1.9877014,22.531778,23.949091,1.4173126,48.77054,50.779736,2.0091972,26.315552,27.25805,0.94249916,15.688556,17.018501,1.3299456,29.284626,31.381111,2.0964851,37.42226,36.768913,0.653347,78.21369,79.90491,1.6912155,64.3017,65.60579,1.3040924,97.822876,111.77301,84.44323,100.72877,96.628204,108.455795,48.589153,58.342052,32.693417,39.185993,22.310549,25.587633,48.56873,52.99074,25.06572,29.450382,15.922865,18.114138,28.000082,34.76214,34.789356,38.74847,76.90395,82.90586,62.93746,68.27412
tSmlCyLORH6VB-Q3-KA93xMd9htfy-YeQytwIAsApCc,603526a18085f32dda9764e91fdcfd33,171.0,1,106.6331,103.82983,2.803276,87.9334,91.25875,3.325348,101.92882,100.377525,1.5512924,53.92462,52.684742,1.2398796,33.952003,36.647575,2.695572,22.531778,24.304457,1.7726784,48.77054,50.283714,1.513176,26.315552,27.491295,1.1757431,15.688556,16.991144,1.3025885,29.284626,31.256771,1.9721451,37.42226,37.267696,0.1545639,78.21369,78.637505,0.42381287,64.3017,66.3074,2.0057068,96.85476,110.80489,83.11598,99.40152,94.46373,106.29132,47.808292,57.56119,33.401287,39.893864,22.665915,25.942999,48.07271,52.49472,25.298964,29.683626,15.895508,18.08678,27.875742,34.637802,35.28814,39.247253,75.63655,81.63846,63.639076,68.97573
tSmlCyLORH6VB-Q3-KA93xMd9htfy-YeQytwIAsApCc,9a9e00c1f63b92466a3cb0da66875909,171.0,1,106.6331,104.57313,2.0599747,87.9334,92.464966,4.531563,101.92882,103.02139,1.0925751,53.92462,54.840775,0.91615295,33.952003,38.08883,4.1368256,22.531778,24.722887,2.1911087,48.77054,49.889683,1.1191444,26.315552,27.819868,1.5043163,15.688556,17.15363,1.4650736,29.284626,31.894382,2.6097565,37.42226,37.230156,0.19210434,78.21369,78.17932,0.034370422,64.3017,66.68599,2.3842926,97.59806,111.548195,84.3222,100.607735,97.1076,108.93519,49.964325,59.717224,34.84254,41.335117,23.084345,26.36143,47.678677,52.10069,25.627537,30.0122,16.057993,18.249266,28.513353,35.275414,35.2506,39.209713,75.17837,81.180275,64.01766,69.35432
tSmlCyLORH6VB-Q3-KA93xMd9htfy-YeQytwIAsApCc,8ae20c3d694b86b424efcbf87f7c5799,171.0,1,106.6331,102.8329,3.8002014,87.9334,88.943634,1.010231,101.92882,98.78549,3.1433258,53.92462,52.438225,1.4863968,33.952003,37.20293,3.250927,22.531778,24.596066,2.0642872,48.77054,49.79938,1.0288429,26.315552,27.876657,1.5611057,15.688556,17.181904,1.4933481,29.284626,31.51689,2.2322636,37.42226,37.631058,0.20879745,78.21369,77.562355,0.65133667,64.3017,66.48448,2.182785,95.857834,109.80797,80.800865,97.0864,92.8717,104.69929,47.561775,57.314674,33.956642,40.44922,22.957523,26.234608,47.588375,52.010387,25.684326,30.068989,16.086267,18.27754,28.13586,34.89792,35.6515,39.610615,74.5614,80.56331,63.816154,69.15281
irp9xnYo9ZcKWpPaJUa56QEJ16_8WXAyFIWaB99KIqU,054214eeeb331fb3e11b00cb02e26b08,185.5,1,100.7151,105.42041,4.705307,89.80782,92.808426,3.0006027,99.28268,103.41971,4.1370316,54.84284,54.245823,0.5970154,36.807785,38.460354,1.6525688,25.447727,26.060028,0.6123009,52.421776,54.299072,1.8772964,28.22678,28.352613,0.12583351,18.32165,17.731596,0.59005356,31.830463,31.50893,0.3215332,37.60351,38.814995,1.211483,85.7291,85.55098,0.17812347,69.66937,71.76273,2.093361,98.44534,112.39548,84.66566,100.951195,97.50591,109.3335,49.369373,59.122272,35.214066,41.706642,24.421486,27.69857,52.088066,56.51008,26.160282,30.544945,16.63596,18.827232,28.127901,34.88996,36.835438,40.79455,82.550026,88.55193,69.094406,74.43106
irp9xnYo9ZcKWpPaJUa56QEJ16_8WXAyFIWaB99KIqU,785d3157943f0b91f292f8be995ba644,185.5,1,100.7151,104.910355,4.1952515,89.80782,92.53039,2.7225647,99.28268,103.44919,4.1665115,54.84284,54.091644,0.751194,36.807785,37.9887,1.1809158,25.447727,25.822926,0.37519836,52.421776,54.421703,1.9999275,28.22678,27.994295,0.23248482,18.32165,17.517887,0.80376244,31.830463,31.18018,0.6502838,37.60351,38.501244,0.8977318,85.7291,85.87865,0.14954376,69.66937,71.49406,1.8246841,97.93529,111.88542,84.38762,100.67316,97.53539,109.36298,49.215195,58.968094,34.742413,41.23499,24.184383,27.461468,52.210697,56.63271,25.801964,30.186626,16.42225,18.613523,27.79915,34.56121,36.521687,40.4808,82.87769,88.8796,68.82573,74.162384
Toz0icy6zg4N3sYsq5kQ4LbEARl-JPPctQSFRY8WgBw,98ba5923a998319776cd5cd10db9cdfd,177.75,1,103.84755,103.08582,0.7617264,97.67372,89.67799,7.9957275,103.5115,99.630646,3.8808517,53.28488,52.62611,0.6587715,33.80861,37.608864,3.8002548,23.367008,25.142868,1.7758598,50.53303,51.486435,0.9534035,25.411385,27.849615,2.4382305,16.60258,17.244326,0.6417465,30.021456,31.155807,1.1343517,37.06596,38.029278,0.9633179,79.31465,80.53455,1.219902,69.72053,68.763336,0.95719147,96.110756,110.06089,81.535225,97.82076,93.71685,105.54444,47.74966,57.50256,34.362576,40.855152,23.504326,26.78141,49.27543,53.69744,25.657284,30.041946,16.14869,18.339962,27.774778,34.536835,36.04972,40.008835,77.5336,83.53551,66.09501,71.43166
Toz0icy6zg4N3sYsq5kQ4LbEARl-JPPctQSFRY8WgBw,f995fd608b5be6fb001afe5e37fd46c5,177.75,1,103.84755,103.708984,0.13856506,97.67372,91.30128,6.372444,103.5115,101.48187,2.029625,53.28488,53.003216,0.2816658,33.80861,36.82271,3.0140991,23.367008,24.811111,1.4441032,50.53303,52.28196,1.7489281,25.411385,27.374334,1.9629498,16.60258,17.03117,0.42859077,30.021456,30.838993,0.8175373,37.06596,37.58413,0.5181694,79.31465,82.274345,2.959694,69.72053,68.59236,1.1281662,96.73392,110.68405,83.15851,99.444046,95.56808,107.39567,48.126766,57.879665,33.57642,40.068996,23.17257,26.449654,50.070953,54.492966,25.182003,29.566666,15.935534,18.126806,27.457964,34.220024,35.604572,39.563686,79.27339,85.2753,65.924034,71.26069
Toz0icy6zg4N3sYsq5kQ4LbEARl-JPPctQSFRY8WgBw,2ee5ea9937dcd88aa8a2e01acc09dde6,177.75,1,103.84755,103.97877,0.13121796,97.67372,92.21146,5.462265,103.5115,101.71712,1.7943802,53.28488,52.872627,0.41225433,33.80861,36.64912,2.8405113,23.367008,24.653961,1.286953,50.53303,52.168762,1.6357307,25.411385,27.281036,1.8696518,16.60258,16.948366,0.34578705,30.021456,30.782417,0.76096153,37.06596,37.50368,0.43772125,79.31465,82.059166,2.7445145,69.72053,68.51665,1.2038803,97.0037,110.953835,84.06869,100.354225,95.80332,107.63091,47.996178,57.749077,33.402832,39.89541,23.015419,26.292503,49.957756,54.37977,25.088705,29.473368,15.85273,18.044003,27.401388,34.163445,35.524124,39.48324,79.05821,85.06012,65.84832,71.184975
Toz0icy6zg4N3sYsq5kQ4LbEARl-JPPctQSFRY8WgBw,d7c5a4583c748fe4890f1f476e595f0e,177.75,1,103.84755,102.34603,1.5015182,97.67372,89.58845,8.085274,103.5115,100.04585,3.4656448,53.28488,52.418236,0.8666458,33.80861,36.794483,2.9858742,23.367008,24.694397,1.3273888,50.53303,51.59806,1.0650291,25.411385,27.216473,1.805088,16.60258,16.856936,0.25435638,30.021456,30.584536,0.56307983,37.06596,37.416527,0.35056686,79.31465,81.05906,1.7444077,69.72053,68.15759,1.5629349,95.370964,109.3211,81.44568,97.73122,94.13206,105.95965,47.541786,57.294685,33.548195,40.04077,23.055855,26.33294,49.387054,53.809067,25.024141,29.408804,15.761299,17.952572,27.203506,33.965565,35.43697,39.396084,78.058105,84.06001,65.489265,70.82592
W2fLwg08JPv_ss2ekmFaLRwOy2yWqg1Ktl6tf7Y7tHI,b719e1522dbd6c04d0575f5508f932f7,184.0,1,104.21069,101.68879,2.521904,84.31805,87.38987,3.0718231,102.15105,101.96403,0.18701935,56.978027,53.91267,3.0653572,36.368835,37.80545,1.436615,25.382683,25.732864,0.35018158,52.79551,54.204742,1.4092331,27.886364,27.66302,0.2233448,16.571371,17.422783,0.8514118,34.1557,30.847198,3.3085022,38.250755,38.003803,0.24695206,80.855156,85.64879,4.7936325,71.78725,70.39493,1.3923187,94.71372,108.66386,79.2471,95.53264,96.05023,107.87782,49.03622,58.78912,34.559162,41.05174,24.094322,27.371407,51.993736,56.41575,25.470688,29.85535,16.327147,18.51842,27.46617,34.228226,36.024246,39.98336,82.647835,88.64974,67.7266,73.063255
BFf4wYsA_fQ-YMPs6O0OdFYmwJu3yHbU7_VTRwuvf-0,fc78628ed34c26a8c3703767b69143ca,167.0,1,95.70614,99.162056,3.4559174,89.25455,86.66368,2.590866,97.97539,96.96743,1.0079575,54.033913,51.007088,3.026825,37.705807,35.938934,1.7668724,25.346346,23.496944,1.8494015,45.630085,47.923862,2.2937775,23.729801,26.212841,2.4830399,16.501783,16.128418,0.3733654,27.711363,29.700544,1.9891815,36.551067,35.967445,0.583622,70.963905,74.75277,3.7888641,67.12671,64.30089,2.825821,92.18699,106.13712,78.52091,94.80645,91.053635,102.881226,46.13064,55.883537,32.692646,39.185223,21.858402,25.135487,45.712856,50.13487,24.02051,28.405172,15.032782,17.224054,26.319515,33.081573,33.98789,37.947002,71.751816,77.75372,61.63256,66.969215
BFf4wYsA_fQ-YMPs6O0OdFYmwJu3yHbU7_VTRwuvf-0,719b88ccdd7cac6459775cfb25523128,167.0,1,95.70614,97.7991,2.0929642,89.25455,84.544014,4.710533,97.97539,96.27952,1.6958694,54.033913,50.905815,3.1280975,37.705807,36.0495,1.6563072,25.346346,23.52957,1.8167763,45.630085,47.71948,2.0893936,23.729801,26.17498,2.445179,16.501783,16.16367,0.33811378,27.711363,29.668713,1.9573498,36.551067,35.86701,0.68405914,70.963905,74.44956,3.4856567,67.12671,63.987022,3.1396866,90.824036,104.77417,76.401245,92.68678,90.36572,102.19331,46.029366,55.782265,32.80321,39.295788,21.891027,25.168112,45.508472,49.930485,23.982649,28.367311,15.068033,17.259306,26.287683,33.049744,33.88745,37.846565,71.44861,77.450516,61.318695,66.65535
1D-rS4ceivG5o5yI7oRT4XD61IjRxaI_SeFBoqHYems,bf3b8c2e6954ccf828678f15b3433178,169.5,0,93.39962,93.623116,0.22349548,78.13337,80.94909,2.8157196,100.67453,100.306274,0.36825562,54.663322,53.625843,1.0374794,38.561443,36.548992,2.0124512,23.080414,23.120155,0.039741516,49.12768,48.20607,0.9216118,24.29977,24.547672,0.24790192,16.740795,15.741394,0.9994011,28.41446,28.215937,0.19852257,34.207733,33.158104,1.0496292,77.6395,77.30866,0.33084106,62.634117,61.33813,1.2959862,86.64805,100.59818,72.80632,89.09186,94.39248,106.22007,48.749393,58.502293,33.302704,39.79528,21.481613,24.758698,45.995064,50.417076,22.355341,26.740004,14.645758,16.83703,24.834908,31.596966,31.178547,35.13766,74.30771,80.309616,58.669804,64.006454
wyzXYq1mCO53i8GE8uTF583tYOYGA7-eQOjJp1xBalI,16e7c165079281150e24626a7fff8620,174.0,1,100.942726,99.94751,0.99521637,91.09764,86.91556,4.182083,101.24492,99.31863,1.9262924,52.292145,52.476868,0.1847229,37.86064,36.87915,0.9814911,23.214607,24.48188,1.267273,51.23022,50.550198,0.6800232,26.128643,26.858322,0.7296791,16.842247,16.676435,0.16581154,29.890802,30.276482,0.38567924,37.424534,36.836624,0.5879097,79.49965,79.22024,0.27941132,65.05961,67.04626,1.9866486,92.97244,106.92258,78.77279,95.05833,93.40483,105.23242,47.600418,57.353317,33.632862,40.12544,22.843338,26.120422,48.33919,52.761204,24.66599,29.050653,15.580799,17.772072,26.895452,33.65751,34.857067,38.81618,76.219284,82.22119,64.37793,69.714584
wyzXYq1mCO53i8GE8uTF583tYOYGA7-eQOjJp1xBalI,01ba31dc23d1d3b10f5e5a0eec601a6b,174.0,1,100.942726,101.0723,0.12957764,91.09764,88.083336,3.014305,101.24492,99.797714,1.4472046,52.292145,53.226418,0.93427277,37.86064,37.924522,0.06388092,23.214607,24.795946,1.5813389,51.23022,49.91248,1.3177414,26.128643,27.335123,1.20648,16.842247,16.827744,0.014503479,29.890802,30.838743,0.9479408,37.424534,37.167137,0.2573967,79.49965,78.07036,1.4292908,65.05961,67.37722,2.3176117,94.09724,108.04737,79.94057,96.226105,93.88392,105.71151,48.349968,58.102867,34.678234,41.17081,23.157404,26.434488,47.701473,52.123486,25.142792,29.527454,15.732107,17.92338,27.457714,34.219772,35.18758,39.146694,75.069405,81.07131,64.70889,70.04555
m3-xxrOtkDHwzPWWmH0k2JhHuxoCvZySmVljoy4F8JI,fe4eadbec5840fd5801270d02ab65ab1,167.0,1,92.712036,89.7675,2.9445343,72.47812,75.159256,2.681137,90.04129,90.02931,0.011978149,47.216522,46.687027,0.52949524,33.38145,33.886074,0.5046234,23.293549,22.974035,0.31951332,50.332413,48.265812,2.0666008,25.84583,24.190704,1.6551266,15.552941,15.53503,0.017910957,27.572094,26.50702,1.065073,35.895603,34.596127,1.2994766,78.89398,75.36163,3.5323486,60.984848,62.688835,1.7039871,82.792435,96.74257,67.01649,83.302025,84.11552,95.94311,41.810577,51.563477,30.639786,37.132362,21.335493,24.612577,46.054806,50.476818,21.998373,26.383036,14.439394,16.630667,23.125992,29.88805,32.61657,36.575684,72.36068,78.36259,60.020508,65.35716
m3-xxrOtkDHwzPWWmH0k2JhHuxoCvZySmVljoy4F8JI,e617bdfd19179f94fcb9df20b50c8920,167.0,1,92.712036,88.18253,4.529503,72.47812,73.81157,1.3334503,90.04129,89.59691,0.4443817,47.216522,46.559105,0.6574173,33.38145,34.269585,0.888134,23.293549,23.099018,0.19453049,50.332413,47.85783,2.4745827,25.84583,23.92974,1.91609,15.552941,15.430746,0.122195244,27.572094,26.105156,1.466938,35.895603,34.461376,1.434227,78.89398,74.686745,4.2072372,60.984848,62.969723,1.9848747,81.207466,95.1576,65.6688,81.95434,83.68311,95.510704,41.682655,51.435555,31.023296,37.515873,21.460476,24.73756,45.646824,50.068836,21.73741,26.122072,14.33511,16.526382,22.724127,29.486185,32.48182,36.440933,71.68579,77.6877,60.301395,65.63805
ytf4AiJs29Zl0YhmcryHTenc9awbx5rimRO5Xixg4Po,637301ab75ac2156c12d4a7f4d668c2a,165.85,1,87.93465,88.02516,0.09051514,74.29235,73.05267,1.2396774,91.24953,89.15468,2.0948486,48.10888,46.87891,1.229969,35.682743,34.920624,0.7621193,23.345274,23.256166,0.08910751,47.850773,47.04973,0.80104446,23.993881,24.30158,0.3076992,15.564586,15.644454,0.07986832,26.22203,26.499063,0.27703285,35.10812,34.548527,0.5595932,73.630394,73.2465,0.38389587,63.09986,62.727913,0.37194824,81.050095,95.00023,64.909904,81.19544,83.24088,95.068474,42.00246,51.75536,31.674335,38.166912,21.617624,24.894709,44.838722,49.260735,22.10925,26.493912,14.548818,16.74009,23.118034,29.880093,32.56897,36.528084,70.245544,76.24745,60.059586,65.39624
ytf4AiJs29Zl0YhmcryHTenc9awbx5rimRO5Xixg4Po,0273bdca946df4eafa1977f1370384fa,165.85,1,87.93465,90.38574,2.4510956,74.29235,76.075165,1.782814,91.24953,91.06119,0.18833923,48.10888,47.65711,0.45177078,35.682743,34.631443,1.0513,23.345274,23.07145,0.2738247,47.850773,47.593704,0.25706863,23.993881,24.584179,0.5902977,15.564586,15.7458,0.18121433,26.22203,27.083954,0.8619232,35.10812,34.62898,0.47914124,73.630394,74.256386,0.6259918,63.09986,62.72303,0.37683105,83.410675,97.36081,67.932396,84.21793,85.14739,96.97498,42.78066,52.533558,31.385155,37.87773,21.432907,24.709991,45.382698,49.80471,22.391848,26.77651,14.650164,16.841436,23.702925,30.464983,32.64942,36.608536,71.25543,77.25734,60.054703,65.39136
91hkFkRlHkbUc_v76OqSfOTGr0WAGZc4nJqeGTs3GOs,f0f429d7fa2611036792c05305deb273,166.75,1,106.712265,100.40276,6.3095016,94.47605,87.07748,7.398575,99.2525,96.992004,2.260498,50.933964,50.162262,0.7717018,34.1876,34.152058,0.035541534,23.270811,23.054907,0.21590424,48.746788,49.590355,0.8435669,26.609737,26.238531,0.37120628,16.364418,16.508833,0.1444149,29.508884,29.812449,0.30356407,35.204388,35.909748,0.7053604,77.01205,77.709076,0.6970291,65.686714,63.30923,2.3774834,93.4277,107.37783,78.93471,95.220245,91.07821,102.9058,45.285812,55.03871,30.90577,37.398346,21.416365,24.693449,47.37935,51.80136,24.0462,28.430862,15.413197,17.60447,26.43142,33.193478,33.93019,37.889305,74.70812,80.71003,60.640903,65.977554
91hkFkRlHkbUc_v76OqSfOTGr0WAGZc4nJqeGTs3GOs,88aa5ef1d7e33ee7a2e287e1840e9dfe,166.75,1,106.712265,106.569786,0.14247894,94.47605,95.26011,0.7840576,99.2525,101.68088,2.4283752,50.933964,53.126476,2.1925125,34.1876,37.024513,2.836914,23.270811,23.986425,0.7156143,48.746788,48.32084,0.4259491,26.609737,27.631243,1.0215054,16.364418,17.05981,0.6953926,29.508884,31.757113,2.248228,35.204388,37.004898,1.8005104,77.01205,75.390976,1.6210709,65.686714,64.87846,0.8082504,99.59472,113.54485,87.11734,103.40288,95.76708,107.59467,48.250027,58.002926,33.778225,40.2708,22.347883,25.624968,46.109833,50.531845,25.438911,29.823574,15.964174,18.155447,28.376083,35.13814,35.02534,38.984455,72.39002,78.39193,62.210136,67.54679
BcfLjoZiAgGyAvozpMYCkbXsM37U12f0bmXpYN3dp58,4557b31afa4c798e206373680a5cf485,164.0,1,97.44533,100.20464,2.7593155,86.792885,86.804344,0.011459351,95.08493,95.16902,0.08409119,48.956593,50.130283,1.1736908,36.17374,35.92347,0.25027084,23.666986,23.487295,0.17969131,49.155033,47.070168,2.0848656,26.927828,26.693192,0.2346363,16.726568,16.36526,0.36130905,28.648071,30.16035,1.5122795,36.907524,36.43237,0.47515488,73.9849,72.94328,1.0416183,64.03848,63.478985,0.55949783,93.229576,107.17971,78.661575,94.94711,89.255226,101.08282,45.253834,55.006733,32.67718,39.169758,21.848753,25.125837,44.85916,49.281174,24.50086,28.885523,15.269623,17.460896,26.779322,33.54138,34.452812,38.411926,69.94233,75.94424,60.810658,66.14731
BcfLjoZiAgGyAvozpMYCkbXsM37U12f0bmXpYN3dp58,6697197be7684e6184649ebdcd8bb25b,164.0,1,97.44533,98.4595,1.0141754,86.792885,85.00197,1.7909164,95.08493,94.65309,0.431839,48.956593,49.794487,0.83789444,36.17374,35.403103,0.7706375,23.666986,23.235949,0.4310379,49.155033,47.10161,2.0534248,26.927828,26.22129,0.70653725,16.726568,16.143106,0.58346176,28.648071,29.617485,0.96941376,36.907524,35.968616,0.9389076,73.9849,73.13891,0.84599304,64.03848,63.024677,1.0138054,91.484436,105.43457,76.8592,93.14474,88.739296,100.56689,44.918037,54.670937,32.156815,38.64939,21.597406,24.87449,44.890602,49.312614,24.02896,28.413622,15.04747,17.238743,26.236456,32.998512,33.98906,37.948174,70.137955,76.13986,60.35635,65.69301
X9PXsR-6P0aJrApLb5U99rVuj-a7ZEg3cT4_ZsPdjhY,613f6fbfdb056f723d1fca22a799bc6f,180.5,1,105.93087,105.16468,0.7661896,98.01014,93.29419,4.71595,102.84925,102.25947,0.5897827,49.78101,52.587467,2.8064575,32.116405,35.775787,3.6593819,22.782787,24.561604,1.7788162,55.888603,53.651333,2.2372704,25.103533,27.302671,2.1991386,15.584636,17.150692,1.5660563,28.255617,30.72025,2.464632,36.558773,37.63776,1.0789871,85.87894,84.72449,1.1544495,69.98948,68.69739,1.2920914,98.18961,112.13975,85.15142,101.43696,96.34567,108.17326,47.711018,57.463917,32.5295,39.022076,22.923061,26.200146,51.440327,55.86234,25.11034,29.495003,16.055056,18.246328,27.33922,34.10128,35.658203,39.617317,81.72353,87.72544,66.02906,71.365715
X9PXsR-6P0aJrApLb5U99rVuj-a7ZEg3cT4_ZsPdjhY,34d5790c1d6faedd02c4737e7d89280c,180.5,1,105.93087,108.85449,2.9236221,98.01014,99.03168,1.0215378,102.84925,105.27278,2.4235306,49.78101,54.055332,4.2743225,32.116405,36.96111,4.8447037,22.782787,24.82122,2.038433,55.888603,52.946995,2.9416084,25.103533,27.8726,2.7690678,15.584636,17.465012,1.8803759,28.255617,31.583036,3.3274193,36.558773,37.96894,1.4101677,85.87894,83.52142,2.3575134,69.98948,69.27382,0.7156601,101.879425,115.82956,90.88891,107.174446,99.358986,111.18658,49.178883,58.93178,33.71482,40.207397,23.182678,26.459763,50.73599,55.158,25.68027,30.064932,16.369375,18.560648,28.202007,34.964066,35.989384,39.948498,80.52047,86.52238,66.60549,71.94215
w0478BRgZeaZDHTp1jKrUoDgcAfnjTpVDHhWvxJHWIc,707ddcd57dca8f487811528407d8633d,178.5,1,100.04826,106.47705,6.428787,90.219604,95.22413,5.004524,100.9064,103.98417,3.0777664,54.4089,54.306015,0.1028862,37.958637,38.219887,0.26124954,24.622005,25.372618,0.75061226,49.520947,52.373146,2.8521996,27.87879,28.121397,0.24260712,17.47263,17.558279,0.08564949,31.320913,31.647694,0.32678032,38.386776,38.139225,0.24755096,79.25383,82.25234,2.9985123,68.14341,69.79163,1.6482239,99.50198,113.45212,87.08136,103.3669,98.07037,109.897964,49.429565,59.182465,34.9736,41.466175,23.734076,27.01116,50.16214,54.584152,25.929066,30.313728,16.462643,18.653915,28.266665,35.028725,36.159668,40.118782,79.25139,85.253296,67.12331,72.45996
w0478BRgZeaZDHTp1jKrUoDgcAfnjTpVDHhWvxJHWIc,dff442f0b27d2b06f20c16c572268f2d,178.5,1,100.04826,101.4984,1.4501343,90.219604,87.36533,2.854271,100.9064,100.60478,0.30162048,54.4089,53.816727,0.59217453,37.958637,38.604942,0.6463051,24.622005,25.560093,0.93808746,49.520947,51.725407,2.2044601,27.87879,27.923307,0.044517517,17.47263,17.398182,0.07444763,31.320913,31.267216,0.053697586,38.386776,37.84827,0.53850555,79.25383,81.127525,1.8736954,68.14341,69.056435,0.9130249,94.52333,108.473465,79.222565,95.5081,94.69099,106.51858,48.940277,58.693176,35.358654,41.85123,23.92155,27.198635,49.5144,53.936413,25.730976,30.115639,16.302546,18.493818,27.886187,34.648247,35.868713,39.827827,78.12657,84.12848,66.38811,71.72476
rK2atJFxHpSGXjwbvuYsSDsE9FuZYBY1-pTFM4NfxIE,cac5c1395d6f5d50721e196d8e65eb57,182.5,1,98.62847,104.18954,5.5610657,83.82187,90.85722,7.0353546,98.53705,102.72795,4.1909027,54.050655,54.397877,0.34722137,40.166847,38.68381,1.483036,24.946321,25.946072,0.99975014,53.42181,53.36834,0.05347061,29.523619,28.298527,1.2250919,17.754908,17.705156,0.04975128,31.078215,31.575577,0.49736214,38.162647,38.506607,0.3439598,82.522575,83.86865,1.346077,69.66739,70.937164,1.2697754,97.21447,111.164604,82.714455,98.99999,96.814156,108.64175,49.521427,59.274326,35.437523,41.9301,24.30753,27.584614,51.157333,55.579346,26.106195,30.490858,16.60952,18.800793,28.194548,34.956604,36.52705,40.486164,80.8677,86.869606,68.26884,73.60549
V_0sGaklZkDdzIbLXXah4By9WGnaX1cyo3uSLJjvl1I,d4257dfa5677dca9a50b64e596818da2,173.75,1,101.50029,102.0898,0.58950806,87.655365,88.687675,1.0323105,101.21452,98.86411,2.3504105,53.284138,52.748703,0.5354347,37.121056,37.941532,0.82047653,24.744888,24.895658,0.15077019,49.754547,49.779335,0.024787903,26.60078,27.70561,1.1048298,16.520947,16.94708,0.4261341,31.54669,31.184654,0.36203575,34.929077,37.61363,2.6845512,76.971306,77.63144,0.66013336,66.823494,67.385765,0.5622711,95.11473,109.064865,80.54491,96.830444,92.95032,104.77791,47.872253,57.625153,34.695244,41.18782,23.257116,26.5342,47.56833,51.99034,25.513279,29.897942,15.851444,18.042717,27.803625,34.56568,35.63407,39.593185,74.630486,80.63239,64.71744,70.05409
V_0sGaklZkDdzIbLXXah4By9WGnaX1cyo3uSLJjvl1I,e9a8ccfbfb547bcd361852184d7fb81a,173.75,1,101.50029,103.70618,2.2058868,87.655365,90.37954,2.7241745,101.21452,100.99665,0.21787262,53.284138,53.452946,0.16880798,37.121056,37.0479,0.07315445,24.744888,24.65672,0.0881691,49.754547,51.029716,1.2751694,26.60078,27.800938,1.2001572,16.520947,17.107729,0.58678246,31.54669,31.666594,0.119903564,34.929077,37.58815,2.6590729,76.971306,79.988045,3.016739,66.823494,67.131744,0.30825043,96.73111,110.681244,82.23677,98.52231,95.082855,106.910446,48.576496,58.329395,33.801613,40.29419,23.018177,26.295261,48.81871,53.240723,25.608606,29.993269,16.012093,18.203365,28.285564,35.047623,35.608593,39.567707,76.98709,82.989,64.46342,69.80007
V_0sGaklZkDdzIbLXXah4By9WGnaX1cyo3uSLJjvl1I,81d353838c18d564b0f5e21bf56b55e6,173.75,1,101.50029,102.84344,1.3431473,87.655365,88.9837,1.3283386,101.21452,100.47457,0.7399521,53.284138,53.49159,0.20745087,37.121056,37.581123,0.46006775,24.744888,24.919552,0.17466354,49.754547,50.94403,1.1894836,26.60078,27.9659,1.3651199,16.520947,17.261585,0.74063873,31.54669,31.686487,0.13979721,34.929077,37.711506,2.7824287,76.971306,79.70562,2.734314,66.823494,67.430954,0.60746,95.86837,109.818504,80.840935,97.12647,94.560776,106.38837,48.61514,58.36804,34.334835,40.82741,23.28101,26.558094,48.733025,53.155037,25.77357,30.158232,16.165949,18.357222,28.305458,35.067516,35.73195,39.691063,76.704666,82.70657,64.76263,70.09928
i3SvfU4QENc_5cPFWOb7r5iNEumdNOYuj28e-Qw4J54,2a1ba63b422dc9323c34d1fafdd8595f,169.0,1,98.95431,100.81306,1.8587494,85.77534,87.65482,1.8794861,95.30017,96.72175,1.4215775,50.08511,50.67129,0.58618164,36.94941,36.149246,0.80016327,24.603981,23.907276,0.69670486,48.86955,48.78149,0.08805847,26.863821,26.907507,0.043685913,16.381243,16.639326,0.25808334,30.571018,30.280212,0.29080582,36.768044,36.837967,0.0699234,74.68316,75.88003,1.1968689,66.64412,65.43176,1.2123566,93.83799,107.788124,79.512054,95.79759,90.80795,102.635544,45.79484,55.54774,32.902958,39.395535,22.268734,25.545818,46.570484,50.992496,24.715176,29.099838,15.54369,17.734962,26.899183,33.66124,34.85841,38.817524,72.879074,78.88098,62.763435,68.10009
i3SvfU4QENc_5cPFWOb7r5iNEumdNOYuj28e-Qw4J54,1b8a56e1f79ef90b33a711825ba448d8,169.0,1,98.95431,102.272354,3.3180466,85.77534,90.3318,4.556465,95.30017,97.90103,2.6008606,50.08511,50.884495,0.7993851,36.94941,36.176308,0.7731018,24.603981,23.829391,0.77458954,48.86955,48.8656,0.0039482117,26.863821,26.764687,0.099134445,16.381243,16.558771,0.17752838,30.571018,30.180742,0.39027596,36.768044,36.685783,0.08226013,74.68316,76.200356,1.5171967,66.64412,65.429016,1.2151031,95.29729,109.24742,82.18903,98.47457,91.987236,103.81483,46.008045,55.760944,32.93002,39.422596,22.19085,25.467934,46.654594,51.076607,24.572355,28.957018,15.463135,17.654408,26.799713,33.56177,34.706226,38.66534,73.1994,79.20131,62.76069,68.09734
i3SvfU4QENc_5cPFWOb7r5iNEumdNOYuj28e-Qw4J54,140093bd7fb286bc5c4a3058fd7a1b9d,169.0,1,98.95431,100.08802,1.1337128,85.77534,86.93519,1.1598511,95.30017,96.67261,1.3724365,50.08511,51.185646,1.1005363,36.94941,36.853634,0.095775604,24.603981,24.050066,0.553915,48.86955,48.09916,0.77038956,26.863821,26.879618,0.015796661,16.381243,16.467524,0.08628082,30.571018,30.26728,0.30373764,36.768044,36.74679,0.021251678,74.68316,74.75521,0.072052,66.64412,65.42749,1.216629,93.11295,107.06309,78.79242,95.07796,90.75881,102.5864,46.309196,56.062096,33.607346,40.099922,22.411524,25.688608,45.888153,50.310165,24.687286,29.071949,15.371887,17.56316,26.886251,33.648308,34.767235,38.72635,71.75426,77.756165,62.759163,68.09582
i3SvfU4QENc_5cPFWOb7r5iNEumdNOYuj28e-Qw4J54,66fbbc3b02e3d91d4cf235a614e0399e,169.0,1,98.95431,101.43306,2.4787521,85.77534,89.00169,3.2263565,95.30017,98.1762,2.87603,50.08511,51.827927,1.7428169,36.94941,36.918972,0.03043747,24.603981,24.039152,0.5648289,48.86955,48.371937,0.497612,26.863821,26.950775,0.08695412,16.381243,16.52453,0.14328766,30.571018,30.493702,0.077316284,36.768044,36.700535,0.0675087,74.68316,75.36408,0.68092346,66.64412,65.481224,1.1628952,94.45799,108.40813,80.858925,97.14446,92.262405,104.09,46.951477,56.704376,33.672684,40.16526,22.40061,25.677694,46.16093,50.582943,24.758444,29.143106,15.428894,17.620167,27.112673,33.874733,34.720978,38.68009,72.36313,78.365036,62.812897,68.14955
i3SvfU4QENc_5cPFWOb7r5iNEumdNOYuj28e-Qw4J54,967eeb9910e6a0a512bf82446bf5fda7,169.0,1,98.95431,103.04226,4.0879517,85.77534,90.58552,4.8101807,95.30017,97.73888,2.4387054,50.08511,51.305573,1.2204628,36.94941,36.669224,0.2801857,24.603981,24.000555,0.603426,48.86955,48.279175,0.590374,26.863821,27.267178,0.40335655,16.381243,16.662184,0.280941,30.571018,30.839987,0.26896858,36.768044,37.12691,0.35886765,74.68316,75.058426,0.37526703,66.64412,65.47023,1.1738892,96.06719,110.01733,82.44275,98.72829,91.82508,103.65267,46.429123,56.182022,33.422935,39.915512,22.362013,25.639097,46.06817,50.49018,25.074846,29.459509,15.566547,17.75782,27.458958,34.221016,35.147354,39.10647,72.05747,78.05938,62.801903,68.13856
i3SvfU4QENc_5cPFWOb7r5iNEumdNOYuj28e-Qw4J54,483b00ba7658928ef2ae6be39e356a50,169.0,1,98.95431,100.93741,1.9831009,85.77534,87.4602,1.6848602,95.30017,96.64313,1.3429565,50.08511,51.03907,0.9539604,36.94941,36.516518,0.43289185,24.603981,24.006872,0.59710884,48.86955,48.48749,0.3820572,26.863821,27.073145,0.20932388,16.381243,16.611372,0.23012924,30.571018,30.5564,0.01461792,36.768044,36.92378,0.15573502,74.68316,75.43744,0.7542801,66.64412,65.204,1.4401169,93.96234,107.912476,79.31743,95.60297,90.72933,102.55692,46.16262,55.91552,33.27023,39.762806,22.36833,25.645414,46.276485,50.698498,24.880814,29.265476,15.515736,17.707008,27.175371,33.93743,34.94422,38.903336,72.436485,78.43839,62.535675,67.87233
wrDOCu7G07S5kJa1UNP7ol5UvBk_emF2JM7U3KQNJjc,c06ba4f679529f6fb35612e18cf1963f,184.0,1,101.531555,102.21738,0.68582153,92.00662,87.402954,4.603668,103.925514,100.87504,3.050476,54.152935,53.72711,0.4258232,36.524284,38.663708,2.1394234,25.483688,26.110573,0.62688446,53.24273,53.65448,0.4117508,28.183619,28.170074,0.013544083,16.702215,17.601608,0.8993931,30.787987,31.242348,0.45436096,37.857777,38.479794,0.6220169,85.457184,84.53865,0.9185333,68.76923,70.595215,1.8259811,95.24231,109.192444,79.260185,95.54572,94.96124,106.78883,48.850662,58.60356,35.41742,41.909996,24.47203,27.749115,51.443474,55.865486,25.977743,30.362406,16.505972,18.697245,27.861319,34.623375,36.500237,40.45935,81.5377,87.539604,67.92689,73.26354
wrDOCu7G07S5kJa1UNP7ol5UvBk_emF2JM7U3KQNJjc,98158e4ec354fabe7c86290202e12f68,184.0,1,101.531555,100.20464,1.3269119,92.00662,84.94963,7.0569916,103.925514,99.812454,4.11306,54.152935,52.522175,1.6307602,36.524284,37.301174,0.7768898,25.483688,25.814655,0.33096695,53.24273,54.660675,1.4179459,28.183619,27.360138,0.8234806,16.702215,17.340532,0.6383171,30.787987,30.20188,0.58610725,37.857777,38.132523,0.27474594,85.457184,86.299225,0.842041,68.76923,70.68803,1.9187927,93.229576,107.17971,76.80686,93.0924,93.89866,105.72625,47.645725,57.398624,34.054886,40.547462,24.176113,27.453197,52.44967,56.87168,25.167807,29.55247,16.244896,18.436169,26.82085,33.58291,36.152966,40.11208,83.29827,89.30018,68.0197,73.35635
wrDOCu7G07S5kJa1UNP7ol5UvBk_emF2JM7U3KQNJjc,8c34173bf7e20a05cd97f481dbd0e15b,184.0,1,101.531555,105.92906,4.3975067,92.00662,93.562416,1.5557938,103.925514,103.769196,0.15631866,54.152935,53.950478,0.20245743,36.524284,37.20293,0.6786461,25.483688,25.418568,0.0651207,53.24273,54.399693,1.1569633,28.183619,28.024042,0.15957642,16.702215,17.570763,0.86854744,30.787987,31.428856,0.64086914,37.857777,38.400684,0.5429077,85.457184,85.868866,0.41168213,68.76923,70.59033,1.8210983,98.953995,112.90413,85.41965,101.705185,97.8554,109.68299,49.074028,58.826927,33.956642,40.44922,23.780025,27.05711,52.188686,56.6107,25.83171,30.216373,16.475126,18.666399,28.047827,34.809883,36.421127,40.38024,82.86791,88.86982,67.922005,73.25866
wrDOCu7G07S5kJa1UNP7ol5UvBk_emF2JM7U3KQNJjc,418013914824a668c8cf7d66587151c4,184.0,1,101.531555,104.626526,3.0949707,92.00662,91.85409,0.15253448,103.925514,102.92858,0.996933,54.152935,53.902008,0.25092697,36.524284,37.78805,1.2637672,25.483688,25.705296,0.22160721,53.24273,54.141857,0.89912796,28.183619,28.024042,0.15957642,16.702215,17.503933,0.80171776,30.787987,31.251799,0.46381187,37.857777,38.45834,0.60056305,85.457184,85.36514,0.092041016,68.76923,70.99578,2.2265472,97.65146,111.60159,83.71132,99.99686,97.014786,108.84238,49.02556,58.778458,34.541763,41.03434,24.066753,27.343838,51.93085,56.352863,25.83171,30.216373,16.408297,18.59957,27.87077,34.632828,36.478783,40.437897,82.36419,88.3661,68.32745,73.66411
wrDOCu7G07S5kJa1UNP7ol5UvBk_emF2JM7U3KQNJjc,df4f61e8555971579a3dc08ca84b639e,184.0,1,101.531555,104.550644,3.0190887,92.00662,91.74614,0.2604828,103.925514,103.9854,0.059883118,54.152935,54.599922,0.44698715,36.524284,37.80429,1.2800064,25.483688,25.697943,0.21425438,53.24273,54.383972,1.141243,28.183619,27.937504,0.24611473,16.702215,17.482635,0.7804203,30.787987,31.305511,0.5175247,37.857777,38.265263,0.40748596,85.457184,85.99113,0.5339432,68.76923,70.81016,2.040924,97.57558,111.52571,83.60337,99.88891,98.0716,109.89919,49.723473,59.47637,34.558002,41.05058,24.0594,27.336485,52.172966,56.59498,25.745173,30.129835,16.387,18.578272,27.924482,34.68654,36.285706,40.24482,82.99017,88.99208,68.14183,73.478485
wrDOCu7G07S5kJa1UNP7ol5UvBk_emF2JM7U3KQNJjc,a4aaa5131bd7c19cb6c49f5450d612bc,184.0,1,101.531555,101.72146,0.18990326,92.00662,87.65155,4.355072,103.925514,101.08387,2.8416443,54.152935,52.96391,1.1890259,36.524284,37.00325,0.47896576,25.483688,25.470032,0.013656616,53.24273,54.45944,1.2167091,28.183619,27.356081,0.82753754,16.702215,17.22156,0.51934433,30.787987,30.430538,0.35744858,37.857777,37.94883,0.09105301,85.457184,86.11828,0.66109467,68.76923,70.24838,1.4791489,94.74639,108.696526,79.50878,95.79432,95.170074,106.997665,48.08746,57.84036,33.75696,40.24954,23.83149,27.108574,52.248432,56.670444,25.16375,29.548412,16.125923,18.317196,27.04951,33.81157,35.969273,39.928387,83.117325,89.11923,67.580055,72.91671
wrDOCu7G07S5kJa1UNP7ol5UvBk_emF2JM7U3KQNJjc,0dc528625358e346f87979bd8d343757,184.0,1,101.531555,103.88603,2.354477,92.00662,91.86308,0.14353943,103.925514,102.85203,1.0734863,54.152935,53.29038,0.86255646,36.524284,36.97348,0.44919586,25.483688,25.29818,0.18550873,53.24273,54.321083,1.0783539,28.183619,27.299292,0.88432693,16.702215,17.18631,0.48409462,30.787987,30.421461,0.36652565,37.857777,37.905926,0.04814911,85.457184,85.91288,0.4556961,68.76923,70.44866,1.6794281,96.910965,110.8611,83.720314,100.00585,96.93823,108.76582,48.41393,58.16683,33.727192,40.21977,23.659637,26.936722,52.110077,56.53209,25.10696,29.491623,16.090673,18.281946,27.040432,33.80249,35.92637,39.885483,82.91193,88.91383,67.780334,73.11699
-QVnfQ26qAbPK2NBge_b9gErXDn4CdOYWdc4fILEjjQ,dff3637a8300a43b463a162f2171bf0e,158.3,0,89.473976,86.84487,2.6291046,77.15233,74.151764,3.0005646,94.8722,93.53768,1.3345184,51.796165,50.058327,1.7378387,35.65148,35.143307,0.5081749,22.110947,21.90708,0.20386696,42.741238,44.438328,1.6970901,23.593948,22.998112,0.59583664,15.868992,14.802841,1.0661507,27.424707,26.02558,1.399128,31.470802,31.660418,0.18961525,70.5487,70.60563,0.056930542,58.753235,57.54248,1.2107544,79.869804,93.81994,66.008995,82.29453,87.623886,99.45148,45.181877,54.934776,31.897018,38.389595,20.268538,23.545622,42.22732,46.649334,20.80578,25.190443,13.707205,15.898478,22.64455,29.406609,29.68086,33.639977,67.604675,73.60658,54.874153,60.210808
o9nOvUoHnwP2VDsgiu6eWZT9-w2k3xcdrXzS_3USI6c,a70a3356764485b50ac9f27e7d344cc8,179.5,1,102.65789,101.014694,1.6431961,85.886406,87.35879,1.4723816,101.013054,101.16371,0.15065765,52.773056,54.425358,1.6523018,38.407738,38.964485,0.55674744,24.753172,25.623505,0.8703327,51.94393,51.379524,0.56440735,26.934702,27.804995,0.87029266,16.775236,17.18227,0.40703392,31.70391,31.154814,0.54909706,38.53317,37.710167,0.82300186,78.17111,80.60547,2.4343567,70.57102,69.198105,1.3729172,94.03963,107.98976,79.21602,95.50156,95.249916,107.07751,49.54891,59.301807,35.718197,42.210773,23.984962,27.262047,49.168518,53.59053,25.612663,29.997326,16.086634,18.277906,27.773785,34.535843,35.73061,39.689724,77.604515,83.60642,66.52978,71.86643
o9nOvUoHnwP2VDsgiu6eWZT9-w2k3xcdrXzS_3USI6c,5e6b16ae4efccbe326b14cd2704425d4,179.5,1,102.65789,105.06913,2.4112396,85.886406,92.85095,6.964546,101.013054,103.070145,2.0570908,52.773056,54.195736,1.4226799,38.407738,37.91679,0.49094772,24.753172,25.272448,0.51927567,51.94393,52.42031,0.4763794,26.934702,27.95373,1.0190277,16.775236,17.388268,0.6130314,31.70391,31.484064,0.21984673,38.53317,37.98101,0.55215836,78.17111,82.44307,4.2719574,70.57102,69.49853,1.0724945,98.09406,112.0442,84.70818,100.99372,97.15635,108.98394,49.319286,59.072186,34.6705,41.16308,23.633905,26.91099,50.209305,54.631317,25.761398,30.14606,16.292631,18.483904,28.103035,34.865093,36.001453,39.960567,79.442116,85.44402,66.8302,72.166855
FwKn-jm3nCeeL0h6WpYdyUgAQd9jn1r7V1DlVSacAFQ,67a787b86f62c92e8a90ae07670a61d6,159.6,0,94.01924,96.801476,2.7822342,80.23254,83.17343,2.940895,92.55611,97.957535,5.401428,48.83685,51.77862,2.9417725,37.488953,34.67629,2.812664,23.140886,22.127638,1.0132484,47.6834,46.25892,1.4244804,24.418983,24.8181,0.39911652,16.65529,15.77591,0.8793802,27.363503,28.902288,1.5387859,32.033848,33.19833,1.1644821,74.64803,73.53259,1.1154404,58.941853,58.01144,0.9304123,89.82641,103.77654,75.03066,91.3162,92.04374,103.87133,46.902172,56.65507,31.43,37.922577,20.489096,23.76618,44.047913,48.469925,22.625769,27.010431,14.680274,16.871548,25.52126,32.283318,31.218773,35.177887,70.53164,76.53355,55.343113,60.679768
TLI5z5j7y9XIr6a-acw6-gcpuKN6bHj9IOq0Z4CdvN0,39e53280407bbb0f2d4ed5c55c539ea7,167.0,0,97.998474,93.16224,4.836235,82.23104,80.8575,1.3735428,100.763405,99.13437,1.629036,49.894756,52.500854,2.6060982,33.565586,35.087635,1.522049,22.793873,22.369335,0.42453766,47.306778,47.688034,0.3812561,24.958622,23.983826,0.9747963,15.973859,15.3529005,0.6209583,25.841995,27.706644,1.8646488,31.436447,32.628483,1.1920357,77.67524,76.48034,1.1949005,61.042263,59.823776,1.2184868,86.18717,100.13731,72.71473,89.00027,93.22057,105.048164,47.624405,57.377304,31.841347,38.333923,20.730793,24.007877,45.477028,49.89904,21.791494,26.176157,14.257264,16.448536,24.325615,31.087673,30.648926,34.60804,73.479385,79.48129,57.15545,62.492104
TLI5z5j7y9XIr6a-acw6-gcpuKN6bHj9IOq0Z4CdvN0,710d138752c3e2deebeac40b7609b5f5,167.0,0,97.998474,89.25042,8.7480545,82.23104,76.87331,5.3577347,100.763405,94.82998,5.933426,49.894756,49.357414,0.5373421,33.565586,33.62009,0.054504395,22.793873,21.973248,0.8206253,47.306778,48.156548,0.8497696,24.958622,22.887234,2.0713882,15.973859,14.946782,1.0270767,25.841995,25.655548,0.18644714,31.436447,32.132385,0.6959381,77.67524,77.28238,0.3928604,61.042263,59.403667,1.6385956,82.27535,96.22549,68.73054,85.016075,88.91618,100.743774,44.480965,54.233864,30.373802,36.86638,20.334705,23.61179,45.94554,50.367554,20.694902,25.079565,13.851146,16.04242,22.274519,29.036577,30.152828,34.111942,74.281425,80.28333,56.73534,62.071995
lIMBdxq-hL2x3khzzweWS3Utwae_OMRtc6VCQFBZzok,826cefa32b40fd8a862045fc4216456c,174.5,1,98.98477,93.16786,5.81691,79.904236,78.221,1.6832352,96.34336,93.635956,2.707405,53.87956,49.109566,4.769993,38.453583,36.04486,2.408722,24.957159,24.530586,0.4265728,49.82933,50.711346,0.8820152,27.054688,25.59288,1.4618073,17.558033,16.328907,1.229126,31.765083,27.983173,3.78191,36.949406,36.31371,0.6356964,79.50123,79.35656,0.14466858,64.30718,67.015724,2.7085419,86.192795,100.14293,70.07823,86.36377,87.72216,99.54975,44.233116,53.986015,32.798573,39.29115,22.892044,26.169128,48.50034,52.92235,23.400549,27.785212,15.233271,17.424543,24.602144,31.364202,34.334152,38.293266,76.355606,82.35751,64.3474,69.68405
lIMBdxq-hL2x3khzzweWS3Utwae_OMRtc6VCQFBZzok,9df089dd0b612c64a7390cb7455c5ce3,174.5,1,98.98477,98.48198,0.50279236,79.904236,84.05008,4.1458435,96.34336,97.188545,0.8451843,53.87956,51.58274,2.2968178,38.453583,36.77786,1.675724,24.957159,24.610538,0.34662056,49.82933,50.69877,0.8694382,27.054688,26.87928,0.17540741,17.558033,16.72985,0.8281822,31.765083,30.078037,1.687046,36.949406,37.001545,0.052139282,79.50123,79.3425,0.15872955,64.30718,67.10243,2.79525,91.50691,105.45705,75.90731,92.19285,91.27475,103.10234,46.70629,56.45919,33.53157,40.024147,22.971996,26.24908,48.487762,52.909775,24.686949,29.071611,15.634214,17.825487,26.697008,33.45907,35.021988,38.981102,76.341545,82.34345,64.434105,69.77076
a-HTa9SAriNkAGXwse-2uoHH41eWrPaygLHxsSLhZRw,cfaadd66d30e20626afb6ca73f622f57,179.5,1,99.005,100.952866,1.9478683,88.703064,86.56228,2.1407852,100.129684,99.47341,0.6562729,53.75299,52.33562,1.4173698,36.179367,36.704792,0.52542496,25.808897,25.14149,0.6674061,52.441624,53.104214,0.66259,27.920645,27.38042,0.5402241,17.413706,17.113237,0.30046844,31.907537,30.555485,1.3520527,36.73626,37.809387,1.0731277,81.59926,83.540985,1.9417267,67.99104,69.110176,1.119133,93.9778,107.92793,78.41951,94.70505,93.559616,105.38721,47.45917,57.21207,33.458504,39.95108,23.502949,26.780033,50.893208,55.31522,25.18809,29.572752,16.017601,18.208874,27.174456,33.936516,35.82983,39.788944,80.54003,86.54194,66.44185,71.7785
a-HTa9SAriNkAGXwse-2uoHH41eWrPaygLHxsSLhZRw,4db96a88656c756c419dd43d964e721a,179.5,1,99.005,102.63443,3.6294327,88.703064,89.00497,0.30190277,100.129684,100.14658,0.016899109,53.75299,52.396915,1.3560753,36.179367,36.704792,0.52542496,25.808897,25.115759,0.6931381,52.441624,53.110504,0.66888046,27.920645,27.54065,0.37999535,17.413706,17.16134,0.2523651,31.907537,30.79423,1.113308,36.73626,38.006485,1.2702255,81.59926,83.50675,1.9074936,67.99104,69.34221,1.3511658,95.65936,109.6095,80.8622,97.147736,94.23279,106.06038,47.520466,57.273365,33.458504,39.95108,23.477217,26.754301,50.899498,55.32151,25.348318,29.73298,16.065704,18.256977,27.4132,34.17526,36.026928,39.986042,80.5058,86.507706,66.67388,72.01054
a-HTa9SAriNkAGXwse-2uoHH41eWrPaygLHxsSLhZRw,62be0774eb853d54bd5d2782fb59a2b7,179.5,1,99.005,103.41391,4.4089127,88.703064,90.083405,1.3803406,100.129684,101.37009,1.2404022,53.75299,53.169785,0.5832062,36.179367,37.195393,1.0160255,25.808897,25.266933,0.5419636,52.441624,53.182823,0.7411995,27.920645,27.73536,0.18528557,17.413706,17.326946,0.08675957,31.907537,31.078718,0.8288193,36.73626,38.04805,1.3117905,81.59926,83.658356,2.0590973,67.99104,69.55471,1.5636673,96.43884,110.38898,81.940636,98.22617,95.45629,107.28388,48.293335,58.046234,33.949104,40.44168,23.628391,26.905476,50.971817,55.39383,25.543028,29.92769,16.23131,18.422583,27.69769,34.459747,36.068493,40.027607,80.6574,86.65931,66.88638,72.22304
KzVubtjZ59Pk0KE1g03Exy5v9B9VfsKWtn1oiNfoguQ,5115eeef0bec5a85c2f4d9a1b272d969,165.3,1,88.17984,88.531006,0.35116577,71.047844,74.54429,3.4964447,89.294044,90.64844,1.354393,48.0401,47.71041,0.32968903,36.549267,34.602062,1.9472046,23.222704,22.902353,0.32035065,45.948563,47.184937,1.2363739,24.610405,24.169071,0.44133377,15.076686,15.357307,0.28062153,28.39995,26.674133,1.7258167,34.83942,34.269638,0.56978226,71.94011,73.662186,1.7220764,62.187244,62.258953,0.07170868,81.55594,95.50607,66.40152,82.68706,84.73464,96.56223,42.83396,52.58686,31.355774,37.84835,21.263811,24.540895,44.97393,49.395943,21.97674,26.361403,14.261671,16.452944,23.293104,30.055162,32.29008,36.249195,70.66123,76.66314,59.590626,64.92728
KzVubtjZ59Pk0KE1g03Exy5v9B9VfsKWtn1oiNfoguQ,63c71208563740208a188a8242d0094e,165.3,1,88.17984,89.03684,0.85700226,71.047844,74.648964,3.60112,89.294044,90.96291,1.668869,48.0401,48.445965,0.40586472,36.549267,35.683002,0.86626434,23.222704,23.323713,0.10100937,45.948563,46.658253,0.7096901,24.610405,24.704521,0.09411621,15.076686,15.64372,0.56703377,28.39995,27.19934,1.2006092,34.83942,34.656464,0.1829567,71.94011,72.58628,0.64617157,62.187244,62.904995,0.71775055,82.061775,96.01191,66.506195,82.79173,85.04912,96.87671,43.569515,53.322414,32.436714,38.92929,21.685171,24.962255,44.447247,48.86926,22.51219,26.896852,14.548083,16.739357,23.818312,30.58037,32.676907,36.63602,69.58533,75.587234,60.236668,65.57332
YA0piHl32MSDrXwwYSzw0xZkgZhEQ-dT0fbo7jC59FU,5eae6d5de093f311f527d328a2ac2073,153.2,0,78.264694,82.65202,4.387329,69.072205,70.90684,1.8346329,86.181885,90.12759,3.9457016,45.696228,47.22004,1.5238113,32.350647,33.471638,1.1209908,22.878912,21.076305,1.8026066,44.211468,43.696255,0.515213,21.20076,21.537792,0.33703232,13.483371,14.219734,0.7363634,24.270567,23.765594,0.50497246,29.64759,30.499273,0.85168266,70.629845,69.40257,1.227272,55.556377,56.12583,0.5694542,75.676956,89.62709,62.76407,79.04961,84.21379,96.04138,42.34359,52.09649,30.22535,36.717926,19.437763,22.714848,41.48525,45.90726,19.34546,23.730124,13.124098,15.315371,20.384565,27.146624,28.519716,32.47883,66.40162,72.40353,53.457504,58.79416
o7s58PUTsT5yQd8DXsSetqhtl2BHn-coxbDQIC4PKL0,dbac0bd1e48efdbb223d8998cfd92055,151.0,0,84.76985,87.45188,2.6820297,70.40609,75.277016,4.870926,87.796135,90.63861,2.842476,44.41133,46.777637,2.3663063,30.80543,31.835535,1.0301056,21.003836,20.592913,0.410923,44.674614,44.494926,0.1796875,20.349531,22.075947,1.7264156,13.76465,14.344582,0.57993126,23.803041,24.855799,1.0527573,30.582237,31.075823,0.4935856,71.533424,70.64964,0.88378143,53.951084,55.30515,1.354065,80.476814,94.42695,67.13425,83.419785,84.724815,96.55241,41.901188,51.654087,28.589247,35.081825,18.95437,22.231455,42.28392,46.705933,19.883615,24.268278,13.248945,15.440218,21.47477,28.236828,29.096266,33.05538,67.64869,73.6506,52.63682,57.973476
USmhBn8O9THhhyAypEL9u68iMWV7Qmy7TR-1EV_jZZQ,8ec5dea2e4ac73b13cb909374f32a31c,165.6,0,95.09279,98.41735,3.324562,83.70522,86.7978,3.092575,97.60537,100.964714,3.3593445,48.440926,53.07451,4.633583,33.130726,35.522175,2.391449,21.655945,22.5127,0.8567543,47.604305,47.23053,0.37377548,24.189571,24.841087,0.65151596,16.16528,15.750941,0.4143381,26.369856,28.938097,2.5682411,33.31106,33.392746,0.08168411,76.43897,75.41788,1.0210953,60.189167,60.072914,0.1162529,91.44228,105.39242,78.65503,94.94057,95.05092,106.87851,48.19806,57.95096,32.275887,38.768463,20.874157,24.151241,45.019524,49.441536,22.648756,27.033419,14.655305,16.846577,25.557068,32.319126,31.413189,35.372303,72.41692,78.41883,57.404587,62.74124
USmhBn8O9THhhyAypEL9u68iMWV7Qmy7TR-1EV_jZZQ,0317be5e1d9beb8f272d4c3d83a8e516,165.6,0,95.09279,93.39268,1.7001114,83.70522,80.255615,3.4496078,97.60537,98.16882,0.5634537,48.440926,52.455547,4.0146217,33.130726,35.953625,2.8228989,21.655945,22.716717,1.060772,47.604305,47.04658,0.557724,24.189571,24.486824,0.29725266,16.16528,15.679705,0.48557472,26.369856,28.080656,1.7108002,33.31106,32.98514,0.3259201,76.43897,75.08777,1.3512039,60.189167,59.85309,0.33607864,86.41761,100.367744,72.11285,88.398384,92.25503,104.08262,47.579098,57.331997,32.707336,39.199913,21.078175,24.355259,44.835575,49.257587,22.294493,26.679155,14.584068,16.775341,24.699627,31.461685,31.005585,34.9647,72.086815,78.08872,57.18476,62.521416
TH0MiV9KcajD00Dm4oCUNaMx14p36PTQyxhJcUUN3Cg,d0f44a2c41ecbdb7c4bc2b3e31457b79,164.8,0,90.40472,92.3529,1.9481812,84.04014,80.26216,3.777977,98.581505,96.240204,2.341301,51.512848,49.858448,1.6543999,33.64915,33.174725,0.47442627,21.749308,21.728794,0.020513535,48.138157,48.007973,0.13018417,23.982063,23.303696,0.6783676,15.666235,15.018753,0.6474819,28.805433,26.586597,2.2188358,33.49126,32.430042,1.0612183,76.92793,76.94004,0.012107849,60.189342,59.066605,1.1227379,85.37783,99.327965,72.11939,88.40493,90.32641,102.154,44.982,54.734898,29.928436,36.421013,20.090252,23.367336,45.796967,50.21898,21.111364,25.496027,13.923117,16.11439,23.205568,29.967627,30.450485,34.4096,73.93909,79.940994,56.398277,61.734932
TH0MiV9KcajD00Dm4oCUNaMx14p36PTQyxhJcUUN3Cg,56acc65998847f5460fa822c858a5061,164.8,0,90.40472,96.413666,6.0089493,84.04014,84.619255,0.5791168,98.581505,99.96969,1.3881836,51.512848,52.17172,0.6588707,33.64915,34.186077,0.53692627,21.749308,22.094555,0.34524727,48.138157,48.062214,0.07594299,23.982063,24.15014,0.16807747,15.666235,15.441762,0.224473,28.805433,28.07071,0.73472404,33.49126,32.910053,0.5812073,76.92793,77.002396,0.07446289,60.189342,59.599068,0.5902748,89.4386,103.38873,76.47649,92.762024,94.05589,105.883484,47.29527,57.04817,30.939789,37.432365,20.456013,23.733097,45.851208,50.27322,21.95781,26.342472,14.346126,16.5374,24.68968,31.451738,30.930496,34.88961,74.00144,80.00335,56.93074,62.267395
TH0MiV9KcajD00Dm4oCUNaMx14p36PTQyxhJcUUN3Cg,4d7fb694d2ed6e38495a7ebed04a8f2f,164.8,0,90.40472,96.821144,6.4164276,84.04014,84.46224,0.42210388,98.581505,99.78789,1.2063828,51.512848,52.695404,1.1825562,33.64915,35.37063,1.7214775,21.749308,22.452963,0.70365524,48.138157,47.205376,0.9327812,23.982063,24.626097,0.64403343,15.666235,15.602594,0.063640594,28.805433,28.613821,0.19161224,33.49126,33.205032,0.28622818,76.92793,75.398315,1.5296173,60.189342,59.613724,0.57561874,89.84608,103.79621,76.31947,92.60501,93.87409,105.70168,47.818954,57.571854,32.12434,38.616917,20.81442,24.091505,44.99437,49.41638,22.433765,26.818428,14.506958,16.69823,25.232792,31.99485,31.225475,35.18459,72.39736,78.39927,56.945396,62.28205
ONExtjPuO-BP4G0Mxy8Hnm5snWhuR8xoomIwRPxkGXc,a6f1b3b949b828d57a3f0b0d19ca116a,153.0,0,85.57724,92.49341,6.916168,73.502144,80.22291,6.720764,98.95424,98.08038,0.8738556,51.171524,52.01848,0.84695435,32.81677,34.603607,1.7868385,22.387741,21.473312,0.9144287,44.997475,44.15219,0.8452835,23.442034,23.31181,0.13022423,15.214323,14.855718,0.35860538,26.398945,27.481838,1.0828934,31.085949,31.48611,0.40016174,72.00173,70.41001,1.5917206,56.4621,56.160027,0.30207443,85.51834,99.468475,72.08014,88.36568,92.16659,103.99418,47.14203,56.894928,31.357319,37.849895,19.83477,23.111855,41.941185,46.363197,21.119478,25.50414,13.760081,15.951354,24.10081,30.862867,29.506554,33.465668,67.40906,73.410965,53.4917,58.828354
TjUvH8GaZcADOnXQwNaajoaDp6G_sEk-R_cEFXjm-Oc,379e35b7f752d15298982e6dbb21fec7,183.0,1,99.3037,97.96771,1.3359909,81.632034,83.17997,1.5479355,98.257996,98.358,0.1000061,48.00798,50.95645,2.948471,33.75533,36.054913,2.2995834,25.156052,25.204441,0.048389435,52.41611,54.399693,1.9835815,25.626293,26.320335,0.6940422,16.833294,16.931843,0.09854889,28.152428,28.883389,0.73096085,35.548347,37.315968,1.7676201,81.2758,85.91777,4.641968,70.78518,69.772095,1.0130844,90.992645,104.94278,75.0372,91.32274,92.44421,104.2718,46.08,55.8329,32.808624,39.3012,23.565899,26.842983,52.188686,56.6107,24.128004,28.512667,15.836206,18.02748,25.50236,32.26442,35.33641,39.295525,82.91682,88.918724,67.10377,72.44042
TjUvH8GaZcADOnXQwNaajoaDp6G_sEk-R_cEFXjm-Oc,b24a701eb42017ef3df23f8621047ace,183.0,1,99.3037,99.396706,0.09300232,81.632034,84.66832,3.0362854,98.257996,99.436554,1.1785583,48.00798,51.93453,3.926548,33.75533,36.636364,2.8810349,25.156052,25.392836,0.23678398,52.41611,54.371395,1.9552841,25.626293,26.868126,1.2418327,16.833294,17.10516,0.27186584,28.152428,29.653296,1.5008678,35.548347,37.656532,2.1081848,81.2758,85.839516,4.563713,70.78518,70.116486,0.66869354,92.42164,106.37177,76.52555,92.81109,93.52276,105.35035,47.05808,56.810978,33.390076,39.882652,23.754293,27.031378,52.16039,56.5824,24.675795,29.060457,16.009523,18.200796,26.272266,33.034325,35.676975,39.63609,82.83856,88.84047,67.44816,72.78481
TjUvH8GaZcADOnXQwNaajoaDp6G_sEk-R_cEFXjm-Oc,e5fc62e29d6616d33202530f915b343f,183.0,1,99.3037,101.221245,1.9175415,81.632034,87.376785,5.744751,98.257996,100.78536,2.5273666,48.00798,52.54083,4.5328484,33.75533,36.642548,2.8872185,25.156052,25.304611,0.14855957,52.41611,54.487736,2.0716248,25.626293,27.08261,1.456316,16.833294,17.195122,0.36182785,28.152428,30.031784,1.8793564,35.548347,37.71553,2.167183,81.2758,86.084045,4.808243,70.78518,70.067635,0.71754456,94.24618,108.19631,79.23402,95.519554,94.87157,106.69916,47.66438,57.41728,33.39626,39.888836,23.666069,26.943153,52.27673,56.698742,24.890278,29.27494,16.099485,18.290758,26.650755,33.41281,35.735973,39.695087,83.08309,89.085,67.39931,72.73596
TjUvH8GaZcADOnXQwNaajoaDp6G_sEk-R_cEFXjm-Oc,2b15f65572c29a57ca0c454f7c22889f,183.0,1,99.3037,99.696,0.39229584,81.632034,85.7674,4.1353683,98.257996,98.441536,0.18354034,48.00798,50.972443,2.9644623,33.75533,36.162388,2.4070587,25.156052,25.113,0.043050766,52.41611,53.890305,1.4741936,25.626293,26.702234,1.0759411,16.833294,16.895582,0.062288284,28.152428,29.361845,1.2094173,35.548347,37.65385,2.105503,81.2758,84.95434,3.6785355,70.78518,69.85269,0.9324875,92.72093,106.67107,77.62463,93.91017,92.52774,104.35533,46.095993,55.848892,32.9161,39.408676,23.474459,26.751543,51.6793,56.10131,24.509903,28.894566,15.799946,17.991219,25.980816,32.742874,35.674294,39.633408,81.953384,87.95529,67.184364,72.52102
TjUvH8GaZcADOnXQwNaajoaDp6G_sEk-R_cEFXjm-Oc,c0785f901e610cb6248d3e03c38d72db,183.0,1,99.3037,100.39293,1.0892258,81.632034,85.7674,4.1353683,98.257996,100.50528,2.247284,48.00798,52.975235,4.9672546,33.75533,37.390533,3.6352043,25.156052,25.622585,0.46653366,52.41611,54.104122,1.6880112,25.626293,27.358109,1.7318153,16.833294,17.274803,0.44150925,28.152428,30.332684,2.180256,35.548347,37.887154,2.3388062,81.2758,85.40427,4.1284637,70.78518,70.23861,0.5465698,93.41786,107.368,77.62463,93.91017,94.591484,106.419075,48.098785,57.851685,34.144245,40.63682,23.984043,27.261127,51.893116,56.31513,25.165777,29.55044,16.179167,18.37044,26.951654,33.713715,35.907597,39.86671,82.40331,88.40522,67.57028,72.90694
TjUvH8GaZcADOnXQwNaajoaDp6G_sEk-R_cEFXjm-Oc,6cb5611320f19a823ffed4e9adcd6fce,183.0,1,99.3037,98.46793,0.83576965,81.632034,83.7426,2.1105652,98.257996,97.88138,0.37661743,48.00798,50.668625,2.6606445,33.75533,35.994602,2.239273,25.156052,25.176872,0.020820618,52.41611,54.12299,1.7068787,25.626293,26.47896,0.85266685,16.833294,16.895123,0.061828613,28.152428,29.038563,0.8861351,35.548347,37.51709,1.9687424,81.2758,85.3358,4.0599976,70.78518,69.816055,0.96912384,91.49287,105.443,75.59983,91.88537,91.96758,103.79517,45.792175,55.545074,32.748314,39.24089,23.53833,26.815414,51.911983,56.333996,24.286629,28.671291,15.799486,17.990759,25.657534,32.419594,35.537533,39.496647,82.33485,88.336754,67.14773,72.48438
U1ohsWBuEi2UBf804eKk5bN06_uDIRHjXA3rLbWQYHA,ea9debe8beab8b630b995ed885f4cbd0,157.1,0,81.1351,85.86691,4.7318115,70.99903,73.31436,2.3153305,86.97566,90.25535,3.279686,47.40567,47.35862,0.047050476,31.593536,33.5304,1.936863,20.711369,21.326273,0.6149044,44.85261,44.114456,0.73815536,24.676687,22.48159,2.195097,15.094988,14.545805,0.5491829,25.751411,25.022911,0.72850037,30.979977,31.5317,0.5517235,71.94258,69.72045,2.2221298,54.633728,56.87812,2.2443924,78.891846,92.84198,65.17159,81.45713,84.34155,96.16914,42.48217,52.23507,30.284111,36.776688,19.68773,22.964815,41.90345,46.325462,20.289259,24.673922,13.450169,15.641441,21.641882,28.40394,29.552143,33.511257,66.7195,72.721405,54.209793,59.546448
U1ohsWBuEi2UBf804eKk5bN06_uDIRHjXA3rLbWQYHA,3055000004807fa4d84ab39f82ba7844,157.1,0,81.1351,85.86691,4.7318115,70.99903,73.31436,2.3153305,86.97566,90.25535,3.279686,47.40567,47.35862,0.047050476,31.593536,33.5304,1.936863,20.711369,21.326273,0.6149044,44.85261,44.114456,0.73815536,24.676687,22.48159,2.195097,15.094988,14.545805,0.5491829,25.751411,25.022911,0.72850037,30.979977,31.5317,0.5517235,71.94258,69.72045,2.2221298,54.633728,56.87812,2.2443924,78.891846,92.84198,65.17159,81.45713,84.34155,96.16914,42.48217,52.23507,30.284111,36.776688,19.68773,22.964815,41.90345,46.325462,20.289259,24.673922,13.450169,15.641441,21.641882,28.40394,29.552143,33.511257,66.7195,72.721405,54.209793,59.546448
GFy9ZiAZQPteKzU20LglQEdnXUvL6Y3Ho1ScbVkm9xg,cb9695efedf5365b12a1d1e1c5fed7eb,157.0,0,93.755745,93.02735,0.72839355,75.24402,80.66123,5.4172134,91.39756,96.16159,4.7640305,50.098686,50.69794,0.5992546,33.376644,34.21082,0.8341751,22.163666,21.500883,0.66278267,44.233162,44.391163,0.15800095,23.902485,23.614689,0.28779602,14.616485,14.979095,0.36261082,27.082834,27.426134,0.34329987,31.918638,32.132385,0.21374702,72.832375,70.48826,2.3441162,56.1848,56.93674,0.7519417,86.052284,100.00242,72.51846,88.804,90.247795,102.075386,45.82149,55.57439,30.96453,37.457108,19.86234,23.139425,42.180157,46.60217,21.422358,25.80702,13.883459,16.074732,24.045105,30.807163,30.152828,34.111942,67.487305,73.48921,54.268414,59.60507
6XXC8kAL9hpfWmFp9iu2TtzspgLOeQBVEwfEPIRVs0A,89a035d2bbcb20c396b8abbdcb7590a6,171.5,1,103.813644,103.20736,0.6062851,90.166595,90.699394,0.53279877,99.94906,98.53735,1.411705,52.742287,51.837254,0.9050331,36.000095,37.07941,1.0793152,24.685688,24.393887,0.29180145,49.35843,49.340794,0.017635345,29.88968,27.465605,2.424076,18.17371,16.830038,1.3436718,31.47505,30.960596,0.5144539,37.572727,37.443344,0.12938309,77.27845,76.86424,0.41420746,65.830284,66.67011,0.8398285,96.23229,110.18243,82.556625,98.84216,92.62356,104.45115,46.960804,56.713703,33.833122,40.3257,22.755344,26.032429,47.129787,51.5518,25.273273,29.657936,15.734402,17.925674,27.579567,34.341625,35.463787,39.4229,73.86329,79.8652,64.001785,69.33844
6XXC8kAL9hpfWmFp9iu2TtzspgLOeQBVEwfEPIRVs0A,900e5bf48e46a1bd3af11a87cbee8544,171.5,1,103.813644,100.63602,3.1776276,90.166595,87.15108,3.0155182,99.94906,98.49313,1.455925,52.742287,52.592796,0.14949036,36.000095,37.607124,1.607029,24.685688,24.58205,0.103637695,49.35843,49.31682,0.041610718,29.88968,27.21478,2.6749,18.17371,16.686739,1.4869709,31.47505,30.729076,0.7459736,37.572727,37.00557,0.56715775,77.27845,77.02318,0.2552719,65.830284,66.39045,0.5601654,93.66095,107.611084,79.00831,95.293846,92.57934,104.40693,47.716347,57.469246,34.360836,40.853413,22.943508,26.220592,47.105812,51.527824,25.02245,29.407112,15.591103,17.782375,27.348047,34.110107,35.026012,38.985126,74.022224,80.02413,63.722122,69.05878
Qdp6TYwkdxbX5uoZpl2PtFjq4Vq5PnUV4j5xrz-ZQ6Y,37140eae3b9ac0402d0a89c08cbd64f6,163.0,0,94.99752,89.56516,5.432358,79.62484,77.83501,1.7898331,97.323105,96.07806,1.2450485,51.311577,50.47674,0.83483505,36.493034,34.02216,2.4708748,22.95701,21.682844,1.2741661,47.218834,46.42557,0.7932625,24.057896,22.898052,1.1598434,15.715463,14.745559,0.96990395,26.611301,26.16086,0.45044136,32.437347,31.722095,0.7152519,75.4897,74.33952,1.150177,58.162083,58.25569,0.093608856,82.590096,96.54023,69.69224,85.977776,90.16426,101.99185,45.600292,55.35319,30.775871,37.268448,20.044302,23.321386,44.214565,48.636578,20.70572,25.090384,13.649922,15.841195,22.77983,29.54189,29.742538,33.701653,71.33857,77.34048,55.587364,60.92402
Qdp6TYwkdxbX5uoZpl2PtFjq4Vq5PnUV4j5xrz-ZQ6Y,7c14378a338577abdb321062ef333add,163.0,0,94.99752,89.44151,5.5560074,79.62484,77.206955,2.4178848,97.323105,94.80541,2.5176926,51.311577,49.79715,1.5144272,36.493034,34.053085,2.439949,22.95701,21.706738,1.2502728,47.218834,46.076546,1.1422882,24.057896,23.03597,1.021925,15.715463,14.867468,0.8479948,26.611301,26.109135,0.50216675,32.437347,31.856176,0.58117104,75.4897,73.547264,1.9424362,58.162083,58.099373,0.06270981,82.466446,96.41658,69.064186,85.349724,88.89162,100.71921,44.9207,54.6736,30.806797,37.299374,20.068195,23.34528,43.86554,48.28755,20.84364,25.228302,13.7718315,15.963104,22.728106,29.490164,29.87662,33.83573,70.54631,76.54822,55.431046,60.7677
Qdp6TYwkdxbX5uoZpl2PtFjq4Vq5PnUV4j5xrz-ZQ6Y,c1d4ee421d657cb49359a302aa7f1c6f,163.0,0,94.99752,88.216255,6.7812653,79.62484,76.08825,3.5365906,97.323105,95.43928,1.8838272,51.311577,50.263535,1.0480423,36.493034,34.01288,2.480156,22.95701,21.68652,1.2704906,47.218834,46.452297,0.7665367,24.057896,22.730385,1.3275108,15.715463,14.773466,0.9419966,26.611301,25.84653,0.7647705,32.437347,31.488792,0.948555,75.4897,74.46423,1.0254669,58.162083,57.903973,0.25811005,81.24119,95.19132,67.94548,84.23102,89.52548,101.35307,45.387085,55.139984,30.76659,37.259167,20.047977,23.325062,44.24129,48.663303,20.538054,24.922716,13.67783,15.8691025,22.465502,29.22756,29.509235,33.46835,71.46328,77.46519,55.235645,60.5723
I8BI3wv3aghDCeaSa36TdxzoN8tuvQBE0v4X0ts5EX8,b9c864d63fac7d3062c58698d31d52f5,164.2,0,88.218124,92.425964,4.20784,75.05045,80.30795,5.2574997,101.16886,98.61843,2.5504303,55.333138,52.10509,3.2280464,36.07043,34.87887,1.1915627,22.331944,22.138666,0.19327736,45.898396,47.04973,1.1513329,23.793848,23.712044,0.081804276,15.316087,15.202351,0.11373615,27.723003,27.404251,0.3187523,32.39493,32.301327,0.09360504,74.420044,75.41543,0.9953842,60.983,59.066605,1.9163971,85.4509,99.40103,72.165184,88.45072,92.704636,104.53223,47.22864,56.98154,31.63258,38.125156,20.500124,23.777208,44.838722,49.260735,21.519712,25.904375,14.106714,16.297987,24.023222,30.78528,30.32177,34.280884,72.414474,78.41638,56.398277,61.734932
I8BI3wv3aghDCeaSa36TdxzoN8tuvQBE0v4X0ts5EX8,4be82f01e709267b30fc1d3c49fedc77,164.2,0,88.218124,92.27983,4.0617065,75.05045,79.79112,4.7406693,101.16886,100.74483,0.42403412,55.333138,54.19961,1.1335258,36.07043,36.64719,0.57675934,22.331944,22.66709,0.33514595,45.898396,46.406704,0.5083084,23.793848,24.002756,0.20890808,15.316087,15.427809,0.11172199,27.723003,27.99511,0.27210617,32.39493,32.16188,0.2330513,74.420044,74.476456,0.056411743,60.983,59.359703,1.6232986,85.30476,99.2549,71.64835,87.93389,94.83103,106.65862,49.323162,59.07606,33.4009,39.89348,21.028547,24.305632,44.195698,48.61771,21.810425,26.195087,14.332172,16.523445,24.61408,31.376139,30.182323,34.141438,71.4755,77.47741,56.691376,62.02803
I8BI3wv3aghDCeaSa36TdxzoN8tuvQBE0v4X0ts5EX8,5eee070222ae5b7fb55b19a29230fc92,164.2,0,88.218124,87.84531,0.372818,75.05045,75.44711,0.39665985,101.16886,94.12241,7.0464478,55.333138,49.709206,5.623932,36.07043,34.416492,1.6539383,22.331944,21.94384,0.3881035,45.898396,46.230618,0.33222198,23.793848,23.057606,0.7362423,15.316087,14.870405,0.44568157,27.723003,25.981812,1.7411919,32.39493,31.99562,0.39931107,74.420044,73.76978,0.6502609,60.983,58.617184,2.365818,80.87024,94.82037,67.304344,83.58988,88.20862,100.03621,44.832756,54.585655,31.170204,37.66278,20.305298,23.582382,44.01961,48.441624,20.865274,25.249937,13.774769,15.966042,22.600782,29.36284,30.016064,33.975178,70.76883,76.77074,55.948856,61.28551
I8BI3wv3aghDCeaSa36TdxzoN8tuvQBE0v4X0ts5EX8,22b9e090e217a19f63d44dd53fe8eb67,164.2,0,88.218124,83.98969,4.2284317,75.05045,71.24703,3.803421,101.16886,91.72945,9.439415,55.333138,48.344692,6.9884453,36.07043,34.329895,1.7405357,22.331944,21.99714,0.33480263,45.898396,46.16459,0.2661934,23.793848,22.39235,1.4014988,15.316087,14.7675905,0.54849625,27.723003,24.700623,3.0223808,32.39493,31.55047,0.84446144,74.420044,73.60839,0.81165314,60.983,58.436436,2.546566,77.014626,90.96476,63.104263,79.3898,85.81565,97.64324,43.468243,53.22114,31.083607,37.576183,20.358599,23.635683,43.953583,48.375595,20.200018,24.58468,13.671954,15.863227,21.319593,28.081652,29.570913,33.53003,70.60744,76.609344,55.76811,61.104763
I8BI3wv3aghDCeaSa36TdxzoN8tuvQBE0v4X0ts5EX8,53c37341773eec8083686f77b668b4ec,164.2,0,88.218124,87.35071,0.8674164,75.05045,75.17234,0.12188721,101.16886,95.58177,5.5870895,55.333138,50.623318,4.70982,36.07043,34.5634,1.5070305,22.331944,21.936487,0.3954563,45.898396,46.49003,0.59163284,23.793848,22.795288,0.99855995,15.316087,14.810185,0.50590134,27.723003,25.934067,1.7889366,32.39493,31.579967,0.8149643,74.420044,74.51314,0.09309387,60.983,58.358276,2.6247253,80.37564,94.325775,67.02957,83.31511,89.66798,101.49557,45.74687,55.499767,31.317112,37.80969,20.297945,23.57503,44.279022,48.701035,20.602957,24.98762,13.714549,15.905822,22.553038,29.315096,29.60041,33.559525,71.512184,77.51409,55.68995,61.026604
I8BI3wv3aghDCeaSa36TdxzoN8tuvQBE0v4X0ts5EX8,a767ba42a34a138eb859d4b5e628bbd5,164.2,0,88.218124,88.90195,0.68382263,75.05045,75.64338,0.592926,101.16886,95.665306,5.5035553,55.333138,51.182983,4.150154,36.07043,35.379906,0.69052505,22.331944,22.350037,0.01809311,45.898396,46.362682,0.4642868,23.793848,23.584942,0.20890617,15.316087,15.207491,0.10859585,27.723003,26.831297,0.89170647,32.39493,32.218197,0.17673492,74.420044,74.03387,0.38617706,60.983,58.71488,2.2681198,81.92688,95.877014,67.50061,83.78615,89.75151,101.5791,46.306534,56.059433,32.133617,38.626194,20.711494,23.988579,44.151676,48.57369,21.39261,25.777273,14.111855,16.303127,23.450268,30.212326,30.23864,34.197754,71.03291,77.03482,56.046555,61.38321
I8BI3wv3aghDCeaSa36TdxzoN8tuvQBE0v4X0ts5EX8,7a8a49ddbf3934077aa37ea9a20cfb9f,164.2,0,88.218124,93.37019,5.152069,75.05045,80.99488,5.9444275,101.16886,100.41806,0.7508011,55.333138,53.74144,1.5916977,36.07043,36.02785,0.04257965,22.331944,22.461235,0.12929153,45.898396,46.390984,0.49258804,23.793848,24.120392,0.3265438,15.316087,15.351432,0.035345078,27.723003,28.239809,0.51680565,32.39493,32.416637,0.021705627,74.420044,74.32974,0.09030151,60.983,59.242462,1.7405396,86.39513,100.34526,72.85211,89.13765,94.504265,106.331856,48.86499,58.61789,32.781563,39.27414,20.822693,24.099777,44.179977,48.60199,21.92806,26.312723,14.2557955,16.447067,24.85878,31.620838,30.43708,34.396194,71.32879,77.330696,56.574135,61.91079
OkD_s5l3lVIhaNKIZPzRPwKaGobxBEXGVQ0qW86r5A0,ca15d118f47f70a78909e99cac1e5a50,152.0,0,80.46855,83.978455,3.509903,71.44941,72.555466,1.1060562,87.03439,89.97035,2.9359589,45.153946,46.889572,1.7356262,32.578117,32.9273,0.34918213,20.87356,20.818987,0.05457306,44.839245,43.535892,1.3033524,20.808674,21.654076,0.84540176,13.776617,14.105169,0.32855225,23.097218,24.079922,0.98270416,31.20451,30.71112,0.49338913,69.99267,69.03089,0.96177673,55.162445,55.827843,0.66539764,77.00339,90.95352,64.4127,80.698235,84.05656,95.88415,42.013123,51.76602,29.681011,36.173588,19.180445,22.45753,41.324886,45.7469,19.461744,23.846407,13.009533,15.200806,20.698893,27.46095,28.731564,32.690678,66.02994,72.031845,53.159515,58.49617
OkD_s5l3lVIhaNKIZPzRPwKaGobxBEXGVQ0qW86r5A0,23dd55bd20057fbe73430cad070753c0,152.0,0,80.46855,83.944725,3.4761734,71.44941,72.33303,0.8836212,87.03439,89.518295,2.483902,45.153946,46.516464,1.3625183,32.578117,32.704617,0.12649918,20.87356,20.758333,0.115226746,44.839245,43.507595,1.3316498,20.808674,21.648668,0.83999443,13.776617,14.124264,0.3476467,23.097218,24.02024,0.9230232,31.20451,30.737938,0.4665718,69.99267,68.91352,1.0791473,55.162445,55.710606,0.54816055,76.96966,90.91979,64.19026,80.4758,83.6045,95.43209,41.640015,51.392914,29.458328,35.950905,19.119791,22.396875,41.29659,45.7186,19.456337,23.841,13.028627,15.2199,20.639212,27.40127,28.75838,32.717495,65.91257,71.914474,53.04228,58.378933
mU1drvS29MI7Z3LXMpudK_NMTUwuBHDFilo491kDmqQ,47b9aaf4993de1965d5251ab1eab7d3d,181.5,1,92.14655,96.55136,4.404808,77.64407,81.81265,4.168579,97.55647,98.44645,0.8899765,50.871403,52.463543,1.5921402,36.71086,38.013054,1.3021927,24.037205,25.648317,1.6111126,52.397106,52.59797,0.20086288,25.18282,26.84142,1.6585999,15.68552,16.962687,1.2771664,28.686756,29.557802,0.87104607,36.3862,37.3401,0.9538994,81.35421,82.88811,1.5338974,68.48249,69.540054,1.0575638,89.576294,103.52643,73.66988,89.95542,92.53265,104.360245,47.587093,57.339993,34.766766,41.259342,24.009775,27.28686,50.386963,54.808975,24.649088,29.03375,15.86705,18.058323,26.176773,32.93883,35.360542,39.319656,79.88715,85.88906,66.87173,72.20838
mU1drvS29MI7Z3LXMpudK_NMTUwuBHDFilo491kDmqQ,c92d7b8b5d51b1edab2d7a1914ead059,181.5,1,92.14655,94.31443,2.1678772,77.64407,78.8883,1.2442245,97.55647,95.940475,1.6159973,50.871403,50.780556,0.090847015,36.71086,37.64076,0.9298973,24.037205,25.689672,1.6524677,52.397106,52.407734,0.010627747,25.18282,26.31797,1.1351509,15.68552,16.84335,1.1578293,28.686756,28.635704,0.051052094,36.3862,37.25563,0.86943054,81.35421,82.403946,1.049736,68.48249,69.657295,1.1748047,87.33936,101.2895,70.74553,87.03107,90.02668,101.85427,45.904106,55.657005,34.39447,40.887047,24.05113,27.328215,50.196728,54.61874,24.125639,28.510302,15.747713,17.938986,25.254675,32.01673,35.276073,39.235188,79.40299,85.4049,66.98897,72.32562
mU1drvS29MI7Z3LXMpudK_NMTUwuBHDFilo491kDmqQ,97de24f3e34896bfb06bdfa2beea9816,181.5,1,92.14655,94.31443,2.1678772,77.64407,78.8883,1.2442245,97.55647,95.940475,1.6159973,50.871403,50.780556,0.090847015,36.71086,37.64076,0.9298973,24.037205,25.689672,1.6524677,52.397106,52.407734,0.010627747,25.18282,26.31797,1.1351509,15.68552,16.84335,1.1578293,28.686756,28.635704,0.051052094,36.3862,37.25563,0.86943054,81.35421,82.403946,1.049736,68.48249,69.657295,1.1748047,87.33936,101.2895,70.74553,87.03107,90.02668,101.85427,45.904106,55.657005,34.39447,40.887047,24.05113,27.328215,50.196728,54.61874,24.125639,28.510302,15.747713,17.938986,25.254675,32.01673,35.276073,39.235188,79.40299,85.4049,66.98897,72.32562
vK1-RUhICFZPQ66-rt3Ee3pOShmpzuq2ubSV1I_hdio,f7ed1c4f124da4b91de6ee7d8bf54a2c,160.8,0,95.45561,92.63954,2.8160706,80.970604,78.84251,2.1280975,94.97169,95.267296,0.29560852,48.059402,50.506058,2.4466553,34.487377,34.518555,0.03117752,20.640116,22.011845,1.3717289,46.751564,45.897316,0.85424805,23.640148,24.033855,0.39370728,15.596645,15.468935,0.12771034,25.476826,27.457966,1.9811401,32.510033,32.55876,0.048728943,74.28129,72.87482,1.4064713,57.628803,57.74765,0.11884689,85.664474,99.61461,70.69974,86.985275,89.3535,101.18109,45.62961,55.382507,31.272266,37.764843,20.373302,23.650387,43.68631,48.108322,21.841524,26.226187,14.373299,16.564571,24.076937,30.838995,30.579205,34.53832,69.87386,75.87577,55.079323,60.415977
i45bbTSs4418BrHmSgp2-1cYp3Yj9BI6em6C9m4yCsQ,f0b0890c8ad84bf251eee9659ce12ef0,159.1,0,89.48484,86.81115,2.6736908,71.07589,73.82465,2.748764,88.57456,91.179115,2.6045532,43.02799,47.481216,4.453228,32.30509,33.007713,0.70262146,22.072367,21.326273,0.74609375,46.734818,45.49798,1.2368393,22.25636,22.519451,0.26309204,14.92128,14.843967,0.07731247,23.993254,25.05872,1.0654659,31.066845,31.461977,0.39513206,74.741646,72.312416,2.4292297,57.531837,56.824387,0.70745087,79.83608,93.78622,65.681885,81.96742,85.26532,97.09291,42.604767,52.357666,29.761425,36.254,19.68773,22.964815,43.286972,47.708984,20.32712,24.711782,13.748331,15.939604,21.67769,28.439749,29.48242,33.441536,69.31146,75.31337,54.15606,59.492714
YPz4NM-Qc1eTi_-HSz5bGAq0Fz1uc-s6OPD3FuQ1Osg,07084298bc8c61c0e470c5a22dd802ef,174.0,1,97.81305,102.04227,4.2292175,76.071884,88.21745,12.145569,94.41196,98.10004,3.6880798,48.882137,51.401516,2.5193787,35.789265,36.680435,0.8911705,23.982815,24.643623,0.66080856,51.59974,50.957394,0.6423454,25.9223,27.514282,1.5919819,16.169735,17.231108,1.0613728,28.699062,30.763145,2.064083,36.154034,37.62435,1.4703178,79.63792,79.48921,0.14870453,66.13976,67.386986,1.2472229,95.0672,109.017334,80.074684,96.36022,92.18624,104.01383,46.525066,56.277966,33.434147,39.926723,23.005081,26.282166,48.746387,53.1684,25.32195,29.706614,16.135471,18.326744,27.382116,34.144173,35.644794,39.60391,76.48826,82.490166,64.71866,70.05531
EJ9WxsKpBR1iAQXdMdj1nrUbRPwihEfi_SGgd1NN4ac,93d361e240acb80b1cdc6fa23e8f295c,159.6,0,78.76677,83.292755,4.5259857,68.02214,70.48814,2.4659958,90.74471,89.243126,1.5015869,48.110672,46.77231,1.3383636,33.627575,33.165447,0.4621277,22.25923,21.278484,0.9807453,47.268394,44.746475,2.5219193,23.159983,21.95155,1.2084332,14.478578,14.467959,0.01061821,24.950935,24.251013,0.69992256,30.866095,31.065096,0.19900131,73.017944,71.04578,1.972168,56.65071,56.458008,0.19270325,76.31769,90.26782,62.345367,78.630905,83.32933,95.15692,41.89586,51.648758,29.919159,36.411736,19.639942,22.917027,42.53547,46.95748,19.759218,24.14388,13.372323,15.563596,20.869984,27.632042,29.085539,33.044655,68.04482,74.04673,53.78968,59.126335
oUuBVZfCJazF-eHB_8vEqHuLJsp_EpzDzEM_ipglDEo,4d43f0c945ab8f093db84296506d244a,155.5,0,84.800255,86.40648,1.6062241,74.3623,75.159256,0.7969589,87.42253,92.09306,4.670532,46.80153,48.206112,1.404583,32.408073,33.415966,1.0078926,20.764593,21.079983,0.31538963,43.267887,44.02956,0.761673,21.941252,22.194935,0.2536831,14.003663,14.241766,0.23810291,24.78277,25.046783,0.2640133,32.547882,31.18577,1.362112,68.79389,69.94541,1.1515198,58.31083,56.560596,1.7502327,79.43141,93.381546,67.01649,83.302025,86.17927,98.00686,43.329662,53.08256,30.169678,36.662254,19.44144,22.718525,41.818554,46.240566,20.002604,24.387266,13.14613,15.337402,21.665754,28.427813,29.206213,33.16533,66.94446,72.946365,53.89227,59.228924
oUuBVZfCJazF-eHB_8vEqHuLJsp_EpzDzEM_ipglDEo,8cb03114f00c2377e4384293388d8821,155.5,0,84.800255,88.620926,3.820671,74.3623,76.8406,2.478302,87.42253,94.078186,6.655655,46.80153,49.416046,2.6145172,32.408073,33.576794,1.1687202,20.764593,21.124094,0.35950089,43.267887,44.252808,0.9849205,21.941252,22.549198,0.6079464,14.003663,14.467959,0.46429634,24.78277,25.84653,1.0637608,32.547882,31.236721,1.311161,68.79389,70.444244,1.6503525,58.31083,56.21376,2.0970688,81.64586,95.59599,68.69783,84.98337,88.16439,99.99198,44.539597,54.292496,30.330505,36.823082,19.485552,22.762636,42.0418,46.463814,20.356867,24.74153,13.372323,15.563596,22.465502,29.22756,29.257164,33.216278,67.44329,73.4452,53.545433,58.882088
PhWGxRdPqcxq4ZCkS_EgGaro9Nq3krfllRS9EsD7ppg,8bc89c06282105b8ec452b21643772b8,179.5,1,101.81149,106.40961,4.598114,88.08077,95.00824,6.9274673,100.968315,106.43855,5.4702377,53.18774,57.02746,3.8397179,38.024128,40.1413,2.1171722,24.229612,25.963533,1.733921,50.314903,51.69868,1.3837776,26.168518,28.585182,2.4166641,16.044931,17.564888,1.5199566,29.548903,32.532986,2.9840832,36.691578,38.18079,1.489212,79.20688,81.33048,2.1236038,70.60165,70.179985,0.42166138,99.43454,113.384674,86.86547,103.15101,100.52476,112.35235,52.15101,61.903908,36.89501,43.38759,24.324991,27.602076,49.487675,53.909687,26.39285,30.777514,16.469252,18.660524,29.151957,35.914017,36.201233,40.160347,78.32953,84.331436,67.51166,72.84831
PhWGxRdPqcxq4ZCkS_EgGaro9Nq3krfllRS9EsD7ppg,dff3edcb22c1b3a4a92f7022e9678f44,179.5,1,101.81149,104.10944,2.2979507,88.08077,91.81156,3.7307892,100.968315,102.81441,1.8460922,53.18774,55.010674,1.8229332,38.024128,39.559853,1.5357246,24.229612,25.802708,1.5730953,50.314903,51.327644,1.0127411,26.168518,28.251202,2.0826836,16.044931,17.395979,1.3510475,29.548903,31.722298,2.1733952,36.691578,38.155315,1.4637375,79.20688,80.41963,1.2127533,70.60165,69.91376,0.6878891,97.13438,111.08451,83.66879,99.95433,96.90061,108.7282,50.134224,59.887123,36.313564,42.80614,24.164165,27.44125,49.11664,53.53865,26.05887,30.443533,16.300343,18.491615,28.341269,35.103325,36.17576,40.134872,77.41868,83.420586,67.24543,72.582085
_FfeVbuKdnPu_iK2drIo6jQFc3BRA1yPCiK0-V51NaI,db4929a36c1f61cfc538a7bed81e65a5,183.5,1,97.541794,107.37351,9.831718,85.31779,95.14562,9.827835,101.33446,105.99141,4.656952,52.784554,56.683662,3.899109,38.090443,40.306767,2.2163239,23.966017,26.435898,2.469881,51.51582,53.17968,1.6638603,27.271948,29.204466,1.932518,16.465763,18.101728,1.6359653,31.795904,32.861244,1.06534,37.08487,38.941032,1.856163,83.28992,83.780624,0.4907074,72.71694,71.396355,1.3205872,100.398445,114.34858,87.00285,103.28839,100.077614,111.905205,51.807213,61.560112,37.06048,43.553055,24.797356,28.07444,50.968674,55.390686,27.012135,31.396797,17.006092,19.197365,29.480215,36.24227,36.961475,40.92059,80.77967,86.78158,68.72803,74.06468
lf1daDsTtl1HzV9Oozra0F_D4_8v6DaFaGXiFHp7pGQ,ac7264001d460b463fdb9ee9eeb8b4fd,174.5,1,96.818565,103.90289,7.0843277,83.78177,90.77504,6.993271,94.95766,99.544655,4.586998,46.72325,52.9206,6.1973495,35.905926,38.311127,2.405201,24.59445,25.118055,0.52360535,50.902557,49.925842,0.9767151,25.835806,28.138975,2.3031693,16.319715,17.198793,0.8790779,28.487661,31.622826,3.1351643,36.735943,38.074867,1.3389244,80.98688,77.73353,3.2533493,65.55485,67.95487,2.4000244,96.927826,110.87796,82.63227,98.91781,93.63086,105.45845,48.04415,57.79705,35.06484,41.557415,23.479513,26.756598,47.714836,52.13685,25.946644,30.331306,16.103157,18.29443,28.241796,35.003853,36.09531,40.054424,74.732574,80.73448,65.286545,70.6232
lf1daDsTtl1HzV9Oozra0F_D4_8v6DaFaGXiFHp7pGQ,0fbbd17ed0384f190e78ceb8772204dd,174.5,1,96.818565,97.86655,1.0479813,83.78177,83.96176,0.17999268,94.95766,96.37288,1.4152222,46.72325,50.42877,3.7055168,35.905926,35.698467,0.2074585,24.59445,24.21839,0.3760605,50.902557,50.95975,0.057193756,25.835806,26.32828,0.4924736,16.319715,16.421074,0.10135841,28.487661,29.361845,0.87418365,36.735943,36.706566,0.029376984,80.98688,79.886566,1.1003113,65.55485,66.71896,1.1641159,90.89148,104.84161,75.81899,92.10453,90.45908,102.286674,45.55232,55.305218,32.45218,38.944756,22.579847,25.856932,48.748745,53.170757,24.135948,28.52061,15.325438,17.51671,25.980816,32.742874,34.72701,38.686123,76.88561,82.88752,64.05064,69.38729
d2xqnAOrGaPfe9I4-9-7pWpEua2KD7e84_fzJ30lB4E,57c2a38be86e731055e97f858e1e62be,171.0,1,93.60049,94.134575,0.53408813,84.33421,80.84441,3.4897995,92.650085,92.93822,0.2881317,49.05518,47.987576,1.0676041,34.221638,34.571133,0.34949493,24.231659,23.383907,0.8477516,48.85408,49.288914,0.43483353,24.297266,25.022274,0.725008,16.4248,15.776645,0.64815617,26.18327,27.595236,1.4119663,34.193867,35.577267,1.3834,77.223885,77.07453,0.14935303,66.00999,64.94255,1.0674362,87.15951,101.10964,72.701645,88.98718,87.02442,98.85201,43.111126,52.864025,31.324844,37.81742,21.745365,25.02245,47.077908,51.49992,22.829943,27.214605,14.681008,16.87228,24.214207,30.976265,33.59771,37.556824,74.07358,80.075485,62.274223,67.61088
d2xqnAOrGaPfe9I4-9-7pWpEua2KD7e84_fzJ30lB4E,526ec397de194818976bcd2ad49991c5,171.0,1,93.60049,94.2245,0.6240158,84.33421,80.6416,3.6926117,92.650085,93.94552,1.295433,49.05518,49.093575,0.038394928,34.221638,35.17887,0.9572334,24.231659,23.64766,0.58399963,48.85408,49.259827,0.40574646,24.297266,25.348143,1.0508766,16.4248,15.87285,0.55195045,26.18327,28.116465,1.9331951,34.193867,35.756268,1.5624008,77.223885,77.00851,0.21537781,66.00999,65.22797,0.78202057,87.249435,101.19957,72.49883,88.78437,88.03172,99.859314,44.217125,53.970024,31.932583,38.42516,22.009117,25.286201,47.04882,51.470833,23.155811,27.540474,14.777214,16.968487,24.735435,31.497494,33.77671,37.735825,74.00755,80.00946,62.55964,67.89629
59bc2767681516389ccf45ec,1d6be767a44ec2394537b8bffcd4dd08,164.2,0,85.85062,90.57684,4.726227,72.02368,78.613525,6.5898438,92.64947,99.47587,6.8264008,49.448414,53.46094,4.0125275,34.292152,36.289196,1.9970436,21.963127,22.506266,0.5431385,45.1164,46.31866,1.2022591,22.281086,23.609282,1.3281956,14.536464,15.026096,0.4896326,25.43262,27.422155,1.9895363,30.443775,32.065342,1.6215668,73.14523,74.332184,1.1869507,57.861145,59.301083,1.4399376,83.601776,97.55191,70.47076,86.756294,93.56207,105.38966,48.58449,58.33739,33.042908,39.535484,20.867723,24.144808,44.107655,48.529667,21.41695,25.801613,13.93046,16.121733,24.041126,30.803185,30.085785,34.0449,71.33123,77.33314,56.632755,61.96941
59bc2767681516389ccf45ec,0d041ffd4c4773b5066c5059c7859117,164.2,0,85.85062,87.36195,1.5113373,72.02368,75.420944,3.3972626,92.64947,95.478584,2.8291168,49.448414,50.58601,1.1375961,34.292152,34.72732,0.43516922,21.963127,22.021034,0.057907104,45.1164,46.505753,1.3893509,22.281086,22.833149,0.552063,14.536464,14.739684,0.20322037,25.43262,25.874384,0.44176483,30.443775,31.738184,1.2944088,73.14523,74.44711,1.3018799,57.861145,58.739307,0.8781624,80.38689,94.33702,67.278175,83.56371,89.56479,101.39238,45.70956,55.46246,31.481033,37.97361,20.382492,23.659576,44.294746,48.71676,20.640818,25.02548,13.644048,15.83532,22.493355,29.255413,29.758627,33.717743,71.44616,77.44807,56.07098,61.407635
59bc2767681516389ccf45ec,133c167e7991179d12354481c0e85027,164.2,0,85.85062,90.22837,4.377754,72.02368,77.67799,5.654312,92.64947,96.48098,3.8315125,49.448414,51.723988,2.2755737,34.292152,36.012386,1.7202339,21.963127,22.572433,0.60930634,45.1164,46.026234,0.909832,22.281086,23.798582,1.5174961,14.536464,15.118629,0.5821657,25.43262,27.177456,1.7448368,30.443775,32.590942,2.1471672,73.14523,73.34431,0.19907379,57.861145,59.56976,1.7086143,83.2533,97.20344,69.535225,85.82076,90.567184,102.394775,46.847538,56.600437,32.766098,39.258675,20.933891,24.210976,43.815228,48.23724,21.60625,25.990913,14.022993,16.214266,23.796427,30.558485,30.611385,34.5705,70.34335,76.34526,56.901432,62.238087
-fxrku1rAPX8f7w4HIrk9oRUecKAfNNFJd1xriLbB2A,7ab1e46a10302f1f0b989a41a856164b,166.5,1,97.81636,99.32786,1.5114975,90.39958,87.02023,3.3793488,97.56271,96.95269,0.6100235,50.936096,50.540703,0.39539337,34.993958,35.18042,0.1864624,22.063173,23.212975,1.1498013,51.94348,48.30669,3.6367912,24.351513,25.93734,1.5858269,15.613967,16.068565,0.45459843,29.011816,29.431475,0.41965866,34.313942,35.74445,1.4305077,80.80277,75.52058,5.282196,62.23643,63.885048,1.6486168,92.35279,106.302925,78.877464,95.163,91.038895,102.866486,45.664253,55.417152,31.934132,38.42671,21.574432,24.851517,46.095684,50.517696,23.745008,28.129671,14.972929,17.164202,26.050446,32.812504,33.764893,37.724007,72.51962,78.52153,61.21672,66.553375
-fxrku1rAPX8f7w4HIrk9oRUecKAfNNFJd1xriLbB2A,e43ae21d377ae58e7e751a7b58774aa8,166.5,1,97.81636,98.47074,0.6543808,90.39958,86.02909,4.370491,97.56271,96.68244,0.8802719,50.936096,50.210236,0.7258606,34.993958,34.69794,0.2960167,22.063173,23.044798,0.9816246,51.94348,48.56846,3.375023,24.351513,25.70849,1.3569775,15.613967,16.026339,0.41237164,29.011816,29.148975,0.13715935,34.313942,35.52883,1.2148895,80.80277,76.065865,4.736908,62.23643,63.579124,1.3426933,91.495674,105.44581,77.88632,94.17186,90.76865,102.59624,45.333786,55.086685,31.451653,37.94423,21.406256,24.68334,46.357452,50.779465,23.51616,27.900822,14.930702,17.121975,25.767946,32.530006,33.549274,37.50839,73.06491,79.06682,60.910797,66.24745
3QXMgxLgcifTE3JD5gChuT-j8lWjnEzRmQDINN_h3tM,607f57c30a95624aaaa5ba3ef2f1aa7f,180.5,1,99.0267,99.15643,0.12973022,80.51778,83.44166,2.9238815,95.4387,97.56199,2.123291,49.014004,51.689342,2.6753387,35.020664,37.013107,1.9924431,25.077698,25.337696,0.25999832,51.782703,52.83694,1.0542374,27.302652,27.30808,0.005428314,16.994265,17.104792,0.11052704,29.454111,30.323606,0.8694954,37.919926,37.81877,0.10115433,78.95356,83.01282,4.0592575,70.94774,68.93431,2.0134277,92.181366,106.1315,75.29889,91.58443,91.64819,103.475784,46.812893,56.565792,33.76682,40.259396,23.699154,26.976238,50.625935,55.047947,25.11575,29.500412,16.009155,18.200428,26.942577,33.704636,35.839214,39.79833,80.01186,86.01377,66.26598,71.60264
3QXMgxLgcifTE3JD5gChuT-j8lWjnEzRmQDINN_h3tM,d11236767ebc8f80aa7b56623f74b130,180.5,1,99.0267,99.22107,0.19436646,80.51778,84.67486,4.1570816,95.4387,97.18363,1.7449341,49.014004,50.22889,1.2148857,35.020664,35.413925,0.39326096,25.077698,24.71094,0.36675835,51.782703,53.44695,1.6642456,27.302652,26.514708,0.7879448,16.994265,16.79474,0.19952393,29.454111,29.282269,0.17184258,37.919926,37.391052,0.52887344,78.95356,84.1523,5.198738,70.94774,68.604576,2.3431625,92.246,106.19614,76.53209,92.81763,91.26984,103.09743,45.35244,55.10534,32.167637,38.660213,23.072397,26.349482,51.235943,55.657955,24.322376,28.707039,15.699104,17.890377,25.90124,32.6633,35.411495,39.37061,81.151344,87.15325,65.93625,71.2729
UbixyJ3QdnK9uOm6YjoaGHrNwsTpwNaeuWEuEOs9nsc,92d1cf4eee5b3c9daf182742cfc3d874,164.7,0,88.49869,86.12546,2.37323,80.41668,73.90315,6.513527,97.381195,93.67526,3.7059326,52.658203,49.200176,3.458027,33.815487,34.36701,0.5515213,21.531729,21.971409,0.4396801,48.470177,46.42557,2.0446053,22.838789,22.58165,0.2571392,15.017593,14.839561,0.17803192,26.68234,25.16615,1.5161915,32.134243,31.628239,0.50600433,75.95285,74.15613,1.7967224,59.618793,58.78327,0.8355217,79.15039,93.100525,65.76038,82.04592,87.76147,99.58906,44.323727,54.076626,31.12072,37.613297,20.332867,23.609951,44.214565,48.636578,20.389318,24.773981,13.743925,15.935198,21.78512,28.547178,29.648682,33.607796,71.155174,77.15708,56.114944,61.4516
FYyN-I3eUVTrNJplKYfglP48b18n5SFmNaF-3XPqTWE,470a0f8a3a3c279011486cce1bf212e8,154.75,0,80.91333,87.687935,6.774605,67.820915,75.13309,7.312172,86.9816,92.62374,5.6421432,47.529533,48.875042,1.3455086,33.795254,33.403595,0.39165878,20.650572,21.10939,0.45881844,45.23767,44.189922,1.0477486,22.274696,22.522156,0.24745941,14.070781,14.513492,0.44271088,24.04203,25.651567,1.6095371,31.992266,31.207222,0.7850437,70.63936,70.233955,0.40540314,55.04692,55.778996,0.73207474,80.71287,94.663,66.99032,83.275856,86.709946,98.53754,43.998592,53.75149,30.157307,36.649883,19.470848,22.747932,41.978916,46.40093,20.329824,24.714487,13.417855,15.609128,22.270538,29.032597,29.227665,33.18678,67.233,73.23491,53.11067,58.447323
FYyN-I3eUVTrNJplKYfglP48b18n5SFmNaF-3XPqTWE,0609fb4c565895f2ba0e60e7ae9d15f1,154.75,0,80.91333,84.05714,3.1438065,67.820915,71.14236,3.3214417,86.9816,90.23569,3.2540894,47.529533,47.646446,0.11691284,33.795254,33.28916,0.5060921,20.650572,21.131445,0.4808731,45.23767,44.016983,1.2206879,22.274696,22.073242,0.20145416,14.070781,14.481178,0.41039753,24.04203,24.700623,0.6585922,31.992266,30.85593,1.1363354,70.63936,69.88673,0.75263214,55.04692,55.524975,0.47805405,77.08207,91.0322,62.999588,79.285126,84.32189,96.14948,42.769997,52.522896,30.042873,36.53545,19.492903,22.769987,41.805977,46.22799,19.88091,24.265574,13.385542,15.576815,21.319593,28.081652,28.876373,32.835487,66.88577,72.88768,52.856647,58.193302
ZNGNCePYeJ8WkZFu-d5LHrMkuzGvEKDkF2--LrkNSLY,d5a928b2f6094dea1d7f6a9e17f5f292,187.0,1,103.00704,102.34568,0.6613617,81.813736,88.565,6.7512665,101.88447,102.980934,1.0964661,52.95394,53.96064,1.0066986,37.99116,38.074913,0.08375168,26.603338,26.151009,0.45232964,53.445843,55.478214,2.0323715,28.14296,27.664371,0.4785881,17.756887,17.733065,0.023822784,30.43511,30.467964,0.03285408,38.42769,38.26392,0.16376877,85.420296,87.84462,2.424324,72.741646,71.85066,0.8909836,95.37061,109.32075,80.42223,96.70777,97.06714,108.89473,49.08419,58.83709,34.828625,41.3212,24.512466,27.78955,53.26721,57.68922,25.47204,29.856703,16.637428,18.828701,27.086935,33.84899,36.284363,40.243477,84.843666,90.84557,69.182335,74.51899
KRhhODp3IdNvOwJrGTgxyFFSajMFzlvI6-oXD7zUB1M,db6b48f3cbe79ff9473ac63723c0bfdd,171.0,0,86.35266,91.89202,5.53936,76.72072,79.431305,2.7105865,94.66975,96.9576,2.287857,49.53753,50.68195,1.1444206,34.720284,34.704124,0.016159058,22.341955,22.778288,0.4363327,50.763943,49.61966,1.1442833,23.13227,23.831034,0.6987629,15.017077,15.430012,0.4129343,26.323837,26.707952,0.38411522,31.020594,33.21174,2.191145,79.05863,79.525894,0.46726227,60.461933,61.831516,1.3695831,84.916954,98.86709,71.288536,87.57407,91.04381,102.8714,45.8055,55.5584,31.457836,37.950413,21.139746,24.41683,47.408653,51.830666,21.638702,26.023365,14.334375,16.525648,23.326923,30.088982,31.232182,35.191296,76.52494,82.52685,59.16319,64.49985
KRhhODp3IdNvOwJrGTgxyFFSajMFzlvI6-oXD7zUB1M,6542d3e225e1bedbb216de70c139041b,171.0,0,86.35266,86.620056,0.26739502,76.72072,73.94241,2.778305,94.66975,94.04379,0.6259537,49.53753,49.52265,0.014877319,34.720284,35.4464,0.7261162,22.341955,22.946465,0.60450935,50.763943,48.16362,2.6003227,23.13227,23.209045,0.0767746,15.017077,15.165631,0.14855385,26.323837,25.540161,0.78367615,31.020594,32.759884,1.7392902,79.05863,76.92293,2.135704,60.461933,61.672752,1.2108192,79.64499,93.59512,65.799644,82.08518,88.13,99.95759,44.646202,54.3991,32.20011,38.692688,21.307922,24.585007,45.952614,50.374626,21.016714,25.401377,14.069995,16.261269,22.159132,28.92119,30.780327,34.73944,73.921974,79.92388,59.004425,64.34108
KRhhODp3IdNvOwJrGTgxyFFSajMFzlvI6-oXD7zUB1M,bcb48b05b8eec372ee59fb49b82eefac,171.0,0,86.35266,85.6983,0.6543579,76.72072,72.98725,3.733467,94.66975,92.672874,1.996872,49.53753,48.15814,1.3793907,34.720284,34.605156,0.11512756,22.341955,22.747044,0.40508842,50.763943,48.52365,2.2402916,23.13227,22.760132,0.37213898,15.017077,15.040785,0.02370739,26.323837,24.863756,1.4600811,31.020594,32.609715,1.5891209,79.05863,77.50551,1.5531235,60.461933,61.379654,0.9177208,78.723236,92.67337,64.84448,81.13002,86.75908,98.58667,43.28169,53.034588,31.358868,37.851444,21.108501,24.385586,46.312645,50.734657,20.5678,24.952463,13.945148,16.136421,21.482727,28.244785,30.630157,34.58927,74.504555,80.50646,58.711327,64.04798
m5iE5ONAl9oOehQUPESjjt3iAA68qXS_JJKffnRNnjE,7ab33f9e67ff5cca0cfc566dc02be023,174.0,1,97.19215,99.673515,2.481369,87.01091,85.71834,1.292572,99.39551,97.753624,1.6418839,53.537346,51.84125,1.6960945,35.96737,36.867165,0.89979553,24.354418,24.595375,0.24095726,51.41682,50.437,0.97982025,26.707104,27.099173,0.39206886,16.280115,16.7052,0.42508507,30.897873,30.447697,0.45017624,37.16095,37.197304,0.036354065,80.238365,78.82197,1.4163971,65.529945,67.07557,1.5456238,92.69845,106.64858,77.57557,93.86111,91.83983,103.66742,46.9648,56.7177,33.620876,40.113453,22.956833,26.233917,48.225994,52.648006,24.906841,29.291504,15.609564,17.800837,27.066668,33.828728,35.217747,39.17686,75.821014,81.82292,64.40724,69.7439
m5iE5ONAl9oOehQUPESjjt3iAA68qXS_JJKffnRNnjE,c8f6c3321342c22e4bc3ee03948d67ea,174.0,1,97.19215,102.7082,5.5160522,87.01091,89.21841,2.2074966,99.39551,99.8665,0.47099304,53.537346,53.129143,0.40820312,35.96737,37.750744,1.7833748,24.354418,24.890604,0.5361862,51.41682,50.444077,0.972744,26.707104,27.842854,1.1357498,16.280115,17.136003,0.85588837,30.897873,31.438307,0.5404339,37.16095,37.67128,0.5103302,80.238365,78.83725,1.4011154,65.529945,67.544525,2.0145798,95.73313,109.683266,81.07564,97.361176,93.952705,105.7803,48.252693,58.005592,34.504456,40.997032,23.252062,26.529146,48.23307,52.655083,25.650522,30.035185,16.040367,18.23164,28.057278,34.819336,35.691723,39.650837,75.836296,81.8382,64.8762,70.21285
m5iE5ONAl9oOehQUPESjjt3iAA68qXS_JJKffnRNnjE,b9b9874cd4328d873b6dc147dcfcfd59,174.0,1,97.19215,100.12174,2.929596,87.01091,86.62116,0.38974762,99.39551,98.12215,1.2733612,53.537346,51.56542,1.9719276,35.96737,36.180172,0.21280289,24.354418,24.313072,0.041345596,51.41682,50.845768,0.57105255,26.707104,26.826208,0.119104385,16.280115,16.617569,0.33745384,30.897873,30.195911,0.7019615,37.16095,36.961323,0.19962692,80.238365,79.72273,0.5156326,65.529945,66.75438,1.2244339,93.146675,107.09681,78.47839,94.76393,92.20835,104.03594,46.68897,56.441868,32.933884,39.42646,22.67453,25.951614,48.63476,53.056774,24.633877,29.01854,15.521933,17.713205,26.814882,33.576942,34.981766,38.94088,76.72178,82.72369,64.08605,69.42271
m5iE5ONAl9oOehQUPESjjt3iAA68qXS_JJKffnRNnjE,55942945406afd92ff25bfd7f56adf77,174.0,1,97.19215,98.61125,1.4191055,87.01091,84.962715,2.048195,99.39551,96.992004,2.4035034,53.537346,50.89782,2.6395264,35.96737,35.903366,0.06400299,24.354418,24.227985,0.12643242,51.41682,50.733356,0.68346405,26.707104,26.517624,0.18947983,16.280115,16.49231,0.21219444,30.897873,29.69358,1.2042923,37.16095,36.782322,0.37862778,80.238365,79.44703,0.79133606,65.529945,66.70797,1.1780243,91.636185,105.58632,76.81995,93.105484,91.07821,102.9058,46.02137,55.77427,32.657078,39.149654,22.589443,25.866528,48.52235,52.944363,24.325293,28.709955,15.396673,17.587946,26.312551,33.074608,34.802765,38.76188,76.446075,82.44798,64.03964,69.3763
m5iE5ONAl9oOehQUPESjjt3iAA68qXS_JJKffnRNnjE,191ecab5a7f996d16c1ac3ded21af679,174.0,1,97.19215,100.09224,2.900093,87.01091,86.47396,0.53694916,99.39551,96.88882,2.506691,53.537346,50.535374,3.0019722,35.96737,35.590218,0.3771515,24.354418,24.099577,0.25484085,51.41682,50.746723,0.67009735,26.707104,26.650515,0.056589127,16.280115,16.560148,0.2800331,30.897873,29.873127,1.024746,37.16095,36.9278,0.23315048,80.238365,79.46965,0.7687149,65.529945,66.39533,0.86538696,93.11717,107.06731,78.33119,94.61673,90.97502,102.80261,45.658924,55.411823,32.34393,38.836506,22.461035,25.73812,48.535717,52.95773,24.458183,28.842846,15.464512,17.655785,26.492098,33.254158,34.948242,38.907356,76.4687,82.470604,63.727005,69.06366
m5iE5ONAl9oOehQUPESjjt3iAA68qXS_JJKffnRNnjE,ba298f88ba1c0f7df9e59134a819022c,174.0,1,97.19215,101.23038,4.038231,87.01091,87.18706,0.17614746,99.39551,97.7094,1.6861115,53.537346,51.689342,1.8480034,35.96737,36.775154,0.80778503,24.354418,24.57309,0.2186718,51.41682,50.388657,1.0281639,26.707104,27.427746,0.7206421,16.280115,16.893839,0.61372375,30.897873,30.83352,0.064352036,37.16095,37.48491,0.32395935,80.238365,78.68045,1.5579147,65.529945,66.93391,1.4039612,94.25531,108.205444,79.04429,95.32983,91.7956,103.62319,46.812893,56.565792,33.528866,40.021442,22.934547,26.211632,48.17765,52.599663,25.235415,29.620077,15.7982025,17.989475,27.452492,34.21455,35.505352,39.464466,75.6795,81.681404,64.26558,69.602234
_r5m-6Cs1ruZ6VecGYZlSbNSMDLCVT3wYpjoXQ46NQQ,a80fe46d1432ddffe6d7ff33e275c144,174.5,0,93.91475,90.486916,3.4278336,78.197495,77.73033,0.4671631,99.8994,99.0754,0.8239975,52.03629,52.606125,0.56983566,36.99745,36.44538,0.5520706,23.429932,23.609062,0.17913055,50.135864,50.36468,0.22881699,24.959898,24.028446,0.9314518,15.853481,15.653267,0.20021439,27.893951,26.924799,0.96915245,34.194668,33.316322,0.8783455,80.63821,81.23023,0.59202576,62.15955,63.07841,0.9188614,83.51185,97.46198,69.58756,85.8731,93.161606,104.9892,47.729675,57.482574,33.199093,39.69167,21.97052,25.247604,48.153675,52.575687,21.836115,26.220778,14.557631,16.748903,23.54377,30.305828,31.336765,35.29588,78.22928,84.231186,60.410084,65.746735
_r5m-6Cs1ruZ6VecGYZlSbNSMDLCVT3wYpjoXQ46NQQ,5c7451cbb6056cb72504cc218fd4d6fa,174.5,0,93.91475,92.12246,1.7922897,78.197495,79.46401,1.2665176,99.8994,98.58894,1.3104553,52.03629,51.858574,0.1777153,36.99745,35.36908,1.6283722,23.429932,23.26168,0.16825104,50.135864,50.699554,0.5636902,24.959898,24.066307,0.8935909,15.853481,15.582031,0.27145004,27.893951,27.036207,0.8577442,34.194668,33.55901,0.63565826,80.63821,81.58479,0.9465866,62.15955,63.034447,0.874897,85.14739,99.09753,71.32124,87.60678,92.67515,104.50274,46.982124,56.735023,32.12279,38.615368,21.623138,24.900223,48.48855,52.91056,21.873976,26.258638,14.486395,16.677668,23.655178,30.417236,31.579453,35.538567,78.58384,84.58575,60.36612,65.702774
9HxPwgDHs897rkdxq6WDeGiyOKMKHtlOitUDZNRk6xY,a2441b66c0cd68a99b8544d10ca76b46,169.5,1,96.521965,101.93916,5.417198,80.90094,87.71861,6.8176727,101.03822,98.72653,2.3116913,52.467,52.824657,0.3576584,35.880245,37.60113,1.7208862,26.07739,24.603188,1.4742031,49.574936,49.187508,0.38742828,25.322218,27.891531,2.569313,17.358656,17.29757,0.061086655,27.614864,31.573587,3.958723,37.232277,37.32535,0.0930748,75.84317,76.58671,0.7435379,66.1156,65.80974,0.30586243,94.964096,108.91423,79.57584,95.86138,92.81274,104.64033,47.948208,57.701107,34.354843,40.84742,22.964645,26.24173,46.9765,51.398514,25.6992,30.083862,16.201933,18.393206,28.192558,34.954617,35.345795,39.30491,73.585754,79.58766,63.14141,68.478065
8PEXA0Sfr-ccgI-cjmAYWSeB_SOb61Ow4AvERq7vKGU,37670d27086ae96aabfb077e184b5847,162.2,0,89.07317,88.531006,0.54216766,69.03462,75.32935,6.294731,92.85268,93.03157,0.17889404,51.794518,49.098904,2.6956139,37.867886,34.074738,3.793148,24.849777,21.873995,2.9757824,49.100327,46.1017,2.9986267,25.015219,23.17389,1.8413296,15.472335,14.971752,0.5005827,26.530403,26.09322,0.43718338,33.388554,32.151154,1.2374,76.41837,73.334526,3.083847,57.877922,58.084717,0.20679474,81.55594,95.50607,67.186584,83.47212,87.117775,98.945366,44.222454,53.975353,30.82845,37.321026,20.235453,23.512537,43.890694,48.312706,20.981558,25.36622,13.876116,16.067389,22.71219,29.474249,30.171597,34.13071,70.33357,76.33548,55.41639,60.753044
8PEXA0Sfr-ccgI-cjmAYWSeB_SOb61Ow4AvERq7vKGU,3eed3c6cf76738b09f46607049c87f78,162.2,0,89.07317,86.96852,2.1046524,69.03462,73.27511,4.240486,92.85268,92.4665,0.38617706,51.794518,49.46402,2.3304977,37.867886,35.18042,2.6874657,24.849777,22.280191,2.5695858,49.100327,45.42566,3.6746674,25.015219,23.246906,1.7683125,15.472335,15.034909,0.4374256,26.530403,26.057411,0.47299194,33.388554,32.12434,1.2642136,76.41837,72.151024,4.2673492,57.877922,58.05052,0.17259979,79.993454,93.94359,65.13234,81.41788,86.552704,98.380295,44.58757,54.34047,31.934132,38.42671,20.64165,23.918734,43.214653,47.636665,21.054575,25.439238,13.939273,16.130547,22.676382,29.43844,30.144783,34.103897,69.15007,75.15198,55.382195,60.71885
8PEXA0Sfr-ccgI-cjmAYWSeB_SOb61Ow4AvERq7vKGU,77d1eb7182ccfa2efc45918f17b89264,162.2,0,89.07317,90.11597,1.0427933,69.03462,76.945274,7.910652,92.85268,95.92082,3.0681458,51.794518,51.11902,0.67549896,37.867886,35.13712,2.7307663,24.849777,22.120287,2.7294903,49.100327,45.815563,3.2847633,25.015219,23.582237,1.4329815,15.472335,15.228788,0.24354649,26.530403,26.952652,0.42224884,33.388554,32.070705,1.3178482,76.41837,73.08511,3.3332596,57.877922,58.133568,0.25564575,83.1409,97.091034,68.802505,85.08804,90.00703,101.83462,46.24257,55.99547,31.890831,38.383408,20.481745,23.75883,43.604557,48.02657,21.389906,25.774569,14.133152,16.324425,23.571623,30.333681,30.091148,34.050262,70.08416,76.08607,55.46524,60.801895
8PEXA0Sfr-ccgI-cjmAYWSeB_SOb61Ow4AvERq7vKGU,21d6a060c932d139c0deaed73d6e9bae,162.2,0,89.07317,89.54268,0.4695053,69.03462,75.00224,5.967621,92.85268,93.99957,1.1468964,51.794518,50.63931,1.1552086,37.867886,35.43403,2.433857,24.849777,22.434584,2.4151936,49.100327,45.887882,3.2124443,25.015219,24.040615,0.97460365,15.472335,15.455715,0.016619682,26.530403,27.23316,0.7027569,33.388554,32.617756,0.7707977,76.41837,72.8846,3.5337753,57.877922,58.221497,0.34357452,82.56761,96.517746,66.859474,83.14501,88.08578,99.91337,45.76286,55.51576,32.18774,38.680317,20.796041,24.073126,43.676876,48.09889,21.848284,26.232946,14.360079,16.551352,23.85213,30.61419,30.638199,34.597313,69.883644,75.88555,55.55317,60.889824
8PEXA0Sfr-ccgI-cjmAYWSeB_SOb61Ow4AvERq7vKGU,25b74fb6492c5476c867d269cc0d853e,162.2,0,89.07317,91.10516,2.03199,69.03462,77.128456,8.093834,92.85268,95.41471,2.5620346,51.794518,50.873833,0.9206848,37.867886,35.082996,2.7848892,24.849777,22.250784,2.5989933,49.100327,46.1017,2.9986267,25.015219,23.983826,1.031393,15.472335,15.490232,0.017897606,26.530403,27.346558,0.8161545,33.388554,32.491722,0.8968315,76.41837,73.39321,3.0251617,57.877922,58.270348,0.39242554,84.1301,98.08023,68.98569,85.271225,89.500916,101.32851,45.997383,55.750282,31.836708,38.329285,20.612242,23.889326,43.890694,48.312706,21.791494,26.176157,14.394596,16.585869,23.965528,30.727587,30.512165,34.47128,70.39226,76.394165,55.60202,60.938675
8PEXA0Sfr-ccgI-cjmAYWSeB_SOb61Ow4AvERq7vKGU,c0b2068143254c1e4c0eaef489d3208f,162.2,0,89.07317,87.91275,1.1604233,69.03462,73.45829,4.423668,92.85268,92.4665,0.38617706,51.794518,49.68522,2.1092987,37.867886,35.319595,2.5482903,24.849777,22.403337,2.4464397,49.100327,45.560867,3.5394592,25.015219,23.74179,1.273428,15.472335,15.347026,0.12530899,26.530403,26.626387,0.095983505,33.388554,32.48636,0.902195,76.41837,72.22438,4.1939926,57.877922,58.3192,0.44127655,80.93768,94.88782,65.31552,81.60106,86.552704,98.380295,44.80877,54.56167,32.073307,38.565884,20.764795,24.04188,43.34986,47.771873,21.54946,25.934122,14.2513895,16.442661,23.245358,30.007416,30.506802,34.465916,69.22343,75.225334,55.65087,60.987526
8PEXA0Sfr-ccgI-cjmAYWSeB_SOb61Ow4AvERq7vKGU,5c3bd955f3007b017efeeee7ee9ffbcb,162.2,0,89.07317,87.71042,1.3627548,69.03462,74.88448,5.849861,92.85268,93.223206,0.37052917,51.794518,49.178856,2.6156616,37.867886,33.9603,3.9075851,24.849777,21.75085,3.0989265,49.100327,46.067112,3.0332146,25.015219,22.914278,2.1009407,15.472335,14.842499,0.6298361,26.530403,25.798786,0.731617,33.388554,31.826677,1.5618763,76.41837,73.422554,2.995819,57.877922,57.85512,0.022800446,80.73535,94.685486,66.741714,83.02725,87.30941,99.137,44.302406,54.055305,30.714012,37.20659,20.112309,23.389393,43.856106,48.27812,20.721947,25.10661,13.746862,15.938135,22.417757,29.179815,29.84712,33.806236,70.4216,76.42351,55.186794,60.52345
8PEXA0Sfr-ccgI-cjmAYWSeB_SOb61Ow4AvERq7vKGU,bf4ee51b4215eb20d76405fbd7c426f7,162.2,0,89.07317,88.01392,1.0592499,69.03462,74.80598,5.7713547,92.85268,94.31404,1.4613647,51.794518,50.151604,1.6429138,37.867886,34.62835,3.2395363,24.849777,21.987951,2.861826,49.100327,46.026234,3.0740929,25.015219,23.214455,1.8007641,15.472335,15.05841,0.41392517,26.530403,26.300121,0.23028183,33.388554,31.8964,1.4921532,76.41837,73.38832,3.0300522,57.877922,58.006557,0.1286354,81.03886,94.98899,66.66321,82.948746,88.400246,100.22784,45.275154,55.028053,31.382061,37.874638,20.34941,23.626493,43.815228,48.23724,21.022123,25.406786,13.962773,16.154045,22.919092,29.68115,29.916843,33.875957,70.38737,76.389275,55.33823,60.674885
AYTfYEz3WD-XDPEqz4dwBmf_kEM8aL1V3rC8IaXKhFY,262dcad6037418650b69615536574290,168.5,0,85.43072,89.14925,3.7185287,73.99421,75.630295,1.6360855,92.270584,94.16663,1.8960495,48.979324,49.75451,0.77518463,35.26788,34.557217,0.71066284,21.293219,22.507185,1.2139664,47.630497,48.14318,0.51268387,23.858278,23.679592,0.17868614,14.434747,15.302962,0.86821556,27.050121,26.50901,0.541111,32.939976,32.840332,0.09964371,76.82989,76.92537,0.09548187,60.479717,60.085125,0.3945923,82.17418,96.12431,67.487526,83.77306,88.25284,100.08043,44.87806,54.63096,31.310928,37.803505,20.868643,24.145727,45.932175,50.354187,21.48726,25.871923,14.207326,16.398598,23.127981,29.89004,30.860775,34.81989,73.924416,79.92632,57.416798,62.753452
AYTfYEz3WD-XDPEqz4dwBmf_kEM8aL1V3rC8IaXKhFY,473e2414a8b662dc2b3a33e8079112ea,168.5,0,85.43072,89.40779,3.9770737,73.99421,76.36302,2.3688126,92.270584,95.13954,2.8689575,48.979324,49.890427,0.9111023,35.26788,34.42113,0.84674835,21.293219,22.440098,1.1468792,47.630497,48.515003,0.8845062,23.858278,23.452433,0.40584564,14.434747,15.393292,0.9585457,27.050121,26.204628,0.8454933,32.939976,32.564125,0.37585068,76.82989,77.696236,0.86634827,60.479717,60.192596,0.28712082,82.432724,96.38286,68.22025,84.50579,89.225746,101.05334,45.013977,54.766876,31.174843,37.66742,20.801556,24.07864,46.303997,50.72601,21.260101,25.644764,14.297656,16.48893,22.823599,29.585657,30.584568,34.543682,74.69528,80.69719,57.52427,62.860924
AYTfYEz3WD-XDPEqz4dwBmf_kEM8aL1V3rC8IaXKhFY,82c46978185eb30b06f1515b81b9f58a,168.5,0,85.43072,89.91363,4.48291,73.99421,76.945274,2.951065,92.270584,96.03384,3.7632523,48.979324,50.48207,1.5027466,35.26788,34.501545,0.76633453,21.293219,22.431828,1.1386089,47.630497,48.643925,1.0134277,23.858278,23.520039,0.33823967,14.434747,15.40284,0.9680929,27.050121,26.431423,0.6186981,32.939976,32.513176,0.42679977,76.82989,78.07708,1.2471924,60.479717,60.053375,0.426342,82.93856,96.888695,68.802505,85.08804,90.12004,101.94763,45.60562,55.35852,31.255257,37.747833,20.793285,24.07037,46.43292,50.85493,21.327707,25.71237,14.307203,16.498476,23.050394,29.812452,30.533619,34.492733,75.076126,81.07803,57.385048,62.721703
AYTfYEz3WD-XDPEqz4dwBmf_kEM8aL1V3rC8IaXKhFY,2ee8c694dfe68713da81f3069489ff0e,168.5,0,85.43072,87.10341,1.6726913,73.99421,73.262024,0.73218536,92.270584,92.52547,0.2548828,48.979324,48.408653,0.5706711,35.26788,33.867516,1.4003639,21.293219,22.409771,1.1165524,47.630497,48.63999,1.0094948,23.858278,23.044083,0.81419563,14.434747,15.17885,0.74410343,27.050121,25.460583,1.5895386,32.939976,32.534626,0.40534973,76.82989,77.743004,0.91311646,60.479717,59.967888,0.5118294,80.12834,94.078476,65.119255,81.40479,86.61167,98.43926,43.532204,53.285103,30.621227,37.113804,20.771229,24.048313,46.428986,50.850998,20.851751,25.236414,14.083214,16.274487,22.079554,28.841612,30.555069,34.514183,74.74205,80.74396,57.29956,62.636215
AYTfYEz3WD-XDPEqz4dwBmf_kEM8aL1V3rC8IaXKhFY,0646b203554ad6151c04cbb32490ca34,168.5,0,85.43072,85.810715,0.37999725,73.99421,72.31995,1.674263,92.270584,94.092926,1.8223419,48.979324,50.106297,1.1269722,35.26788,35.678364,0.4104843,21.293219,22.934519,1.6413002,47.630497,47.875126,0.2446289,23.858278,23.200933,0.6573448,14.434747,15.2831335,0.84838676,27.050121,25.703293,1.3468285,32.939976,32.37373,0.56624603,76.82989,76.647835,0.18205261,60.479717,60.3709,0.108818054,78.83565,92.78578,64.17718,80.462715,88.17913,100.00672,45.229847,54.982746,32.432076,38.924652,21.295977,24.573061,45.66412,50.086132,21.008602,25.393265,14.187497,16.378769,22.322264,29.084322,30.394173,34.353287,73.64688,79.64879,57.70257,63.039227
AYTfYEz3WD-XDPEqz4dwBmf_kEM8aL1V3rC8IaXKhFY,bbf827f5335c86757fd5235f423e5d2e,168.5,0,85.43072,88.10385,2.6731339,73.99421,74.505035,0.5108261,92.270584,93.85707,1.5864868,48.979324,49.306778,0.3274536,35.26788,34.472164,0.79571533,21.293219,22.540268,1.2470493,47.630497,48.444256,0.81375885,23.858278,23.31181,0.54646873,14.434747,15.358042,0.923295,27.050121,25.92213,1.1279907,32.939976,32.56949,0.3704872,76.82989,77.476166,0.6462784,60.479717,60.143745,0.33597183,81.128784,95.07892,66.36227,82.647804,87.943275,99.77087,44.43033,54.183228,31.225876,37.718452,20.901726,24.17881,46.23325,50.655262,21.119478,25.50414,14.262405,16.453678,22.541101,29.30316,30.589931,34.549046,74.47521,80.47712,57.475418,62.812073
AYTfYEz3WD-XDPEqz4dwBmf_kEM8aL1V3rC8IaXKhFY,d9186dc16a347ecdafc4776edf0245f4,168.5,0,85.43072,85.979324,0.5486069,73.99421,71.87508,2.119133,92.270584,92.73184,0.46125793,48.979324,49.330765,0.35144043,35.26788,35.52063,0.2527504,21.293219,22.929005,1.635786,47.630497,47.56383,0.06666565,23.858278,23.371304,0.48697472,14.434747,15.448372,1.0136251,27.050121,25.735125,1.3149967,32.939976,32.55876,0.38121414,76.82989,75.854355,0.97553253,60.479717,60.368458,0.11125946,79.00426,92.95439,63.732307,80.017845,86.81805,98.64564,44.454315,54.207214,32.27434,38.76692,21.290462,24.567547,45.352825,49.774837,21.178972,25.563635,14.3527355,16.544008,22.354095,29.116154,30.579205,34.53832,72.8534,78.85531,57.70013,63.036785
TvPLietnYNztbsCXuzZoZQlAFfGmiZkfW_EM4Qzd8Hc,c39b6081186f7b3cfe0fbdb13e7496bc,168.0,0,87.49178,86.87859,0.6131897,76.14011,74.42653,1.7135773,89.26465,92.780975,3.516327,48.832134,47.838333,0.9938011,35.875587,33.32937,2.5462189,23.338884,22.06147,1.2774143,50.25973,48.59833,1.6613998,23.791933,22.378826,1.4131069,15.77764,14.82928,0.94836044,24.782612,24.67675,0.105861664,32.2946,32.09484,0.19976044,80.37954,77.916306,2.463234,59.361725,59.8482,0.4864769,79.90353,93.85366,66.28376,82.5693,86.86718,98.69477,42.961884,52.714783,30.08308,36.575657,20.422928,23.700012,46.387325,50.809338,20.186495,24.571157,13.733644,15.924916,21.295721,28.05778,30.115284,34.074398,74.91535,80.91726,57.179874,62.51653
82t2wzhvpYRd2rudDmLHb-gjlDhOB-gpZa4XCmeD-5k,ff89a45dd6f75c9ddf5e55fbaecbb7e0,168.0,1,90.94263,99.24496,8.30233,80.51427,86.30386,5.7895966,90.51259,95.98961,5.4770203,46.69622,49.81847,3.1222496,35.3083,35.194336,0.11396408,22.724491,23.459724,0.7352333,49.396233,48.926132,0.4701004,24.976154,26.230757,1.2546024,16.584812,16.46679,0.11802292,29.20907,29.457336,0.24826622,36.139004,36.117783,0.02122116,75.65241,76.33118,0.67876434,64.7102,64.40958,0.30062103,92.26989,106.220024,78.161095,94.44663,90.07581,101.903404,44.94202,54.69492,31.948048,38.440624,21.821182,25.098267,46.715126,51.13714,24.038425,28.423088,15.371153,17.562426,26.076307,32.838364,34.138226,38.09734,73.33022,79.33213,61.74125,67.0779
TFIecvIbX-tK0pUO3SJc4RL3hHQ8ybyG6IIvoTX5Wl0,e001372394208a4510770d63781f2ef3,184.5,1,98.340965,100.52782,2.1868515,82.69966,86.58845,3.8887863,99.317055,100.53968,1.2226257,48.96988,52.06645,3.096569,36.86866,36.286877,0.5817833,24.23091,25.243038,1.0121288,54.534054,54.984547,0.45049286,27.495007,26.828575,0.6664314,17.339094,17.210176,0.1289177,30.681393,29.595602,1.0857906,35.570305,37.55329,1.9829865,86.24702,86.998566,0.75154877,68.79982,70.02856,1.2287369,93.55275,107.502884,78.44568,94.73122,94.625885,106.453476,47.19,56.942898,33.04059,39.533165,23.604496,26.88158,52.77354,57.195553,24.636244,29.020906,16.11454,18.305813,26.214573,32.97663,35.573734,39.53285,83.99761,89.99952,67.36023,72.696884
TFIecvIbX-tK0pUO3SJc4RL3hHQ8ybyG6IIvoTX5Wl0,f0128d57840499df9cf666e603f8e97d,184.5,1,98.340965,99.56532,1.2243576,82.69966,85.24076,2.5410995,99.317055,99.630646,0.313591,48.96988,51.532104,2.5622253,36.86866,35.99383,0.87482834,24.23091,25.184223,0.9533138,54.534054,54.959393,0.42533875,27.495007,26.577341,0.9176655,17.339094,17.077803,0.2612915,30.681393,29.232533,1.4488602,35.570305,37.45139,1.8810844,86.24702,86.988785,0.7417679,68.79982,69.98459,1.1847687,92.590256,106.54039,77.09799,93.38353,93.71685,105.54444,46.655655,56.408554,32.747543,39.24012,23.545681,26.822765,52.748386,57.1704,24.38501,28.769672,15.982166,18.173439,25.851503,32.613564,35.471832,39.430946,83.98783,89.98974,67.31626,72.652916
TFIecvIbX-tK0pUO3SJc4RL3hHQ8ybyG6IIvoTX5Wl0,6b6bebe40dd1aa4d40f902eda70b8e3e,184.5,1,98.340965,97.81315,0.5278168,82.69966,82.44725,0.2524109,99.317055,98.5177,0.79935455,48.96988,51.185646,2.215767,36.86866,36.20337,0.66529083,24.23091,25.416729,1.1858196,54.534054,55.05687,0.5228157,27.495007,26.390648,1.1043587,17.339094,17.067154,0.27194023,30.681393,28.92815,1.7532425,35.570305,37.40312,1.8328133,86.24702,87.13061,0.8835907,68.79982,70.00901,1.2091904,90.83808,104.788216,74.30448,90.59002,92.603905,104.431496,46.309196,56.062096,32.95708,39.449657,23.778187,27.055271,52.845863,57.267876,24.198317,28.58298,15.971518,18.16279,25.547121,32.30918,35.42356,39.382675,84.129654,90.13156,67.34068,72.67734
TFIecvIbX-tK0pUO3SJc4RL3hHQ8ybyG6IIvoTX5Wl0,e4edbb5491438d062498c2d6d6c642f5,184.5,1,98.340965,101.91537,3.5744019,82.69966,88.1782,5.4785385,99.317055,101.465904,2.1488495,48.96988,52.55549,3.5856094,36.86866,36.279144,0.5895157,24.23091,25.2605,1.0295906,54.534054,55.207798,0.6737442,27.495007,27.105257,0.38974953,17.339094,17.369907,0.030813217,30.681393,30.0099,0.67149353,35.570305,37.714188,2.1438828,86.24702,87.38003,1.1330109,68.79982,70.08717,1.2873535,94.9403,108.890434,80.03543,96.32097,95.55211,107.3797,47.67904,57.43194,33.032856,39.525433,23.621958,26.899042,52.99679,57.418804,24.912926,29.297588,16.274271,18.465544,26.62887,33.39093,35.73463,39.693745,84.379074,90.38098,67.418846,72.7555
TFIecvIbX-tK0pUO3SJc4RL3hHQ8ybyG6IIvoTX5Wl0,556c6086f8f5cf5ada4fb666f978b708,184.5,1,98.340965,103.26146,4.920494,82.69966,90.007454,7.3077927,99.317055,101.436424,2.1193695,48.96988,52.552822,3.582943,36.86866,36.743065,0.1255951,24.23091,25.394674,1.163765,54.534054,54.72042,0.18636703,27.495007,27.484535,0.010471344,17.339094,17.406628,0.06753349,30.681393,30.455841,0.2255516,35.570305,38.155315,2.5850105,86.24702,86.37747,0.13045502,68.79982,70.595215,1.7953949,96.28639,110.23653,81.864685,98.15022,95.52263,107.35022,47.676373,57.42927,33.496777,39.989353,23.756132,27.033216,52.509415,56.931427,25.292204,29.676867,16.310991,18.502264,27.074812,33.83687,36.17576,40.134872,83.37652,89.378426,67.92689,73.26354
TFIecvIbX-tK0pUO3SJc4RL3hHQ8ybyG6IIvoTX5Wl0,39b6b991cfc1e5cb9c67ba255123e90a,184.5,1,98.340965,100.1386,1.7976379,82.69966,85.054306,2.3546448,99.317055,100.043396,0.72634125,48.96988,52.635437,3.6655579,36.86866,37.691208,0.8225479,24.23091,25.901041,1.6701317,54.534054,54.506603,0.027450562,27.495007,27.453436,0.041570663,17.339094,17.55681,0.21771622,30.681393,30.19616,0.4852333,35.570305,38.07755,2.507244,86.24702,85.961784,0.28523254,68.79982,70.79061,1.9907913,93.163536,107.11367,76.91154,93.197075,94.1296,105.95719,47.758987,57.511887,34.44492,40.937496,24.262499,27.539583,52.295597,56.71761,25.261105,29.645767,16.461174,18.652447,26.81513,33.577187,36.097992,40.057106,82.96083,88.96274,68.122284,73.45894
TFIecvIbX-tK0pUO3SJc4RL3hHQ8ybyG6IIvoTX5Wl0,465644339b119d4e93d5c49bfb924a16,184.5,1,98.340965,99.371414,1.0304489,82.69966,84.272514,1.5728531,99.317055,99.6331,0.31604767,48.96988,52.257,3.2871208,36.86866,37.35513,0.48646927,24.23091,25.805466,1.5745564,54.534054,54.648098,0.11404419,27.495007,27.15123,0.3437767,17.339094,17.420214,0.08111954,30.681393,29.81792,0.863472,35.570305,37.8952,2.324894,86.24702,86.24054,0.006477356,68.79982,70.70268,1.9028625,92.39635,106.34648,76.129745,92.41528,93.71931,105.5469,47.38055,57.13345,34.10884,40.601418,24.166924,27.444008,52.43709,56.859104,24.958899,29.343561,16.324577,18.51585,26.436892,33.19895,35.91564,39.874756,83.239586,89.24149,68.034355,73.37101
TFIecvIbX-tK0pUO3SJc4RL3hHQ8ybyG6IIvoTX5Wl0,34e44678951b9cafb548d34d2ca55a8d,184.5,1,98.340965,102.86311,4.522148,82.69966,89.0524,6.3527374,99.317055,101.55312,2.2360687,48.96988,52.81533,3.8454514,36.86866,36.995518,0.12685776,24.23091,25.619827,1.3889179,54.534054,55.097744,0.5636902,27.495007,27.57986,0.084854126,17.339094,17.570028,0.23093414,30.681393,30.490097,0.19129562,35.570305,38.25051,2.6802063,86.24702,86.96433,0.7173157,68.79982,70.98113,2.1813126,95.88805,109.83818,80.90963,97.19517,95.63933,107.46692,47.93888,57.69178,33.74923,40.241806,23.981285,27.25837,52.886738,57.30875,25.38753,29.772192,16.474392,18.665665,27.109068,33.871124,36.270954,40.23007,83.96338,89.96529,68.312805,73.64946
TFIecvIbX-tK0pUO3SJc4RL3hHQ8ybyG6IIvoTX5Wl0,a93c617cf48f902104829621ed5e4354,184.5,1,98.340965,103.23617,4.8952026,82.69966,89.60603,6.906372,99.317055,102.05739,2.7403336,48.96988,53.363667,4.3937874,36.86866,37.544106,0.67544556,24.23091,25.71816,1.4872513,54.534054,54.6198,0.085746765,27.495007,27.868546,0.37353897,17.339094,17.684593,0.34549904,30.681393,30.919315,0.23792267,35.570305,38.3256,2.7552948,86.24702,86.1085,0.13851929,68.79982,70.93228,2.1324615,96.2611,110.211235,81.463264,97.7488,96.14359,107.97118,48.487217,58.240116,34.297817,40.790394,24.079618,27.356703,52.408794,56.830807,25.676214,30.060877,16.588957,18.78023,27.538286,34.300346,36.346043,40.305157,83.107544,89.10945,68.263954,73.60061
TFIecvIbX-tK0pUO3SJc4RL3hHQ8ybyG6IIvoTX5Wl0,37b67dffc867aca6b91c77e9d32ed292,184.5,1,98.340965,103.87338,5.5324173,82.69966,89.95727,7.2576065,99.317055,102.41271,3.0956573,48.96988,53.91267,4.942791,36.86866,38.01924,1.1505814,24.23091,25.88358,1.6526699,54.534054,54.453148,0.080905914,27.495007,28.203876,0.70886993,17.339094,17.855707,0.516613,30.681393,31.351767,0.6703739,35.570305,38.473087,2.9027824,86.24702,85.89332,0.35369873,68.79982,70.83458,2.0347595,96.898315,110.84845,81.8145,98.10004,96.49892,108.32651,49.03622,58.78912,34.772953,41.26553,24.245037,27.522121,52.24214,56.664154,26.011545,30.396208,16.76007,18.951344,27.970737,34.732796,36.49353,40.452644,82.892365,88.89427,68.16625,73.50291
rBm27O5ZrP9rBC42jUthUitX75oq8ro6WrJdzyjKx_g,ba4235bf5253491b0713c4ccbda9ad8b,181.0,1,98.33466,96.5064,1.8282623,82.13711,81.30891,0.8282013,99.84396,96.94286,2.9011002,52.73033,51.11369,1.616642,36.339336,37.264496,0.92515945,25.70757,25.576635,0.13093376,53.79583,53.1388,0.6570282,26.693407,26.59253,0.10087776,17.381666,16.844358,0.53730774,27.914331,29.070395,1.1560631,35.353916,37.511726,2.1578102,82.18662,83.658356,1.4717331,70.59804,69.794075,0.8039627,89.531334,103.48147,73.16614,89.451675,91.02907,102.85666,46.23724,55.99014,34.018208,40.510784,23.938093,27.215178,50.927795,55.349808,24.400198,28.78486,15.748722,17.939995,25.689365,32.451424,35.53217,39.491283,80.6574,86.65931,67.12575,72.4624
rBm27O5ZrP9rBC42jUthUitX75oq8ro6WrJdzyjKx_g,8acae5fd3631b2d2ace1032c846512b0,181.0,1,98.33466,100.057106,1.7224426,82.13711,86.34312,4.206009,99.84396,100.12202,0.27805328,52.73033,52.652763,0.077568054,36.339336,37.3279,0.98856354,25.70757,25.341372,0.3661976,53.79583,53.13251,0.66331863,26.693407,27.047115,0.35370827,17.381666,16.960852,0.4208145,27.914331,30.029795,2.1154633,35.353916,37.56804,2.2141228,82.18662,83.80508,1.618454,70.59804,69.6402,0.95783997,93.08204,107.03217,78.20035,94.485886,94.20822,106.03581,47.776314,57.529213,34.08161,40.57419,23.70283,26.979914,50.921505,55.343517,24.854784,29.239447,15.865215,18.056488,26.648766,33.410824,35.58848,39.547596,80.80412,86.80603,66.97187,72.308525
u-19n5ZqWqhr06xLR-DOLpXuTZ45cUnyQKTNCI5HuYk,3db4285726b1a58c8d74b0180fb2e53b,159.75,0,87.24679,87.45188,0.20509338,76.186,74.25643,1.9295654,95.41038,93.360794,2.0495834,52.197426,49.88243,2.3149948,37.99746,34.75361,3.2438507,22.227825,21.89789,0.32993507,45.96138,44.95715,1.0042305,22.793404,23.176594,0.38319016,14.497762,14.858655,0.36089325,26.976955,26.296143,0.68081284,31.207916,31.91249,0.7045746,73.26387,71.39789,1.865982,57.596813,57.61087,0.014057159,80.476814,94.42695,66.11366,82.3992,87.447,99.27459,45.00598,54.75888,31.50732,37.999897,20.259348,23.536432,42.746143,47.168156,20.984262,25.368925,13.763019,15.954291,22.915113,29.677172,29.932934,33.892048,68.396935,74.39884,54.942543,60.279198
u-19n5ZqWqhr06xLR-DOLpXuTZ45cUnyQKTNCI5HuYk,c1c5f71b5d5825f513d726f3c04b29f7,159.75,0,87.24679,89.464,2.2172089,76.186,76.32376,0.13776398,95.41038,95.03144,0.37893677,52.197426,50.578014,1.6194115,37.99746,34.58969,3.4077682,22.227825,21.794962,0.43286324,45.96138,45.21184,0.7495384,22.793404,23.338852,0.5454483,14.497762,15.002596,0.5048342,26.976955,26.731825,0.24513054,31.207916,31.840086,0.6321697,73.26387,72.02387,1.2399979,57.596813,57.317772,0.2790413,82.48893,96.439064,68.18099,84.46653,89.117645,100.94524,45.701565,55.454464,31.343403,37.83598,20.15642,23.433504,43.000835,47.422848,21.14652,25.531183,13.90696,16.098232,23.350796,30.112854,29.860529,33.81964,69.02292,75.024826,54.649445,59.9861
1nSApcOD6a09iy7U6DOEzyGvDHe9c6-z2lrg56PkEww,1863a1e0afb01991368d320c9a9a417c,172.0,1,96.72266,95.71392,1.0087357,81.01722,80.62198,0.39524078,94.35323,95.29187,0.9386368,50.416435,50.18092,0.2355156,34.41454,35.361347,0.94680786,25.077934,24.029043,1.0488911,49.53959,50.683834,1.1442451,25.29379,26.04247,0.7486801,16.961765,16.483498,0.47826767,28.833126,29.057463,0.22433662,36.30325,36.175774,0.12747574,77.63107,79.513054,1.8819809,65.43776,65.380165,0.0575943,88.73885,102.68899,72.47921,88.76475,89.378075,101.205666,45.30447,55.05737,32.11506,38.607635,22.390501,25.667585,48.472828,52.89484,23.85014,28.234802,15.387861,17.579134,25.676434,32.43849,34.196217,38.15533,76.5121,82.51401,62.711838,68.04849
Q8EWvJHo7ZjvwLJNpaJxCxZAky0rrnvcmYsTvGSOPFg,204bdfba14b9ad25fe9d67f7f1632711,155.0,0,85.87802,86.69874,0.82071686,74.47523,75.23776,0.7625351,92.97988,92.29944,0.6804428,48.85883,48.419315,0.43951416,35.00172,33.502563,1.499157,22.45031,21.08182,1.3684902,43.380978,44.00755,0.62657166,22.900175,22.270657,0.6295185,15.781859,14.28583,1.4960299,24.439318,25.16217,0.7228527,31.46621,31.161634,0.30457497,69.02707,69.979645,0.9525757,57.5518,56.48732,1.0644798,79.72367,93.673805,67.09499,83.38053,86.38564,98.213234,43.542866,53.295765,30.256275,36.74885,19.443277,22.720362,41.796543,46.218555,20.078325,24.462988,13.190193,15.381466,21.781141,28.5432,29.182077,33.14119,66.97869,72.9806,53.818993,59.155647
Q8EWvJHo7ZjvwLJNpaJxCxZAky0rrnvcmYsTvGSOPFg,736aef5bb158f4419eafccde2706ba07,155.0,0,85.87802,85.451004,0.4270172,74.47523,73.75923,0.7159958,92.97988,92.32892,0.6509628,48.85883,48.82174,0.0370903,35.00172,34.049995,0.951725,22.45031,21.272972,1.1773376,43.380978,43.80002,0.41904068,22.900175,22.205753,0.69442177,15.781859,14.343113,1.4387465,24.439318,25.01893,0.57961273,31.46621,30.990011,0.4761982,69.02707,69.61775,0.590683,57.5518,56.472664,1.0791359,78.47594,92.42607,65.61646,81.902,86.41512,98.242714,43.94529,53.69819,30.803707,37.296284,19.63443,22.911514,41.589012,46.011024,20.013422,24.398085,13.247477,15.438749,21.637901,28.39996,29.010454,32.969566,66.6168,72.618706,53.804337,59.14099
ROnYLg06pCSJ47L9kbpeqFAMv8uY2SC0csYHqPwlvUI,53f18798b8f08994a68f25ad0ba5b475,167.7,1,91.87929,94.90457,3.0252838,84.790085,81.034134,3.755951,96.77247,92.59425,4.178215,46.5274,47.7797,1.2523003,34.0171,34.06855,0.051448822,23.193935,23.096262,0.097673416,46.472416,48.840446,2.3680305,24.949512,25.258902,0.3093891,16.839237,15.956938,0.8822994,26.796846,28.054792,1.257946,36.049522,35.52045,0.5290718,74.117805,76.29205,2.1742477,65.13007,63.623093,1.5069809,87.929504,101.87964,72.891365,89.1769,86.68046,98.50805,42.90325,52.65615,30.822262,37.31484,21.45772,24.734804,46.62944,51.051453,23.06657,27.451233,14.861301,17.052574,24.673763,31.435822,33.540894,37.500008,73.2911,79.29301,60.954765,66.29142
lboDkkqmFWE6Hd7B441lqe_tT2edIVK71nk-nuYJ_CA,c4a816143eeef7851589e07b942778e2,172.5,1,107.89975,104.588585,3.3111649,89.41615,92.08552,2.669365,92.352394,100.835724,8.48333,48.471943,52.77935,4.3074074,33.71404,36.82116,3.1071205,24.127441,24.408245,0.28080368,50.803802,50.517967,0.28583527,25.77814,27.692766,1.9146271,16.30127,17.228905,0.9276352,30.90623,31.43582,0.5295887,37.626564,37.41787,0.20869446,79.51478,79.03806,0.4767151,66.19008,66.812996,0.6229172,97.61352,111.56365,83.94275,100.22829,94.92193,106.74952,47.9029,57.6558,33.57487,40.067448,22.769703,26.046787,48.30696,52.728973,25.500435,29.885098,16.133268,18.324541,28.05479,34.81685,35.438313,39.397427,76.03711,82.03902,64.14467,69.48132
gvFN9-oZ1kTVAlIyBYj0VsEMgoW6NojEmFUY1cB83lQ,e343a9e4f4d6c9768d64865f8acf4932,154.5,0,89.78159,91.37494,1.5933456,74.879654,78.5481,3.6684494,95.83639,97.27699,1.4406052,50.499474,51.881226,1.381752,32.735233,35.140213,2.4049797,20.787949,21.706738,0.9187889,43.24904,43.891205,0.64216614,24.3784,23.398346,0.98005486,15.041416,15.015815,0.025601387,29.198261,27.40624,1.7920208,31.976229,31.577286,0.39894295,71.29793,69.90629,1.3916397,56.59193,56.296806,0.29512405,84.39987,98.350006,70.405334,86.69087,91.3632,103.19079,47.004776,56.757675,31.893925,38.3865,20.068195,23.34528,41.6802,46.10221,21.206015,25.590677,13.920178,16.11145,24.025211,30.78727,29.597729,33.556843,66.905334,72.90724,53.62848,58.965134
d1WLDI3NCUrqzgXr5gPLsIQAsnllGwuegVQZHJENrTA,63d5e227f36b89fdab5ad9f43a7317ef,174.5,1,95.67895,103.02681,7.3478622,83.48386,90.14413,6.6602707,98.78522,99.0926,0.30738068,52.66922,51.644035,1.0251846,36.122448,36.09976,0.02268982,24.073652,24.311922,0.2382698,49.940357,51.077667,1.13731,25.92731,27.321602,1.3942909,16.377531,16.934963,0.5574322,30.016617,30.781921,0.76530457,36.979607,37.41921,0.4396019,78.84964,79.979485,1.1298447,67.07783,67.07435,0.003479004,96.05174,110.00188,82.00136,98.286896,93.1788,105.00639,46.767586,56.520485,32.85347,39.346046,22.67338,25.950464,48.86666,53.288673,25.12927,29.513933,15.839327,18.0306,27.400892,34.16295,35.43965,39.398766,76.97853,82.98044,64.40602,69.742676
d1WLDI3NCUrqzgXr5gPLsIQAsnllGwuegVQZHJENrTA,7cc6253a5766d813dd0e1569977d2f73,174.5,1,95.67895,104.67711,8.998161,83.48386,92.27688,8.793022,98.78522,100.18835,1.4031296,52.66922,52.428898,0.24032211,36.122448,37.23811,1.1156616,24.073652,24.777107,0.703455,49.940357,50.82769,0.8873329,25.92731,27.866516,1.9392052,16.377531,17.274437,0.8969059,30.016617,31.315956,1.2993393,36.979607,37.87911,0.8995018,78.84964,79.38468,0.5350418,67.07783,67.93044,0.85261536,97.70204,111.652176,84.13411,100.41965,94.27455,106.10214,47.55245,57.305347,33.99182,40.484398,23.138565,26.41565,48.616684,53.038696,25.674185,30.058847,16.1788,18.370073,27.934927,34.696983,35.89955,39.858665,76.38373,82.385635,65.262115,70.59877
MOqbYtj3KR1NJkIQUzq-XXifDNs8yYgBo684NtXOzzo,f291dfa85f6980ae579403326111f359,180.5,1,96.706024,101.04982,4.343796,82.65169,87.42421,4.772522,95.22127,99.080315,3.859047,51.156548,51.17232,0.015773773,33.912132,35.729393,1.8172607,23.707598,24.797325,1.0897274,55.41536,53.758244,1.6571159,25.465963,26.792574,1.3266106,16.215094,16.933128,0.71803474,28.107409,29.71447,1.6070614,37.345333,37.54122,0.19588852,85.97185,84.76361,1.2082367,67.839554,69.05399,1.2144394,94.07475,108.02489,79.28144,95.56698,93.16652,104.99411,46.29587,56.04877,32.483105,38.97568,23.158783,26.435867,51.547237,55.96925,24.600243,28.984905,15.837492,18.028765,26.33344,33.095497,35.561665,39.52078,81.76266,87.764565,66.385666,71.72232
MOqbYtj3KR1NJkIQUzq-XXifDNs8yYgBo684NtXOzzo,b767365e3cae6ff62f52456b47a0f08f,180.5,1,96.706024,98.18972,1.483696,82.65169,83.929054,1.2773666,95.22127,97.586555,2.3652878,51.156548,50.394123,0.76242447,33.912132,35.423206,1.5110741,23.707598,24.749996,1.0423985,55.41536,53.767677,1.6476822,25.465963,26.172953,0.7069893,16.215094,16.689838,0.4747448,28.107409,28.844595,0.73718643,37.345333,37.132946,0.21238708,85.97185,84.85653,1.1153183,67.839554,68.8415,1.0019455,91.21465,105.16479,75.786285,92.07182,91.67276,103.50035,45.517673,55.270573,32.176918,38.669495,23.111454,26.388538,51.55667,55.978683,23.980621,28.365284,15.594202,17.785475,25.463566,32.225624,35.15339,39.112503,81.855576,87.85748,66.17317,71.50983
cW9CuaPVbwpK3I1tAfdxvXBqVxfqOng7igmvP1zVy-M,5380c74b47a66840ec6ac3eca14be6fb,175.5,1,97.67375,103.135704,5.461952,82.440056,89.99958,7.5595245,93.17116,99.23509,6.0639343,48.48308,51.605392,3.1223106,34.66122,35.908005,1.2467842,25.12697,24.386993,0.7399769,51.07715,51.65466,0.57751083,26.629826,27.335798,0.7059727,17.675564,17.017584,0.65797997,27.447048,30.757053,3.3100052,36.50542,37.53586,1.0304375,78.72005,80.99059,2.270546,67.033646,67.38821,0.35456085,96.16064,110.11077,81.85681,98.14235,93.3213,105.14889,46.728943,56.481842,32.661716,39.154293,22.748451,26.025536,49.443653,53.865665,25.143467,29.52813,15.9219475,18.11322,27.376024,34.138084,35.5563,39.515415,77.98964,83.99155,64.71988,70.05653
VZOdwErQEssn2GRi01V-Co76MIZb7JUCjyshSGFvTyI,e88201f42c64bfcdf3d8bd463e86717c,166.5,0,94.07234,90.85224,3.2201004,79.091705,77.625656,1.4660492,93.79835,97.159065,3.3607178,49.049328,51.997158,2.9478302,36.522736,35.664444,0.8582916,22.45987,22.63033,0.17045975,47.684315,47.351585,0.33272934,25.555168,24.027094,1.5280743,17.737156,15.445435,2.2917213,28.954647,27.44006,1.5145874,32.14941,32.628483,0.47907257,79.14978,75.823784,3.3259964,59.8578,59.574642,0.28315735,83.877174,97.82731,69.48289,85.768425,91.24527,103.07286,47.12071,56.873608,32.418156,38.910732,20.991787,24.268871,45.14058,49.56259,21.834763,26.219425,14.349798,16.54107,24.05903,30.821089,30.648926,34.60804,72.82283,78.82474,56.906315,62.24297
G2--3a1ZbnW54xZrzDhQDiV0ykwTVJPyaXDJqjk77og,d7bfc92674172fab6719a423f537cfad,170.6,0,91.65687,91.21195,0.44491577,77.885216,78.58082,0.6956024,99.963875,96.15668,3.8071976,51.254337,50.124954,1.1293831,36.383667,34.204636,2.1790314,23.424137,22.581623,0.84251404,49.82386,49.522972,0.30088806,23.622871,23.66607,0.04319954,15.058697,15.337479,0.2787819,26.668068,26.524925,0.1431427,32.664722,33.11654,0.45181656,79.72158,79.36512,0.35646057,62.405434,61.3479,1.0575333,84.236885,98.18702,70.43805,86.72359,90.24288,102.07047,45.248505,55.001404,30.958347,37.450924,20.94308,24.220165,47.311966,51.73398,21.47374,25.858402,14.241842,16.433115,23.143896,29.905954,31.136982,35.096096,76.36417,82.36607,58.679573,64.01623
WONQcdsVSwAdOGdbQ6TwU4Mu2vHCr3To_k1lFiQn7Sk,61d51bcc08929091886c32b84e85a183,171.25,1,94.32351,93.965965,0.35754395,77.25738,79.385506,2.128128,94.68054,93.82759,0.85295105,48.825882,49.013622,0.18774033,34.713104,34.73196,0.018856049,23.492285,23.649498,0.15721321,49.98845,50.1489,0.16044998,26.815536,25.323128,1.4924088,16.156286,15.957305,0.19898129,31.922815,28.172169,3.7506466,35.262466,35.7302,0.4677353,77.99407,78.6615,0.66742706,64.98773,64.794426,0.19330597,86.9909,100.94103,71.24274,87.528275,87.913795,99.74139,44.137173,53.89007,31.485672,37.97825,22.010956,25.28804,47.937893,52.359905,23.130796,27.51546,14.861669,17.05294,24.79114,31.553198,33.750645,37.70976,75.660545,81.66245,62.1261,67.46275
WONQcdsVSwAdOGdbQ6TwU4Mu2vHCr3To_k1lFiQn7Sk,d1e38093637509b628d5ad719a194709,171.25,1,94.32351,99.35596,5.032448,77.25738,85.70525,8.447876,94.68054,95.96504,1.2845001,48.825882,50.010357,1.184475,34.713104,35.355164,0.6420593,23.492285,23.871895,0.37961006,49.98845,50.148506,0.16005707,26.815536,26.406704,0.40883255,16.156286,16.429886,0.27359962,31.922815,29.609528,2.3132877,35.262466,36.639526,1.3770599,77.99407,78.42045,0.42637634,64.98773,65.54504,0.5573044,92.38089,106.331024,77.562485,93.84802,90.05125,101.87884,45.133907,54.886806,32.108875,38.60145,22.233353,25.510437,47.9375,52.359512,24.214373,28.599035,15.3342495,17.525522,26.228498,32.990555,34.65997,38.619083,75.419495,81.4214,62.87671,68.21336
WONQcdsVSwAdOGdbQ6TwU4Mu2vHCr3To_k1lFiQn7Sk,f602673f02d5a4557a5e9376f40eece0,171.25,1,94.32351,101.51772,7.194214,77.25738,88.474236,11.216858,94.68054,96.69718,2.0166397,48.825882,49.94373,1.1178474,34.713104,34.96083,0.24772644,23.492285,23.734045,0.24176025,49.98845,50.430714,0.44226456,26.815536,26.67612,0.13941574,16.156286,16.596134,0.43984795,31.922815,29.99846,1.9243546,35.262466,36.918415,1.6559486,77.99407,78.83358,0.83950806,64.98773,65.64976,0.66202545,94.542656,108.49279,80.33147,96.617004,90.78339,102.61098,45.06728,54.82018,31.714542,38.20712,22.095503,25.372587,48.219707,52.64172,24.48379,28.868452,15.500498,17.69177,26.617432,33.37949,34.938858,38.897972,75.83263,81.83453,62.98143,68.318085
WONQcdsVSwAdOGdbQ6TwU4Mu2vHCr3To_k1lFiQn7Sk,bb19a9cd23377f86da851ed76cb6f659,171.25,1,94.32351,101.344894,7.021385,77.25738,89.16198,11.904602,94.68054,98.00422,3.323677,48.825882,51.009754,2.1838722,34.713104,35.665993,0.9528885,23.492285,23.78666,0.29437447,49.98845,49.731285,0.257164,26.815536,26.583334,0.23220253,16.156286,16.375542,0.21925545,31.922815,30.063116,1.8596992,35.262466,36.671036,1.4085693,77.99407,77.81941,0.17465973,64.98773,65.759056,0.77132416,94.36983,108.31996,81.01921,97.30475,92.09042,103.918015,46.133305,55.886204,32.419704,38.91228,22.148117,25.425201,47.52028,51.94229,24.391003,28.775665,15.279905,17.471178,26.682087,33.444145,34.69148,38.650593,74.81846,80.820366,63.09073,68.42738
o-_gWQyCnze7uTFo_sg8XmTniRktMdxB4P0EGtKaMY8,ad434d41d59ce73295d20859c6560e49,163.5,0,94.107544,89.37407,4.7334747,79.25935,76.32376,2.9355927,94.97872,94.397575,0.58114624,48.405407,49.703873,1.2984657,34.142487,33.97886,0.16362762,23.764376,21.848263,1.9161129,48.211914,46.62681,1.5851059,23.442934,23.21716,0.22577477,15.837467,15.096599,0.74086857,26.207123,26.244417,0.037294388,32.26273,32.02512,0.23760986,78.99269,74.44711,4.545578,58.041386,58.11891,0.07752609,82.399,96.34914,68.18099,84.46653,88.48378,100.31137,44.827423,54.580322,30.73257,37.225147,20.20972,23.486805,44.415802,48.837814,21.024828,25.40949,14.000962,16.192234,22.863388,29.625446,30.045563,34.004677,71.44616,77.44807,55.450584,60.78724
33kQep-kt5ANgw-ZuhiXxYHHKj9EgooiTmgbFXAxp5M,688fd3c3a3dfd4698d68d71b32a19d9c,162.5,0,90.9768,86.912315,4.0644836,79.01926,74.4527,4.566559,95.49356,91.21843,4.275131,50.7135,46.996174,3.717327,33.912937,32.4974,1.4155388,22.540655,21.34649,1.1941643,47.141663,46.784027,0.3576355,23.047138,22.238205,0.80893326,14.995241,14.566368,0.42887306,26.231049,24.700623,1.530426,34.106037,31.6631,2.4429379,76.51858,74.66229,1.8562851,58.209896,57.72811,0.48178482,79.93725,93.88738,66.30993,82.59547,85.304634,97.132225,42.119724,51.872623,29.25111,35.743687,19.707949,22.985033,44.57302,48.995033,20.045874,24.430536,13.470732,15.662004,21.319593,28.081652,29.683542,33.642654,71.66134,77.663246,55.059784,60.39644
qdsEw-Dvb_xmFa6q7s-GuqdxNzWLX7xR7e3PQfehp4o,a80809b42fd1328cd63692f2a1c07509,166.5,0,85.17129,86.631294,1.4600067,73.851265,74.7013,0.8500366,90.24596,93.483635,3.2376785,50.113964,48.845726,1.2682381,34.941307,34.16752,0.77378845,22.034857,22.039415,0.004558563,47.27989,47.11576,0.16412735,24.072968,22.643848,1.4291191,15.9713955,14.729403,1.241993,26.44261,25.186043,1.256567,31.322157,31.976849,0.6546917,76.29316,75.31029,0.982872,60.91612,59.50137,1.4147491,79.65623,93.60636,66.55853,82.84407,87.56984,99.39743,43.969276,53.722176,30.92123,37.413807,20.400873,23.677958,44.904755,49.326767,20.451517,24.83618,13.633766,15.825039,21.805014,28.567072,29.997292,33.956406,72.30933,78.31124,56.833042,62.169697
hlYBLwY-wUvLCWi6fGccF18xQgfPH6O55mBqbjlNjL0,9494471992cc80fc89fb803032bb7056,159.0,0,95.592606,87.19334,8.399269,73.4273,74.55737,1.1300735,93.87702,91.73927,2.1377487,50.29709,47.886303,2.4107857,35.068405,33.3572,1.7112045,22.110672,21.386927,0.72374535,46.157055,45.098644,1.0584106,24.126318,22.65196,1.4743576,15.474375,14.68387,0.79050446,26.82889,25.4009,1.42799,32.688892,31.671143,1.0177498,72.25409,71.58373,0.67035675,58.281826,57.2103,1.0715256,80.21827,94.1684,66.414604,82.70014,85.82548,97.65307,43.009853,52.762753,30.110912,36.60349,19.748384,23.025469,42.887638,47.30965,20.45963,24.844292,13.588234,15.779507,22.01987,28.781929,29.691586,33.6507,68.58278,74.58469,54.541973,59.878628
g9j8ZQyw5DBZuJAB5unfmqJDFczHNCsOvSMI1LdWaOU,50d25cb316c56e53e92030b7d06f1f10,172.0,0,84.92213,86.15918,1.2370529,76.23272,71.613396,4.6193237,94.692314,92.65322,2.039093,49.79606,48.504597,1.291462,35.516926,35.24073,0.27619553,21.8389,23.361393,1.5224934,50.71266,49.373417,1.3392448,24.207176,23.141438,1.0657387,15.055287,15.537233,0.481946,25.778227,25.150234,0.62799263,34.79509,32.939552,1.8555374,79.72144,78.94545,0.77599335,61.17317,61.82663,0.65346146,79.18411,93.13425,63.470627,79.756165,86.739426,98.56702,43.628147,53.381046,31.994442,38.48702,21.72285,24.999935,47.16241,51.584423,20.949106,25.333769,14.441597,16.63287,21.769205,28.531263,30.959995,34.91911,75.944496,81.9464,59.158302,64.49496
5rSctrSuzwYcwlosuroM6rtJGcvbPcxme9ZOuJwx2Ps,7dbb9f6f8f9434b5fc87525fd1282bb7,156.0,0,85.8051,87.10341,1.2983093,71.61744,75.19851,3.58107,89.186905,92.309265,3.1223602,46.515823,48.350025,1.8342018,32.819458,33.474728,0.6552696,21.556246,21.140636,0.41560936,42.25266,44.092445,1.8397865,22.820662,22.389645,0.43101692,15.2158165,14.46649,0.7493267,25.715729,25.241747,0.47398186,30.995495,31.217949,0.22245407,68.52736,69.99921,1.4718475,58.147198,56.570366,1.5768318,80.12834,94.078476,67.05574,83.34128,86.39547,98.22306,43.473576,53.226475,30.22844,36.721016,19.502094,22.779179,41.88144,46.30345,20.197313,24.581976,13.370853,15.562126,21.860718,28.622776,29.238392,33.197506,66.99825,73.00016,53.90204,59.238693
okmi0_4jJE4x4oUzQGWqaUr7qAXVZmr0M0sWv-wRfCw,142ed957839a124f28f2605200565659,156.25,0,83.526245,83.416405,0.10984039,72.32203,71.731155,0.5908737,90.22814,89.78363,0.4445114,47.742073,46.96419,0.7778816,34.278744,33.474728,0.8040161,20.947136,21.212318,0.2651825,43.5317,44.07358,0.54188156,20.783304,21.8569,1.073595,13.738899,14.24911,0.510211,23.245825,24.115732,0.8699074,30.938828,31.032917,0.09408951,68.51009,69.872055,1.3619614,57.703327,56.79019,0.9131355,76.44134,90.39147,63.588387,79.873924,83.869835,95.697426,42.08774,51.84064,30.22844,36.721016,19.573776,22.85086,41.862576,46.284588,19.664568,24.04923,13.153474,15.344747,20.734703,27.496761,29.05336,33.012474,66.8711,72.87301,54.121864,59.45852
okmi0_4jJE4x4oUzQGWqaUr7qAXVZmr0M0sWv-wRfCw,822fa2e679fa7368f9efb6315420a953,156.25,0,83.526245,83.5513,0.025054932,72.32203,71.862,0.4600296,90.22814,90.1669,0.06124115,47.742073,47.25735,0.48472214,34.278744,33.499474,0.7792702,20.947136,21.184748,0.23761177,43.5317,44.038994,0.5072937,20.783304,21.873123,1.089819,13.738899,14.23736,0.49846077,23.245825,24.243055,0.9972305,30.938828,30.960512,0.021684647,68.51009,69.9014,1.391304,57.703327,56.6241,1.0792274,76.57623,90.52637,63.71923,80.00477,84.253105,96.080696,42.3809,52.1338,30.253185,36.74576,19.546206,22.82329,41.827988,46.25,19.680792,24.065454,13.141724,15.332996,20.862026,27.624084,28.980955,32.94007,66.900444,72.90235,53.955772,59.292427
okmi0_4jJE4x4oUzQGWqaUr7qAXVZmr0M0sWv-wRfCw,9b16fbbe417a35022ea1578278b1e96f,156.25,0,83.526245,85.46224,1.935997,72.32203,73.17043,0.84840393,90.22814,91.68031,1.4521713,47.742073,48.75511,1.0130386,34.278744,34.436596,0.15785217,20.947136,21.587269,0.6401329,43.5317,44.02956,0.49785995,20.783304,22.589762,1.8064575,13.738899,14.528179,0.78927994,23.245825,25.325302,2.0794773,30.938828,31.464659,0.5258312,68.51009,69.79381,1.2837143,57.703327,57.107716,0.5956116,78.487175,92.43731,65.027664,81.3132,85.76652,97.59411,43.878662,53.63156,31.190308,37.682884,19.948727,23.225811,41.818554,46.240566,20.39743,24.782093,13.432543,15.623816,21.944273,28.706331,29.485102,33.444214,66.792854,72.79476,54.43939,59.776043
okmi0_4jJE4x4oUzQGWqaUr7qAXVZmr0M0sWv-wRfCw,918e8524b2c15eb229c83d408e8672e0,156.25,0,83.526245,88.991875,5.4656296,72.32203,76.70321,4.38118,90.22814,93.53768,3.3095398,47.742073,49.461353,1.7192802,34.278744,34.1768,0.10194397,20.947136,21.454933,0.50779724,43.5317,44.026413,0.49471283,20.783304,23.030561,2.2472572,13.738899,14.651557,0.91265774,23.245825,26.276247,3.0304222,30.938828,31.794498,0.8556709,68.51009,69.73512,1.225029,57.703327,56.9172,0.786129,82.01681,95.96694,68.56044,84.84598,87.623886,99.45148,44.584904,54.337803,30.930511,37.423088,19.816391,23.093475,41.815407,46.23742,20.83823,25.222893,13.555921,15.747193,22.895218,29.657276,29.814941,33.774055,66.73417,72.73608,54.24887,59.585526
99rCWDsiu7BmmWXnf7NmjfD2FXdXJBHckHavK5uW9hM,971158933049069f23a1dd306aa2bb83,159.5,0,91.532745,87.687935,3.8448105,73.95665,75.19851,1.2418594,98.44048,94.019226,4.421257,48.551308,49.759842,1.2085342,34.161686,33.99123,0.17045593,21.855242,21.491692,0.3635502,45.85974,45.233852,0.6258888,21.908648,22.665482,0.75683403,14.15198,14.613369,0.4613886,24.977327,25.84653,0.86920357,32.427147,31.376165,1.0509815,73.30189,72.23905,1.0628357,57.785545,56.746223,1.0393219,80.71287,94.663,67.05574,83.34128,88.10543,99.93302,44.883392,54.63629,30.744942,37.23752,19.85315,23.130234,43.022846,47.44486,20.47315,24.857813,13.517733,15.709005,22.465502,29.22756,29.396608,33.35572,69.2381,75.240005,54.077896,59.41455
99rCWDsiu7BmmWXnf7NmjfD2FXdXJBHckHavK5uW9hM,9497f7c49980654e79158bc646ca8f5b,159.5,0,91.532745,90.60494,0.92780304,73.95665,77.906975,3.950325,98.44048,96.58908,1.8514023,48.551308,51.821262,3.2699547,34.161686,35.451042,1.2893562,21.855242,22.063309,0.20806694,45.85974,45.07349,0.78625107,21.908648,23.639029,1.730381,14.15198,14.964408,0.8124275,24.977327,27.37043,2.3931026,32.427147,32.118977,0.30817032,73.30189,71.87227,1.4296188,57.785545,57.547367,0.23817825,83.629875,97.58001,69.764206,86.04974,90.675285,102.50288,46.944813,56.697712,32.204754,38.69733,20.424767,23.70185,42.862484,47.284496,21.446697,25.83136,13.868772,16.060043,23.9894,30.75146,30.13942,34.098534,68.871315,74.87322,54.87904,60.215694
9Jcfu5TiBNhAQuyvzg-vEbQrKnq90fAEKiS4iY8sS4I,bf85dbe17a8aa026217bd6e7ed9bc170,172.1,1,93.644455,91.44239,2.2020645,77.27459,76.41535,0.8592377,94.81,93.24286,1.5671387,50.069454,49.40805,0.66140366,38.2024,36.293835,1.9085655,24.683693,24.310602,0.37309074,51.174072,49.515503,1.6585693,24.928139,25.408989,0.48085022,16.523481,16.2775,0.24598122,28.45027,27.85784,0.5924301,36.02736,35.75484,0.27251816,77.84518,77.39608,0.44909668,64.71673,65.805466,1.0887375,84.46732,98.41746,68.27258,84.55812,87.32906,99.156654,44.5316,54.2845,33.047546,39.540123,22.67206,25.949144,47.304497,51.72651,23.216658,27.60132,15.181864,17.373137,24.47681,31.238869,33.775284,37.734398,74.39513,80.39703,63.13714,68.47379
9Jcfu5TiBNhAQuyvzg-vEbQrKnq90fAEKiS4iY8sS4I,c6d3ab1c976748b84dcfe4486c8b81de,172.1,1,93.644455,95.30363,1.659172,77.27459,80.05935,2.7847595,94.81,93.67035,1.1396484,50.069454,48.867046,1.2024078,38.2024,35.205162,2.9972382,24.683693,24.063736,0.619957,51.174072,50.51718,0.65689087,24.928139,25.919086,0.9909477,16.523481,16.560516,0.03703499,28.45027,28.588953,0.13868332,36.02736,36.29058,0.26322174,77.84518,78.98916,1.1439819,64.71673,65.67724,0.96051025,88.32856,102.278694,71.91658,88.20212,87.75655,99.584145,43.990597,53.743496,31.958874,38.45145,22.425194,25.702278,48.306175,52.728188,23.726755,28.111418,15.46488,17.656153,25.207924,31.969982,34.311024,38.270138,75.988205,81.99011,63.00891,68.345566
9Jcfu5TiBNhAQuyvzg-vEbQrKnq90fAEKiS4iY8sS4I,27e140be069c5ff0578eba2a9036a2b8,172.1,1,93.644455,95.73078,2.0863266,77.27459,80.281784,3.0071945,94.81,94.5843,0.22570038,50.069454,50.40212,0.3326645,38.2024,36.609303,1.5930977,24.683693,24.439491,0.24420166,51.174072,49.619205,1.5548668,24.928139,26.6079,1.6797619,16.523481,16.790243,0.26676178,28.45027,29.534925,1.0846558,36.02736,36.6107,0.5833397,77.84518,77.355736,0.48944092,64.71673,65.95141,1.2346802,88.755714,102.70585,72.139015,88.42455,88.6705,100.49809,45.52567,55.27857,33.363014,39.85559,22.80095,26.078033,47.4082,51.83021,24.41557,28.800232,15.694607,17.88588,26.153896,32.915955,34.63114,38.590256,74.35478,80.35669,63.28308,68.619736
9Jcfu5TiBNhAQuyvzg-vEbQrKnq90fAEKiS4iY8sS4I,c560de4dac1882bdc2b6fd3caebadae6,172.1,1,93.644455,96.6722,3.027748,77.27459,81.91079,4.6362,94.81,95.621086,0.81108856,50.069454,50.70327,0.63381577,38.2024,36.453888,1.7485123,24.683693,24.426855,0.25683784,51.174072,50.137108,1.0369644,24.928139,26.516228,1.588089,16.523481,16.69647,0.17298889,28.45027,29.50409,1.0538197,36.02736,36.587906,0.5605469,77.84518,78.35929,0.5141144,64.71673,66.192604,1.4758759,89.697136,103.64727,73.76802,90.05356,89.70729,101.53488,45.82682,55.57972,33.2076,39.700176,22.788313,26.065397,47.9261,52.348114,24.323896,28.708559,15.600834,17.792107,26.12306,32.885117,34.60835,38.567463,75.35834,81.360245,63.524277,68.86093
9Jcfu5TiBNhAQuyvzg-vEbQrKnq90fAEKiS4iY8sS4I,318839dc441572023f54775d36bd6e14,172.1,1,93.644455,97.72884,4.0843887,77.27459,82.28369,5.009102,94.81,95.237816,0.4278183,50.069454,51.02574,0.9562874,38.2024,37.29523,0.90716934,24.683693,24.789515,0.10582161,51.174072,49.731678,1.4423943,24.928139,27.117088,2.1889496,16.523481,16.99243,0.46894836,28.45027,30.086493,1.6362228,36.02736,37.121548,1.0941887,77.84518,77.350235,0.4949417,64.71673,66.53211,1.8153839,90.75378,104.70391,74.14092,90.42646,89.32402,101.15161,46.149292,55.90219,34.048943,40.54152,23.150972,26.428057,47.52067,51.942684,24.924757,29.30942,15.896793,18.088066,26.705463,33.46752,35.14199,39.101105,74.34928,80.35119,63.863785,69.20044
9Jcfu5TiBNhAQuyvzg-vEbQrKnq90fAEKiS4iY8sS4I,9354c2d169fe20f5fc70d475d534400a,172.1,1,93.644455,96.169174,2.5247192,77.27459,81.62293,4.348343,94.81,95.29678,0.4867859,50.069454,50.27153,0.20207596,38.2024,36.18404,2.0183601,24.683693,24.258419,0.4252739,51.174072,49.92447,1.2496033,24.928139,26.260674,1.3325348,16.523481,16.540228,0.016746521,28.45027,29.17285,0.72257996,36.02736,36.439075,0.41171646,77.84518,77.9429,0.097724915,64.71673,66.14925,1.432518,89.19411,103.14424,73.48016,89.7657,89.38299,101.21058,45.39508,55.14798,32.93775,39.43033,22.619877,25.896961,47.713463,52.135475,24.068342,28.453005,15.4445915,17.635864,25.79182,32.55388,34.45952,38.418633,74.94195,80.943855,63.48092,68.81757
9Jcfu5TiBNhAQuyvzg-vEbQrKnq90fAEKiS4iY8sS4I,12f71e2c681a47bdb31a575b879f7872,172.1,1,93.644455,96.63848,2.9940262,77.27459,81.70144,4.4268494,94.81,95.891335,1.081337,50.069454,51.348217,1.2787628,38.2024,37.213657,0.9887428,24.683693,24.604567,0.07912636,51.174072,49.483665,1.6904068,24.928139,26.803053,1.8749142,16.523481,16.802866,0.2793846,28.45027,29.856714,1.4064445,36.02736,36.7059,0.6785393,77.84518,77.16317,0.68200684,64.71673,66.282974,1.566246,89.663414,103.61355,73.55867,89.84421,89.97754,101.80513,46.471767,56.224667,33.96737,40.459946,22.966024,26.243109,47.27266,51.69467,24.610722,28.995384,15.70723,17.898502,26.475685,33.237743,34.72634,38.685455,74.16222,80.16412,63.614647,68.9513
9Jcfu5TiBNhAQuyvzg-vEbQrKnq90fAEKiS4iY8sS4I,6a12d8e88e309e5bd3821dacac042316,172.1,1,93.644455,94.97202,1.327568,77.27459,80.909836,3.6352463,94.81,94.37301,0.43698883,50.069454,49.429375,0.6400795,38.2024,35.926563,2.275837,24.683693,24.086252,0.5974407,51.174072,49.65464,1.5194321,24.928139,25.83424,0.9061012,16.523481,16.409323,0.11415863,28.45027,28.44074,0.009529114,36.02736,36.126163,0.098804474,77.84518,77.52018,0.32499695,64.71673,66.01247,1.2957382,87.996956,101.94709,72.76707,89.052605,88.45921,100.286804,44.552925,54.305824,32.680275,39.17285,22.44771,25.724794,47.443634,51.865646,23.641909,28.026571,15.313686,17.50496,25.059711,31.82177,34.146606,38.10572,74.519226,80.52113,63.34414,68.68079
9Jcfu5TiBNhAQuyvzg-vEbQrKnq90fAEKiS4iY8sS4I,073a2e9f5b21609553cfd1ef10e5817f,172.1,1,93.644455,99.89412,6.2496643,77.27459,85.33889,8.064301,94.81,97.59147,2.7814713,50.069454,51.875896,1.8064423,38.2024,36.92941,1.2729912,24.683693,24.519789,0.16390419,51.174072,50.050636,1.123436,24.928139,27.362843,2.4347038,16.523481,17.115808,0.5923271,28.45027,30.760658,2.3103886,36.02736,37.102108,1.074749,77.84518,78.15319,0.30801392,64.71673,66.27321,1.5564804,92.91905,106.86919,77.19612,93.48166,91.67767,103.505264,46.999447,56.752346,33.68312,40.175697,22.881247,26.15833,47.83963,52.261642,25.170511,29.555174,16.020172,18.211445,27.37963,34.141685,35.12255,39.081665,75.15224,81.154144,63.60488,68.941536
9Jcfu5TiBNhAQuyvzg-vEbQrKnq90fAEKiS4iY8sS4I,dad9f5cdf090f4cdd3c60d8a8fe2c634,172.1,1,93.644455,99.99809,6.3536377,77.27459,85.86554,8.59095,94.81,96.824936,2.0149384,50.069454,51.292248,1.2227936,38.2024,36.85286,1.3495407,24.683693,24.456377,0.2273159,51.174072,49.689377,1.4846954,24.928139,27.19281,2.2646713,16.523481,16.936432,0.41295052,28.45027,30.450495,2.000225,36.02736,37.132946,1.105587,77.84518,77.38202,0.46315765,64.71673,66.488144,1.7714157,93.023026,106.97316,77.72277,94.00831,90.91114,102.73873,46.4158,56.168697,33.60657,40.099148,22.817835,26.09492,47.47837,51.900383,25.000479,29.385141,15.8407955,18.032068,27.069466,33.831524,35.15339,39.112503,74.381065,80.38297,63.819817,69.15647
4ETJJKC9HNKcvTvC-u5DrkNO9ia7tsMZdnpvVuU2kmc,6a17eebe870d783c48583e098be33b1c,169.0,0,89.699036,90.39699,0.6979523,74.92788,78.91447,3.9865875,95.60245,96.73649,1.1340408,50.785294,50.652634,0.13265991,33.599373,34.733505,1.1341324,21.92442,22.463072,0.5386524,48.170086,48.43875,0.2686653,22.742361,23.346964,0.6046028,15.140247,14.952658,0.18758965,25.903461,26.292164,0.3887024,29.861204,32.70089,2.8396854,79.16602,77.688286,1.4777374,60.18283,60.91802,0.73518753,83.42192,97.372055,70.7717,87.057236,90.82269,102.65028,45.776184,55.529083,31.487217,37.979794,20.82453,24.101614,46.227745,50.649757,21.154633,25.539295,13.857021,16.048294,22.911135,29.673193,30.721333,34.680447,74.68733,80.68924,58.24969,63.586346
4ETJJKC9HNKcvTvC-u5DrkNO9ia7tsMZdnpvVuU2kmc,dcd9aa4e4d84a5ab2bf70fce07a23031,169.0,0,89.699036,92.33604,2.637001,74.92788,80.916374,5.988495,95.60245,98.753555,3.1511078,50.785294,51.874565,1.0892715,33.599373,34.95155,1.3521767,21.92442,22.50259,0.5781708,48.170086,48.452118,0.282032,22.742361,23.693115,0.95075417,15.140247,15.124505,0.015742302,25.903461,27.06605,1.1625881,29.861204,32.78402,2.9228153,79.16602,77.80474,1.3612823,60.18283,60.944885,0.76205444,85.36097,99.311104,72.773605,89.05914,92.83976,104.66735,46.998116,56.751015,31.705261,38.197838,20.864048,24.141132,46.24111,50.663124,21.500784,25.885447,14.028869,16.220142,23.68502,30.447079,30.804462,34.763577,74.80379,80.805695,58.276558,63.613213
4ETJJKC9HNKcvTvC-u5DrkNO9ia7tsMZdnpvVuU2kmc,081c764b70905170efc0aaa4d7089b42,169.0,0,89.699036,91.448006,1.74897,74.92788,79.61448,4.6865997,95.60245,97.267166,1.6647186,50.785294,50.921806,0.13651276,33.599373,34.472164,0.8727913,21.92442,22.423555,0.49913597,48.170086,48.81608,0.6459923,22.742361,23.520039,0.77767754,15.140247,15.1142235,0.026023865,25.903461,26.640312,0.73685074,29.861204,32.775974,2.9147701,79.16602,78.347755,0.8182678,60.18283,60.688423,0.50559235,84.47294,98.42307,71.47171,87.75725,91.35337,103.18096,46.045357,55.798256,31.225876,37.718452,20.785013,24.062098,46.605072,51.027084,21.327707,25.71237,14.018587,16.20986,23.259283,30.021341,30.796417,34.75553,75.3468,81.34871,58.020096,63.35675
4ETJJKC9HNKcvTvC-u5DrkNO9ia7tsMZdnpvVuU2kmc,8feb2910a52715a06379cf546e399d2e,169.0,0,89.699036,88.65465,1.0443878,74.92788,77.063034,2.1351547,95.60245,95.45402,0.14842987,50.785294,49.71187,1.0734253,33.599373,34.121128,0.5217552,21.92442,22.24527,0.32085037,48.170086,48.585754,0.4156685,22.742361,22.85208,0.10971832,15.140247,14.82928,0.31096745,25.903461,25.536182,0.36727905,29.861204,32.312054,2.4508495,79.16602,78.056755,1.1092682,60.18283,60.42219,0.23936081,81.67958,95.629715,68.920265,85.2058,89.54022,101.36781,44.83542,54.588318,30.87484,37.367416,20.606728,23.883812,46.37475,50.79676,20.659748,25.04441,13.733644,15.924916,22.155153,28.917212,30.332497,34.29161,75.0558,81.05771,57.753864,63.09052
4ETJJKC9HNKcvTvC-u5DrkNO9ia7tsMZdnpvVuU2kmc,a07308ad3c77be09913aeb582940065c,169.0,0,89.699036,90.486916,0.78787994,74.92788,78.13595,3.2080688,95.60245,96.2009,0.5984497,50.785294,50.146275,0.639019,33.599373,34.02525,0.42587662,21.92442,22.339008,0.41458893,48.170086,49.17886,1.0087738,22.742361,23.260427,0.5180664,15.140247,15.130381,0.0098667145,25.903461,26.144945,0.24148369,29.861204,32.609715,2.7485104,79.16602,78.97877,0.18725586,60.18283,60.51012,0.32728958,83.51185,97.46198,69.99318,86.27872,90.2871,102.11469,45.269825,55.022724,30.778961,37.271538,20.700466,23.97755,46.967854,51.389866,21.068096,25.452759,14.034744,16.226017,22.763916,29.525974,30.630157,34.58927,75.97781,81.97972,57.841793,63.178448
4ETJJKC9HNKcvTvC-u5DrkNO9ia7tsMZdnpvVuU2kmc,78b4915bf77f295cc9559d6ea6423c08,169.0,0,89.699036,88.8345,0.8645325,74.92788,76.74246,1.8145828,95.60245,96.05349,0.45104218,50.785294,50.42877,0.35652542,33.599373,34.467525,0.8681526,21.92442,22.371174,0.44675446,48.170086,48.508717,0.33863068,22.742361,23.038675,0.29631424,15.140247,14.952658,0.18758965,25.903461,25.906214,0.002752304,29.861204,32.322777,2.4615726,79.16602,77.96338,1.2026443,60.18283,60.356243,0.17341232,81.859436,95.80957,68.59969,84.88523,90.139694,101.967285,45.55232,55.305218,31.221237,37.713814,20.732632,24.009716,46.29771,50.719723,20.846344,25.231007,13.857021,16.048294,22.525185,29.287243,30.34322,34.302334,74.962425,80.96433,57.687916,63.02457
4ETJJKC9HNKcvTvC-u5DrkNO9ia7tsMZdnpvVuU2kmc,e368666645c6e0c0005b9944a0e7470f,169.0,0,89.699036,91.15575,1.4567108,74.92788,79.62756,4.699684,95.60245,97.3507,1.7482529,50.785294,50.91381,0.12851715,33.599373,34.51701,0.9176369,21.92442,22.357388,0.43296814,48.170086,48.59204,0.4219551,22.742361,23.346964,0.6046028,15.140247,14.977627,0.16262054,25.903461,26.427444,0.523983,29.861204,32.617756,2.7565517,79.16602,78.08136,1.0846634,60.18283,60.75437,0.57154083,84.18068,98.13081,71.484795,87.77033,91.436905,103.264496,46.03736,55.79026,31.270721,37.763298,20.718845,23.99593,46.381035,50.803047,21.154633,25.539295,13.88199,16.073263,23.046415,29.808474,30.638199,34.597313,75.08041,81.08231,58.086044,63.4227
4ETJJKC9HNKcvTvC-u5DrkNO9ia7tsMZdnpvVuU2kmc,03c1f83986b5347f071d29b1e22e8577,169.0,0,89.699036,87.33947,2.3595657,74.92788,75.49945,0.57157135,95.60245,94.30913,1.2933197,50.785294,49.266804,1.5184898,33.599373,34.455154,0.85578156,21.92442,22.33625,0.4118309,48.170086,48.04492,0.12516403,22.742361,22.82233,0.079969406,15.140247,14.818998,0.321249,25.903461,25.30143,0.6020317,29.861204,32.314735,2.4535313,79.16602,76.997505,2.168518,60.18283,60.571182,0.38835144,80.3644,94.31454,67.35668,83.64222,88.39533,100.22292,44.390354,54.143253,31.208866,37.701443,20.697708,23.974792,45.833916,50.255928,20.63,25.014662,13.723362,15.914635,21.9204,28.682459,30.335178,34.294292,73.99655,79.99846,57.902855,63.23951
4ETJJKC9HNKcvTvC-u5DrkNO9ia7tsMZdnpvVuU2kmc,c3443c03d68067435fd7d2462ab5d340,169.0,0,89.699036,92.37538,2.6763458,74.92788,80.792076,5.864197,95.60245,97.96737,2.3649216,50.785294,51.07105,0.28575516,33.599373,34.325256,0.7258835,21.92442,22.350037,0.42561722,48.170086,49.00435,0.83426285,22.742361,23.490292,0.7479305,15.140247,15.101005,0.039242744,25.903461,26.678112,0.7746506,29.861204,32.749157,2.8879528,79.16602,78.79079,0.3752365,60.18283,60.815434,0.6326027,85.400314,99.35045,72.64931,88.934845,92.05357,103.881165,46.1946,55.9475,31.078968,37.571545,20.711494,23.988579,46.793343,51.215355,21.29796,25.682623,14.005368,16.19664,23.297083,30.059141,30.7696,34.728714,75.78983,81.79174,58.147106,63.48376
4ETJJKC9HNKcvTvC-u5DrkNO9ia7tsMZdnpvVuU2kmc,db6fe287bd8a3e01e9d82b10249591c1,169.0,0,89.699036,92.66202,2.9629822,74.92788,80.94909,6.0212097,95.60245,98.289215,2.6867676,50.785294,51.32956,0.54426575,33.599373,34.15824,0.5588684,21.92442,22.30041,0.3759899,48.170086,48.88604,0.7159538,22.742361,23.620098,0.87773705,15.140247,15.127442,0.012804985,25.903461,27.002388,1.0989265,29.861204,32.856422,2.9952183,79.16602,78.50615,0.65987396,60.18283,60.791008,0.6081772,85.68695,99.637085,72.80632,89.09186,92.37542,104.20301,46.45311,56.20601,30.911953,37.40453,20.661867,23.938951,46.675034,51.097046,21.427767,25.81243,14.031806,16.22308,23.621359,30.383417,30.876865,34.83598,75.505196,81.5071,58.12268,63.459335
t_z08NlVzfrSwudfkajr6oQ6Ba2O4h6Xy31nB_12220,40a948717966b8ec4642f4f974a19bbe,170.2,1,89.27679,94.84275,5.5659637,76.69353,80.59581,3.9022827,93.24428,93.193726,0.05055237,51.647144,48.371346,3.2757988,36.990875,34.6933,2.297577,22.747635,23.594358,0.84672356,49.84697,49.58828,0.25868988,26.353685,25.505669,0.84801674,16.624813,16.189005,0.43580818,30.716505,28.225883,2.4906216,35.66337,35.910877,0.247509,80.35108,77.43092,2.9201584,63.684555,64.90868,1.2241287,87.86768,101.81782,72.45304,88.73858,87.27993,99.10752,43.494896,53.247795,31.44701,37.939587,21.955816,25.2329,47.377274,51.799286,23.313337,27.698,15.093369,17.284641,24.844854,31.606913,33.93132,37.890434,74.42997,80.43188,62.240356,67.57701
t_z08NlVzfrSwudfkajr6oQ6Ba2O4h6Xy31nB_12220,a65e8222c38073523a30ba24624d76d3,170.2,1,89.27679,98.52695,9.25016,76.69353,83.67718,6.98365,93.24428,96.5596,3.3153229,51.647144,51.182983,0.46416092,36.990875,36.257492,0.7333832,22.747635,24.144379,1.3967438,49.84697,49.755653,0.09131622,26.353685,26.867111,0.5134258,16.624813,16.847479,0.22266579,30.716505,30.21655,0.49995422,35.66337,36.585224,0.9218559,80.35108,77.758286,2.5927963,63.684555,65.20934,1.5247879,91.55188,105.502014,75.53441,91.81995,90.645805,102.4734,46.306534,56.059433,33.011204,39.50378,22.505836,25.78292,47.544647,51.96666,24.67478,29.059443,15.7518425,17.943115,26.835522,33.59758,34.605667,38.56478,74.75733,80.75924,62.541016,67.87767
lUxLaupdCSzNw8q4fe14GroR2HfT3VHUrsgXRzrxlTo,5389f7c6cf7a0756ccf171ba9fdceced,156.5,0,88.06959,96.669395,8.599808,74.4806,85.351974,10.871376,94.03025,99.28915,5.258896,50.915398,51.763966,0.84856796,32.551163,34.084015,1.5328522,19.515347,21.541319,2.0259724,47.83469,45.340763,2.493927,23.612051,23.755314,0.14326286,15.603229,15.029035,0.57419395,26.204914,27.99312,1.7882061,31.317984,32.317417,0.9994335,76.8712,72.27818,4.5930176,56.396584,57.435013,1.0384293,89.69433,103.64446,77.209206,93.49474,93.37535,105.20294,46.887516,56.640415,30.837727,37.330303,19.902777,23.179861,43.129757,47.55177,21.562983,25.947645,13.933398,16.124672,24.612091,31.37415,30.33786,34.296974,69.27723,75.27914,54.766685,60.10334
ZBxQIUTRT9IZJ2O5m306CNiiM4hbKU3YtdHVfzOyfko,f257b42726fa51b8c0eeaa0d30f34fa6,180.5,1,95.601105,101.4285,5.8273926,82.18189,87.62375,5.4418564,95.78246,99.70681,3.924347,48.752014,52.402245,3.6502304,39.86166,37.566917,2.2947426,25.3758,25.504034,0.12823486,52.570347,53.17339,0.6030426,26.753819,27.53524,0.78142166,16.693163,17.379087,0.68592453,32.235893,30.474617,1.7612762,37.1131,38.007828,0.8947296,82.01603,83.44318,1.4271469,69.802666,69.96505,0.16238403,94.45343,108.403564,79.48098,95.76652,93.793015,105.620605,47.525795,57.278694,34.32063,40.813206,23.865492,27.142576,50.962383,55.384396,25.342909,29.727571,16.283451,18.474724,27.093588,33.855644,36.02827,39.987385,80.44222,86.44413,67.29672,72.63338
bPt8_7wDTzCAdQrWWxgdyMntD60mmdc0K5qKNu8RR7o,b37287e7f084d0442fca4f7ed89058e8,162.2,0,90.451775,93.41516,2.9633865,77.26161,80.86404,3.6024246,94.48254,99.03855,4.556015,50.458614,52.652763,2.194149,34.386185,35.259285,0.8731003,21.64163,22.083527,0.44189644,46.55489,45.957058,0.5978317,23.271988,23.89729,0.62530136,15.528369,15.279462,0.24890709,26.581284,27.885693,1.304409,32.188034,32.17797,0.010063171,74.93475,73.554596,1.3801575,59.358574,58.13845,1.2201233,86.440094,100.39023,72.72127,89.006805,93.124756,104.95235,47.776314,57.529213,32.012997,38.505573,20.444984,23.722069,43.74605,48.168064,21.704958,26.08962,14.1838255,16.3751,24.504663,31.266722,30.198414,34.157528,70.55364,76.55555,55.470123,60.806778
blo8SH72yux-Yb9SmnP4WcN_94yo9OwgUZLxhb6lyOg,64dc356ee77f26e80632ede6f270162e,175.1,1,101.166336,103.67526,2.5089264,87.63759,90.777084,3.1394958,97.024086,99.35303,2.3289413,48.84144,51.80394,2.9625015,31.397001,36.486362,5.089361,23.442225,24.531965,1.0897408,50.387394,51.205013,0.8176193,26.770208,27.59068,0.8204708,17.70233,17.195856,0.50647354,30.748983,31.017544,0.2685604,37.870663,37.656532,0.2141304,77.354095,80.13598,2.7818832,68.8226,67.40286,1.4197388,96.700195,110.65033,82.634315,98.91985,93.43923,105.26682,46.92749,56.68039,33.240074,39.73265,22.893423,26.170507,48.994007,53.41602,25.398348,29.78301,16.10022,18.291492,27.636515,34.398575,35.676975,39.63609,77.135025,83.13693,64.734535,70.07119
IR9AoadLFZ8kAWZ6HWZAC_RTvMzMnqb8NnRZDUHIA6Y,b2e994cefc748fb1dcab531c10537a11,177.4,1,97.98524,104.91176,6.9265213,87.01386,92.028275,5.014412,99.56047,101.75028,2.1898117,52.548355,53.470936,0.9225807,36.48245,37.735283,1.2528343,24.519936,25.192493,0.67255783,51.421734,52.121597,0.69986343,27.79556,28.189003,0.39344215,17.757723,17.651546,0.10617638,32.1024,31.677534,0.42486763,38.19017,38.09364,0.096530914,78.89829,81.69727,2.7989807,70.803215,68.829285,1.9739304,97.93669,111.886826,83.885506,100.17104,95.83649,107.66408,48.594486,58.347385,34.488995,40.98157,23.553951,26.831036,49.91059,54.332603,25.996672,30.381334,16.55591,18.747183,28.296505,35.058563,36.114082,40.073196,78.69632,84.69823,66.16096,71.49761
taY0el3_XhjW7ijwqSr1qz5BLr32IGP4RnWVV54M6mw,3797f98fe3a54d73745ae3952bf7e146,161.2,0,87.17257,88.49728,1.324707,73.37388,75.44711,2.0732346,90.10992,94.0094,3.8994827,50.535347,49.746513,0.7888336,34.11184,34.01288,0.09896088,22.46019,21.693872,0.76631737,46.17232,45.92247,0.24985123,23.329515,23.11169,0.21782494,15.43974,14.914469,0.5252714,25.1065,26.272268,1.1657677,31.84693,31.78109,0.06583977,74.490654,73.28073,1.2099228,57.888275,57.23961,0.6486664,81.52221,95.47234,67.304344,83.58988,88.095604,99.923195,44.870064,54.622963,30.76659,37.259167,20.05533,23.332415,43.711464,48.133476,20.91936,25.304022,13.818832,16.010105,22.89124,29.653297,29.801533,33.760647,70.27978,76.281685,54.57128,59.907936
wTawr8HsdMVLaNEu2ZOTHUIRFivR018bEUH54zGumB8,c59e56910e91258a0a6af799224992c8,185.0,1,98.954155,98.70118,0.25297546,86.58818,83.66082,2.9273605,101.48761,99.06066,2.4269485,51.166687,52.139736,0.97304916,37.746906,37.46925,0.27765656,25.172535,25.854172,0.6816368,52.345272,54.277065,1.9317932,27.057718,27.022778,0.03494072,17.197693,17.124254,0.073438644,27.460585,29.694576,2.2339916,38.450653,37.939445,0.5112076,85.56703,85.70258,0.13555145,69.67972,70.81992,1.1402054,91.72611,105.67625,75.51805,91.80359,93.146866,104.97446,47.263287,57.016186,34.22296,40.715538,24.21563,27.492714,52.06606,56.48807,24.830446,29.215109,16.028618,18.21989,26.313547,33.075607,35.95989,39.919003,82.70163,88.70354,68.151596,73.48825
wTawr8HsdMVLaNEu2ZOTHUIRFivR018bEUH54zGumB8,9e20ef796ab962dd1399abd618565c65,185.0,1,98.954155,101.79172,2.8375626,86.58818,87.929596,1.3414154,101.48761,100.93768,0.54992676,51.166687,52.807335,1.6406479,37.746906,37.303253,0.4436531,25.172535,25.674969,0.5024338,52.345272,54.453148,2.1078758,27.057718,27.40611,0.3483925,17.197693,17.268194,0.07050133,27.460585,30.317514,2.8569298,38.450653,38.148613,0.3020401,85.56703,86.01558,0.44854736,69.67972,70.90785,1.2281342,94.81665,108.766785,79.78683,96.072365,95.02389,106.85148,47.930885,57.683784,34.056965,40.54954,24.036427,27.31351,52.24214,56.664154,25.21378,29.598442,16.172558,18.36383,26.936485,33.698544,36.169056,40.12817,83.014626,89.01653,68.239525,73.57618
96LtCRgHuVdWN4VIvc2STyiKSLUPLDAQx5GcgbOQXgA,916a251c750d573db722f2a855e5ab62,173.0,0,84.90122,89.834946,4.9337234,76.09116,76.827515,0.736351,94.34488,97.54725,3.2023697,52.315556,51.95718,0.35837555,38.328594,36.3843,1.944294,24.032915,23.478565,0.5543499,50.183678,49.377743,0.8059349,24.844425,24.06766,0.7767658,15.617159,15.546781,0.0703783,27.989344,26.962599,1.0267448,32.25009,33.340454,1.0903625,82.138664,79.30093,2.837738,61.46404,62.531292,1.0672531,82.85988,96.81001,68.684746,84.97028,91.63345,103.461044,47.08073,56.83363,33.138012,39.63059,21.840023,25.117107,47.166737,51.58875,21.875328,26.25999,14.451144,16.642418,23.58157,30.343628,31.360897,35.32001,76.29997,82.30188,59.862965,65.199615
96LtCRgHuVdWN4VIvc2STyiKSLUPLDAQx5GcgbOQXgA,a914fb2278143e38454e4581f187d6f5,173.0,0,84.90122,88.80078,3.899559,76.09116,75.93124,0.15992737,94.34488,95.85694,1.5120621,52.315556,50.231556,2.0839996,38.328594,34.704124,3.6244698,24.032915,22.9336,1.0993156,50.183678,50.06125,0.122428894,24.844425,23.371304,1.4731216,15.617159,15.291212,0.3259468,27.989344,26.017622,1.9717216,32.25009,32.993187,0.7430954,82.138664,80.560234,1.5784302,61.46404,61.929214,0.46517563,81.825714,95.77585,67.78847,84.074005,89.943146,101.77074,45.355106,55.108006,31.457836,37.950413,21.295057,24.572142,47.850243,52.272255,21.178972,25.563635,14.195576,16.386848,22.636593,29.398651,31.01363,34.972744,77.55928,83.56119,59.260887,64.59754
-gMnbkDTbXza9PMNAhyVL5xBmz4VZQU_7eNooMMvalk,fe422f124ddec8e6833f32af5708a0f2,182.0,0,93.89011,98.934425,5.044319,81.50312,86.50667,5.0035477,98.17753,102.211555,4.034027,53.05927,53.045856,0.013412476,37.100914,35.946667,1.1542473,25.12609,24.467176,0.65891266,53.443638,54.44686,1.0032234,25.061728,25.63412,0.5723934,16.282515,16.519941,0.23742676,27.757809,28.577017,0.81920815,33.030476,35.771603,2.741127,84.92782,87.4974,2.56958,64.01352,67.49812,3.484604,91.95936,105.90949,78.3639,94.64944,96.29776,108.12535,48.169407,57.922306,32.70038,39.192955,22.828634,26.105719,52.235855,56.657867,23.44179,27.826452,15.424305,17.615578,25.195988,31.958046,33.792046,37.75116,84.496445,90.49835,64.829796,70.16645
-gMnbkDTbXza9PMNAhyVL5xBmz4VZQU_7eNooMMvalk,ffac6fa3a75ae438da0b4ab63bafdf30,182.0,0,93.89011,95.97246,2.0823517,81.50312,82.70239,1.1992722,98.17753,100.72885,2.551323,53.05927,52.587467,0.47180176,37.100914,36.472443,0.6284714,25.12609,24.69348,0.43260956,53.443638,54.053814,0.6101761,25.061728,25.363016,0.3012886,16.282515,16.452469,0.1699543,27.757809,28.084635,0.3268261,33.030476,35.547268,2.5167923,84.92782,86.95944,2.0316238,64.01352,67.476135,3.462616,88.99739,102.947525,74.55962,90.84516,94.815056,106.64265,47.711018,57.463917,33.226154,39.71873,23.054937,26.332022,51.842808,56.26482,23.170685,27.555347,15.3568325,17.548105,24.703606,31.465664,33.56771,37.526825,83.95849,89.960396,64.80781,70.14446
9PN2Hyak2W4F0gdWq0Lzcrm-GnEn99_8fKZCbiel4VI,e2caa56d7eb6b947a71d03059087c800,173.0,1,90.52547,99.11428,8.588814,79.49871,85.53843,6.0397186,96.413666,96.731575,0.31790924,49.210434,50.426105,1.2156715,34.87232,35.23145,0.35913086,23.96008,23.85834,0.10173988,50.22434,50.676758,0.45241928,26.686472,26.283829,0.4026432,16.250252,16.309813,0.059560776,31.08516,29.564766,1.5203934,36.039658,36.526897,0.48723984,79.45528,79.54362,0.08834076,66.54543,65.762726,0.7827072,92.13921,106.08935,77.39566,93.6812,90.81778,102.64537,45.549656,55.302555,31.98516,38.477737,22.219797,25.496881,48.46575,52.887764,24.091497,28.47616,15.214176,17.405449,26.183737,32.945793,34.54734,38.506454,76.54266,82.54457,63.0944,68.43105
9PN2Hyak2W4F0gdWq0Lzcrm-GnEn99_8fKZCbiel4VI,f5bb542c683d1db10e0f493ddffc6890,173.0,1,90.52547,97.37756,6.8520966,79.49871,82.59118,3.0924683,96.413666,95.70953,0.7041321,49.210434,50.500725,1.2902908,34.87232,35.775787,0.9034691,23.96008,24.193157,0.233078,50.22434,50.500675,0.27633667,26.686472,26.491467,0.19500542,16.250252,16.523062,0.27280998,31.08516,29.680153,1.4050064,36.039658,36.713272,0.6736145,79.45528,79.03134,0.42393494,66.54543,66.03873,0.50670624,90.4025,104.35263,74.44841,90.73395,89.79574,101.62333,45.624275,55.377174,32.5295,39.022076,22.554615,25.8317,48.28967,52.71168,24.299135,28.683798,15.427425,17.618698,26.299124,33.06118,34.733715,38.69283,76.03039,82.032295,63.3704,68.707054
-JvTra6b-sTRKwQQZ6DHxXMuRtvz2X0fkXKyrXyrcrk,a040c302ff99965ebe367b063d19ee20,172.6,1,95.779236,99.87726,4.0980225,82.21374,86.01928,3.805542,96.92014,97.68483,0.7646866,50.872368,50.83386,0.03850937,35.234577,35.027325,0.2072525,24.740044,23.889357,0.850687,50.972893,51.3811,0.40820694,27.32401,26.539639,0.7843723,17.287666,16.69375,0.59391594,30.681303,29.88407,0.7972336,35.66278,36.606007,0.94322586,81.30386,80.71673,0.5871353,65.10942,65.756615,0.6471939,92.90219,106.852325,77.87651,94.16205,91.771034,103.598625,45.95741,55.710308,31.781036,38.273613,22.250814,25.527899,49.170094,53.592106,24.347307,28.73197,15.598114,17.789387,26.50304,33.2651,34.62645,38.585564,77.715775,83.71768,63.088287,68.42494
vhwKWKR4nWlKpBiQxP1iKM7y7_URvtNrJMGwH2pLZpk,990a69deea0d16ad18320bf38a7a3b32,170.4,1,93.14689,97.99863,4.851738,83.0925,83.98139,0.8888931,94.743866,95.64074,0.8968735,50.140873,50.303513,0.16263962,35.25493,35.551556,0.29662704,24.11956,23.80228,0.31727982,47.137146,49.365555,2.2284088,24.881275,26.357182,1.4759064,16.479551,16.415382,0.06416893,26.233673,29.604555,3.370882,36.59645,36.374046,0.22240448,75.70716,77.07331,1.3661499,66.402756,65.10836,1.2943954,91.02356,104.973694,75.83862,92.12416,89.726944,101.554535,45.427063,55.179962,32.305267,38.797844,22.163738,25.440823,47.15455,51.57656,24.16485,28.549513,15.319746,17.511019,26.223526,32.985584,34.39449,38.353603,74.07236,80.074265,62.440033,67.77669
vhwKWKR4nWlKpBiQxP1iKM7y7_URvtNrJMGwH2pLZpk,d574e2b2d599d226b5978f22057ed8e0,170.4,1,93.14689,94.33129,1.1844025,83.0925,79.03223,4.060272,94.743866,92.91364,1.8302231,50.140873,49.21084,0.93003464,35.25493,35.90259,0.6476631,24.11956,24.063736,0.05582428,47.137146,49.11715,1.9800034,24.881275,26.038414,1.1571388,16.479551,16.426214,0.053337097,26.233673,28.800827,2.567154,36.59645,36.18415,0.4123001,75.70716,76.535355,0.82819366,66.402756,65.02543,1.377327,87.356224,101.30636,70.88946,87.174995,86.99985,98.82744,44.33439,54.087288,32.656303,39.14888,22.425194,25.702278,46.906143,51.328156,23.846083,28.230745,15.330578,17.52185,25.419798,32.181854,34.204594,38.163708,73.5344,79.53631,62.3571,67.693756
bv5BM24TYdQTIAiXow05WgedRo2huSkBOGlxlVIt2rc,9324906eed120a2043ec9f3928f9e0b3,185.25,1,98.25739,102.18826,3.93087,85.599785,88.821785,3.2220001,100.41097,102.21217,1.8012009,53.40651,53.241074,0.16543579,38.781292,37.302288,1.4790039,25.955107,25.733784,0.22132301,56.72141,55.192078,1.5293312,26.488415,27.309433,0.8210182,16.905533,17.374681,0.46914864,28.72951,30.183477,1.453968,36.85676,38.056095,1.199337,88.270966,87.30667,0.96429443,69.60207,71.31331,1.711235,95.213196,109.16333,80.679016,96.964554,96.29838,108.12597,48.364624,58.117523,34.056,40.548576,24.095242,27.372326,52.98107,57.403084,25.117102,29.501764,16.279045,18.470318,26.802448,33.564507,36.076538,40.035652,84.30572,90.307625,68.64498,73.981636
wBNl8HpFrh4wxxJm-3LU1sbkM34RPMlF1qlBFb9FWhg,8bf725a979665895e0872c6aff2d5078,164.5,1,91.73606,94.08399,2.347931,82.4375,81.2304,1.2070999,92.671104,93.25269,0.58158875,49.800095,48.62719,1.172905,37.73182,34.467525,3.2642937,23.192217,22.75899,0.43322754,46.510803,47.16764,0.65683746,24.820967,24.895174,0.074207306,15.519743,15.547515,0.02777195,26.609612,27.849882,1.2402706,33.81284,34.82943,1.0165901,76.099815,73.5815,2.5183182,61.218933,62.56793,1.3489952,87.108925,101.05906,73.08763,89.37317,87.3389,99.16649,43.75074,53.50364,31.221237,37.713814,21.120447,24.397532,44.956635,49.378647,22.702843,27.087505,14.451879,16.64315,24.468853,31.230911,32.849873,36.808987,70.58054,76.58245,59.8996,65.23625
wBNl8HpFrh4wxxJm-3LU1sbkM34RPMlF1qlBFb9FWhg,c35ca7fe9da19b316fe6ffade4fae15e,164.5,1,91.73606,97.225815,5.4897537,82.4375,83.775314,1.3378143,92.671104,95.11989,2.4487839,49.800095,50.378136,0.5780411,37.73182,35.754135,1.977684,23.192217,23.269953,0.0777359,46.510803,46.867355,0.35655212,24.820967,26.075935,1.2549686,15.519743,16.058651,0.538908,26.609612,29.524977,2.9153652,33.81284,35.69241,1.87957,76.099815,72.87482,3.2249985,61.218933,63.170006,1.9510727,90.25075,104.20088,75.632545,91.91808,89.20609,101.03368,45.501686,55.254585,32.507847,39.000423,21.63141,24.908495,44.65635,49.07836,23.883604,28.268267,14.963015,17.154287,26.143948,32.906006,33.712852,37.671967,69.87386,75.87577,60.50168,65.83833
wBNl8HpFrh4wxxJm-3LU1sbkM34RPMlF1qlBFb9FWhg,a13e64bf5179ad4af41c3a26d181d105,164.5,1,91.73606,93.58377,1.8477097,82.4375,80.62198,1.8155212,92.671104,93.85216,1.1810532,49.800095,49.466682,0.33341217,37.73182,35.15413,2.5776901,23.192217,22.930841,0.26137543,46.510803,46.83434,0.32353592,24.820967,25.035797,0.2148304,15.519743,15.585703,0.06595993,26.609612,28.092592,1.4829807,33.81284,34.775127,0.9622879,76.099815,73.07044,3.0293732,61.218933,62.60823,1.3892975,86.6087,100.55884,72.47921,88.76475,87.93836,99.76595,44.590233,54.343132,31.90784,38.400417,21.2923,24.569384,44.623333,49.045345,22.843466,27.228128,14.490067,16.68134,24.711563,31.473621,32.79557,36.754684,70.06949,76.071396,59.939903,65.27656
wBNl8HpFrh4wxxJm-3LU1sbkM34RPMlF1qlBFb9FWhg,ff9f81b0d8676386f9517f4c148c1595,164.5,1,91.73606,95.7364,4.0003357,82.4375,82.51267,0.075172424,92.671104,94.215775,1.5446701,49.800095,49.773167,0.026927948,37.73182,35.655167,2.0766525,23.192217,23.223083,0.030866623,46.510803,46.689697,0.17889404,24.820967,25.701729,0.8807621,15.519743,15.855225,0.33548164,26.609612,28.917208,2.3075962,33.81284,35.497154,1.6843147,76.099815,72.56672,3.5330963,61.218933,63.325104,2.1061707,88.76133,102.711464,74.3699,90.65544,88.30198,100.12957,44.896717,54.649616,32.40888,38.901455,21.584541,24.861626,44.47869,48.900703,23.509398,27.89406,14.759588,16.950861,25.536179,32.298237,33.517597,37.47671,69.565765,75.56767,60.656776,65.99343
wBNl8HpFrh4wxxJm-3LU1sbkM34RPMlF1qlBFb9FWhg,dcd372ffae3e05f8cd742e7fe259d9b5,164.5,1,91.73606,93.58377,1.8477097,82.4375,80.281784,2.155716,92.671104,92.49599,0.1751175,49.800095,48.11017,1.6899261,37.73182,33.904633,3.8271866,23.192217,22.585299,0.60691833,46.510803,47.436485,0.92568207,24.820967,24.847849,0.026882172,15.519743,15.549718,0.029974937,26.609612,27.843914,1.2343025,33.81284,34.81535,1.0025101,76.099815,73.992294,2.107521,61.218933,62.15637,0.93743515,86.6087,100.55884,72.139015,88.42455,86.58219,98.40978,43.23372,52.986618,30.658344,37.15092,20.946756,24.22384,45.22548,49.64749,22.655518,27.04018,14.454082,16.645355,24.462885,31.224943,32.835793,36.794907,70.99134,76.99325,59.48804,64.82469
wBNl8HpFrh4wxxJm-3LU1sbkM34RPMlF1qlBFb9FWhg,e6c0179d0d8ba5d5c77f0c3e85a546d5,164.5,1,91.73606,97.147125,5.411064,82.4375,84.128586,1.6910858,92.671104,94.304214,1.63311,49.800095,49.14421,0.6558838,37.73182,34.755157,2.9766617,23.192217,22.939114,0.25310326,46.510803,47.28398,0.7731781,24.820967,25.659136,0.8381691,15.519743,15.929399,0.40965557,26.609612,28.90925,2.2996387,33.81284,35.501343,1.6885033,76.099815,73.62062,2.4791946,61.218933,62.906216,1.6872826,90.17206,104.12219,75.98582,92.271355,88.39042,100.21801,44.26776,54.02066,31.50887,38.001446,21.300571,24.577656,45.072975,49.494987,23.466805,27.851467,14.833762,17.025036,25.528221,32.29028,33.521786,37.4809,70.61967,76.621574,60.23789,65.57454
nba34fQdYxD3Bxj1y5BEd1fPxufvWVy9DhQtUfaIH9M,7086f3ea303758623b0d14f275af80ab,181.75,1,96.39272,101.62697,5.2342453,88.77317,87.92796,0.8452072,100.85144,100.457375,0.39406586,54.310345,52.093098,2.217247,35.711075,36.120636,0.40956116,24.506847,25.093702,0.58685493,54.194637,54.40284,0.20820236,25.096695,27.062666,1.965971,15.837167,17.127192,1.2900248,30.160238,30.067095,0.09314346,36.16322,37.767822,1.6046028,86.56263,85.849304,0.7133255,65.981705,69.838036,3.8563309,94.6519,108.602036,79.785194,96.07073,94.54358,106.37117,47.21665,56.969547,32.874348,39.366924,23.45516,26.732244,52.191833,56.613846,24.870335,29.254997,16.031555,18.222828,26.686066,33.448124,35.788265,39.74738,82.84835,88.85026,67.16971,72.50636
nba34fQdYxD3Bxj1y5BEd1fPxufvWVy9DhQtUfaIH9M,9af25921034295c2de101b935a09b72d,181.75,1,96.39272,103.115326,6.722603,88.77317,89.89164,1.1184692,100.85144,101.738,0.88655853,54.310345,53.07051,1.2398338,35.711075,36.766647,1.0555725,24.506847,25.186981,0.6801338,54.194637,53.868294,0.32634354,25.096695,27.514957,2.4182625,15.837167,17.327312,1.4901457,30.160238,30.765383,0.6051445,36.16322,37.934082,1.7708626,86.56263,84.88587,1.6767578,65.981705,69.93574,3.954033,96.14026,110.09039,81.74887,98.03441,95.8242,107.651794,48.19406,57.94696,33.52036,40.012936,23.548439,26.825523,51.657288,56.0793,25.322626,29.707289,16.231676,18.422949,27.384354,34.14641,35.954525,39.91364,81.88492,87.886826,67.26741,72.604065
nba34fQdYxD3Bxj1y5BEd1fPxufvWVy9DhQtUfaIH9M,20c675a47d386bb63af126a05734413d,181.75,1,96.39272,105.43446,9.04174,88.77317,93.343254,4.5700836,100.85144,103.13625,2.284813,54.310345,53.5319,0.7784462,35.711075,36.77477,1.063694,24.506847,25.044994,0.538147,54.194637,53.82113,0.37350845,25.096695,27.621101,2.5244064,15.837167,17.329515,1.4923487,30.160238,31.062803,0.902565,36.16322,37.8952,1.7319794,86.56263,85.022804,1.5398254,65.981705,69.48143,3.4997253,98.4594,112.40953,85.200485,101.48602,97.22246,109.05005,48.65545,58.408348,33.52848,40.021057,23.406452,26.683537,51.610123,56.032135,25.42877,29.813433,16.23388,18.425152,27.681774,34.443832,35.91564,39.874756,82.02185,88.02376,66.8131,72.14976
nba34fQdYxD3Bxj1y5BEd1fPxufvWVy9DhQtUfaIH9M,7ebcccf22e9ee80f6c9ec6ae14da81ad,181.75,1,96.39272,109.714424,13.321701,88.77317,98.83542,10.062248,100.85144,106.821815,5.970375,54.310345,55.653618,1.3432732,35.711075,38.157257,2.4461823,24.506847,25.522415,1.0155678,54.194637,53.884018,0.31061935,25.096695,28.70958,3.6128845,15.837167,17.9196,2.0824327,30.160238,32.55686,2.3966236,36.16322,38.605827,2.4426079,86.56263,85.04726,1.5153732,65.981705,70.38516,4.4034576,102.73936,116.68949,90.69265,106.97819,100.90802,112.73561,50.77717,60.530067,34.91097,41.403545,23.883873,27.160957,51.67301,56.095024,26.517248,30.90191,16.823963,19.015236,29.175833,35.93789,36.62627,40.585384,82.0463,88.04821,67.716835,73.05349
4a31Z0HZ45WeaaALMQbtUVsSY3lsBcdn31D-NtXsLI8,f6ef2fae170516a297d99854a312133b,163.2,1,92.174484,95.685814,3.5113297,78.61751,80.87058,2.2530746,91.05143,93.876724,2.8252945,50.023373,49.589275,0.4340973,32.957863,34.71959,1.7617264,23.491163,22.956573,0.53458977,47.640526,47.36731,0.27321625,26.470808,25.90827,0.56253815,16.391098,16.249226,0.1418724,29.046122,29.315094,0.2689724,36.558273,35.28765,1.2706223,74.65615,73.91405,0.7421036,63.50025,61.789993,1.7102585,88.71075,102.66088,72.72781,89.01335,87.96293,99.79052,44.712826,54.465725,31.4733,37.965878,21.318031,24.595116,45.156303,49.578316,23.715939,28.100601,15.153589,17.344862,25.934065,32.69612,33.308094,37.26721,70.91309,76.915,59.121666,64.45832
3DHVh6yH4O8Yxk5pCf44wqCFmoSfAeKW5YIorkkBRXU,f31f372a99f7f40e6868ab5bb3b5466e,165.5,0,88.39102,85.484726,2.9062958,75.13499,73.57605,1.5589371,96.786545,94.368095,2.4184494,49.04425,49.871773,0.8275223,34.84154,34.937634,0.096092224,23.249147,22.149694,1.099453,48.276413,46.44758,1.8288345,24.016186,22.578945,1.4372406,15.332595,14.751434,0.58116055,25.43551,25.201958,0.23355293,33.036575,31.606785,1.4297905,76.92207,74.28084,2.6412354,58.621674,59.12034,0.49866486,78.50966,92.45979,65.43328,81.71882,88.4543,100.28189,44.995323,54.748222,31.691345,38.18392,20.511152,23.788237,44.236572,48.658585,20.386614,24.771276,13.655798,15.847071,21.820929,28.582987,29.627228,33.58634,71.279884,77.28179,56.45201,61.788666
3DHVh6yH4O8Yxk5pCf44wqCFmoSfAeKW5YIorkkBRXU,9cac66a1ad6f6408f4379bad7e9e2e48,165.5,0,88.39102,83.88852,4.5025024,75.13499,71.56106,3.5739288,96.786545,91.08084,5.7057037,49.04425,47.449234,1.5950165,34.84154,33.92628,0.9152603,23.249147,21.923622,1.3255253,48.276413,46.501034,1.7753792,24.016186,22.143555,1.8726311,15.332595,14.64715,0.68544483,25.43551,24.239077,1.196434,33.036575,31.606785,1.4297905,76.92207,74.09989,2.8221817,58.621674,58.905396,0.28372192,76.91345,90.86359,63.41829,79.70383,85.167046,96.99464,42.572784,52.325684,30.679993,37.17257,20.28508,23.562164,44.290028,48.71204,19.951223,24.335886,13.551514,15.742786,20.858047,27.620106,29.627228,33.58634,71.09894,77.100845,56.23707,61.573723
d8kAWxZMRdnHRXcIU8akC0q2BCpzHElm3KyDjAgV_3c,8639b7c81257effb1ed3dd0751467a30,163.2,1,86.82466,93.077934,6.253273,74.107475,78.48268,4.375206,93.02391,91.71962,1.3042908,54.123234,48.419315,5.7039185,36.265472,35.096912,1.16856,24.10853,23.102695,1.0058346,47.883152,46.760445,1.1227074,26.184294,25.354904,0.8293896,16.369226,15.995127,0.37409973,28.293991,28.196041,0.09794998,34.81405,35.098263,0.28421402,74.882454,72.64986,2.2325974,63.026165,62.27361,0.75255585,86.10287,100.053,70.33991,86.62545,85.805824,97.633415,43.542866,53.295765,31.850624,38.3432,21.464153,24.741238,44.54944,48.97145,23.162573,27.547235,14.89949,17.090763,24.815012,31.57707,33.118706,37.07782,69.6489,75.65081,59.60528,64.94194
FWIpJsIE9XnkEDUdFDJm07EZ2PhHuNzs2f-MJWog-zM,4b200cae9b2ae6b8dfcc164ce90a1bb3,180.5,1,100.21136,98.69556,1.5158005,81.480385,83.755684,2.275299,97.94135,97.94525,0.0038986206,50.26642,51.729317,1.4628983,35.56578,37.3164,1.750618,25.181128,25.438786,0.257658,49.66877,52.725315,3.0565453,26.731419,27.131962,0.4005432,17.150919,17.108463,0.042455673,28.091425,29.948227,1.856802,38.43588,37.73698,0.6988983,79.80711,82.75362,2.9465027,70.05581,69.56692,0.4888916,91.72049,105.67062,75.612915,91.89845,92.031456,103.85905,46.852867,56.605766,34.07011,40.562687,23.800243,27.077328,50.51431,54.93632,24.93963,29.324293,16.012827,18.2041,26.567198,33.329254,35.757423,39.716537,79.75266,85.75457,66.89859,72.235245
FWIpJsIE9XnkEDUdFDJm07EZ2PhHuNzs2f-MJWog-zM,1acc50c13a9d6d7da248d6e9de32dceb,180.5,1,100.21136,102.59754,2.3861847,81.480385,88.3483,6.8679123,97.94135,100.24977,2.3084183,50.26642,53.155792,2.8893738,35.56578,37.979034,2.4132538,25.181128,25.578474,0.3973465,49.66877,52.681297,3.0125275,26.731419,28.045675,1.3142567,17.150919,17.481167,0.33024788,28.091425,31.278656,3.187231,38.43588,38.2961,0.13977814,79.80711,82.61179,2.8046799,70.05581,69.77942,0.27639008,95.622475,109.57261,80.20553,96.491066,94.335976,106.16357,48.279343,58.03224,34.732746,41.225323,23.939932,27.217016,50.47029,54.892303,25.853344,30.238007,16.38553,18.576803,27.897627,34.659683,36.316544,40.275658,79.61084,85.61275,67.11109,72.44775
FWIpJsIE9XnkEDUdFDJm07EZ2PhHuNzs2f-MJWog-zM,a1baeefccdec9c9d52b066fe08bb84e2,180.5,1,100.21136,96.97289,3.2384644,81.480385,82.45379,0.97340393,97.94135,96.47607,1.4652863,50.26642,50.05566,0.21075821,35.56578,36.047955,0.48217392,25.181128,24.972395,0.2087326,49.66877,52.981583,3.3128128,26.731419,26.248503,0.48291588,17.150919,16.707676,0.44324303,28.091425,28.739155,0.6477299,38.43588,37.232838,1.2030411,79.80711,83.26712,3.4600067,70.05581,69.220085,0.8357239,89.997826,103.94796,74.31102,90.59656,90.56227,102.38986,45.17921,54.93211,32.801666,39.294243,23.333853,26.610937,50.770576,55.19259,24.056171,28.440834,15.61204,17.803312,25.358126,32.120186,35.25328,39.212395,80.26617,86.268074,66.55176,71.88841
FWIpJsIE9XnkEDUdFDJm07EZ2PhHuNzs2f-MJWog-zM,d63e50a66ee36741cadad888a81d4559,180.5,1,100.21136,99.294136,0.91722107,81.480385,85.58422,4.103836,97.94135,98.42188,0.4805298,50.26642,51.012417,0.7459984,35.56578,36.04254,0.47676086,25.181128,24.869926,0.3112011,49.66877,53.324318,3.655548,26.731419,26.506172,0.22524643,17.150919,16.781935,0.36898422,28.091425,29.24049,1.149065,38.43588,37.29049,1.1453896,79.80711,84.000694,4.1935806,70.05581,69.17612,0.8796921,92.31907,106.2692,77.44145,93.72699,92.50809,104.33568,46.135967,55.888866,32.796253,39.28883,23.231384,26.508469,51.11331,55.535324,24.31384,28.698503,15.686298,17.877571,25.85946,32.62152,35.310932,39.270046,80.99974,87.00165,66.50779,71.844444
-brqqjqyO72GBQPYhr5Qop65-BnuAvtFdWj2dLeVrak,b403e9bada264bfc40a541acd59db576,178.0,1,98.269966,99.87866,1.608696,79.046814,84.70103,5.654213,95.800446,98.53735,2.736908,52.334892,52.770023,0.43513107,37.575466,38.04012,0.46465302,26.184065,25.418568,0.7654972,50.90554,51.61378,0.7082405,26.475168,27.73333,1.2581615,16.406305,17.350079,0.94377327,28.226011,30.919315,2.693304,36.729366,37.805363,1.0759964,79.85947,80.77174,0.9122772,66.34008,68.665634,2.325554,92.903595,106.85373,76.55826,92.843796,92.62356,104.45115,47.893574,57.646473,34.79383,41.286407,23.780025,27.05711,49.402775,53.824787,25.540998,29.925661,16.254442,18.445715,27.538286,34.300346,35.825806,39.78492,77.77079,83.7727,65.99731,71.33396
-brqqjqyO72GBQPYhr5Qop65-BnuAvtFdWj2dLeVrak,b71abd8585d1243729f8c1c78ed13f7b,178.0,1,98.269966,99.87866,1.608696,79.046814,84.70103,5.654213,95.800446,98.53735,2.736908,52.334892,52.770023,0.43513107,37.575466,38.04012,0.46465302,26.184065,25.418568,0.7654972,50.90554,51.61378,0.7082405,26.475168,27.73333,1.2581615,16.406305,17.350079,0.94377327,28.226011,30.919315,2.693304,36.729366,37.805363,1.0759964,79.85947,80.77174,0.9122772,66.34008,68.665634,2.325554,92.903595,106.85373,76.55826,92.843796,92.62356,104.45115,47.893574,57.646473,34.79383,41.286407,23.780025,27.05711,49.402775,53.824787,25.540998,29.925661,16.254442,18.445715,27.538286,34.300346,35.825806,39.78492,77.77079,83.7727,65.99731,71.33396
-brqqjqyO72GBQPYhr5Qop65-BnuAvtFdWj2dLeVrak,f072ebfc48919ef07c786717e8ef7dd2,178.0,1,98.269966,101.423225,3.1532593,79.046814,86.123955,7.077141,95.800446,99.39725,3.5968018,52.334892,53.59919,1.2642975,37.575466,38.666027,1.0905609,26.184065,25.708052,0.47601318,50.90554,51.682957,0.7774162,26.475168,28.199821,1.7246532,16.406305,17.487778,1.0814724,28.226011,31.59,3.3639889,36.729366,38.170063,1.4406967,79.85947,80.95392,1.0944519,66.34008,68.802414,2.4623337,94.44816,108.39829,77.981186,94.26672,93.48345,105.31104,48.72274,58.47564,35.41974,41.912315,24.06951,27.346594,49.47195,53.893963,26.00749,30.392153,16.392141,18.583414,28.208971,34.97103,36.190506,40.14962,77.952965,83.95487,66.13409,71.47074
-brqqjqyO72GBQPYhr5Qop65-BnuAvtFdWj2dLeVrak,ec74a50e1819bef59b62476dd4226925,178.0,1,98.269966,100.34937,2.0794067,79.046814,85.24076,6.193947,95.800446,99.08523,3.2847824,52.334892,52.936592,0.6016998,37.575466,37.847202,0.27173615,26.184065,25.437866,0.74619865,50.90554,52.168762,1.2632217,26.475168,27.719809,1.2446404,16.406305,17.338696,0.9323902,28.226011,30.941198,2.715187,36.729366,37.813408,1.0840416,79.85947,81.89533,2.0358658,66.34008,68.69006,2.3499832,93.374306,107.32444,77.09799,93.38353,93.17143,104.99902,48.060143,57.81304,34.600914,41.09349,23.799324,27.076408,49.957756,54.37977,25.527477,29.91214,16.24306,18.434332,27.56017,34.322227,35.83385,39.792965,78.89438,84.896286,66.021736,71.35839
-brqqjqyO72GBQPYhr5Qop65-BnuAvtFdWj2dLeVrak,5d1f955b63f176fc68debead94c7a130,178.0,1,98.269966,100.3016,2.0316315,79.046814,85.315994,6.2691803,95.800446,99.15402,3.3535767,52.334892,53.447617,1.1127243,37.575466,38.65907,1.0836029,26.184065,25.58123,0.6028347,50.90554,51.29463,0.38908768,26.475168,27.9037,1.4285316,16.406305,17.28582,0.8795147,28.226011,31.194105,2.9680939,36.729366,37.8295,1.100132,79.85947,80.37928,0.51981354,66.34008,68.58015,2.2400665,93.32653,107.276665,77.173225,93.45876,93.24023,105.06782,48.571167,58.324066,35.41278,41.905357,23.942688,27.219772,49.083622,53.505634,25.711369,30.096031,16.190184,18.381456,27.813076,34.575134,35.84994,39.809055,77.37833,83.38023,65.91182,71.248474
-brqqjqyO72GBQPYhr5Qop65-BnuAvtFdWj2dLeVrak,30d6ea855d2ab7c7b2184cb158316b99,178.0,1,98.269966,98.46512,0.19515228,79.046814,83.58886,4.5420456,95.800446,98.0337,2.2332535,52.334892,52.029137,0.30575562,37.575466,37.09874,0.47672653,26.184065,25.107946,1.0761185,50.90554,52.04613,1.1405907,26.475168,27.070103,0.59493446,16.406305,16.926517,0.5202122,28.226011,30.112354,1.886343,36.729366,37.397755,0.66838837,79.85947,81.707054,1.8475876,66.34008,68.45802,2.1179428,91.49005,105.440186,75.44609,91.73163,92.1199,103.947495,47.152687,56.905586,33.85245,40.345028,23.469404,26.746489,49.835125,54.257137,24.877771,29.262434,15.830881,18.022154,26.731325,33.493385,35.418198,39.37731,78.7061,84.70801,65.789696,71.12635
-brqqjqyO72GBQPYhr5Qop65-BnuAvtFdWj2dLeVrak,b97a1703a7219232212106fc43fa3825,178.0,1,98.269966,99.12271,0.85274506,79.046814,83.46783,4.421013,95.800446,97.586555,1.7861099,52.334892,52.17305,0.16184235,37.575466,37.627808,0.05234146,26.184065,25.393755,0.7903099,50.90554,51.903065,0.99752426,26.475168,27.546734,1.0715656,16.406305,17.178965,0.7726593,28.226011,30.643593,2.4175816,36.729366,37.821453,1.0920868,79.85947,81.32315,1.4636841,66.34008,68.58504,2.244957,92.147644,106.09778,75.32506,91.610596,91.67276,103.50035,47.2966,57.0495,34.38152,40.874096,23.755213,27.032297,49.69206,54.11407,25.354403,29.739065,16.083328,18.274601,27.262564,34.02462,35.841896,39.80101,78.3222,84.324104,65.91671,71.253365
-brqqjqyO72GBQPYhr5Qop65-BnuAvtFdWj2dLeVrak,51848d7dcb33156a3fa35187b42b2904,178.0,1,98.269966,95.83757,2.432396,79.046814,79.01914,0.027671814,95.800446,95.39506,0.40538788,52.334892,51.02574,1.3091507,37.575466,37.21559,0.35987473,26.184065,25.370779,0.8132858,50.90554,51.92822,1.0226784,26.475168,26.868631,0.39346313,16.406305,16.981415,0.5751095,28.226011,29.631908,1.4058971,36.729366,37.380325,0.650959,79.85947,81.477196,1.6177292,66.34008,68.18446,1.8443832,88.8625,102.81264,70.87637,87.16191,89.48126,101.30885,46.149292,55.90219,33.969303,40.46188,23.732237,27.009321,49.717213,54.139225,24.6763,29.060963,15.885778,18.077051,26.25088,33.01294,35.40077,39.359882,78.47624,84.47815,65.516136,70.85279
-brqqjqyO72GBQPYhr5Qop65-BnuAvtFdWj2dLeVrak,a3a93b671f498d378cef9b77daefb7c9,178.0,1,98.269966,99.34191,1.0719452,79.046814,83.791664,4.74485,95.800446,97.94525,2.144806,52.334892,52.811333,0.47644043,37.575466,38.305714,0.7302475,26.184065,25.476465,0.70759964,50.90554,51.194008,0.2884674,26.475168,27.700203,1.2250347,16.406305,17.196224,0.7899189,28.226011,30.903648,2.677637,36.729366,37.724915,0.99554825,79.85947,80.222786,0.3633194,66.34008,68.233315,1.8932343,92.366844,106.31698,75.648895,91.93443,92.031456,103.85905,47.934883,57.687782,35.059425,41.552002,23.837923,27.115007,48.983,53.405014,25.507872,29.892534,16.100588,18.29186,27.52262,34.284676,35.745358,39.70447,77.22183,83.22374,65.56499,70.90164
-brqqjqyO72GBQPYhr5Qop65-BnuAvtFdWj2dLeVrak,5e2a308232e806d757d7e5baeedc7915,178.0,1,98.269966,98.97939,0.7094269,79.046814,83.27811,4.2312927,95.800446,97.93297,2.1325226,52.334892,52.3676,0.032707214,37.575466,37.53367,0.041797638,26.184065,25.316559,0.867506,50.90554,52.01469,1.1091499,26.475168,27.372982,0.8978138,16.406305,17.080006,0.67370033,28.226011,30.518446,2.2924347,36.729366,37.582787,0.85342026,79.85947,81.72906,1.8695908,66.34008,68.22354,1.883461,92.004326,105.95446,75.13534,91.420876,92.01917,103.84676,47.49115,57.24405,34.28738,40.779957,23.678017,26.955101,49.803684,54.225697,25.18065,29.565313,15.984369,18.175642,27.137417,33.899475,35.60323,39.562344,78.7281,84.73001,65.555214,70.89187
-brqqjqyO72GBQPYhr5Qop65-BnuAvtFdWj2dLeVrak,00e41e2dfd7b6110d0533280665fc9a2,178.0,1,98.269966,99.74658,1.4766159,79.046814,84.998695,5.9518814,95.800446,97.846985,2.0465393,52.334892,52.181046,0.15384674,37.575466,37.71943,0.14396286,26.184065,25.30645,0.877615,50.90554,51.46914,0.56359863,26.475168,27.473042,0.9978733,16.406305,17.042002,0.6356964,28.226011,30.534952,2.308941,36.729366,37.76916,1.0397949,79.85947,80.59936,0.73989105,66.34008,68.599686,2.2596054,92.771515,106.72165,76.85593,93.141464,91.93319,103.76078,47.304596,57.057495,34.47314,40.965717,23.667908,26.944992,49.258133,53.680145,25.28071,29.665373,15.946365,18.137638,27.153923,33.91598,35.789604,39.74872,77.598404,83.60031,65.93136,71.26801
-brqqjqyO72GBQPYhr5Qop65-BnuAvtFdWj2dLeVrak,954712b2eb9b7e4d41bb849009843276,178.0,1,98.269966,97.886215,0.38375092,79.046814,83.47437,4.427559,95.800446,97.281906,1.4814606,52.334892,51.08704,1.2478523,37.575466,36.05723,1.5182343,26.184065,24.640865,1.5431995,50.90554,52.132603,1.2270622,26.475168,26.526623,0.051454544,16.406305,16.657547,0.25124168,28.226011,29.489168,1.2631569,36.729366,37.016296,0.28693008,79.85947,81.90267,2.0432053,66.34008,67.910904,1.5708237,90.91115,104.86128,75.331604,91.61714,91.36811,103.1957,46.21059,55.96349,32.810944,39.30352,23.002323,26.279408,49.921597,54.34361,24.334291,28.718954,15.561911,17.753183,26.108139,32.870197,35.03674,38.995853,78.90172,84.903625,65.24258,70.57923
-brqqjqyO72GBQPYhr5Qop65-BnuAvtFdWj2dLeVrak,55893e6b63c527d73d4b27940a485eb4,178.0,1,98.269966,100.42665,2.1566849,79.046814,85.85573,6.808914,95.800446,97.45389,1.6534424,52.334892,50.78855,1.546341,37.575466,35.877075,1.698391,26.184065,24.707264,1.4768009,50.90554,52.602688,1.6971474,26.475168,27.10154,0.6263714,16.406305,17.053202,0.64689636,28.226011,30.145678,1.9196663,36.729366,37.594856,0.86548996,79.85947,82.511536,2.652069,66.34008,68.11607,1.7759933,93.451584,107.40172,77.71296,93.9985,91.54009,103.36768,45.9121,55.665,32.630787,39.123363,23.068722,26.345806,50.39168,54.813694,24.909208,29.29387,15.957565,18.148838,26.764648,33.526707,35.6153,39.574413,79.51058,85.51249,65.44775,70.7844
-brqqjqyO72GBQPYhr5Qop65-BnuAvtFdWj2dLeVrak,4695ecc7e3ee921f5db4ed3c0c25526f,178.0,1,98.269966,96.953224,1.316742,79.046814,82.1921,3.1452866,95.800446,95.76358,0.036865234,52.334892,50.575348,1.7595444,37.575466,37.06936,0.50610733,26.184065,25.081755,1.1023102,50.90554,51.343365,0.43782425,26.475168,26.673923,0.19875526,16.406305,16.659613,0.25330734,28.226011,29.37776,1.1517487,36.729366,37.329376,0.6000099,79.85947,80.316925,0.4574585,66.34008,68.4507,2.1106186,89.97816,103.92829,74.04933,90.33487,89.849785,101.677376,45.6989,55.451797,33.82307,40.315647,23.443213,26.720297,49.13236,53.55437,24.481592,28.866255,15.563976,17.755249,25.99673,32.75879,35.34982,39.308933,77.31597,83.31788,65.78237,71.119026
-brqqjqyO72GBQPYhr5Qop65-BnuAvtFdWj2dLeVrak,d00b7799725d8dc5fcb69084476a855d,178.0,1,98.269966,98.64778,0.37781525,79.046814,84.86131,5.814499,95.800446,97.57673,1.7762833,52.334892,51.063053,1.2718391,37.575466,36.29538,1.2800865,26.184065,24.751375,1.4326897,50.90554,52.02255,1.1170082,26.475168,26.578314,0.1031456,16.406305,16.637718,0.23141289,28.226011,29.449379,1.2233677,36.729366,37.179874,0.45050812,79.85947,81.65326,1.7937927,66.34008,68.418945,2.078865,91.672714,105.62285,76.718544,93.00408,91.66293,103.490524,46.186604,55.939503,33.04909,39.541668,23.112833,26.389917,49.811543,54.233555,24.385983,28.770645,15.542082,17.733355,26.06835,32.830406,35.200317,39.15943,78.652306,84.65421,65.75062,71.08727
6GY7MGgcD8y0dG5ul2mm8JrMe4nkDDvvXu1ZejVL6L4,c201fc518f7fadf3189a4d482c467126,159.5,0,84.44433,83.71991,0.72441864,73.49688,72.04518,1.4516983,92.06872,90.23569,1.8330307,50.79026,47.038815,3.7514458,34.937332,33.35411,1.5832214,22.676859,21.249077,1.427782,44.392273,44.69302,0.30074692,22.308184,21.7947,0.51348305,14.355133,14.262329,0.092803955,24.188204,24.036156,0.15204811,31.17903,30.995373,0.18365669,69.8672,71.031105,1.1639023,60.22172,57.02467,3.197052,76.74484,90.69498,63.902412,80.18795,84.32189,96.14948,42.162365,51.915264,30.107822,36.6004,19.610535,22.887619,42.482014,46.904026,19.60237,23.987032,13.166693,15.357965,20.655127,27.417185,29.015816,32.97493,68.03015,74.03206,54.356342,59.692997
6GY7MGgcD8y0dG5ul2mm8JrMe4nkDDvvXu1ZejVL6L4,a404bb64bb2db433dac793c80451343f,159.5,0,84.44433,84.1021,0.34223175,73.49688,72.08443,1.4124527,92.06872,90.54034,1.5283813,50.79026,47.145416,3.644844,34.937332,33.119057,1.8182755,22.676859,21.238049,1.4388103,44.392273,45.05777,0.6654968,22.308184,21.875828,0.43235588,14.355133,14.366613,0.011480331,24.188204,24.239077,0.050872803,31.17903,31.049007,0.13002205,69.8672,71.715775,1.8485718,60.22172,56.980705,3.2410164,77.12703,91.07716,63.941658,80.227196,84.62654,96.45413,42.268967,52.021866,29.872768,36.365345,19.599506,22.87659,42.846764,47.268776,19.683496,24.06816,13.270977,15.46225,20.858047,27.620106,29.06945,33.028564,68.71482,74.71673,54.312378,59.649033
ciLRduStcoRnAQ-__Qs6QLQWSGY8dxjjK1d0PyYwF-Q,caec875596fbead7ef84011e8aff0926,160.5,0,88.86256,86.56385,2.298706,78.52277,73.71998,4.8027954,88.576164,91.30687,2.7307053,47.711586,47.74772,0.036132812,32.8188,33.224213,0.40541077,20.949629,21.36487,0.41524124,47.732086,45.381638,2.3504486,22.22723,22.535677,0.30844688,15.047673,14.726465,0.321208,24.957859,25.154213,0.19635391,31.415102,31.491474,0.07637215,73.31542,72.18037,1.1350555,59.290775,56.980705,2.31007,79.58878,93.53892,65.57721,81.86275,85.393074,97.220665,42.87127,52.62417,29.977924,36.4705,19.726328,23.003412,43.17063,47.592644,20.343346,24.728008,13.630829,15.822102,21.773184,28.535242,29.511917,33.47103,69.17941,75.18132,54.312378,59.649033
RZGVhoCaP47IHpVlPgcaB8_FpevNIj4qwzBE3mqIJ-s,7613a9a708de44dd6c99685a3d2164dc,173.1,0,91.62933,94.12895,2.4996185,73.94306,81.38741,7.444351,97.457054,100.70674,3.2496872,51.86271,53.10049,1.2377815,36.296608,35.7696,0.52700806,23.959475,23.31682,0.6426544,50.85404,50.635098,0.21894073,23.902994,24.530094,0.6271,15.20345,16.005407,0.80195713,26.467104,27.800146,1.3330421,32.374626,33.518784,1.1441574,81.869934,81.482086,0.3878479,61.518105,62.738907,1.2208023,87.153885,101.10402,73.244644,89.53018,94.792946,106.62054,48.22404,57.97694,32.52331,39.01589,21.678278,24.955362,48.42409,52.846104,22.337763,26.722425,14.909771,17.101044,24.419117,31.181175,31.539227,35.49834,78.48113,84.48304,60.07058,65.407234
RZGVhoCaP47IHpVlPgcaB8_FpevNIj4qwzBE3mqIJ-s,b8bda15a9b162359bd5661955978ba65,173.1,0,91.62933,97.526505,5.897171,73.94306,84.364105,10.421043,97.457054,104.234764,6.77771,51.86271,55.769547,3.9068375,36.296608,37.374557,1.0779495,23.959475,23.882923,0.07655144,50.85404,50.507748,0.3462906,23.902994,25.68415,1.7811565,15.20345,16.570614,1.3671637,26.467104,29.670206,3.203102,32.374626,34.13824,1.7636147,81.869934,81.2987,0.57123566,61.518105,63.283585,1.76548,90.55144,104.50157,76.22134,92.506874,98.32097,110.14856,50.893097,60.645996,34.12827,40.620846,22.24438,25.521465,48.29674,52.718754,23.49182,27.876482,15.4749775,17.66625,26.289177,33.051235,32.158684,36.117798,78.297745,84.29965,60.615257,65.95191
RZGVhoCaP47IHpVlPgcaB8_FpevNIj4qwzBE3mqIJ-s,4f71e16b9ab95015b1a8a630f49ebf7a,173.1,0,91.62933,89.306625,2.3227081,73.94306,75.89198,1.9489212,97.457054,95.626,1.8310547,51.86271,49.77583,2.0868797,36.296608,34.622166,1.6744423,23.959475,23.090748,0.86872673,50.85404,50.6689,0.1851387,23.902994,23.468658,0.4343357,15.20345,15.612875,0.40942478,26.467104,25.830616,0.63648796,32.374626,33.125927,0.7513008,81.869934,81.3476,0.52233124,61.518105,62.43237,0.9142647,82.33156,96.28169,67.749214,84.03475,89.712204,101.539795,44.89938,54.65228,31.375877,37.868454,21.452206,24.72929,48.457893,52.879906,21.276327,25.66099,14.517239,16.708511,22.449587,29.211645,31.14637,35.105484,78.34665,84.34856,59.76404,65.10069
ysjUTkYsWk2w5-l05KpGpo41quzoU-YWRTZCrndNlLI,390346a2732fad8e46266f3a4eb2cabc,165.75,1,98.22166,97.638916,0.5827408,86.48991,84.537476,1.9524307,98.70777,94.63835,4.06942,47.295322,48.701813,1.4064903,31.808147,33.23349,1.4253426,21.337719,22.550377,1.2126579,50.210323,48.8487,1.3616219,23.766415,25.317043,1.5506287,14.98583,15.805286,0.8194561,26.304558,28.679472,2.3749142,34.43921,35.337597,0.8983879,78.36856,76.541466,1.827095,62.825344,62.521523,0.30382156,90.66385,104.61398,76.39471,92.680244,88.724556,100.55215,43.825363,53.578262,29.987202,36.47978,20.911835,24.18892,46.637695,51.059708,23.124712,27.509375,14.70965,16.900923,25.298443,32.0605,33.35804,37.317154,73.54051,79.54242,59.853195,65.18985
ysjUTkYsWk2w5-l05KpGpo41quzoU-YWRTZCrndNlLI,b8099b056a76363cfc5e1ea69abc3d2f,165.75,1,98.22166,94.56735,3.6543045,86.48991,81.11919,5.37072,98.70777,92.476326,6.2314453,47.295322,47.7264,0.43107605,31.808147,33.32318,1.5150337,21.337719,22.539349,1.2016296,50.210323,48.203712,2.0066109,23.766415,24.8492,1.0827847,14.98583,15.56514,0.57930946,26.304558,27.843914,1.5393562,34.43921,35.01379,0.57458115,78.36856,75.390976,2.9775848,62.825344,62.378635,0.44670868,87.592285,101.54242,72.97642,89.261955,86.56253,98.39012,42.84995,52.602848,30.076893,36.56947,20.900806,24.17789,45.992706,50.41472,22.656868,27.04153,14.469503,16.660776,24.462885,31.224943,33.034233,36.993347,72.39002,78.39193,59.710308,65.04697
ysjUTkYsWk2w5-l05KpGpo41quzoU-YWRTZCrndNlLI,3d5dcd34d7141ae1bfa7428777db4090,165.75,1,98.22166,96.41928,1.8023758,86.48991,83.69026,2.7996445,98.70777,94.12241,4.5853577,47.295322,48.387333,1.0920105,31.808147,33.338646,1.5304985,21.337719,22.489723,1.1520042,50.210323,48.4757,1.734623,23.766415,24.995232,1.228817,14.98583,15.658408,0.67257786,26.304558,28.164211,1.8596535,34.43921,35.034573,0.5953636,78.36856,75.99251,2.3760529,62.825344,62.437256,0.38808823,89.444214,103.39435,75.54749,91.83303,88.20862,100.03621,43.510883,53.263783,30.092358,36.584934,20.851181,24.128265,46.264694,50.686707,22.8029,27.187563,14.562772,16.754044,24.783182,31.54524,33.055016,37.01413,72.991554,78.99346,59.76893,65.10558
ysjUTkYsWk2w5-l05KpGpo41quzoU-YWRTZCrndNlLI,c41e45209fcbc7e029f79e8c5ca695a3,165.75,1,98.22166,99.45151,1.2298508,86.48991,86.99734,0.50743103,98.70777,95.586685,3.1210861,47.295322,49.288124,1.9928017,31.808147,34.0036,2.1954536,21.337719,22.747961,1.4102421,50.210323,48.32241,1.8879128,23.766415,25.71525,1.9488354,14.98583,15.970157,0.98432636,26.304558,29.140024,2.8354664,34.43921,35.60995,1.170742,78.36856,75.58904,2.7795181,62.825344,62.975826,0.15048218,92.47644,106.426575,78.85457,95.14011,89.67289,101.50048,44.411674,54.164574,30.757313,37.24989,21.109419,24.386503,46.111404,50.533417,23.522919,27.907581,14.87452,17.065792,25.758995,32.521053,33.630394,37.589508,72.58809,78.59,60.3075,65.64415
xmH69ldFvRNLGcaQLwW_bCUUU5H_GIuskbslCoMFw4Q,569278a57a697c40676dc11e27804266,191.85,1,104.47482,104.27244,0.20238495,83.753174,91.31354,7.560364,101.41166,105.02587,3.614212,55.441982,54.87409,0.567894,37.621876,38.385353,0.7634773,25.60552,26.32378,0.7182598,56.289192,56.056778,0.23241425,28.792389,27.954407,0.8379822,17.390049,17.811644,0.42159462,32.000984,30.897432,1.1035519,38.038227,38.58706,0.54883194,90.0806,88.92542,1.1551743,70.73317,72.80324,2.0700684,97.29737,111.247505,83.17077,99.45631,99.112076,110.93967,49.99764,59.750538,35.139065,41.63164,24.685238,27.962322,53.84577,58.267784,25.762075,30.146738,16.716007,18.90728,27.516403,34.27846,36.607502,40.566616,85.92447,91.92638,70.13491,75.471565
xmH69ldFvRNLGcaQLwW_bCUUU5H_GIuskbslCoMFw4Q,e33baf0b9cfd09cba9c0c99d0332c625,191.85,1,104.47482,99.797165,4.677658,83.753174,84.998695,1.2455215,101.41166,101.02613,0.38552856,55.441982,52.655426,2.7865562,37.621876,37.944626,0.3227501,25.60552,26.445087,0.8395672,56.289192,56.151108,0.13808441,28.792389,27.038326,1.7540627,17.390049,17.529638,0.13958931,32.000984,29.373781,2.627203,38.038227,38.222355,0.18412781,90.0806,89.10148,0.97911835,70.73317,72.62249,1.8893204,92.8221,106.77223,76.85593,93.141464,95.112335,106.939926,47.778976,57.531876,34.698338,41.190914,24.806545,28.08363,53.9401,58.362114,24.845995,29.230658,16.434002,18.625275,25.992752,32.75481,36.242798,40.201912,86.100525,92.10243,69.95416,75.29082
xmH69ldFvRNLGcaQLwW_bCUUU5H_GIuskbslCoMFw4Q,2d3c3c5209f6e1b234856d9a166067b0,191.85,1,104.47482,102.644615,1.8302078,83.753174,89.18733,5.4341583,101.41166,103.3113,1.899643,55.441982,53.85637,1.5856133,37.621876,37.829807,0.20793152,25.60552,26.099545,0.49402428,56.289192,55.88069,0.40850067,28.792389,27.53727,1.2551193,17.390049,17.614092,0.22404289,32.000984,30.289165,1.7118187,38.038227,38.27599,0.23776245,90.0806,88.690674,1.3899231,70.73317,72.18773,1.4545593,95.66955,109.61968,81.04456,97.3301,97.39751,109.2251,48.97992,58.73282,34.58352,41.076096,24.461002,27.738087,53.669685,58.091698,25.344938,29.7296,16.518456,18.709728,26.908136,33.670197,36.296432,40.255547,85.68972,91.69163,69.5194,74.85606
xmH69ldFvRNLGcaQLwW_bCUUU5H_GIuskbslCoMFw4Q,d7c632c2c8ffa89d49eb4ecbfc21b841,191.85,1,104.47482,105.336105,0.86128235,83.753174,91.5507,7.7975235,101.41166,104.965675,3.554016,55.441982,55.129932,0.31204987,37.621876,38.388447,0.76657104,25.60552,26.408327,0.80280685,56.289192,56.28946,0.0002670288,28.792389,28.43239,0.3599987,17.390049,18.025352,0.6353035,32.000984,31.564138,0.43684578,38.038227,38.927624,0.88939667,90.0806,89.24819,0.8324051,70.73317,72.5541,1.8209305,98.36104,112.31117,83.40793,99.69347,99.05188,110.87947,50.253483,60.006382,35.14216,41.634735,24.769785,28.04687,54.078453,58.500465,26.240059,30.624722,16.929716,19.120989,28.18311,34.945168,36.948067,40.90718,86.24724,92.249146,69.88577,75.22243
xmH69ldFvRNLGcaQLwW_bCUUU5H_GIuskbslCoMFw4Q,20f21e23e210f1e1c01a60c37b61b791,191.85,1,104.47482,105.32486,0.8500366,83.753174,92.2409,8.487724,101.41166,105.96929,4.5576324,55.441982,55.559673,0.11769104,37.621876,38.48432,0.86244583,25.60552,26.351349,0.7458286,56.289192,56.264305,0.024887085,28.792389,28.275541,0.5168476,17.390049,17.998913,0.60886383,32.000984,31.434328,0.5666561,38.038227,38.667507,0.6292801,90.0806,89.2971,0.7835007,70.73317,72.52479,1.7916183,98.34979,112.29993,84.09813,100.38367,100.0555,111.88309,50.683224,60.436123,35.238033,41.73061,24.712807,27.989891,54.0533,58.47531,26.08321,30.467873,16.903276,19.09455,28.053299,34.815357,36.68795,40.647064,86.29614,92.29805,69.85646,75.193115
xmH69ldFvRNLGcaQLwW_bCUUU5H_GIuskbslCoMFw4Q,2c077a299093054544094cfcc2297c60,191.85,1,104.47482,106.94636,2.4715347,83.753174,94.07271,10.319534,101.41166,106.713715,5.3020554,55.441982,56.153316,0.7113342,37.621876,39.051083,1.4292068,25.60552,26.579262,0.97374153,56.289192,56.1574,0.13179398,28.792389,28.79206,0.00032806396,17.390049,18.17737,0.7873211,32.000984,32.087357,0.086372375,38.038227,39.107292,1.0690651,90.0806,89.062355,1.0182419,70.73317,72.979095,2.245926,99.97129,113.921425,85.92994,102.21548,100.79992,112.62751,51.276867,61.029766,35.804794,42.29737,24.94072,28.217804,53.946392,58.368404,26.59973,30.984392,17.081734,19.273006,28.706327,35.468384,37.127735,41.08685,86.0614,92.06331,70.31077,75.64742
xmH69ldFvRNLGcaQLwW_bCUUU5H_GIuskbslCoMFw4Q,dd235af9d0608fe189943ca36ede4a0b,191.85,1,104.47482,103.404076,1.0707474,83.753174,89.70907,5.9558945,101.41166,103.85334,2.441681,55.441982,54.382217,1.0597649,37.621876,38.462673,0.8407974,25.60552,26.437737,0.83221626,56.289192,56.113377,0.17581558,28.792389,27.962519,0.8298702,17.390049,17.921068,0.5310192,32.000984,30.771975,1.2290096,38.038227,38.6246,0.5863724,90.0806,88.92542,1.1551743,70.73317,72.72996,1.996788,96.42901,110.37914,81.5663,97.85184,97.939545,109.767136,49.505768,59.258667,35.216385,41.70896,24.799194,28.076279,53.90237,58.324383,25.770187,30.15485,16.825432,19.016705,27.390945,34.153004,36.645042,40.604156,85.92447,91.92638,70.06163,75.398285
xmH69ldFvRNLGcaQLwW_bCUUU5H_GIuskbslCoMFw4Q,cdfd9bc71bbdc942abe5666374b1c765,191.85,1,104.47482,106.05271,1.5778885,83.753174,93.29092,9.537743,101.41166,106.50488,5.0932236,55.441982,55.88015,0.43816757,37.621876,38.672985,1.0511093,25.60552,26.318266,0.71274567,56.289192,56.069355,0.21983719,28.792389,28.454025,0.33836365,17.390049,18.100994,0.7109451,32.000984,31.754128,0.24685669,38.038227,38.680916,0.64268875,90.0806,88.99389,1.0867081,70.73317,72.32939,1.5962219,99.077644,113.02778,85.14815,101.433685,100.59109,112.41868,51.0037,60.7566,35.426697,41.919273,24.679724,27.956808,53.85835,58.28036,26.261694,30.646357,17.005358,19.19663,28.373098,35.135155,36.70136,40.660473,85.992935,91.99484,69.661064,74.99772
xmH69ldFvRNLGcaQLwW_bCUUU5H_GIuskbslCoMFw4Q,06dce778fd7c65b00599dff9c775572c,191.85,1,104.47482,107.415665,2.9408417,83.753174,95.665726,11.912552,101.41166,106.72354,5.311882,55.441982,55.359795,0.08218765,37.621876,38.112797,0.49092102,25.60552,26.14917,0.5436497,56.289192,56.364925,0.075733185,28.792389,28.414812,0.37757683,17.390049,18.069416,0.67936707,32.000984,31.616858,0.38412666,38.038227,38.863266,0.8250389,90.0806,89.35578,0.72481537,70.73317,72.73485,2.0016785,100.4406,114.39073,87.52296,103.808495,100.809746,112.63734,50.483345,60.236244,34.86651,41.359085,24.510628,27.787712,54.15392,58.57593,26.22248,30.607143,16.97378,19.165052,28.235828,34.997887,36.88371,40.842823,86.35483,92.356735,70.06652,75.403175
imuiUv8YPQ3dlNu6BmbAghuxOMm1hG-rabvRQfDMkPM,96aa80262471ff79a8bf265113765579,177.5,1,95.09461,97.29326,2.1986465,82.552895,83.01642,0.46352386,100.448105,98.06073,2.3873749,50.44223,51.73065,1.2884216,36.471455,36.83353,0.3620758,24.631319,24.888765,0.2574463,51.085697,51.989532,0.9038353,26.504604,26.49506,0.009544373,16.60686,16.74432,0.13746071,28.364557,29.37776,1.0132027,37.465546,36.867466,0.5980797,79.896706,81.77796,1.8812561,67.1041,68.22354,1.1194382,90.31819,104.268326,74.87365,91.15919,92.146935,103.974525,46.854202,56.6071,33.587242,40.07982,23.250223,26.527308,49.778526,54.20054,24.302729,28.687391,15.648684,17.839956,25.99673,32.75879,34.88791,38.847023,78.77701,84.778915,65.555214,70.89187
imuiUv8YPQ3dlNu6BmbAghuxOMm1hG-rabvRQfDMkPM,97cf4ba560af535e04ce73562f011bad,177.5,1,95.09461,96.062386,0.96777344,82.552895,81.099556,1.4533386,100.448105,95.847115,4.6009903,50.44223,50.20224,0.23999023,36.471455,36.187904,0.28355026,24.631319,24.823977,0.19265747,51.085697,52.077576,0.9918785,26.504604,26.278082,0.22652245,16.60686,16.684502,0.07764244,28.364557,28.904278,0.53972054,37.465546,36.999535,0.46601105,79.896706,81.64837,1.7516632,67.1041,68.26751,1.1634064,89.08732,103.03745,72.95679,89.242325,89.93332,101.76091,45.32579,55.07869,32.941616,39.434193,23.185434,26.462519,49.86657,54.28858,24.08575,28.470413,15.588865,17.780138,25.523249,32.28531,35.019978,38.97909,78.647415,84.64932,65.59918,70.93584
XY5IBUxnQ981n3UvFegHkU9lz5ho3m7QETaeJ6BJlwo,eab326dc2f0d032349f34d3fa475ae2c,179.4,1,103.896706,105.752014,1.8553085,82.12385,93.11427,10.990425,95.5044,104.70157,9.197166,50.299553,55.447075,5.147522,37.18254,38.362156,1.179615,25.148508,25.505873,0.35736465,53.59524,52.912407,0.6828346,28.923681,28.38236,0.5413208,17.885923,17.704422,0.18150139,32.430435,32.18285,0.2475853,36.93588,38.12984,1.1939621,85.87157,83.33314,2.5384293,66.94031,69.6402,2.6998901,98.77695,112.72708,84.971504,101.25704,98.78777,110.615364,50.570625,60.323524,35.115868,41.608444,23.86733,27.144415,50.7014,55.123413,26.19003,30.574692,16.608786,18.800058,28.80182,35.56388,36.150284,40.109398,80.332184,86.33409,66.97187,72.308525
XY5IBUxnQ981n3UvFegHkU9lz5ho3m7QETaeJ6BJlwo,7b72e3f19f5ed8824d4e3ec6602f3619,179.4,1,103.896706,98.793915,5.102791,82.12385,84.02391,1.9000626,95.5044,98.362915,2.8585129,50.299553,51.033737,0.73418427,37.18254,35.466503,1.7160378,25.148508,24.709103,0.43940544,53.59524,53.937473,0.34223175,28.923681,26.469242,2.4544392,17.885923,17.030067,0.85585594,32.430435,29.314098,3.1163368,36.93588,36.986797,0.05091858,85.87157,85.21354,0.65802765,66.94031,68.0892,1.1488953,91.81885,105.76898,75.88114,92.16668,92.44912,104.27671,46.157288,55.910187,32.220215,38.71279,23.07056,26.347645,51.726467,56.14848,24.27691,28.661573,15.934431,18.125704,25.93307,32.69513,35.00724,38.966354,82.212585,88.21449,65.420876,70.75753
fFrDCPtjMVOQo6lhZX1j8YB4DI96KbJWvHj9Cfql690,da6f04b1763c6d167017bef1d02db264,162.5,0,92.98049,88.90195,4.0785446,75.07634,76.93219,1.8558502,90.14705,93.17407,3.0270233,48.720722,48.467285,0.25343704,34.850693,33.363388,1.4873047,22.73085,21.53948,1.19137,48.88708,46.233765,2.6533165,23.976149,22.779062,1.1970863,15.149046,14.6324625,0.51658344,27.072645,25.579948,1.4926968,32.080723,31.987576,0.09314728,76.51633,73.6304,2.8859253,58.435307,58.18242,0.25288773,81.92688,95.877014,68.78942,85.07496,87.26028,99.08787,43.590836,53.343735,30.1171,36.609676,19.900938,23.178022,44.02276,48.44477,20.586731,24.971394,13.536826,15.728099,22.19892,28.960978,30.008018,33.967133,70.62945,76.631355,55.51409,60.850746
fFrDCPtjMVOQo6lhZX1j8YB4DI96KbJWvHj9Cfql690,b7544d6cad05c544fe65adaa3be115cb,162.5,0,92.98049,92.48217,0.49832153,75.07634,80.76591,5.6895676,90.14705,97.00183,6.854782,48.720722,51.26027,2.539547,34.850693,34.793816,0.056877136,22.73085,21.995302,0.735548,48.88708,45.969635,2.9174461,23.976149,23.695818,0.28033066,15.149046,14.951189,0.1978569,27.072645,27.259024,0.18637848,32.080723,32.521217,0.44049454,76.51633,73.202484,3.3138428,58.435307,58.973785,0.53847885,85.5071,99.45724,72.62314,88.908676,91.088036,102.91563,46.38382,56.13672,31.547527,38.040104,20.35676,23.633844,43.75863,48.18064,21.503487,25.88815,13.855553,16.046825,23.877995,30.640053,30.54166,34.500774,70.20153,76.20344,56.305458,61.642113
zrydWW1YldsSPK0Dey0YMyjPCF0jOvwBTfofxzTnNQI,7a9bd49e515456d819cde0e3ce5aa4a0,164.6,0,87.90978,90.19465,2.2848663,78.58945,78.22754,0.36190796,92.65615,94.687485,2.031334,47.03644,49.114895,2.078453,34.001297,33.731434,0.26986313,22.504633,21.894213,0.6104202,50.35205,47.36888,2.9831696,23.449825,23.052197,0.39762878,15.806385,14.923282,0.8831034,25.394594,25.88632,0.49172592,35.27274,32.34155,2.9311905,76.770035,75.57437,1.1956635,58.37508,59.364586,0.98950577,83.21958,97.169716,70.08477,86.37031,88.77369,100.60128,44.238445,53.991344,30.485146,36.977722,20.25567,23.532755,45.157875,49.579887,20.859865,25.244528,13.827645,16.018917,22.505291,29.26735,30.361992,34.321106,72.57342,78.575325,56.69626,62.032913
c_RN0nF9LW71ZYJQnSp8mUN88GQlyQ_zc3QrUUqerRM,5d9adc6d19d86c6e7b0c379805346e4b,159.8,0,88.0613,87.40691,0.6543884,73.35225,74.976074,1.6238251,92.80914,94.10275,1.2936096,51.15559,49.866444,1.2891464,35.07546,34.323708,0.75175095,23.590187,21.618515,1.971672,45.831997,45.092358,0.7396393,22.532183,22.711456,0.1792736,14.523639,14.727934,0.20429516,27.062014,25.762976,1.2990379,31.251076,31.381527,0.1304512,76.588066,71.84782,4.7402496,56.42749,57.332428,0.90493774,80.43185,94.38198,66.833305,83.11884,88.18896,100.01655,44.989994,54.742893,31.07742,37.569996,19.979973,23.257057,42.88135,47.303364,20.519125,24.903788,13.6322975,15.82357,22.381947,29.144005,29.40197,33.361084,68.84686,74.84877,54.6641,60.000755
c_RN0nF9LW71ZYJQnSp8mUN88GQlyQ_zc3QrUUqerRM,973d5396bf7ad4ae09b2e6116c872e44,159.8,0,88.0613,94.010925,5.949623,73.35225,81.59676,8.244514,92.80914,96.687355,3.878212,51.15559,51.21763,0.06203842,35.07546,34.93918,0.13628006,23.590187,21.965895,1.6242924,45.831997,45.192978,0.639019,22.532183,24.094702,1.5625191,14.523639,15.125974,0.602335,27.062014,27.869776,0.80776215,31.251076,32.743793,1.4927177,76.588066,71.74023,4.8478394,56.42749,58.211727,1.7842369,87.03586,100.98599,73.453995,89.73953,90.77356,102.60115,46.34118,56.094078,31.69289,38.185467,20.327353,23.604437,42.98197,47.403984,21.90237,26.287033,14.030337,16.221611,24.488747,31.250805,30.764236,34.72335,68.73927,74.74118,55.5434,60.880054
5D0ey117hSU15IhFwv_AMoW12dWLH-hA78F27-tMvGk,5f4ef9b05c954311271d46798d9528a2,161.5,0,88.81797,88.868225,0.05025482,77.46622,76.87331,0.59291077,94.7457,92.73184,2.013855,49.874508,48.051537,1.8229713,31.180643,32.73864,1.5579967,20.956255,21.315245,0.35898972,45.791862,46.306084,0.5142212,22.66315,22.63844,0.024711609,14.863141,14.56343,0.29971123,25.176716,25.516287,0.339571,32.230362,31.915173,0.31518936,73.1367,73.794235,0.65753174,58.49322,57.87466,0.6185608,81.89316,95.84329,68.73054,85.016075,86.81805,98.64564,43.175087,52.927986,29.492352,35.98493,19.676702,22.953787,44.095078,48.51709,20.446108,24.83077,13.467793,15.659066,22.135258,28.897316,29.935616,33.89473,70.79328,76.79519,55.206333,60.542988
5D0ey117hSU15IhFwv_AMoW12dWLH-hA78F27-tMvGk,848672483ac4ece62cb68f5f06c41cb1,161.5,0,88.81797,87.7329,1.0850677,77.46622,75.47328,1.9929352,94.7457,92.50581,2.2398834,49.874508,48.291393,1.5831146,31.180643,33.072662,1.8920193,20.956255,21.381413,0.42515755,45.791862,45.9602,0.16833878,22.66315,22.592466,0.07068443,14.863141,14.55168,0.31146145,25.176716,25.46854,0.29182434,32.230362,31.751593,0.4787693,73.1367,73.23672,0.10001373,58.49322,57.571793,0.9214287,80.757835,94.70797,67.33051,83.61605,86.59202,98.41961,43.414944,53.167843,29.826374,36.31895,19.74287,23.019955,43.749195,48.171207,20.400135,24.784798,13.456043,15.647316,22.087511,28.84957,29.772036,33.731148,70.23576,76.23767,54.903465,60.24012
5D0ey117hSU15IhFwv_AMoW12dWLH-hA78F27-tMvGk,b31c25634908c521eed8cf6812afdfea,161.5,0,88.81797,87.114655,1.7033157,77.46622,74.79289,2.6733246,94.7457,91.49359,3.2521057,49.874508,47.65711,2.2173996,31.180643,33.001526,1.8208828,20.956255,21.352005,0.39575005,45.791862,45.98536,0.1934967,22.66315,22.473476,0.18967438,14.863141,14.482647,0.38049412,25.176716,25.197979,0.021263123,32.230362,31.751593,0.4787693,73.1367,73.207375,0.07067108,58.49322,57.376392,1.1168289,80.13959,94.08972,66.65012,82.93566,85.579796,97.40739,42.78066,52.533558,29.755238,36.247814,19.713463,22.990547,43.774353,48.196365,20.281145,24.665808,13.387011,15.578283,21.81695,28.579008,29.772036,33.731148,70.20642,76.20833,54.708065,60.04472
5D0ey117hSU15IhFwv_AMoW12dWLH-hA78F27-tMvGk,1aebf8989616b2fc6a1badfaf7694099,161.5,0,88.81797,84.85524,3.9627304,77.46622,72.51621,4.9500046,94.7457,90.275,4.4706955,49.874508,46.740326,3.134182,31.180643,32.701523,1.5208797,20.956255,21.307894,0.3516388,45.791862,46.03881,0.24694824,22.66315,21.929914,0.7332363,14.863141,14.390114,0.47302723,25.176716,24.251013,0.92570305,32.230362,31.338623,0.8917389,73.1367,73.39566,0.2589569,58.49322,57.322655,1.1705666,77.88017,91.83031,64.37344,80.65898,84.361206,96.1888,41.863876,51.616776,29.455235,35.94781,19.669352,22.946436,43.827805,48.249817,19.737583,24.122246,13.294477,15.48575,20.869984,27.632042,29.359066,33.31818,70.39471,76.396614,54.654327,59.990982
5D0ey117hSU15IhFwv_AMoW12dWLH-hA78F27-tMvGk,866fb70d7207be0c0666af6c1ad70af7,161.5,0,88.81797,87.80035,1.0176239,77.46622,75.48637,1.9798508,94.7457,91.58204,3.1636581,49.874508,47.507866,2.366642,31.180643,32.868538,1.6878948,20.956255,21.381413,0.42515755,45.791862,46.114277,0.3224144,22.66315,22.616806,0.046344757,14.863141,14.569305,0.29383564,25.176716,25.317345,0.14062881,32.230362,31.939306,0.29105568,73.1367,73.38099,0.24428558,58.49322,57.762306,0.73091507,80.82528,94.77541,67.3436,83.629135,85.66824,97.495834,42.631416,52.384315,29.62225,36.114826,19.74287,23.019955,43.90327,48.325283,20.424475,24.809137,13.473669,15.664942,21.936316,28.698374,29.95975,33.91886,70.380035,76.38194,55.09398,60.430634
5D0ey117hSU15IhFwv_AMoW12dWLH-hA78F27-tMvGk,f73c012a248bf722c2b068cd30590b92,161.5,0,88.81797,84.506775,4.3111954,77.46622,72.49004,4.9761734,94.7457,91.08084,3.664856,49.874508,47.497204,2.377304,31.180643,33.22112,2.0404758,20.956255,21.386927,0.4306717,45.791862,45.77783,0.014034271,22.66315,21.935322,0.727829,14.863141,14.384238,0.47890282,25.176716,24.342527,0.83418846,32.230362,31.177725,1.0526371,73.1367,73.090004,0.046699524,58.49322,57.317772,1.1754494,77.53171,91.48184,64.347275,80.63281,85.167046,96.99464,42.620754,52.373653,29.97483,36.467407,19.748384,23.025469,43.566822,47.988834,19.74299,24.127653,13.288602,15.479875,20.961498,27.723557,29.198168,33.15728,70.08905,76.09096,54.649445,59.9861
t8e5FBXCLjG2YndD7s8U4bOme2PDNMrXqjETMJPc154,4cdacef364633622110cfc9c2b424b85,178.0,1,137.54697,145.1063,7.559326,140.94803,143.68207,2.7340393,141.4084,145.46545,4.0570526,70.54765,74.115814,3.568161,50.355556,46.95014,3.4054146,29.487091,28.948437,0.5386543,49.942814,51.800873,1.8580589,33.680267,34.185776,0.5055084,20.61986,20.74407,0.12421036,40.711075,44.383987,3.6729126,43.23426,41.82646,1.4077988,75.34242,80.55045,5.2080307,77.49086,74.835396,2.6554642,138.13123,152.08136,135.5393,151.82483,139.55167,151.37924,69.239365,78.99226,43.703854,50.19643,27.309895,30.586979,49.589867,54.01188,31.993444,36.378105,19.648434,21.839706,41.00296,47.765015,39.846905,43.80602,77.5495,83.55141,72.16707,77.50372
t8e5FBXCLjG2YndD7s8U4bOme2PDNMrXqjETMJPc154,1fda6b8d5e715c4da3b22a1e53ced9eb,178.0,1,137.54697,147.30951,9.762543,140.94803,145.56622,4.6181946,141.4084,148.49228,7.0838776,70.54765,75.93872,5.3910675,50.355556,47.704792,2.6507645,29.487091,29.323387,0.16370392,49.942814,51.516308,1.573494,33.680267,34.564377,0.8841095,20.61986,20.885073,0.265213,40.711075,45.434406,4.7233315,43.23426,41.99272,1.241539,75.34242,79.91102,4.568596,77.49086,75.00637,2.4844894,140.33444,154.28458,137.42346,153.70898,142.57849,154.40607,71.06227,80.81517,44.458504,50.95108,27.684845,30.96193,49.3053,53.727314,32.372047,36.756706,19.789436,21.98071,42.053375,48.815437,40.013165,43.97228,76.910065,82.91197,72.33804,77.6747
t8e5FBXCLjG2YndD7s8U4bOme2PDNMrXqjETMJPc154,2189835eee2fed5563f1746051e6983c,178.0,1,137.54697,147.42192,9.874954,140.94803,146.03726,5.0892334,141.4084,147.82402,6.415619,70.54765,75.36307,4.8154144,50.355556,47.52541,2.8301468,29.487091,29.260895,0.22619629,49.942814,51.546177,1.603363,33.680267,34.569786,0.88951874,20.61986,20.893885,0.27402496,40.711075,45.267292,4.556217,43.23426,42.094624,1.139637,75.34242,79.89757,4.5551453,77.49086,75.113846,2.3770142,140.44685,154.39699,137.8945,154.18002,141.91022,153.73782,70.48662,80.23952,44.27912,50.771698,27.622353,30.899437,49.33517,53.757183,32.377457,36.762115,19.798248,21.989521,41.88626,48.648323,40.115067,44.07418,76.896614,82.89852,72.44552,77.78217
t8e5FBXCLjG2YndD7s8U4bOme2PDNMrXqjETMJPc154,c20b6d24c4c2185195b9bc9dbbaf1517,178.0,1,137.54697,144.52177,6.9748077,140.94803,143.10637,2.1583405,141.4084,144.28618,2.877777,70.54765,73.518845,2.9711914,50.355556,46.80169,3.5538673,29.487091,28.908,0.5790901,49.942814,51.939224,1.9964104,33.680267,34.266907,0.5866394,20.61986,20.799883,0.1800232,40.711075,44.185047,3.4739723,43.23426,41.981995,1.2522659,75.34242,80.74118,5.398758,77.49086,74.95264,2.5382233,137.5467,151.49684,134.9636,151.24915,138.37238,150.19998,68.642395,78.395294,43.5554,50.047977,27.269459,30.546543,49.728218,54.15023,32.074577,36.459236,19.704247,21.89552,40.804016,47.56608,40.002438,43.96155,77.74023,83.742134,72.28431,77.620964
t8e5FBXCLjG2YndD7s8U4bOme2PDNMrXqjETMJPc154,dff179052c9df2b82aeabe853e8c897e,178.0,1,137.54697,141.9139,4.366928,140.94803,139.31189,1.6361389,141.4084,141.94727,0.53886414,70.54765,72.90055,2.3528976,50.355556,46.77076,3.584797,29.487091,28.738905,0.7481861,49.942814,51.557182,1.6143684,33.680267,33.969433,0.2891655,20.61986,20.620691,0.000831604,40.711075,43.64392,2.932846,43.23426,41.633385,1.6008759,75.34242,80.29247,4.9500504,77.49086,74.23454,3.2563171,134.93883,148.88896,131.16913,147.45465,136.03348,147.86105,68.0241,77.777,43.52447,50.017048,27.100363,30.377447,49.346176,53.76819,31.777102,36.161766,19.525055,21.716328,40.262894,47.02495,39.653828,43.61294,77.29152,83.29343,71.566216,76.90287
t8e5FBXCLjG2YndD7s8U4bOme2PDNMrXqjETMJPc154,37473450f3604315720e4e192e0544e6,178.0,1,137.54697,137.68732,0.14035034,140.94803,134.65387,6.294159,141.4084,135.14673,6.261673,70.54765,69.38267,1.1649857,50.355556,45.669716,4.6858406,29.487091,28.198534,1.288557,49.942814,51.443985,1.5011711,33.680267,33.504295,0.17597198,20.61986,20.418,0.20186043,40.711075,41.885273,1.1741982,43.23426,41.5583,1.6759605,75.34242,80.12009,4.777664,77.49086,73.74604,3.7448196,130.71225,144.66238,126.5111,142.79663,129.23294,141.06052,64.50622,74.25912,42.423428,48.916004,26.559992,29.837076,49.23298,53.65499,31.311964,35.696625,19.322363,21.513636,38.504242,45.266304,39.578743,43.537857,77.11913,83.12104,71.07771,76.41437
t8e5FBXCLjG2YndD7s8U4bOme2PDNMrXqjETMJPc154,2a0fb0e4a51b29246d533279b9c04071,178.0,1,137.54697,140.16031,2.6133423,140.94803,137.1399,3.808136,141.4084,139.11697,2.2914276,70.54765,71.749245,1.2015915,50.355556,46.75839,3.597168,29.487091,28.74258,0.74451065,49.942814,51.25218,1.3093643,33.680267,33.82881,0.14854431,20.61986,20.491438,0.12842178,40.711075,42.991394,2.2803192,43.23426,41.735287,1.4989738,75.34242,79.65916,4.3167343,77.49086,74.39575,3.095108,133.18524,147.13538,128.99713,145.28265,133.20319,145.03076,66.872795,76.625694,43.5121,50.004677,27.104038,30.381123,49.041172,53.463184,31.63648,36.02114,19.395802,21.587074,39.610367,46.37242,39.75573,43.714844,76.6582,82.66011,71.727425,77.06408
t8e5FBXCLjG2YndD7s8U4bOme2PDNMrXqjETMJPc154,731eaf27aa45617260d8b6b2df202be5,178.0,1,137.54697,141.46426,3.9172974,140.94803,139.12872,1.8193054,141.4084,140.25696,1.1514435,70.54765,72.00509,1.4574356,50.355556,46.73983,3.6157265,29.487091,28.816101,0.67099,49.942814,51.629505,1.6866913,33.680267,34.045155,0.36488724,20.61986,20.641254,0.02139473,40.711075,43.261955,2.5508804,43.23426,41.944454,1.2898064,75.34242,80.222786,4.8803635,77.49086,74.81586,2.675003,134.4892,148.43933,130.98596,147.27148,134.34317,146.17075,67.12864,76.88154,43.49354,49.98612,27.177559,30.454643,49.4185,53.84051,31.852823,36.237488,19.545618,21.73689,39.880928,46.642982,39.964897,43.92401,77.22183,83.22374,72.14753,77.484184
t8e5FBXCLjG2YndD7s8U4bOme2PDNMrXqjETMJPc154,fe2d5106ade84014ec727fe11d7d4b82,178.0,1,137.54697,141.44177,3.894806,140.94803,139.86145,1.0865784,141.4084,139.3725,2.035904,70.54765,71.10963,0.5619736,50.355556,46.49241,3.8631477,29.487091,28.66906,0.8180313,49.942814,51.499012,1.5561981,33.680267,33.796356,0.11608887,20.61986,20.55019,0.06966972,40.711075,42.752663,2.0415878,43.23426,41.917637,1.3166237,75.34242,79.96481,4.6223907,77.49086,74.903786,2.5870743,134.4667,148.41684,131.71869,148.00421,133.45871,145.28629,66.23318,75.98608,43.24612,49.738697,27.030518,30.307602,49.288006,53.71002,31.604025,35.988686,19.454554,21.645826,39.371635,46.13369,39.93808,43.897194,76.96386,82.96577,72.23546,77.57211
t8e5FBXCLjG2YndD7s8U4bOme2PDNMrXqjETMJPc154,b4951a0e954b9c86c3ba6935e8d56881,178.0,1,137.54697,139.89053,2.343567,140.94803,137.68944,3.2585907,141.4084,138.38976,3.0186462,70.54765,70.8218,0.27414703,50.355556,46.23261,4.1229477,29.487091,28.510994,0.9760971,49.942814,51.624786,1.6819725,33.680267,33.59083,0.08943558,20.61986,20.456188,0.1636715,40.711075,42.44231,1.7312355,43.23426,41.64411,1.5901489,75.34242,80.38784,5.045418,77.49086,74.537415,2.9534454,132.91547,146.8656,129.54666,145.83221,132.47595,144.30356,65.94535,75.69825,42.98632,49.478897,26.872452,30.149536,49.41378,53.835793,31.3985,35.783165,19.360552,21.551825,39.06128,45.82334,39.664555,43.62367,77.38689,83.388794,71.86909,77.20574
59bc275a681516389ccf40d8,96724bcced77df6a4404952e664f0de6,156.65,0,139.5377,127.41317,12.124535,123.22822,115.82546,7.4027557,149.45007,129.8203,19.629776,70.451035,67.655716,2.7953186,41.680626,41.259357,0.42126846,24.929155,24.846033,0.08312225,45.72422,44.44776,1.2764587,31.900314,29.103056,2.7972584,19.21737,17.892427,1.3249416,46.473225,39.593452,6.879772,37.489784,35.435143,2.0546417,66.37553,69.92585,3.5503235,63.992996,60.126648,3.8663483,120.4381,134.38824,107.68269,123.96823,123.9065,135.7341,62.779266,72.532166,38.01307,44.505646,23.20749,26.484575,42.236755,46.658768,26.910725,31.295387,16.796791,18.988064,36.212425,42.97448,33.455585,37.4147,66.9249,72.9268,57.45832,62.794975
59bc275a681516389ccf40d8,06e45b55f5adde24e3a9f636a4419acc,156.65,0,139.5377,143.42017,3.8824615,123.22822,133.4501,10.221886,149.45007,146.95921,2.49086,70.451035,76.15192,5.700882,41.680626,44.859398,3.178772,24.929155,27.095737,2.166582,45.72422,45.696075,0.028144836,31.900314,32.21705,0.3167343,19.21737,19.401602,0.18423271,46.473225,45.51398,0.9592438,37.489784,37.826817,0.33703232,66.37553,71.00176,4.626236,63.992996,64.26669,0.2736969,136.4451,150.39523,125.307335,141.59286,141.04541,152.87302,71.27547,81.028366,41.61311,48.105686,25.457195,28.73428,43.48507,47.90708,30.024717,34.409378,18.305965,20.497238,42.13295,48.89501,35.84726,39.806374,68.00081,74.002716,61.598366,66.93502
59bc275a681516389ccf40d8,f35893434dd8461c513ea691e190afcd,156.65,0,139.5377,146.99477,7.457062,123.22822,138.0558,14.827583,149.45007,150.57568,1.1256104,70.451035,77.51643,7.065399,41.680626,45.187237,3.5066109,24.929155,27.476202,2.5470467,45.72422,46.41928,0.69506073,31.900314,32.693005,0.7926903,19.21737,19.686546,0.46917725,46.473225,46.52461,0.051383972,37.489784,38.26392,0.7741356,66.37553,72.08256,5.7070312,63.992996,65.32399,1.3309937,140.0197,153.96983,129.91302,146.19858,144.6619,156.48947,72.639984,82.39288,41.94095,48.433525,25.83766,29.114744,44.208275,48.630287,30.500673,34.885338,18.59091,20.782183,43.143578,49.90564,36.284363,40.243477,69.081604,75.08351,62.655663,67.99232
59bc275a681516389ccf40d8,8ddf4e60205459da882fa1641bf363f5,156.65,0,139.5377,138.76645,0.7712555,123.22822,128.24252,5.014305,149.45007,141.29866,8.151413,70.451035,73.38026,2.929222,41.680626,43.87588,2.1952553,24.929155,26.3973,1.4681454,45.72422,45.466537,0.2576828,31.900314,31.497707,0.40260696,19.21737,19.131346,0.08602333,46.473225,43.898567,2.5746574,37.489784,37.22613,0.2636528,66.37553,71.10935,4.7338257,63.992996,62.980713,1.0122833,131.79138,145.74152,120.099754,136.38528,135.38486,147.21246,68.50381,78.25671,40.629593,47.12217,24.758759,28.035843,43.25553,47.677544,29.305376,33.69004,18.03571,20.226982,40.51754,47.279594,35.246574,39.20569,68.1084,74.110306,60.312386,65.64904
59bc275a681516389ccf40d8,c7d6410f7d0e4e93908db0b50765a305,156.65,0,139.5377,149.08557,9.547867,123.22822,140.12312,16.894905,149.45007,152.10875,2.6586761,70.451035,78.43321,7.9821777,41.680626,45.77487,4.094246,24.929155,27.849316,2.9201603,45.72422,46.75573,1.0315094,31.900314,33.390713,1.4903984,19.21737,20.056679,0.8393097,46.473225,47.38404,0.9108162,37.489784,38.796223,1.3064384,66.37553,72.45913,6.083603,63.992996,66.077805,2.0848083,142.1105,156.06064,131.98035,148.2659,146.19495,158.02255,73.55676,83.30966,42.528584,49.02116,26.210773,29.487858,44.544724,48.966736,31.198381,35.583046,18.961042,21.152315,44.003014,50.765068,36.816666,40.77578,69.458176,75.46008,63.409477,68.74613
59bc275e681516389ccf422d,5de74414e3f017390c16ad6d824bd032,157.15,0,126.50959,135.8663,9.356712,114.71344,125.15462,10.441177,147.04784,139.31354,7.7342987,76.8824,72.71932,4.1630783,49.518063,43.687218,5.830845,27.605246,26.154684,1.4505615,44.34827,45.237,0.8887291,32.43102,30.902763,1.5282555,18.86369,18.781775,0.0819149,45.713074,42.943645,2.7694283,36.13393,36.753494,0.61956406,69.74966,70.93819,1.18853,63.63776,62.570374,1.0673866,128.89124,142.84137,117.01185,133.2974,133.39975,145.22733,67.84287,77.59577,40.44093,46.933506,24.516142,27.793226,43.025993,47.448006,28.710432,33.095093,17.686138,19.87741,39.562614,46.324677,34.773937,38.73305,67.93723,73.93914,59.902046,65.2387
59bc275e681516389ccf422d,8098379e0a5c1d1ca2ac49b06dd59538,157.15,0,126.50959,136.47331,9.963722,114.71344,126.122856,11.409416,147.04784,140.61075,6.437088,76.8824,73.209694,3.6727066,49.518063,43.752167,5.765896,27.605246,26.191444,1.4138012,44.34827,45.14581,0.79753876,32.43102,30.78107,1.6499481,18.86369,18.695116,0.16857338,45.713074,43.06301,2.6500626,36.13393,36.654945,0.52101517,69.74966,70.73278,0.9831238,63.63776,62.610672,1.0270882,129.49825,143.44838,117.98009,134.26562,134.69696,146.52454,68.333244,78.08614,40.50588,46.998455,24.552902,27.829987,42.934803,47.356815,28.58874,32.973404,17.59948,19.790752,39.681984,46.44404,34.67539,38.634502,67.73183,73.733734,59.942345,65.279
59bc275e681516389ccf422d,66c253276d5b160eafc6edc331b30cb3,157.15,0,126.50959,127.2558,0.7462082,114.71344,115.773125,1.0596848,147.04784,131.21579,15.8320465,76.8824,68.90296,7.979439,49.518063,42.02019,7.4978714,27.605246,25.175953,2.4292927,44.34827,45.306175,0.9579048,32.43102,29.485714,2.9453049,18.86369,18.167824,0.69586563,45.713074,40.047043,5.666031,36.13393,35.6428,0.49113083,69.74966,71.69621,1.9465561,63.63776,61.00595,2.6318092,120.28073,134.23087,107.630356,123.91589,125.301994,137.12958,64.02651,73.77941,38.773903,45.26648,23.53741,26.814495,43.09517,47.51718,27.293383,31.678045,17.072187,19.26346,36.666016,43.42807,33.663242,37.622356,68.69526,74.69717,58.337624,63.67428
59bc275e681516389ccf422d,318b0af36703f69f7d6821f23e33647b,157.15,0,126.50959,130.17842,3.6688309,114.71344,118.92645,4.2130127,147.04784,134.43916,12.608673,76.8824,70.331436,6.5509644,49.518063,42.3604,7.1576614,27.605246,25.427757,2.1774883,44.34827,45.362774,1.0145035,32.43102,29.885948,2.5450706,18.86369,18.36611,0.49757957,45.713074,41.073586,4.639488,36.13393,35.88383,0.25009918,69.74966,71.622856,1.8731995,63.63776,61.316147,2.3216133,123.203354,137.15349,110.78368,127.06922,128.52536,140.35297,65.45499,75.207886,39.114113,45.60669,23.789215,27.0663,43.151768,47.57378,27.693617,32.078278,17.270473,19.461746,37.69256,44.454613,33.904274,37.863388,68.6219,74.62381,58.64782,63.984474
59bc275e681516389ccf422d,bf1de572816a5fa889b48717f4222354,157.15,0,126.50959,139.53082,13.021233,114.71344,129.70798,14.994537,147.04784,143.30344,3.7444,76.8824,74.31836,2.5640411,49.518063,44.22228,5.295784,27.605246,26.557205,1.0480404,44.34827,45.362774,1.0145035,32.43102,31.240799,1.1902199,18.86369,18.93306,0.06937027,45.713074,43.89061,1.822464,36.13393,37.085346,0.951416,69.74966,70.88439,1.1347351,63.63776,63.40937,0.22838974,132.55576,146.50589,121.56521,137.85074,137.38965,149.21722,69.44191,79.19481,40.97599,47.468567,24.918663,28.195747,43.151768,47.57378,29.048468,33.43313,17.837423,20.028696,40.509583,47.271637,35.10579,39.064903,67.88344,73.885345,60.741043,66.0777
59bc275e681516389ccf422d,24d613d38f2392f98bef1786cf80440d,157.15,0,126.50959,129.18922,2.679634,114.71344,118.612434,3.8989944,147.04784,130.70476,16.343079,76.8824,68.0608,8.821602,49.518063,42.06658,7.451481,27.605246,25.22374,2.381506,44.34827,44.92885,0.58057785,32.43102,29.745325,2.6856937,18.86369,18.247139,0.61655045,45.713074,40.13458,5.578495,36.13393,36.20477,0.07083893,69.74966,70.72789,0.97823334,63.63776,61.430946,2.2068138,122.21416,136.16429,110.469666,126.7552,124.79096,136.61856,63.18435,72.93725,38.820293,45.31287,23.585197,26.862282,42.717842,47.139854,27.552994,31.937656,17.151503,19.342775,36.753548,43.51561,34.225212,38.184326,67.72694,73.72884,58.76262,64.09927
59bc275e681516389ccf422d,90c24f75c89c58b6bd58602230e40d7c,157.15,0,126.50959,142.70074,16.191154,114.71344,132.9529,18.239456,147.04784,146.29095,0.7568817,76.8824,75.789474,1.092926,49.518063,44.85321,4.664852,27.605246,26.981781,0.6234646,44.34827,45.51999,1.1717186,32.43102,31.962847,0.46817207,18.86369,19.2606,0.3969097,45.713074,45.13997,0.57310486,36.13393,37.657875,1.5239449,69.74966,70.81592,1.0662613,63.63776,64.16227,0.52450943,135.72568,149.67581,124.81013,141.09567,140.37717,152.20474,70.913025,80.665924,41.606922,48.0995,25.343239,28.620323,43.308983,47.730995,29.770515,34.155178,18.164963,20.356236,41.75894,48.520996,35.678318,39.637432,67.814964,73.81687,61.493942,66.8306
59bc275e681516389ccf422d,e641af6a7cc18bf696fa781aac398538,157.15,0,126.50959,134.31506,7.8054733,114.71344,123.53215,8.81871,147.04784,136.58153,10.466309,76.8824,71.31217,5.5702286,49.518063,43.5233,5.9947624,27.605246,26.018673,1.5865726,44.34827,44.71503,0.36676025,32.43102,30.664785,1.7662334,18.86369,18.609928,0.2537613,45.713074,42.179707,3.5333672,36.13393,36.816513,0.68258286,69.74966,69.84271,0.093055725,63.63776,62.447025,1.1907349,127.34,141.29013,115.38938,131.67493,130.66772,142.49533,66.43572,76.18862,40.27701,46.76959,24.38013,27.657215,42.504025,46.926037,28.472454,32.857117,17.514292,19.705564,38.798676,45.560738,34.836956,38.79607,66.84176,72.843666,59.778698,65.11536
UueDSYaaKwwE0UEq27l9nzA6p5xEn76jwy0yla549PI,742a98e9b133faf3d04290fef83b5c2a,173.05,1,130.23146,130.71799,0.4865265,133.44576,124.63124,8.814514,122.503654,127.10795,4.604294,66.07466,65.982056,0.09260559,49.76577,43.931553,5.834217,29.283945,27.198666,2.0852795,49.71087,50.300613,0.58974457,31.920673,32.51993,0.5992584,19.627106,19.895113,0.26800728,39.307446,40.078873,0.77142715,39.301384,40.480286,1.1789017,78.03408,78.461754,0.42767334,71.334145,70.75153,0.5826111,123.74292,137.69305,116.48847,132.77402,121.19415,133.02174,61.105606,70.858505,40.685265,47.17784,25.560123,28.837208,48.089607,52.51162,30.3276,34.712265,18.799477,20.99075,36.697845,43.4599,38.50073,42.459843,75.4608,81.46271,68.083206,73.41986
UueDSYaaKwwE0UEq27l9nzA6p5xEn76jwy0yla549PI,a2b02e7aed1dc4e67e59de949669e12d,173.05,1,130.23146,132.7863,2.55484,133.44576,127.69298,5.752777,122.503654,129.2503,6.7466507,66.07466,66.50441,0.42974854,49.76577,43.937737,5.8280334,29.283945,27.198666,2.0852795,49.71087,50.36743,0.6565628,31.920673,32.465843,0.54516983,19.627106,19.89805,0.2709446,39.307446,40.32556,1.018116,39.301384,40.461514,1.1601295,78.03408,78.58569,0.55161285,71.334145,70.9567,0.3774414,125.81123,139.76137,119.55021,135.83575,123.33651,135.1641,61.62796,71.38086,40.69145,47.184025,25.560123,28.837208,48.156425,52.578438,30.273512,34.658173,18.802414,20.993687,36.944534,43.70659,38.481956,42.44107,75.58474,81.58665,68.288376,73.62503
UueDSYaaKwwE0UEq27l9nzA6p5xEn76jwy0yla549PI,95be2ff93f4114649897f53fc6298008,173.05,1,130.23146,122.36602,7.8654404,133.44576,114.3731,19.072655,122.503654,117.54593,4.9577255,66.07466,61.344852,4.729809,49.76577,41.741837,8.023933,29.283945,26.198795,3.0851498,49.71087,50.23183,0.52096176,31.920673,31.194828,0.72584534,19.627106,19.23416,0.39294624,39.307446,37.25787,2.0495758,39.301384,39.576576,0.27519226,78.03408,78.5643,0.53022003,71.334145,69.12727,2.206871,115.39095,129.3411,106.23033,122.51587,111.63213,123.459724,56.468403,66.2213,38.49555,44.988125,24.560253,27.837337,48.020824,52.442837,29.002497,33.38716,18.138523,20.329796,33.87684,40.6389,37.59702,41.556133,75.56335,81.565254,66.45895,71.7956
UueDSYaaKwwE0UEq27l9nzA6p5xEn76jwy0yla549PI,03e3fa514fd93f168e1ee1035d6e3643,173.05,1,130.23146,122.78194,7.449524,133.44576,115.38059,18.065163,122.503654,119.98311,2.520546,66.07466,62.368233,3.7064285,49.76577,41.370697,8.395073,29.283945,26.042566,3.2413788,49.71087,51.01871,1.3078423,31.920673,30.902763,1.01791,19.627106,19.100502,0.5266037,39.307446,37.373257,1.9341888,39.301384,39.17165,0.12973404,78.03408,80.217896,2.183815,71.334145,69.04423,2.289917,115.80687,129.757,107.23782,123.52336,114.06931,125.896904,57.491783,67.24468,38.12441,44.616985,24.404024,27.681108,48.807705,53.229717,28.710432,33.095093,18.004866,20.196138,33.992226,40.754288,37.192093,41.151207,77.21694,83.21885,66.3759,71.712555
UueDSYaaKwwE0UEq27l9nzA6p5xEn76jwy0yla549PI,a5d491e7c7af0d67df205583e293b0a1,173.05,1,130.23146,138.38426,8.1528015,133.44576,135.49127,2.045517,122.503654,134.00676,11.503105,66.07466,68.0075,1.9328384,49.76577,44.54393,5.22184,29.283945,27.608538,1.6754074,49.71087,50.370968,0.660099,31.920673,33.082424,1.1617508,19.627106,20.162432,0.535326,39.307446,41.6545,2.3470535,39.301384,41.126556,1.8251724,78.03408,78.1645,0.13041687,71.334145,72.09491,0.7607651,131.4092,145.35933,127.3485,143.63403,128.09296,139.92056,63.13105,72.88395,41.29764,47.79022,25.969995,29.24708,48.15996,52.581974,30.890093,35.274757,19.066795,21.258068,38.273468,45.03553,39.147,43.106113,75.16354,81.16545,69.42658,74.76324
UueDSYaaKwwE0UEq27l9nzA6p5xEn76jwy0yla549PI,10d99ddf2ee990c276a08a60d67d7791,173.05,1,130.23146,132.62894,2.3974762,133.44576,127.71915,5.7266083,122.503654,129.07343,6.569771,66.07466,66.387146,0.31248474,49.76577,43.783096,5.9826736,29.283945,27.123308,2.160637,49.71087,50.277817,0.56694794,31.920673,32.4983,0.5776253,19.627106,19.900988,0.2738819,39.307446,40.429012,1.1215668,39.301384,40.50442,1.2030373,78.03408,78.41674,0.3826599,71.334145,70.87855,0.45559692,125.65387,139.604,119.57638,135.86191,123.15963,134.98721,61.510696,71.263596,40.536808,47.029385,25.484766,28.76185,48.06681,52.488823,30.305967,34.690628,18.805351,20.996624,37.04798,43.810043,38.524864,42.48398,75.41579,81.417694,68.21022,73.546875
UueDSYaaKwwE0UEq27l9nzA6p5xEn76jwy0yla549PI,d61a8ab9a27e1eb0428beb25bca5e884,173.05,1,130.23146,134.8996,4.6681366,133.44576,130.54538,2.9003754,122.503654,131.4713,8.967644,66.07466,67.399864,1.325203,49.76577,44.25939,5.506378,29.283945,27.297916,1.9860287,49.71087,50.092693,0.3818245,31.920673,32.660553,0.7398796,19.627106,19.980303,0.3531971,39.307446,40.96218,1.6547356,39.301384,40.563416,1.2620316,78.03408,78.08809,0.054008484,71.334145,71.00067,0.3334732,127.92453,141.87466,122.40261,138.68814,125.5575,137.3851,62.523415,72.27631,41.013103,47.50568,25.659374,28.936459,47.881687,52.3037,30.468222,34.852882,18.884666,21.07594,37.581154,44.34321,38.58386,42.542973,75.087135,81.08904,68.332344,73.669
UueDSYaaKwwE0UEq27l9nzA6p5xEn76jwy0yla549PI,9f39246cf13857aa0658252567d4c8cb,173.05,1,130.23146,134.8996,4.6681366,133.44576,130.54538,2.9003754,122.503654,131.4713,8.967644,66.07466,67.399864,1.325203,49.76577,44.25939,5.506378,29.283945,27.297916,1.9860287,49.71087,50.092693,0.3818245,31.920673,32.660553,0.7398796,19.627106,19.980303,0.3531971,39.307446,40.96218,1.6547356,39.301384,40.563416,1.2620316,78.03408,78.08809,0.054008484,71.334145,71.00067,0.3334732,127.92453,141.87466,122.40261,138.68814,125.5575,137.3851,62.523415,72.27631,41.013103,47.50568,25.659374,28.936459,47.881687,52.3037,30.468222,34.852882,18.884666,21.07594,37.581154,44.34321,38.58386,42.542973,75.087135,81.08904,68.332344,73.669
UueDSYaaKwwE0UEq27l9nzA6p5xEn76jwy0yla549PI,2f435f2bcd967521c25e7deb12284f24,173.05,1,130.23146,127.840324,2.3911362,133.44576,121.648,11.797752,122.503654,122.57753,0.07387543,66.07466,63.14643,2.9282303,49.76577,42.354214,7.4115562,29.283945,26.55353,2.7304153,49.71087,50.55334,0.8424721,31.920673,32.000706,0.08003235,19.627106,19.689484,0.06237793,39.307446,38.797684,0.5097618,39.301384,40.2443,0.94291687,78.03408,78.89074,0.85665894,71.334145,69.96017,1.3739777,120.86526,134.8154,113.50523,129.79077,116.663734,128.49133,58.26998,68.02288,39.107925,45.600502,24.914988,28.192072,48.342335,52.764347,29.808374,34.19304,18.593847,20.78512,35.416656,42.17871,38.264744,42.223858,75.889786,81.89169,67.29184,72.628494
UueDSYaaKwwE0UEq27l9nzA6p5xEn76jwy0yla549PI,2c17705f732b9d3135461bc0c5b87bed,173.05,1,130.23146,143.33025,13.098785,133.44576,139.41656,5.97081,122.503654,141.90796,19.404305,66.07466,72.49546,6.4207993,49.76577,45.589302,4.176468,29.283945,28.165451,1.118494,49.71087,50.525043,0.81417465,31.920673,33.991066,2.0703926,19.627106,20.617754,0.99064827,39.307446,44.37603,5.0685844,39.301384,41.20164,1.9002571,78.03408,78.43149,0.39740753,71.334145,71.8702,0.5360565,136.35518,150.30531,131.2738,147.55933,135.99417,147.82175,67.61901,77.37191,42.343014,48.83559,26.526909,29.803993,48.314037,52.73605,31.798735,36.183395,19.522118,21.71339,40.995003,47.757057,39.222084,43.1812,75.430534,81.43244,69.20187,74.53853
UueDSYaaKwwE0UEq27l9nzA6p5xEn76jwy0yla549PI,3cba17882af185c4f0db464276df6505,173.05,1,130.23146,124.423096,5.808365,133.44576,117.225494,16.22026,122.503654,120.46465,2.0390015,66.07466,62.464176,3.610485,49.76577,41.871735,7.8940353,29.283945,26.340322,2.9436226,49.71087,50.973118,1.262249,31.920673,31.432804,0.48786926,19.627106,19.43979,0.18731499,39.307446,37.82287,1.4845772,39.301384,39.686523,0.38513947,78.03408,79.87923,1.8451462,71.334145,69.610886,1.723259,117.44803,131.39816,109.082726,125.36826,114.55086,126.37845,57.587727,67.34062,38.625446,45.118023,24.70178,27.978865,48.76211,53.184124,29.240473,33.625137,18.344154,20.535427,34.44184,41.203896,37.706966,41.66608,76.87827,82.88018,66.94256,72.27921
JIDeRFzpDbcfojQQ6lmOZQMRkTWTOk7Pat0FtOpYyB4,c572358fffc1375374f270b0f014244e,178.1,0,135.68686,123.20908,12.477776,117.192665,115.39368,1.7989883,130.32764,129.32893,0.998703,75.68178,68.18872,7.4930573,45.55042,43.099583,2.4508362,24.73301,26.448763,1.7157536,52.061577,51.95809,0.10348511,32.084255,30.251028,1.8332272,18.141756,18.905153,0.7633972,41.59943,38.161068,3.4383621,37.45889,37.48759,0.028701782,83.63441,83.45785,0.17655945,67.34608,68.44337,1.09729,116.23402,130.18414,107.25091,123.536446,123.41514,135.24274,63.31227,73.06517,39.853294,46.34587,24.81022,28.087305,49.747086,54.169098,28.058697,32.44336,17.809517,20.00079,34.780037,41.5421,35.508034,39.467148,80.456894,86.4588,65.77504,71.111694
R6lI4XrZv80ND_JSygPq0gmxy-AJ3FqmuLPssZXEWrA,3ec6dbd417482da9e4e429e2d7bbbc0f,178.5,1,130.44778,133.82047,3.3726807,131.125,130.62387,0.50112915,127.89464,130.50821,2.6135712,63.566704,67.176,3.6092987,43.3914,45.063522,1.672123,27.258924,27.952244,0.6933193,51.484802,51.703396,0.2185936,34.051586,33.01752,1.0340652,20.665545,20.168306,0.49723816,41.554443,40.429012,1.1254311,41.178055,41.483215,0.30516052,79.3552,80.551674,1.1964722,73.77787,74.00006,0.22219086,126.8454,140.79553,122.4811,138.76663,124.59441,136.422,62.299553,72.05245,41.817234,48.30981,26.313702,29.590786,49.49239,53.914402,30.82519,35.209854,19.07267,21.263943,37.04798,43.810043,39.50366,43.462772,77.55072,83.55263,71.33173,76.66839
BzT7pQ7_8gIZuqadGE7M2TJT_LmR--lXZRnZ6QKQl0k,182c7f24d0465ab6a995cb57229e6766,170.5,0,136.21945,130.20091,6.0185394,120.63963,124.13403,3.4944,127.31318,128.30688,0.99370575,67.65677,65.9714,1.6853714,43.423904,42.66968,0.75422287,26.542322,26.279669,0.26265335,52.531925,49.741703,2.7902222,30.542543,31.216461,0.6739178,18.673302,19.241505,0.568203,40.299854,39.378597,0.921257,38.477917,38.80963,0.33171463,82.728355,78.415596,4.3127594,64.98003,67.85961,2.8795853,123.225845,137.17598,115.991264,132.2768,122.39309,134.22067,61.094948,70.84785,39.423393,45.91597,24.641127,27.918211,47.530697,51.95271,29.02413,33.40879,18.145868,20.337141,35.997566,42.75963,36.830074,40.78919,75.41464,81.41655,65.191284,70.52794
BzT7pQ7_8gIZuqadGE7M2TJT_LmR--lXZRnZ6QKQl0k,58a6894a2597b77e82e341e13c58791b,170.5,0,136.21945,126.46893,9.750519,120.63963,120.54892,0.0907135,127.31318,124.434906,2.878273,67.65677,63.722084,3.9346848,43.423904,41.370697,2.0532074,26.542322,25.675886,0.866436,52.531925,49.891453,2.6404724,30.542543,30.299706,0.2428379,18.673302,18.758274,0.08497238,40.299854,37.691566,2.6082878,38.477917,38.235764,0.24215317,82.728355,78.90052,3.827835,64.98003,67.202576,2.2225494,119.493866,133.444,112.40615,128.69168,118.52111,130.3487,58.845634,68.59853,38.12441,44.616985,24.037344,27.314428,47.680447,52.10246,28.107374,32.492035,17.662638,19.85391,34.31054,41.072594,36.256207,40.21532,75.89957,81.901474,64.53425,69.8709
G0ilgccW_OJkq0lraQtSuT_anU-idRoxUedr96glmYI,d43da99a07c0bd6731bb2eec62ec14ba,170.8,0,126.13592,127.05347,0.91754913,118.67533,119.58067,0.9053421,135.08965,128.87688,6.2127686,72.90735,67.1227,5.784645,43.265713,42.750095,0.5156174,26.242397,26.17674,0.06565666,48.283936,49.893417,1.6094818,28.033125,30.710758,2.6776333,17.097229,19.007967,1.910738,36.37495,39.044373,2.6694221,35.829903,37.940784,2.1108818,77.764,79.294205,1.5302048,67.785065,67.02428,0.76078796,120.0784,134.02853,111.437904,127.72344,122.96308,134.79068,62.246254,71.99915,39.503807,45.996384,24.538198,27.815283,47.68241,52.104424,28.518427,32.90309,17.91233,20.103603,35.663345,42.4254,35.961227,39.92034,76.29325,82.29516,64.35595,69.692604
G0ilgccW_OJkq0lraQtSuT_anU-idRoxUedr96glmYI,f402375c30201a15f5fabf1d38d6b7a8,170.8,0,126.13592,115.81259,10.323326,118.67533,106.60098,12.074348,135.08965,121.02481,14.064835,72.90735,64.39901,8.508339,43.265713,41.83462,1.4310913,26.242397,25.300936,0.94146156,48.283936,48.6565,0.37256622,28.033125,28.378304,0.3451786,17.097229,17.639061,0.541832,36.37495,35.523094,0.85185623,35.829903,35.93233,0.10242844,77.764,77.94321,0.17920685,67.785065,65.13683,2.6482315,108.837524,122.78766,98.45821,114.74375,115.111015,126.93861,59.52256,69.27546,38.588333,45.08091,23.662394,26.939478,46.445496,50.867508,26.185972,30.570635,16.543425,18.734697,32.142067,38.90412,33.952774,37.91189,74.94225,80.94416,62.468506,67.80516
qMSCpa4ImZX2Xq_Lxv5Dk_6kC9ky4gHUuXH-B2vJ0nw,4573a95064c5506ba00d842a1a06a42a,177.3,1,132.77196,128.76207,4.0098877,116.44525,124.65741,8.212158,118.06831,122.48909,4.4207764,60.954643,62.69337,1.7387276,43.938828,43.077934,0.86089325,26.591656,27.088387,0.4967308,50.766785,51.49272,0.7259369,32.206,32.087242,0.118759155,19.865957,19.724733,0.14122391,37.897823,38.20086,0.30303574,42.54948,41.01661,1.5328712,78.05843,80.16043,2.1019974,75.27804,72.73973,2.5383072,121.787,135.73714,116.51464,132.80017,116.575294,128.4029,57.81692,67.569824,39.831646,46.324223,25.449844,28.726929,49.281715,53.703728,29.89491,34.27957,18.629097,20.82037,34.81983,41.581886,39.037052,42.996166,77.15948,83.161385,70.0714,75.40806
qMSCpa4ImZX2Xq_Lxv5Dk_6kC9ky4gHUuXH-B2vJ0nw,f7b5950b601415240f4145dd6d0669e4,177.3,1,132.77196,128.80704,3.96492,116.44525,124.26488,7.819626,118.06831,122.57753,4.5092163,60.954643,63.162422,2.207779,43.938828,43.594437,0.34439087,26.591656,27.31262,0.72096443,50.766785,51.385815,0.61903,32.206,32.44421,0.23820877,19.865957,19.889238,0.023281097,37.897823,38.582825,0.6850014,42.54948,41.26064,1.2888412,78.05843,79.8939,1.8354645,75.27804,72.94978,2.3282547,121.83197,135.7821,116.12211,132.40765,116.663734,128.49133,58.285973,68.03887,40.34815,46.840725,25.674078,28.951162,49.17481,53.59682,30.251879,34.636543,18.793602,20.984875,35.201797,41.963852,39.281082,43.240196,76.892944,82.89485,70.281456,75.61811
qMSCpa4ImZX2Xq_Lxv5Dk_6kC9ky4gHUuXH-B2vJ0nw,3e692622001997822021f89ea6e21c7f,177.3,1,132.77196,126.334045,6.437912,116.44525,122.014366,5.5691147,118.06831,121.093605,3.0252914,60.954643,61.74461,0.7899666,43.938828,41.81297,2.1258583,26.591656,26.59029,0.0013656616,50.766785,52.241085,1.4743004,32.206,31.432804,0.7731972,19.865957,19.458883,0.40707397,37.897823,37.281742,0.61608124,42.54948,40.40252,2.1469612,78.05843,81.74618,3.6877441,75.27804,72.085144,3.192894,119.35898,133.30911,113.8716,130.15714,115.17981,127.0074,56.86816,66.62106,38.56668,45.059258,24.951748,28.228832,50.03008,54.45209,29.240473,33.625137,18.363247,20.55452,33.90071,40.662773,38.422962,42.382076,78.745224,84.74713,69.41682,74.75347
qMSCpa4ImZX2Xq_Lxv5Dk_6kC9ky4gHUuXH-B2vJ0nw,9d1df177f35e5da0754780d283ac113d,177.3,1,132.77196,126.693756,6.0782013,116.44525,120.96762,4.5223694,118.06831,121.99772,3.9294052,60.954643,63.460907,2.5062637,43.938828,43.62227,0.31655884,26.591656,27.399006,0.80735016,50.766785,51.87162,1.1048355,32.206,32.368492,0.16249084,19.865957,19.830486,0.035470963,37.897823,38.42367,0.5258484,42.54948,41.137283,1.4121971,78.05843,80.83043,2.7719955,75.27804,72.99375,2.2842865,119.71869,133.66882,112.82485,129.11038,116.08392,127.911514,58.584457,68.33736,40.37598,46.868557,25.760464,29.037548,49.660614,54.082626,30.17616,34.56082,18.73485,20.926123,35.04264,41.804703,39.157726,43.11684,77.829475,83.83138,70.325424,75.66208
BN5HI-Z_2P6YYrmnCnCxuMkNIK4gXS98XmLvD4GMLwM,687dd2de2df3ee8dc469f633e2d777ba,156.5,0,119.41284,117.59989,1.8129501,107.16597,105.68508,1.4808884,118.077705,116.99559,1.0821152,65.13004,61.483437,3.6466064,44.778587,39.859856,4.9187317,24.714897,24.04168,0.6732178,43.815308,44.10188,0.2865715,33.66049,28.078127,5.582361,19.883759,17.364033,2.5197258,43.092064,35.91302,7.179043,35.770718,35.258152,0.5125656,67.122375,69.46126,2.3388824,62.184914,59.750504,2.43441,110.624825,124.57496,97.54231,113.82785,111.081795,122.909386,56.606987,66.359886,36.613567,43.106144,22.403137,25.680222,41.890873,46.312885,25.885796,30.270458,16.268396,18.45967,32.53199,39.294052,33.278595,37.23771,66.460304,72.46221,57.082176,62.41883
KiK6AcGmaLEwt7mZeZwVpBhirsxCI-QYMA4jBbg-MeE,679c036263db0f8a4f7c89e3266cf8aa,174.55,1,122.78568,126.62631,3.8406296,107.78699,120.83678,13.049789,121.23474,121.13291,0.10182953,64.918396,63.01318,1.9052162,44.162987,43.50165,0.661335,26.16628,27.093899,0.927618,49.181755,50.309654,1.1278992,32.934174,31.924986,1.0091877,18.596678,19.492666,0.89598846,44.00138,38.165047,5.836334,39.938988,40.678726,0.73973846,78.637505,78.19896,0.43854523,69.939896,71.79204,1.8521423,119.651245,133.60138,112.69401,128.97955,115.21912,127.04671,58.13673,67.88963,40.255363,46.74794,25.455357,28.73244,48.098648,52.52066,29.732655,34.117317,18.39703,20.588303,34.78402,41.546074,38.69917,42.658283,75.198006,81.19991,69.12371,74.460365
KiK6AcGmaLEwt7mZeZwVpBhirsxCI-QYMA4jBbg-MeE,9ea191830aa4f4e1579cd273b9830c42,174.55,1,122.78568,120.34267,2.443016,107.78699,112.26652,4.4795303,121.23474,115.86545,5.369293,64.918396,60.85981,4.058586,44.162987,41.95215,2.2108383,26.16628,26.46163,0.29534912,49.181755,50.794674,1.6129189,32.934174,31.156967,1.7772064,18.596678,19.093157,0.49647903,44.00138,36.728683,7.2726974,39.938988,39.92787,0.011116028,78.637505,79.291145,0.65364075,69.939896,70.458435,0.5185394,113.3676,127.31773,104.12375,120.40929,109.95165,121.77924,55.98336,65.73626,38.70586,45.198437,24.823088,28.100172,48.583668,53.00568,28.964636,33.349297,17.99752,20.188793,33.347656,40.10971,37.948315,41.90743,76.29019,82.2921,67.79011,73.12676
KiK6AcGmaLEwt7mZeZwVpBhirsxCI-QYMA4jBbg-MeE,83e334057a984af14ac524bbc4febc5b,174.55,1,122.78568,119.36471,3.4209747,107.78699,111.20668,3.419693,121.23474,114.70582,6.528923,64.918396,60.529343,4.3890533,44.162987,42.44081,1.7221756,26.16628,26.66197,0.4956894,49.181755,50.436214,1.2544594,32.934174,31.051498,1.8826752,18.596678,18.972717,0.3760395,44.00138,36.334778,7.666603,39.938988,40.013683,0.07469559,78.637505,78.57989,0.057617188,69.939896,70.88831,0.94841766,112.38964,126.339775,103.06391,119.34945,108.79202,120.61961,55.652893,65.40579,39.194523,45.6871,25.023428,28.300512,48.22521,52.64722,28.859167,33.243828,17.87708,20.068354,32.95375,39.715805,38.034126,41.99324,75.57893,81.58084,68.219986,73.55664
KiK6AcGmaLEwt7mZeZwVpBhirsxCI-QYMA4jBbg-MeE,4db116a2a022988940f0fe3ba4d16114,174.55,1,122.78568,120.73609,2.049591,107.78699,113.117,5.3300095,121.23474,115.71803,5.5167084,64.918396,60.76387,4.1545258,44.162987,42.39442,1.7685661,26.16628,26.586613,0.42033195,49.181755,50.33088,1.1491241,32.934174,31.151558,1.7826157,18.596678,19.074062,0.47738457,44.00138,36.59738,7.4039993,39.938988,39.99223,0.05324173,78.637505,78.45266,0.18484497,69.939896,70.65872,0.7188263,113.761024,127.71116,104.97423,121.259766,109.80424,121.63183,55.88742,65.64032,39.148132,45.64071,24.94807,28.225155,48.119873,52.541885,28.959227,33.343887,17.978426,20.169699,33.216354,39.97841,38.012672,41.971786,75.451706,81.45361,67.990395,73.32705
KiK6AcGmaLEwt7mZeZwVpBhirsxCI-QYMA4jBbg-MeE,0ebb45d02c1f369120fb84115bb727a6,174.55,1,122.78568,114.8796,7.906082,107.78699,104.53365,3.253334,121.23474,110.612724,10.622017,64.918396,58.962288,5.956108,44.162987,41.48513,2.6778564,26.16628,26.303562,0.13728142,49.181755,50.593433,1.4116783,32.934174,30.640446,2.2937279,18.596678,18.777369,0.18069077,44.00138,35.507175,8.494205,39.938988,39.557804,0.38118362,78.637505,78.972046,0.33454132,69.939896,69.772095,0.1678009,107.90453,121.85467,96.390884,112.67642,104.69893,116.52652,54.08584,63.838737,38.238842,44.73142,24.66502,27.942104,48.382427,52.80444,28.448114,32.83278,17.681732,19.873005,32.126144,38.888206,37.578247,41.53736,75.97109,81.973,67.10377,72.44042
KiK6AcGmaLEwt7mZeZwVpBhirsxCI-QYMA4jBbg-MeE,5db57819c614d471baa4626a8eea1d72,174.55,1,122.78568,119.07245,3.713234,107.78699,110.186104,2.3991165,121.23474,115.3839,5.8508377,64.918396,61.120987,3.797409,44.162987,42.23978,1.9232063,26.16628,26.538826,0.37254524,49.181755,50.535263,1.353508,32.934174,31.059612,1.8745613,18.596678,19.035875,0.43919754,44.00138,36.649105,7.352276,39.938988,39.716022,0.22296524,78.637505,78.96562,0.32811737,69.939896,70.111595,0.17169952,112.09738,126.047516,102.043335,118.32887,109.47011,121.2977,56.244537,65.99744,38.993492,45.48607,24.900284,28.177368,48.324257,52.74627,28.867281,33.251945,17.940239,20.131512,33.268074,40.030136,37.736465,41.69558,75.96467,81.966576,67.44327,72.77992
4SDP5mkpDsFjc0zFTzxpH2XBbhJ4giz1XYhc-weoWaM,27c9d8083a17c55e3a4bf218bff106a6,189.5,1,122.10173,119.11741,2.9843216,115.29982,112.21418,3.08564,120.17953,117.536095,2.6434326,64.33489,62.16569,2.169201,45.865715,43.72124,2.144474,27.460623,27.838287,0.37766457,54.00905,54.10727,0.098220825,35.184513,31.351677,3.8328362,19.679134,19.363413,0.3157215,43.26756,35.924957,7.342602,41.036983,40.68677,0.3502121,86.35944,85.20376,1.1556854,75.1405,75.07476,0.06574249,112.14234,126.092476,104.07141,120.35695,111.6223,123.44989,57.28924,67.042145,40.474953,46.96753,26.199745,29.47683,51.896263,56.318275,29.159346,33.544006,18.267776,20.45905,32.54393,39.305984,38.707214,42.66633,82.202805,88.20471,72.40643,77.74309
4SDP5mkpDsFjc0zFTzxpH2XBbhJ4giz1XYhc-weoWaM,1754597df567b460fe66be4b255e8d54,189.5,1,122.10173,120.03916,2.0625687,115.29982,113.287094,2.0127258,120.17953,118.94141,1.238121,64.33489,62.895916,1.4389763,45.865715,43.90681,1.9589043,27.460623,27.920998,0.46037483,54.00905,54.289642,0.28059387,35.184513,31.611288,3.573225,19.679134,19.522041,0.15709305,43.26756,36.410378,6.8571815,41.036983,40.812805,0.22417831,86.35944,85.53142,0.8280258,75.1405,75.1627,0.022193909,113.064095,127.01423,105.144325,121.42986,113.02761,124.8552,58.019466,67.77237,40.660522,47.1531,26.282455,29.55954,52.078636,56.50065,29.418957,33.80362,18.426405,20.617678,33.02935,39.791405,38.83325,42.792362,82.530464,88.53237,72.49437,77.831024
jBEj27AHI5lyQmg5G-Ecna-VHLx6BnjoQJihBJIcpes,03f92cd461c39b84bc7eceb26989fada,162.3,1,124.43502,120.19653,4.2384872,125.06216,110.97116,14.090996,122.73294,114.23411,8.498833,61.322872,58.879673,2.4431992,40.929768,39.191807,1.7379608,24.694061,24.69394,0.00012207031,47.589138,47.351585,0.23755264,29.655415,29.856201,0.20078659,17.902304,18.357296,0.4549923,36.468246,36.454144,0.014102936,39.530792,38.13386,1.3969307,71.522484,73.654854,2.13237,68.718094,64.55735,4.1607437,113.221466,127.1716,102.82839,119.11393,108.32031,120.1479,54.003223,63.756123,35.94552,42.438095,23.055397,26.332481,45.14058,49.56259,27.66387,32.04853,17.26166,19.452932,33.073112,39.835175,36.154305,40.11342,70.6539,76.65581,61.889023,67.22568
59bc2758681516389ccf4064,ebccfc2c31c3c70434ca396018bfb7de,182.2,0,118.88298,115.17186,3.7111206,109.017075,106.65332,2.3637543,124.65128,120.38603,4.265251,70.171585,63.95661,6.2149734,44.01591,42.057304,1.9586067,25.004953,26.292534,1.2875805,51.972393,53.340042,1.3676491,29.3311,29.304525,0.026575089,17.435911,18.404297,0.9683857,36.728565,35.101334,1.6272316,36.192966,37.431274,1.238308,83.72429,85.91288,2.188591,69.42646,69.6231,0.19664001,108.19679,122.14693,98.51055,114.79609,114.47224,126.29983,59.080162,68.83306,38.811016,45.303593,24.653992,27.931076,51.129036,55.55105,27.112194,31.496857,17.30866,19.499933,31.720304,38.48236,35.451717,39.41083,82.91193,88.91383,66.95477,72.29143
59bc2758681516389ccf4064,50ec5fb463119a4a48c85bfd69734bfe,182.2,0,118.88298,116.26223,2.6207504,109.017075,108.44588,0.5711975,124.65128,123.550446,1.1008377,70.171585,65.843475,4.3281097,44.01591,42.861435,1.1544762,25.004953,26.42303,1.4180775,51.972393,52.511497,0.53910446,29.3311,29.166607,0.16449356,17.435911,18.235388,0.7994766,36.728565,35.63052,1.0980453,36.192966,37.097412,0.90444565,83.72429,84.65602,0.9317322,69.42646,69.43014,0.0036773682,109.28716,123.2373,100.30311,116.588646,117.63665,129.46423,60.967026,70.719925,39.615147,46.107723,24.784489,28.061573,50.30049,54.722504,26.974276,31.358938,17.139751,19.331024,32.24949,39.01155,35.117855,39.07697,81.65507,87.656975,66.76181,72.098465
59bc2758681516389ccf4064,1fec089d2e492b8578d5e12e44bf34c9,182.2,0,118.88298,114.34004,4.542938,109.017075,105.514984,3.5020905,124.65128,120.42534,4.2259445,70.171585,64.21779,5.9537964,44.01591,42.270706,1.7452049,25.004953,26.366055,1.3611012,51.972393,53.286587,1.3141937,29.3311,29.166607,0.16449356,17.435911,18.338203,0.90229225,36.728565,34.922287,1.8062782,36.192966,37.244904,1.0519371,83.72429,85.9031,2.1788101,69.42646,69.6402,0.21373749,107.364975,121.31511,97.372215,113.65775,114.51154,126.339134,59.34134,69.09424,39.024418,45.516994,24.727512,28.004597,51.07558,55.497593,26.974276,31.358938,17.242567,19.43384,31.541258,38.303314,35.265347,39.22446,82.902145,88.90405,66.97187,72.308525
59bc2758681516389ccf4064,c23f8c1cd54bb84449094a9709b1fa14,182.2,0,118.88298,115.73391,3.1490707,109.017075,107.56923,1.4478455,124.65128,120.661194,3.9900894,70.171585,64.02057,6.151016,44.01591,42.08514,1.9307709,25.004953,26.329294,1.3243408,51.972393,53.387207,1.414814,29.3311,29.380245,0.049144745,17.435911,18.423391,0.98748016,36.728565,35.164997,1.5635681,36.192966,37.543903,1.3509369,83.72429,85.93244,2.2081528,69.42646,69.82583,0.3993683,108.75884,122.70898,99.42646,115.712,114.7474,126.57499,59.14412,68.89702,38.838852,45.33143,24.690752,27.967836,51.1762,55.598213,27.187914,31.572577,17.327755,19.519028,31.783968,38.54603,35.564346,39.52346,82.93149,88.933395,67.1575,72.494156
59bc2758681516389ccf4064,79a7cc2fca24183dc5e33ccddb31eb9a,182.2,0,118.88298,118.25186,0.6311188,109.017075,110.95808,1.9410019,124.65128,124.10078,0.5505066,70.171585,65.55565,4.6159363,44.01591,42.462463,1.5534477,25.004953,26.432222,1.427269,51.972393,53.3369,1.3645058,29.3311,29.556025,0.22492409,17.435911,18.520332,1.0844212,36.728565,35.924957,0.80360794,36.192966,37.55061,1.3576431,83.72429,85.88353,2.1592407,69.42646,69.979706,0.55324554,111.276794,125.22693,102.81531,119.100845,118.18698,130.01457,60.6792,70.4321,39.216175,45.70875,24.79368,28.070765,51.125893,55.547905,27.363693,31.748356,17.424696,19.615969,32.54393,39.305984,35.571053,39.530167,82.882576,88.88448,67.31138,72.64803
59bc2758681516389ccf4064,715384b719723a5ce8b3adb7678c1b23,182.2,0,118.88298,119.83682,0.95384216,109.017075,113.86281,4.8457336,124.65128,124.12043,0.5308533,70.171585,65.15056,5.0210266,44.01591,43.136696,0.87921524,25.004953,26.869663,1.8647099,51.972393,53.751953,1.7795601,29.3311,30.002234,0.67113304,17.435911,18.83759,1.4016781,36.728565,35.893124,0.8354416,36.192966,38.318893,2.125927,83.72429,86.25521,2.530922,69.42646,71.64549,2.2190323,112.861755,126.81189,105.72004,122.00558,118.206635,130.03423,60.27411,70.02701,39.890408,46.382984,25.231121,28.508205,51.540947,55.96296,27.809902,32.194565,17.741953,19.933226,32.512093,39.274155,36.339336,40.29845,83.25426,89.256165,68.977165,74.31382
59bc2758681516389ccf4064,0a603b774953fdc4ff904046fbe08789,182.2,0,118.88298,118.85887,0.024108887,109.017075,112.38428,3.3672028,124.65128,123.72733,0.9239502,70.171585,65.27848,4.8931046,44.01591,43.192368,0.82354355,25.004953,26.860474,1.8555202,51.972393,53.582157,1.6097641,29.3311,29.850792,0.51969147,17.435911,18.721556,1.2856445,36.728565,35.793655,0.9349098,36.192966,38.149952,1.9569855,83.72429,86.03025,2.3059616,69.42646,71.45009,2.0236282,111.883804,125.83394,104.24151,120.52705,117.81354,129.64113,60.40203,70.15493,39.94608,46.438656,25.221931,28.499016,51.37115,55.793163,27.65846,32.04312,17.62592,19.817192,32.41263,39.174683,36.170395,40.12951,83.0293,89.031204,68.78176,74.118416
59bc2758681516389ccf4064,5821f44b2bd8f7f869d592477b094e76,182.2,0,118.88298,113.60938,5.2735977,109.017075,105.59349,3.423584,124.65128,118.87262,5.7786636,70.171585,63.09846,7.073124,44.01591,41.8439,2.1720123,25.004953,26.23188,1.2269268,51.972393,53.340042,1.3676491,29.3311,28.839386,0.49171448,17.435911,18.140652,0.7047405,36.728565,34.212063,2.5165024,36.192966,37.277084,1.0841179,83.72429,85.88353,2.1592407,69.42646,69.96017,0.53370667,106.634315,120.58445,97.45072,113.73626,112.958824,124.786415,58.22201,67.974915,38.59761,45.090187,24.593338,27.870422,51.129036,55.55105,26.647055,31.031717,17.045015,19.236288,30.831034,37.593094,35.297527,39.25664,82.882576,88.88448,67.29184,72.628494
59bc2758681516389ccf4064,deff74af563f1ebe75adc589bd4d46f7,182.2,0,118.88298,115.925,2.9579773,109.017075,108.60289,0.41418457,124.65128,122.04686,2.6044235,70.171585,64.52161,5.6499786,44.01591,42.193386,1.822525,25.004953,26.312752,1.3077984,51.972393,53.286587,1.3141937,29.3311,29.046265,0.28483582,17.435911,18.250076,0.8141651,36.728565,34.934223,1.794342,36.192966,37.282448,1.0894814,83.72429,85.829735,2.1054459,69.42646,70.02367,0.5972061,108.949936,122.90007,100.46012,116.74566,116.133064,127.960655,59.645157,69.398056,38.947098,45.439674,24.67421,27.951294,51.07558,55.497593,26.853933,31.238596,17.15444,19.345713,31.553194,38.315254,35.30289,39.262005,82.82878,88.83069,67.35534,72.69199
59bc2758681516389ccf4064,98a53d6c3a172449f0439cd50d44f551,182.2,0,118.88298,115.93624,2.9467392,109.017075,108.61598,0.40109253,124.65128,122.04686,2.6044235,70.171585,64.52161,5.6499786,44.01591,42.19648,1.8194313,25.004953,26.312752,1.3077984,51.972393,53.286587,1.3141937,29.3311,29.047617,0.2834835,17.435911,18.250076,0.8141651,36.728565,34.9382,1.7903633,36.192966,37.283787,1.0908203,83.72429,85.829735,2.1054459,69.42646,70.02856,0.60209656,108.961174,122.91131,100.47321,116.75875,116.133064,127.960655,59.645157,69.398056,38.95019,45.44277,24.67421,27.951294,51.07558,55.497593,26.855286,31.239948,17.15444,19.345713,31.557173,38.31923,35.30423,39.263344,82.82878,88.83069,67.36023,72.696884
59bc2758681516389ccf4064,5dd6f2deae69a21632b62c7f734a3ef6,182.2,0,118.88298,116.04865,2.8343277,109.017075,107.93559,1.0814819,124.65128,119.81605,4.8352356,70.171585,63.311665,6.8599205,44.01591,41.905754,2.110157,25.004953,26.393623,1.38867,51.972393,53.90603,1.9336357,29.3311,29.515461,0.1843605,17.435911,18.593771,1.1578598,36.728565,34.954117,1.7744484,36.192966,37.806705,1.613739,83.72429,86.666016,2.9417267,69.42646,70.228836,0.8023758,109.073586,123.02372,99.79282,116.07836,113.90225,125.72984,58.435215,68.18811,38.659466,45.152042,24.755081,28.032166,51.695023,56.117035,27.32313,31.707792,17.498135,19.689407,31.573088,38.335144,35.82715,39.786263,83.66506,89.66697,67.56051,72.89716
JQmPkyFc0qT8MKjYXgb_CIdyM9RqtEbhHzmhbv1npY8,58cf0439fc91351380a1dd69441acb1c,181.0,1,120.69695,122.48967,1.792717,122.790504,117.25166,5.5388412,116.37186,119.029854,2.6579971,59.077385,61.499424,2.422039,40.71419,41.908848,1.1946564,26.348356,26.739166,0.39081,55.20245,52.97215,2.230301,30.868044,31.000118,0.13207436,19.808092,19.134283,0.67380905,33.901035,36.342735,2.4417,40.801308,40.179943,0.6213646,82.117966,83.25245,1.1344833,73.96977,72.80812,1.1616516,115.5146,129.46474,109.108894,125.39443,113.11606,124.94365,56.622974,66.37587,38.66256,45.155136,25.100624,28.377708,50.761143,55.183155,28.807787,33.19245,18.038647,20.22992,32.961708,39.723763,38.200386,42.1595,80.251495,86.2534,70.13979,75.47645
JQmPkyFc0qT8MKjYXgb_CIdyM9RqtEbhHzmhbv1npY8,2afc77db1beb0145fc628ecb091264e4,181.0,1,120.69695,119.39843,1.298523,122.790504,112.98615,9.804352,116.37186,115.295456,1.0764008,59.077385,60.006992,0.9296074,40.71419,41.785133,1.0709419,26.348356,26.805334,0.45697784,55.20245,52.991016,2.2114334,30.868044,30.78107,0.08697319,19.808092,18.984467,0.82362556,33.901035,35.443516,1.5424805,40.801308,40.222847,0.5784607,82.117966,83.15953,1.041565,73.96977,72.998634,0.971138,112.42336,126.3735,104.84338,121.12892,109.38166,121.20925,55.130543,64.88344,38.538845,45.03142,25.166792,28.443876,50.78001,55.202023,28.58874,32.973404,17.88883,20.080103,32.062485,38.824547,38.24329,42.202404,80.15858,86.160484,70.33031,75.66696
0wqJ7taytlPRIH9JbcedVeXCM-qNjXS0lJNhCa6uAG8,28e316baf53ef240ffa3d0fd8c092b3e,181.75,1,122.55809,117.37508,5.183014,114.96934,110.277695,4.6916428,116.69393,114.03756,2.656372,63.713768,59.81511,3.8986588,45.141285,42.08514,3.0561447,27.699705,26.79063,0.9090748,52.027164,52.459618,0.43245316,32.83236,30.499823,2.3325367,19.382187,18.859621,0.52256584,38.40901,35.00186,3.4071503,40.268833,39.87692,0.39191437,80.00448,82.32815,2.3236694,73.177734,72.637146,0.5405884,110.40001,124.35014,102.134926,118.42046,108.123764,119.951355,54.93866,64.69156,38.838852,45.33143,25.152088,28.429173,50.24861,54.670624,28.307491,32.692154,17.763985,19.955257,31.620832,38.38289,37.89736,41.856476,79.327194,85.3291,69.96882,75.30547
0wqJ7taytlPRIH9JbcedVeXCM-qNjXS0lJNhCa6uAG8,e316a7522c18a1852d2cc64e125ccc73,181.75,1,122.55809,118.8139,3.7441864,114.96934,111.900154,3.0691833,116.69393,115.433044,1.2608871,63.713768,60.689247,3.0245209,45.141285,42.728447,2.412838,27.699705,27.044273,0.65543175,52.027164,52.255234,0.2280693,32.83236,30.897354,1.9350052,19.382187,19.047625,0.3345623,38.40901,35.642456,2.7665558,40.268833,40.179943,0.088890076,80.00448,81.88555,1.881073,73.177734,72.98398,0.1937561,111.83884,125.78897,103.757385,120.04292,109.51925,121.34684,55.812798,65.5657,39.48216,45.974735,25.405731,28.682816,50.044228,54.46624,28.705023,33.089684,17.951988,20.143261,32.26143,39.023483,38.200386,42.1595,78.8846,84.886505,70.31565,75.652306
0wqJ7taytlPRIH9JbcedVeXCM-qNjXS0lJNhCa6uAG8,2405c5ddc353d82b43952f0838e2bc85,181.75,1,122.55809,121.163246,1.394844,114.96934,115.328255,0.35891724,116.69393,117.32973,0.6357956,63.713768,61.462116,2.2516518,45.141285,43.365566,1.7757187,27.699705,27.308945,0.39076042,52.027164,52.134174,0.10700989,32.83236,31.140741,1.691618,19.382187,19.109314,0.27287292,38.40901,36.092068,2.3169441,40.268833,40.50442,0.23558807,80.00448,81.57501,1.5705338,73.177734,73.68742,0.50968933,114.18818,128.1383,107.185486,123.47102,111.41593,123.24352,56.585667,66.33856,40.119278,46.611855,25.670403,28.947487,49.92317,54.34518,28.94841,33.333073,18.013678,20.20495,32.711037,39.4731,38.524864,42.48398,78.57406,84.575966,71.0191,76.35575
0wqJ7taytlPRIH9JbcedVeXCM-qNjXS0lJNhCa6uAG8,06f1ea8825f3af6867cd32df8a3571e3,181.75,1,122.55809,121.39931,1.158783,114.96934,115.48527,0.5159302,116.69393,117.889885,1.1959534,63.713768,61.813904,1.8998642,45.141285,43.396496,1.7447891,27.699705,27.338352,0.36135292,52.027164,52.220646,0.19348145,32.83236,31.25973,1.5726299,19.382187,19.17394,0.20824623,38.40901,36.32682,2.0821915,40.268833,40.547325,0.27849197,80.00448,81.711945,1.7074661,73.177734,73.70208,0.5243454,114.42424,128.37437,107.3425,123.62804,111.97609,123.80368,56.937454,66.69035,40.150208,46.642784,25.69981,28.976894,50.00964,54.431652,29.067398,33.45206,18.078304,20.269577,32.945793,39.707848,38.56777,42.526882,78.71099,84.7129,71.03375,76.37041
