subject_id,n_captures,true_chest,true_waist,true_hip,true_thigh,true_calf,true_ankle,true_arm-length,true_forearm,true_wrist,true_bicep,true_shoulder-breadth,true_leg-length,true_shoulder-to-crotch,pred_chest,pred_waist,pred_hip,pred_thigh,pred_calf,pred_ankle,pred_arm-length,pred_forearm,pred_wrist,pred_bicep,pred_shoulder-breadth,pred_leg-length,pred_shoulder-to-crotch,abs_error_chest,abs_error_waist,abs_error_hip,abs_error_thigh,abs_error_calf,abs_error_ankle,abs_error_arm-length,abs_error_forearm,abs_error_wrist,abs_error_bicep,abs_error_shoulder-breadth,abs_error_leg-length,abs_error_shoulder-to-crotch,lower_chest,upper_chest,lower_waist,upper_waist,lower_hip,upper_hip,lower_thigh,upper_thigh,lower_calf,upper_calf,lower_ankle,upper_ankle,lower_arm-length,upper_arm-length,lower_forearm,upper_forearm,lower_wrist,upper_wrist,lower_bicep,upper_bicep,lower_shoulder-breadth,upper_shoulder-breadth,lower_leg-length,upper_leg-length,lower_shoulder-to-crotch,upper_shoulder-to-crotch
E8tDQ5IgdBwbjLIXu7GwcupEHYbi0eB18YNcsgsSbP8,8,114.319115,110.02166,123.125084,67.98038,42.416393,25.233662,53.050766,29.861279,17.28145,39.3896,36.19196,84.51344,65.48489,111.0282,101.83173,115.77946,61.590706,40.62842,25.29031,51.263283,27.983562,17.477266,33.562515,36.221535,82.459885,66.881996,3.2909164,8.189926,7.345627,6.3896713,1.7879715,0.056648254,1.7874832,1.8777161,0.19581604,5.8270836,0.029575348,2.0535583,1.3971024,104.05313,118.003265,93.688965,109.9745,109.86566,121.69325,56.714256,66.467155,37.382133,43.87471,23.651768,26.928852,49.052277,53.47429,25.791231,30.175894,16.38163,18.572903,30.181486,36.943542,34.241978,38.20109,79.45893,85.46084,64.21367,69.55032
fkq68ww6bdyKT16FavI1x_G-u7YZ9SoT1GNMUTSJUek,2,109.65218,96.10684,122.02288,71.169304,39.964336,23.286049,46.116558,29.167526,17.549261,39.6502,35.913807,76.09846,60.1927,110.38045,98.67186,115.59029,61.952484,39.913208,24.014791,45.91304,27.09089,16.821732,34.261795,34.350758,73.29663,60.58706,0.72826385,2.5650177,6.4325943,9.21682,0.051128387,0.7287426,0.20351791,2.0766354,0.7275295,5.388405,1.5630493,2.8018265,0.3943596,103.40538,117.355515,90.52909,106.81463,109.67649,121.50408,57.076035,66.82893,36.66692,43.159496,22.37625,25.653334,43.702034,48.124046,24.89856,29.283222,15.726095,17.917368,30.880766,37.642822,32.3712,36.330315,70.29568,76.297585,57.91873,63.255386
nV9DFb-Q2_nOAvjVsdQfU8k4fFb7czvAhHHP-qkAxFY,2,122.040245,110.920006,117.5633,64.54122,45.22301,27.674414,52.324284,31.024563,18.449713,36.96816,40.058727,81.28307,71.849785,115.66084,106.98043,113.38895,60.23352,42.22741,26.794308,52.085434,30.464668,18.725227,35.164993,39.642277,81.78163,71.901955,6.379402,3.9395752,4.1743546,4.307701,2.9956017,0.880106,0.23884964,0.55989456,0.2755146,1.8031654,0.4164505,0.49855804,0.0521698,108.685776,122.63591,98.83766,115.1232,107.47515,119.30274,55.35707,65.10997,38.98112,45.473698,25.155766,28.43285,49.874428,54.29644,28.272337,32.656998,17.629591,19.820864,31.783964,38.54602,37.66272,41.621834,78.78068,84.782585,69.23363,74.57028
SDeiJFKVmRceC3qDqcpQTyDnNDOrSB2SriupQya166k,2,121.01269,111.99921,123.88969,64.86902,41.40548,24.384863,45.056553,27.131647,17.70024,35.362404,35.497135,71.45198,60.19866,122.31543,111.50762,121.88962,63.8127,40.892857,24.767458,45.804558,29.314667,18.10026,37.70549,36.31434,72.31731,61.844948,1.302742,0.49158478,2.0000687,1.0563202,0.51262283,0.38259506,0.7480049,2.1830196,0.4000206,2.3430862,0.8172035,0.8653259,1.646286,115.34036,129.2905,103.36485,119.65039,115.97582,127.80341,58.93625,68.68915,37.64657,44.139145,23.128916,26.406,43.59355,48.015564,27.122335,31.506998,17.004623,19.195896,34.324463,41.086517,34.33478,38.293896,69.31635,75.31826,59.17662,64.513275
HYLKMpRR-ZZA0GvRtRs5stQ0mPS1AmH92glIqg1DLpo,1,124.32279,109.44416,117.40195,63.0382,39.476437,23.004866,44.599438,27.379797,17.28764,35.99024,35.537624,71.28448,61.780914,114.95829,102.38782,117.781784,62.858604,40.311405,24.21595,44.985447,27.980774,17.318132,35.90506,34.908535,71.34409,60.03872,9.364502,7.056343,0.37983704,0.17959595,0.83496857,1.2110844,0.38600922,0.60097694,0.030492783,0.085178375,0.62908936,0.05961609,1.7421951,107.98322,121.93336,94.24505,110.53059,111.86799,123.69558,57.982155,67.735054,37.065117,43.557693,22.577408,25.854492,42.77444,47.196453,25.788443,30.173105,16.222496,18.413769,32.524033,39.286087,32.928978,36.888092,68.34314,74.34505,57.37039,62.707047
59bc2770681516389ccf4907,7,121.41436,121.445724,119.46222,64.99778,42.165157,26.709352,54.411743,28.95426,19.352383,34.129513,38.734177,85.55694,74.52387,118.97931,112.606705,116.696556,60.813362,42.026375,26.974691,53.773964,30.709213,19.097353,35.38696,40.06808,84.67698,73.512955,2.435051,8.83902,2.7656631,4.1844177,0.1387825,0.2653389,0.63777924,1.7549534,0.25502968,1.2574463,1.3339043,0.8799591,1.0109177,112.00424,125.95438,104.463936,120.74947,110.78276,122.61035,55.936913,65.68981,38.780087,45.272663,25.33615,28.613234,51.562958,55.98497,28.516882,32.901543,18.001717,20.19299,32.005928,38.76799,38.088524,42.047638,81.676025,87.67793,70.84463,76.18128
RmX_Gxh2RmFdRfFMJEwqaRRoqhcuFpqhG-ZjiKprUmM,2,118.68711,114.14238,114.92448,60.342422,41.933434,27.026812,48.640778,29.276325,18.319006,33.60262,39.583427,75.55713,71.07929,118.84201,111.90669,112.65436,58.310684,40.94234,25.790762,49.361195,29.96843,18.374556,35.031704,39.20249,76.82451,69.362976,0.1548996,2.2356873,2.2701187,2.0317383,0.9910927,1.2360497,0.720417,0.69210434,0.05554962,1.4290848,0.38093567,1.2673798,1.7163162,111.86694,125.81708,103.76392,120.04946,106.74056,118.56815,53.434235,63.187134,37.696053,44.18863,24.15222,27.429304,47.15019,51.5722,27.776098,32.16076,17.27892,19.470192,31.650675,38.412735,37.222935,41.18205,73.823555,79.82546,66.69465,72.0313
P1aEQqvvzL2pKMO4Pq17rpAPVgluY9Op1dqv_caiRJM,2,122.815125,108.40144,109.71744,60.60732,43.2759,25.512667,50.488796,28.654713,18.018183,34.072277,40.739315,75.01778,71.09838,118.12259,110.7749,111.0574,57.40789,40.68409,25.813736,49.774376,30.071192,18.510784,34.79695,39.446518,77.340454,69.74034,4.6925354,2.3734589,1.3399658,3.1994286,2.5918121,0.30106926,0.7144203,1.4164791,0.4926014,0.7246742,1.2927971,2.3226776,1.3580399,111.14752,125.09766,102.63213,118.91767,105.14361,116.9712,52.53144,62.28434,37.4378,43.930378,24.175194,27.452278,47.56337,51.985382,27.87886,32.263523,17.415148,19.60642,31.415922,38.17798,37.46696,41.426075,74.3395,80.34141,67.072014,72.40867
uOvuHjwJCj0pqWmNVTjcbprS1h6pPRfNxdFvEVCkxfE,2,131.93246,128.87277,118.1751,59.664654,43.252693,26.715261,55.342686,30.042955,20.198866,32.708004,41.055183,84.77448,76.288216,121.67471,117.56569,118.37634,60.673256,41.944412,27.060816,54.556915,30.676954,19.179081,35.196827,40.401176,85.956894,74.73282,10.257751,11.307083,0.20124054,1.0086021,1.308281,0.34555435,0.7857704,0.6339989,1.0197849,2.488823,0.65400696,1.1824112,1.555397,114.699646,128.64978,109.42292,125.70846,112.46255,124.29014,55.796806,65.549706,38.698124,45.1907,25.422274,28.699358,52.34591,56.76792,28.484623,32.869286,18.083445,20.274717,31.815798,38.577858,38.42162,42.380733,82.95594,88.95785,72.06449,77.401146
KkcKYV7B1vYaAU3rhnwuJURVMpt_DsVVfOjKhQWyIUY,1,116.850136,108.21609,119.597664,66.15388,39.18963,23.562922,48.94536,26.579412,15.707434,35.366055,34.64256,76.11406,63.05346,120.73609,111.65155,120.572754,62.21366,39.66346,24.298252,46.900368,28.493237,17.802097,36.207455,35.855453,74.50336,62.026917,3.8859558,3.435463,0.97509,3.940216,0.47383118,0.7353306,2.0449905,1.9138241,2.0946636,0.84140015,1.2128944,1.6107025,1.0265427,113.761024,127.71116,103.50878,119.79432,114.65896,126.48655,57.33721,67.09011,36.41717,42.909748,22.65971,25.936794,44.68936,49.111374,26.300905,30.685568,16.70646,18.897734,32.826424,39.588486,33.875896,37.83501,71.5024,77.50431,59.35859,64.695244
W81GbQDdBYQMT5l7mDPGD9UkM1szFi6brOnMm0QZT18,13,112.60908,100.322784,115.81205,67.681755,42.20867,24.61205,45.741974,27.702436,15.94878,35.07473,35.52964,73.21024,62.617817,111.65304,101.09322,114.48924,60.68166,39.538383,23.845669,45.302303,26.972332,16.66002,33.912727,34.58138,71.99378,60.731075,0.9560394,0.77043915,1.3228073,7.0000954,2.670288,0.7663803,0.43967056,0.73010445,0.71124077,1.1620026,0.94826126,1.2164612,1.8867416,104.67797,118.628105,92.950455,109.23599,108.57545,120.40304,55.80521,65.558105,36.292095,42.78467,22.207127,25.484211,43.091297,47.51331,24.78,29.164663,15.564384,17.755657,30.531698,37.293755,32.60182,36.560936,68.99283,74.994736,58.062748,63.399403
qQOTtZI_-c558xi6ylqreJDMn_bffPbdd1ZmKGJTKvA,1,127.08306,107.16618,112.84798,62.68392,42.98846,27.380535,53.58548,31.991278,18.727951,35.959637,41.175358,81.53512,71.0572,116.38588,107.68699,113.2612,59.282097,40.687183,26.25026,52.924984,30.521458,19.034405,35.268448,39.525627,83.201096,71.02509,10.697182,0.52080536,0.41322327,3.401825,2.3012772,1.1302757,0.66049576,1.46982,0.3064537,0.6911888,1.6497307,1.6659775,0.032104492,109.41081,123.36095,99.54422,115.82976,107.347404,119.174995,54.405647,64.15855,37.440895,43.93347,24.611717,27.888802,50.713978,55.13599,28.329126,32.71379,17.938768,20.130041,31.887419,38.649475,37.54607,41.505184,80.20014,86.20205,68.356766,73.69342
fLxvU_dTtBOzidz7xh99ICzTaz4wuNFk0oLjCZ8HedA,1,112.007454,102.46916,113.1898,60.138943,45.647884,25.273403,43.31421,28.256569,18.112295,33.525017,34.96591,68.43722,61.534653,118.99376,108.18419,116.238884,60.433403,39.457787,24.007448,44.538948,28.402643,17.559748,35.940872,35.784214,70.07745,60.23656,6.986305,5.715027,3.0490875,0.2944603,6.190098,1.265955,1.2247391,0.1460743,0.55254745,2.4158554,0.81830215,1.6402359,1.2980919,112.01869,125.96883,100.04142,116.32696,110.32509,122.15268,55.556953,65.30985,36.2115,42.704075,22.368906,25.64599,42.32794,46.749954,26.210312,30.594975,16.464111,18.655384,32.559845,39.3219,33.804657,37.76377,67.0765,73.07841,57.568233,62.90489
QjI7V3xOO1AI6u5KD4WeyvLAaS_pr4ZsGG6xDhzHRpY,2,116.350945,106.014206,117.9607,59.918568,38.3452,23.39248,45.606747,27.174353,16.0139,33.18871,34.21255,71.199295,63.956047,112.21271,102.85559,113.80907,59.170166,38.278652,23.273169,45.147385,26.396183,16.4219,33.16861,34.188187,71.78668,59.976433,4.138237,3.158615,4.151634,0.74840164,0.066547394,0.11931229,0.45936203,0.77816963,0.40799904,0.02009964,0.024364471,0.5873871,3.9796143,105.23764,119.187775,94.71282,110.99836,107.89527,119.72286,54.293716,64.046616,35.032364,41.52494,21.634626,24.91171,42.93638,47.35839,24.203852,28.588514,15.326263,17.517536,29.78758,36.549637,32.20863,36.167744,68.78573,74.787636,57.308105,62.64476
fThetEGzg5QWmpMHSnjGRYQXYXPH6UXYBpMxZd-0_Wc,1,119.909424,115.948425,111.374084,59.37237,42.45921,26.91693,49.76033,31.081558,19.668545,34.50972,39.781155,80.56772,73.30621,120.70237,114.43852,116.209404,60.625286,42.530506,26.884369,51.665665,31.086655,19.144566,36.100025,40.348885,80.661705,72.6518,0.79294586,1.509903,4.8353195,1.2529144,0.07129669,0.03256035,1.9053345,0.0050964355,0.5239792,1.5903053,0.56772995,0.09398651,0.6544113,113.7273,127.67744,106.29575,122.58129,110.29561,122.1232,55.748837,65.50174,39.284218,45.776794,25.245827,28.522911,49.45466,53.87667,28.894323,33.278984,18.04893,20.240202,32.718994,39.481056,38.369328,42.32844,77.66075,83.66266,69.983475,75.32013
-EujjqWPZ_L0NO_RqgxJ79mA23Tjj33cYAoFaysL4I0,1,122.962555,112.93948,114.80291,57.096954,37.944653,22.742537,45.379402,26.898844,16.802092,32.748543,35.90963,68.06901,59.71751,120.08412,108.354294,117.25111,60.84915,39.136135,23.932549,44.66158,28.639269,17.818987,36.593403,35.73305,70.336655,59.496483,2.8784332,4.58519,2.4481964,3.7521973,1.1914825,1.190012,0.717823,1.7404251,1.0168953,3.84486,0.17657852,2.2676468,0.22102737,113.109055,127.05919,100.211525,116.49706,111.33731,123.1649,55.972702,65.7256,35.889847,42.382423,22.294006,25.57109,42.450573,46.872585,26.446938,30.8316,16.72335,18.914623,33.21237,39.974434,33.753494,37.71261,67.3357,73.33761,56.828156,62.16481
UwbYVNhUg-Z7Vg1xyCMcWSFRj4AOQGpk5LtRS-kOwP4,2,118.28099,102.067795,107.27025,58.18516,41.491604,25.999104,46.418526,32.407177,19.358454,37.674076,40.291046,73.86267,70.197525,111.94573,101.67472,104.842224,55.327812,40.014496,25.378592,48.142395,29.340357,17.857176,33.60927,38.82572,74.43244,67.940216,6.3352585,0.39307404,2.4280243,2.8573494,1.477108,0.620512,1.7238693,3.0668201,1.5012779,4.064808,1.4653244,0.5697708,2.257309,104.970665,118.9208,93.53195,109.81749,98.92843,110.75602,50.451363,60.20426,36.768208,43.260784,23.74005,27.017134,45.93139,50.3534,27.148026,31.532688,16.76154,18.952812,30.22824,36.990295,36.846165,40.80528,71.43149,77.433395,65.27189,70.60854
QgfeuOOze8IVivTFjCA5CjmcZ2J87GUFLIq9O1Ruy80,2,117.774864,112.85911,118.23272,58.045883,41.1557,25.977694,54.709568,28.753494,18.034653,32.892677,39.539646,83.51149,71.050285,114.030914,105.933685,110.411255,57.32061,39.88073,26.06784,53.19697,29.512081,18.324984,33.57744,39.31646,83.63391,71.811584,3.74395,6.9254227,7.8214645,0.72527313,1.274971,0.09014702,1.5125961,0.7585869,0.2903309,0.68476105,0.2231865,0.122421265,0.76129913,107.05585,121.00598,97.79092,114.076454,104.49746,116.32505,52.44416,62.19706,36.63444,43.127018,24.429298,27.706383,50.985966,55.407978,27.31975,31.704412,17.229347,19.42062,30.19641,36.958466,37.336903,41.296017,80.63296,86.634865,69.14326,74.47991
uS4Nlsd6VQjC_MbPDR76MiYZCfgKQsrZG_UwbKzH20A,1,114.27159,101.80828,112.75625,61.21289,41.455303,24.26184,49.4179,28.233774,16.545229,37.84214,36.07271,79.37754,64.869736,121.10704,112.95999,122.5284,64.75613,42.886177,26.013159,48.924164,29.807524,18.361704,36.98333,37.53452,77.684006,67.03771,6.835449,11.1517105,9.772148,3.5432358,1.4308739,1.751318,0.49373627,1.5737495,1.8164749,0.8588104,1.4618111,1.6935349,2.1679764,114.13197,128.0821,104.81722,121.10276,116.6146,128.4422,59.879677,69.632576,39.63989,46.132465,24.374617,27.651701,46.713158,51.13517,27.615192,31.999855,17.266068,19.45734,33.602303,40.364357,35.554962,39.514076,74.68305,80.68496,64.369385,69.70604
JNvYCjFCVizUSPlVWEiT5RvXAV3AcfPFkpa01Y_3DMQ,6,112.78775,101.90261,109.18854,59.710625,38.863407,23.38344,49.85264,25.14511,16.227055,29.29563,36.428917,78.18435,63.868824,109.902466,101.1677,111.36493,58.84103,40.06643,24.890623,49.50954,27.542086,17.089943,32.513424,36.20535,78.92703,66.217995,2.8852844,0.73490906,2.1763916,0.8695946,1.203022,1.5071831,0.3430977,2.3969765,0.86288834,3.2177944,0.22356796,0.7426834,2.3491707,102.9274,116.87753,93.02493,109.31047,105.45113,117.278725,53.96458,63.71748,36.82014,43.312717,23.25208,26.529165,47.298534,51.720547,25.349754,29.734417,15.994307,18.18558,29.132395,35.894455,34.225792,38.184906,75.92608,81.927986,63.549667,68.88632
59bc275d681516389ccf41f6,4,106.33675,100.241295,113.55496,63.316322,39.84859,24.17448,47.670956,28.728168,18.228504,36.76393,34.80542,73.20604,61.28897,110.46756,98.585175,114.66528,61.035706,39.25482,23.71486,45.46968,26.929478,16.804241,34.04694,34.17218,72.49764,59.781033,4.1308136,1.6561203,1.110321,2.2806168,0.5937691,0.45961952,2.2012749,1.7986908,1.424263,2.7169914,0.63323975,0.7083969,1.5079384,103.49249,117.44263,90.442406,106.72794,108.75149,120.57908,56.159256,65.912155,36.008533,42.50111,22.076319,25.353403,43.258675,47.680687,24.737146,29.121809,15.708605,17.899878,30.66591,37.42797,32.192623,36.151737,69.49669,75.4986,57.112705,62.44936
730fN81DLQtgxZ5K4FpOgJUOCAIgg9I1bVhmIXOQgmA,11,110.16026,103.14872,119.799706,61.616455,41.032497,24.948172,48.51386,28.129274,16.845716,33.19919,35.386604,80.48795,63.58068,110.96011,101.303154,115.989624,61.607483,40.146362,24.725708,49.53445,27.581842,17.280296,33.685947,35.43904,79.57174,64.63637,0.79985046,1.8455658,3.8100815,0.008972168,0.8861351,0.22246361,1.0205917,0.54743195,0.43457985,0.4867592,0.05243683,0.916214,1.055687,103.98505,117.93518,93.160385,109.44592,110.07583,121.90342,56.731033,66.48393,36.900074,43.39265,23.087166,26.36425,47.323444,51.745457,25.389511,29.774174,16.18466,18.375933,30.304918,37.06698,33.459484,37.4186,76.570786,82.57269,61.96804,67.304695
7bFe7VxhOBSMEBgASPgM3QkOFW6-cFMHDHydK-nTdDU,1,114.8577,99.30367,111.629036,64.88004,44.329693,27.926006,45.53873,28.52715,19.785807,34.168205,34.432434,73.69068,62.49855,107.74727,95.93396,110.56358,59.135517,39.281498,24.004116,47.013565,27.103905,16.979212,32.93286,34.801273,75.0193,61.741142,7.110428,3.3697128,1.0654526,5.744526,5.048195,3.9218903,1.4748344,1.4232445,2.8065948,1.2353439,0.36883926,1.3286209,0.75740814,100.7722,114.722336,87.79119,104.07673,104.64979,116.47738,54.259068,64.01196,36.03521,42.527786,22.365574,25.642658,44.80256,49.22457,24.911573,29.296236,15.883575,18.074848,29.551832,36.31389,32.821716,36.78083,72.01835,78.020256,59.072815,64.40947
59bc2758681516389ccf4077,12,96.68221,94.39581,115.849655,62.346394,39.70743,23.274157,51.456875,25.93713,17.251596,31.168224,33.240887,79.36279,62.73667,106.39725,95.8866,111.03387,58.371143,37.41775,23.537079,49.314426,26.20112,16.639093,31.724596,34.251705,79.362305,62.16329,9.7150345,1.4907837,4.8157883,3.9752502,2.2896805,0.2629223,2.1424484,0.2639904,0.61250305,0.5563717,1.0108185,0.00048828125,0.57338333,99.42218,113.372314,87.74383,104.029366,105.12007,116.94766,53.494694,63.247593,34.171463,40.66404,21.898537,25.175621,47.10342,51.525433,24.00879,28.393452,15.543457,17.73473,28.343567,35.105625,32.27215,36.231262,76.36135,82.36326,59.49496,64.83162
nZUlJ3oSfVH51kquU28D-F9NwL3UjnLsxtsY2y6qXts,2,109.72437,96.33212,112.037605,61.810535,41.867054,24.30314,48.961136,27.534142,15.934265,33.913857,36.400707,74.33763,62.79052,104.555214,93.76195,107.28616,57.140724,38.20848,23.436062,46.484528,26.093513,16.176704,31.354752,34.23545,74.12923,61.236763,5.169159,2.5701752,4.751442,4.6698112,3.6585732,0.8670788,2.4766083,1.440628,0.24243927,2.559105,2.1652565,0.20840454,1.5537567,97.58015,111.53028,85.61918,101.90472,101.37237,113.19996,52.264275,62.017174,34.962193,41.45477,21.79752,25.074604,44.27352,48.695534,23.901182,28.285845,15.081068,17.27234,27.973722,34.73578,32.255894,36.215008,71.12827,77.13018,58.568436,63.90509
Kr1whZRnyXXBfX2Qb68APhgjTqQOJoNCbyiyp8KjOUM,1,114.18083,103.804535,112.03219,61.24672,40.52357,24.194279,50.323208,30.100851,18.249456,37.43014,39.54598,75.87402,64.75701,109.03997,97.57278,106.959404,56.55041,38.48355,24.455458,48.473343,28.348557,17.572968,33.404354,37.02166,76.01329,64.97679,5.1408615,6.231758,5.0727844,4.696308,2.04002,0.26117897,1.849865,1.7522945,0.6764889,4.0257874,2.5243187,0.13926697,0.21977997,102.0649,116.01504,89.43001,105.715546,101.04561,112.8732,51.67396,61.42686,35.237263,41.72984,22.816916,26.094,46.262337,50.68435,26.156225,30.540888,16.477331,18.668604,30.023325,36.785385,35.042103,39.001217,73.01234,79.014244,62.308464,67.64512
vnohRvRete12wDp7zCI0rTWOjQO1NU48ZzyOXpEI_uk,4,112.00716,102.09305,111.614105,59.975044,40.917355,26.812181,51.86262,29.768024,18.575335,34.326332,39.223183,81.41303,73.188866,110.32845,99.261475,108.06007,57.5638,40.85497,26.675755,53.433586,29.703747,18.343159,33.510292,39.461266,84.099724,72.23657,1.6787033,2.8315735,3.554039,2.4112434,0.06238556,0.13642693,1.5709648,0.06427765,0.23217583,0.81604004,0.23808289,2.6866913,0.9522934,103.353386,117.30352,91.118706,107.40424,102.14627,113.97386,52.68735,62.44025,37.60868,44.101257,25.037212,28.314297,51.22258,55.644592,27.511415,31.896078,17.247522,19.438795,30.129263,36.89132,37.48171,41.440823,81.09877,87.10068,69.568245,74.9049
oWFBFFV2dtIyJFBBpNkjkPQ5nQBChrUWbW6wxMrxYWE,1,116.50867,99.952286,111.79252,56.023457,42.293083,24.89918,46.192013,26.31245,16.561895,32.09478,34.641525,70.83563,63.256977,116.45332,104.75609,117.32973,61.78192,39.61088,23.985392,45.11122,27.957787,17.390102,35.76182,35.052673,71.485916,59.941017,0.055343628,4.8038025,5.5372086,5.758465,2.6822014,0.91378784,1.0807915,1.6453362,0.828207,3.6670418,0.41114807,0.6502838,3.31596,109.47826,123.42839,96.61332,112.89886,111.41593,123.24352,56.90547,66.65837,36.364594,42.85717,22.34685,25.623934,42.900215,47.322227,25.765455,30.150118,16.294466,18.485739,32.38079,39.142853,33.073116,37.03223,68.48496,74.48687,57.27269,62.609344
DYJR9xAeblKG6aQwKXKaxyK5toR1c9ih8lq8cztV52k,1,118.088776,111.69343,118.03593,61.578625,36.564495,24.73157,54.35249,28.782852,18.997334,34.758617,39.267178,86.12265,68.51574,118.30807,111.455284,116.346985,60.044304,40.080994,26.079327,53.79283,30.029276,18.73771,35.069504,39.273552,84.94945,71.41101,0.21929169,0.23814392,1.688942,1.5343208,3.5164986,1.3477573,0.55965805,1.2464237,0.25962257,0.31088638,0.006374359,1.1732025,2.8952713,111.333,125.283134,103.312515,119.59805,110.43319,122.26078,55.167854,64.92075,36.834705,43.327282,24.440784,27.717869,51.581825,56.003838,27.836945,32.221607,17.642075,19.833347,31.688475,38.45053,37.293995,41.25311,81.948494,87.9504,68.74268,74.07934
BUhmNtrPKv9T-5hUVF14PuEsoSx0VEobiP4M-T7dqow,2,112.90577,104.122375,115.25415,61.966755,41.76846,27.503801,52.16592,30.71839,19.25639,36.685818,39.0897,83.477806,70.712326,111.60289,101.723785,109.46292,57.48718,40.25032,26.523201,54.32895,29.541151,18.41972,33.313835,39.410316,85.67813,72.73973,1.3028793,2.39859,5.7912292,4.479576,1.5181389,0.98060036,2.1630287,1.1772385,0.8366699,3.3719826,0.32061768,2.200325,2.0274048,104.62782,118.57796,93.58102,109.866554,103.549126,115.37672,52.61073,62.36363,37.004032,43.49661,24.884659,28.161743,52.117943,56.539955,27.34882,31.733482,17.324083,19.515356,29.932806,36.694862,37.43076,41.389874,82.67718,88.679085,70.0714,75.40806
7R6m49IITGG-lT_EavoGCfcnOBAx1QPM16fpE-f9iSc,4,110.459564,98.34022,108.02363,60.969536,41.351387,26.665302,44.26027,29.3582,17.89363,36.832104,38.350163,67.49702,66.507484,105.84721,93.16916,100.28785,53.59178,38.598373,24.291199,45.682713,27.903194,16.93089,32.185585,37.122387,70.5824,64.01267,4.6123505,5.1710587,7.735779,7.377754,2.7530136,2.3741035,1.4224434,1.4550056,0.96273994,4.6465187,1.2277756,3.0853806,2.494812,98.87215,112.82228,85.02639,101.31193,94.374054,106.201645,48.715332,58.46823,35.352085,41.84466,22.652657,25.92974,43.471706,47.89372,25.710863,30.095526,15.835253,18.026525,28.804556,35.566612,35.14283,39.101944,67.58144,73.58335,61.344345,66.681
GbOk4JbzF5zpkg24rqvg_gA8BAMUKFen4zBSFPCcQVs,5,117.392105,96.87301,114.76466,60.74018,39.70291,24.676449,51.545853,26.73048,16.080494,34.210438,34.736458,83.61448,65.94525,105.148094,94.013664,111.520775,59.582714,39.01397,24.726885,51.930737,26.945774,17.056835,31.906916,35.27716,83.85104,65.66875,12.244011,2.8593445,3.2438889,1.1574669,0.68894196,0.05043602,0.38488388,0.21529388,0.97634125,2.303522,0.5407028,0.23656464,0.27650452,98.17303,112.12316,85.870895,102.15643,105.60698,117.43457,54.706264,64.45917,35.76768,42.260258,23.088343,26.365427,49.71973,54.141743,24.753443,29.138105,15.961199,18.152472,28.525887,35.287945,33.297604,37.256718,80.85009,86.852,63.00042,68.337074
atGuTnEF7KvrxEVHkLzFTY7gdAZ36gghFPcJHudLqXI,2,109.12131,112.81235,116.826584,60.015533,44.82198,29.079845,52.912006,28.58927,18.840487,31.32124,37.69953,84.93842,72.57899,112.030045,102.27333,110.34001,58.478584,41.23461,26.877935,53.811695,29.903526,18.452034,33.805225,39.65703,84.79295,73.047485,2.9087372,10.539017,6.4865723,1.5369492,3.587368,2.20191,0.8996887,1.3142567,0.38845253,2.483986,1.9574966,0.14546967,0.46849823,105.05498,119.00511,94.13056,110.4161,104.426216,116.25381,53.602135,63.355034,37.988323,44.4809,25.239393,28.516478,51.60069,56.0227,27.711195,32.095856,17.356398,19.54767,30.424196,37.186256,37.67747,41.636585,81.792,87.79391,70.37916,75.71581
vtUetlQRnFggW0gU19iG8wdTL-KlWikPJFIEMbsIWvw,1,114.56316,100.7535,106.42471,56.390903,40.05997,25.115305,46.21197,29.665792,18.140583,34.34121,38.550964,71.10657,65.644875,111.14201,97.87371,105.28875,55.937447,38.48432,24.399284,46.408276,29.120632,17.853504,34.617905,37.58413,71.86738,63.179775,3.4211502,2.8797913,1.1359634,0.45345688,1.5756493,0.7160206,0.19630432,0.5451603,0.28707886,0.27669525,0.966835,0.76081085,2.4650993,104.16695,118.11708,89.73094,106.01648,99.374954,111.202545,51.060997,60.813896,35.238033,41.73061,22.760742,26.037827,44.19727,48.61928,26.9283,31.312963,16.757868,18.94914,31.236876,37.99893,35.604572,39.563686,68.866425,74.86833,60.511448,65.8481
2vMs6p-qIdIw0mTEz5emgZpxICq3glcfyQM3vwB3vBo,2,120.33712,105.32634,108.79192,57.41319,41.84759,27.73998,54.017956,29.927399,18.631397,33.950546,40.247902,84.08287,70.98089,118.02705,111.32445,115.324936,60.153572,41.83462,26.963402,54.005074,30.544445,18.971983,34.975998,40.07402,85.06926,73.665436,2.3100739,5.998108,6.5330124,2.7403831,0.012969971,0.7765789,0.012882233,0.61704636,0.3405857,1.0254517,0.17388153,0.98638916,2.6845474,111.05198,125.00211,103.18168,119.46722,109.41114,121.23873,55.277122,65.03002,38.588333,45.08091,25.32486,28.601944,51.794067,56.21608,28.352114,32.73678,17.876347,20.06762,31.594969,38.357025,38.094463,42.053577,82.068306,88.07021,70.99711,76.33376
k1hi20BJAqls5jIB-NeHd2OqMOb27kUQyoZbB18qx80,3,116.31094,105.950165,105.030556,57.297504,40.584114,25.040554,49.355877,28.452217,17.980854,33.85619,38.272488,80.9189,68.69872,113.92975,104.95454,108.71686,56.627254,39.612946,25.670374,51.54932,29.700254,18.436611,34.00052,39.13679,80.651115,69.91376,2.381195,0.99562836,3.6863022,0.67024994,0.9711685,0.62981987,2.1934433,1.2480373,0.45575714,0.14432907,0.8643036,0.26778412,1.2150345,106.95468,120.904816,96.81177,113.097305,102.80306,114.63065,51.750805,61.503704,36.366657,42.859234,24.031832,27.308916,49.338314,53.760326,27.507923,31.892586,17.340975,19.532248,30.61949,37.381546,37.157234,41.11635,77.65016,83.65207,67.24543,72.582085
GHBbDwaAvfvXX3XyEWZg2vpCJQyH6_xgMKorwr3v_nA,1,119.617584,108.827614,111.901115,60.686325,39.081825,26.07294,51.712696,30.563576,17.843857,36.082863,40.07306,83.461105,70.689606,115.21683,107.68699,110.61764,57.339268,40.388725,26.364216,53.39035,29.788593,18.476269,33.70078,39.72675,83.897995,72.66157,4.400757,1.140625,1.2834778,3.3470573,1.3069,0.29127502,1.6776543,0.77498245,0.63241196,2.382084,0.34630966,0.43688965,1.971962,108.24176,122.191895,99.54422,115.82976,104.70384,116.53143,52.46282,62.215717,37.142437,43.635014,24.725674,28.002758,51.179344,55.601357,27.596262,31.980925,17.380632,19.571905,30.31975,37.08181,37.747192,41.706306,80.89704,86.89895,69.99324,75.329895
4d_X7JZm0gneZC8ffiFtMDo1I7gKKmN0V0ER7YrB8pI,1,102.69129,91.19352,107.83266,64.40576,40.272144,23.323523,45.759407,27.32673,16.729063,35.442135,32.24553,74.89495,59.84833,104.47617,92.31449,107.49008,57.832306,38.773502,23.457428,44.859673,26.188501,16.235271,31.928202,34.00282,71.256065,59.83355,1.7848816,1.1209717,0.34257507,6.573456,1.498642,0.13390541,0.8997345,1.1382294,0.49379158,3.5139332,1.7572899,3.6388855,0.014781952,97.50111,111.45124,84.17172,100.45726,101.57629,113.40388,52.955856,62.708755,35.527214,42.01979,21.818886,25.09597,42.648666,47.07068,23.99617,28.380833,15.139635,17.330908,28.547173,35.30923,32.023262,35.982376,68.25511,74.25702,57.165222,62.501877
wF2Klo0rth7qh_o1oCnMTyv4ApfQTKluNJS2gQqqtFs,4,106.801346,100.21705,110.75583,60.88383,39.520557,25.059938,49.33401,28.369165,17.56216,32.137722,37.667038,75.961205,66.50296,110.02776,100.0768,105.66169,55.44312,38.777756,24.69187,48.480614,28.373573,17.39506,32.86174,37.648487,75.629395,66.54005,3.2264175,0.14025116,5.094139,5.440712,0.74280167,0.3680687,0.85339737,0.0044078827,0.1671009,0.7240181,0.018550873,0.33181,0.037086487,103.0527,117.00283,91.93403,108.21957,99.747894,111.575485,50.56667,60.31957,35.531467,42.024044,23.053328,26.330412,46.269608,50.69162,26.181242,30.565905,16.299423,18.490696,29.480711,36.242767,35.66893,39.628044,72.62844,78.63035,63.87172,69.208374
COXJIiTpnij6N8KobXwfdCeZ5CD68fv3_F0mp3SYlZE,4,116.021095,101.984116,113.0979,60.9376,41.13837,25.27184,51.266876,29.208845,17.258465,35.785606,38.458767,80.75317,68.9596,114.53254,105.65727,111.330124,58.761745,41.161934,26.501606,52.478878,30.140152,18.487652,34.54877,39.64563,82.34221,71.882416,1.4885559,3.6731567,1.7677765,2.1758537,0.023563385,1.2297668,1.2120018,0.93130684,1.229187,1.2368355,1.186863,1.5890427,2.9228134,107.55747,121.50761,97.5145,113.80004,105.41633,117.24392,53.885296,63.638195,37.915646,44.408222,24.863064,28.140148,50.26787,54.689884,27.94782,32.33248,17.392015,19.583288,31.167742,37.929802,37.666073,41.625187,79.341255,85.34316,69.21409,74.55074
peqbN0eHFV0JIsHpIDwxcN9iRKDbQRyZj8Z9LX12cO0,2,110.55946,97.40035,108.34865,59.992603,39.58349,24.239267,48.268646,30.241468,17.961992,35.38617,38.37599,74.89316,68.16692,109.41794,96.657684,106.15448,57.326607,40.34156,25.51736,48.837303,29.52087,18.10283,34.288654,38.28001,76.11844,66.86978,1.1415253,0.74266815,2.194168,2.6659966,0.7580719,1.2780933,0.5686569,0.7205982,0.14083862,1.0975151,0.0959816,1.2252808,1.297142,102.44287,116.393005,88.514915,104.80045,100.240685,112.068275,52.450157,62.203056,37.095272,43.58785,23.878819,27.155903,46.626297,51.04831,27.328539,31.713202,17.007195,19.198467,30.907625,37.669685,36.300453,40.259567,73.117485,79.11939,64.201454,69.53811
4Hy_wkLsPiPHDJIuoAkXO_OdyS0NzY45rDyfxVNtgis,5,115.334755,104.42676,109.86752,57.79055,39.327374,25.504435,50.343456,28.926355,18.548521,33.167755,39.241344,80.43115,69.74821,113.942116,104.24841,109.66537,58.131325,41.225025,26.484604,51.808105,30.325125,18.64459,34.633026,39.748737,80.97886,71.29768,1.3926392,0.17834473,0.20215607,0.34077454,1.8976517,0.9801693,1.4646492,1.3987694,0.096069336,1.465271,0.5073929,0.5477066,1.5494766,106.96705,120.91718,96.105644,112.39118,103.75157,115.57916,53.254875,63.007774,37.978737,44.471313,24.846062,28.123146,49.5971,54.01911,28.132793,32.517456,17.548954,19.740227,31.251997,38.014053,37.76918,41.728294,77.977905,83.97981,68.62936,73.96601
7tMJnQwy8GllyZBOCK9-GSEBJVNATL2kTlOonwK_p1Y,5,108.19694,90.48159,106.04379,59.288975,40.04466,24.287443,49.730186,29.182024,17.15346,34.798103,38.60092,75.365746,65.9798,111.68495,100.41994,106.69348,56.61317,39.545624,25.062273,48.38593,29.240973,17.907776,34.103836,38.133595,75.368484,66.24951,3.4880142,9.938347,0.6496887,2.6758041,0.49903488,0.77482986,1.3442574,0.058948517,0.75431633,0.6942673,0.46732712,0.0027389526,0.26971436,104.709885,118.66002,92.27717,108.562706,100.779686,112.60728,51.73672,61.48962,36.299335,42.791912,23.42373,26.700815,46.174923,50.596935,27.048641,31.433304,16.81214,19.003412,30.722807,37.484863,36.154037,40.11315,72.36753,78.36944,63.581184,68.91784
hsBaJx117F-ZlugN6j5r1xKiwRRVFk4hvIgx1MxylpE,2,113.857765,107.50441,108.633896,55.516582,40.33337,26.504166,50.183887,28.945353,18.264801,34.0489,37.521122,78.07923,68.47672,115.059456,107.268295,108.92856,56.29756,39.772484,25.484735,50.149094,29.344414,18.080431,33.718685,38.918236,78.17115,69.3935,1.2016907,0.2361145,0.29466248,0.78097916,0.5608864,1.0194302,0.034793854,0.3990612,0.18437004,0.33021545,1.3971138,0.091918945,0.91677856,108.08439,122.03452,99.12553,115.411064,103.01476,114.842354,51.421112,61.17401,36.526196,43.018772,23.846193,27.123278,47.938087,52.3601,27.152082,31.536745,16.984795,19.176067,30.337656,37.099716,36.93868,40.897793,75.1702,81.172104,66.725174,72.06183
XeDRaHj5d6BauYMYPwEltTG_rY04QrkDj7AP0WuqOzA,5,112.10574,100.736,108.791176,55.08744,43.649685,27.19598,53.81224,29.665789,17.323826,31.900225,39.095634,81.65212,69.46871,112.030045,102.02015,107.86991,56.637554,39.693306,25.786535,51.805275,29.563055,18.340405,33.74375,39.03167,81.11457,69.98459,0.07569885,1.2841492,0.92126465,1.5501137,3.956379,1.4094448,2.0069656,0.10273361,1.0165787,1.8435268,0.063964844,0.5375519,0.51587677,105.05498,119.00511,93.87738,110.16292,101.956116,113.78371,51.761105,61.514004,36.447018,42.939594,24.147993,27.425077,49.59427,54.01628,27.370724,31.755386,17.244768,19.43604,30.362722,37.12478,37.052113,41.011227,78.11362,84.115524,67.31626,72.652916
Q0xb8LF0NL5XCdHFaoOj5XHT0p5Do8Ei9-IDRuNYOd4,2,113.43327,104.38097,109.46062,55.427055,38.54831,26.145285,53.9321,29.605175,19.174593,31.995209,41.362354,82.24781,71.07499,113.3396,104.844406,109.61033,57.328606,40.275066,26.119303,52.49814,29.504642,18.196098,33.57644,39.246735,82.45897,71.48917,0.093673706,0.46343994,0.14971161,1.9015503,1.726757,0.025981903,1.43396,0.10053253,0.97849464,1.5812302,2.1156197,0.21115875,0.41417694,106.36453,120.31467,96.70164,112.987175,103.69653,115.524124,52.452156,62.205055,37.028778,43.521355,24.48076,27.757845,50.287132,54.709145,27.312311,31.696974,17.100462,19.291735,30.19541,36.957466,37.267178,41.22629,79.458015,85.45992,68.82084,74.15749
59bc2766681516389ccf4599,9,109.48937,102.33253,109.71575,58.5692,42.37447,26.95492,49.90762,29.794752,19.724104,32.25756,36.300377,80.85841,67.32562,112.759445,103.12273,108.22181,56.874363,39.981377,25.659906,50.591774,29.536491,18.224209,33.959625,38.851944,79.079765,69.16961,3.270073,0.7901993,1.4939423,1.6948357,2.393093,1.2950134,0.6841545,0.25826073,1.4998951,1.7020645,2.551567,1.7786484,1.8439865,105.78438,119.73451,94.97996,111.265495,102.308014,114.135605,51.997913,61.750813,36.73509,43.227665,24.021364,27.298449,48.380768,52.80278,27.34416,31.728823,17.128572,19.319845,30.578596,37.340652,36.872387,40.8315,76.07881,82.08072,66.50128,71.83794
POrRNKsiJroy26MF_45GMYIj9GSQYqT1FHIh9ZmkcQI,2,114.52828,110.644196,113.41432,55.623837,40.300446,25.481388,54.994877,30.708057,18.792141,35.885853,39.34348,86.35235,73.78804,112.34479,102.91447,111.74779,58.655807,40.650845,26.795225,55.242386,29.557377,18.46819,33.41231,39.413,87.53163,73.48714,2.1834946,7.7297287,1.6665344,3.031971,0.35039902,1.313837,0.247509,1.1506805,0.32395172,2.4735413,0.06951904,1.1792831,0.30090332,105.36972,119.319855,94.7717,111.057236,105.83399,117.66158,53.779358,63.532257,37.404556,43.897133,25.156683,28.433767,53.03138,57.453392,27.365046,31.749708,17.372553,19.563826,30.031282,36.793343,37.43344,41.392555,84.53068,90.532585,70.81881,76.155464
0qRH3UAnRSlRrPNxpd94zBYVRZViXIJ98JiQOkF9TOY,2,99.617775,89.17278,108.14351,60.243343,39.716587,24.41597,44.67103,27.057537,16.63929,34.021503,33.483463,70.70781,61.806686,101.83739,90.129814,105.38518,56.572395,38.088055,23.159672,44.999596,25.600655,15.848982,30.859943,33.66426,71.5446,59.868965,2.2196121,0.95703125,2.7583313,3.670948,1.6285324,1.2562981,0.3285675,1.4568825,0.790308,3.16156,0.18079758,0.836792,1.9377213,94.86232,108.812454,81.987045,98.27258,99.47138,111.29897,51.695946,61.448845,34.841766,41.334343,21.52113,24.798214,42.78859,47.2106,23.408323,27.792986,14.7533455,16.944618,27.478914,34.240974,31.684704,35.643818,68.54365,74.545555,57.200638,62.537292
Td4mIqilWGsvkJvnFS4iNgYNa1DPtYC1niRK-azjLvE,2,114.98216,95.11942,106.67251,61.8333,38.274445,25.262346,51.2095,30.336716,18.063396,34.676647,39.62413,82.26245,68.34755,108.04375,95.72624,106.466805,56.55241,39.408302,26.078407,53.6136,29.107113,18.093285,32.947784,38.80561,84.479965,70.88587,6.9384155,0.60681915,0.20570374,5.2808914,1.1338577,0.816061,2.4041023,1.2296028,0.029888153,1.7288628,0.8185196,2.217514,2.5383224,101.06868,115.018814,87.58347,103.86901,100.55301,112.3806,51.67596,61.42886,36.162014,42.65459,24.439865,27.71695,51.402596,55.824608,26.914782,31.299444,16.997648,19.188921,29.566755,36.32881,36.826054,40.785168,81.47901,87.48092,68.217545,73.5542
EPzw1EmMy4-2WqBb_LB-GwiPzhsgyqRtkH3DpJl0O7U,2,107.91435,102.08191,109.640724,57.026493,40.85393,25.99277,46.720535,29.297968,18.944115,33.66166,36.807217,72.56975,67.980415,109.31256,98.24661,105.727295,56.35919,39.94916,25.33379,48.836124,28.86643,17.621437,33.28698,38.11911,76.13127,67.62697,1.3982086,3.8352966,3.9134293,0.6673012,0.9047699,0.6589794,2.1155891,0.43153763,1.3226776,0.37467957,1.3118935,3.5615234,0.35344696,102.337494,116.28763,90.10384,106.38938,99.8135,111.64109,51.482742,61.23564,36.702873,43.19545,23.695248,26.972332,46.62512,51.04713,26.674099,31.058762,16.5258,18.717073,29.90595,36.668007,36.139553,40.098667,73.13032,79.132225,64.95864,70.295296
Ch6e6Z9FIyS6tVflcxYh8mvH-bpXl_wjt47fAAVvo9w,2,111.9989,104.92553,107.194565,56.645653,39.03386,24.712406,50.92155,28.558447,16.82338,33.048615,38.48343,76.96075,69.67318,105.28342,92.754456,102.321655,54.7928,39.0708,25.204441,49.796432,28.391827,17.393776,32.276352,37.891846,77.770966,67.78512,6.7154846,12.171074,4.8729095,1.8528519,0.03694153,0.4920349,1.1251183,0.16662025,0.5703964,0.7722626,0.59158325,0.8102188,1.8880615,98.30835,112.258484,84.61169,100.897224,96.40786,108.23545,49.91635,59.66925,35.824512,42.31709,23.565899,26.842983,47.585426,52.00744,26.199495,30.584158,16.29814,18.489412,28.895323,35.65738,35.91229,39.871403,74.77001,80.77192,65.11679,70.453445
aG_54Gu9ePArDNEocde5SJNO6j6uCeQkV7knx7MdUrk,7,113.33525,96.01963,106.29546,58.80189,40.523457,26.663183,51.437492,31.844,18.376932,33.685757,39.27156,82.76791,67.67543,111.94092,101.97846,108.513176,57.236664,40.16516,26.138273,52.53576,29.571476,18.196255,33.67378,39.228733,82.49163,71.129074,1.3943329,5.958832,2.2177124,1.5652275,0.35829544,0.52491,1.0982666,2.2725239,0.18067741,0.011978149,0.042827606,0.27627563,3.4536438,104.96585,118.915985,93.83569,110.12123,102.59938,114.42697,52.360214,62.113113,36.918873,43.41145,24.499731,27.776815,50.324753,54.746765,27.379145,31.763807,17.100618,19.291891,30.29275,37.05481,37.249176,41.20829,79.49068,85.492584,68.46075,73.7974
MjymGihCG7nyeic8DITCiZw4B1jxJ3mfz7RoNe_CpRA,9,108.89686,96.89744,107.74017,55.870403,36.412067,23.698698,49.30148,25.019716,16.199749,28.200813,35.204308,76.001,61.174805,104.9429,93.85218,105.68887,55.41691,36.720383,22.909859,46.54593,25.893387,16.2857,30.984009,34.119987,74.089836,60.19015,3.9539566,3.0452576,2.0513,0.45349503,0.30831528,0.78883934,2.7555504,0.8736706,0.08595085,2.7831955,1.0843201,1.9111633,0.9846535,97.967834,111.91797,85.70941,101.99495,99.77508,111.60267,50.54046,60.293358,33.474094,39.96667,21.271317,24.5484,44.334923,48.756935,23.701056,28.085718,15.190063,17.381336,27.60298,34.365036,32.14043,36.099545,71.08888,77.09079,57.521824,62.85848
5a1c461fe7cb790004827640,1,103.20253,89.39432,106.909676,60.019905,41.745163,27.355162,50.33036,30.894281,18.570911,36.322823,38.72333,75.44647,70.352295,100.49551,85.46646,99.436554,54.385216,39.343353,25.378132,49.403584,28.19306,17.383127,31.877472,37.56804,77.121605,66.95955,2.7070236,3.9278564,7.4731216,5.6346893,2.4018097,1.9770298,0.9267769,2.7012215,1.1877842,4.4453506,1.1552925,1.6751328,3.392746,93.52044,107.47057,77.32369,93.60923,93.52276,105.35035,49.508766,59.261665,36.097065,42.58964,23.73959,27.016674,47.192577,51.61459,26.000729,30.385391,16.28749,18.478764,28.496443,35.2585,35.58848,39.547596,74.12065,80.12256,64.29122,69.62788
4loafOx5K1rLjyttpQw024OkgHFEIcG27Y2jCdudQJ8,2,105.37976,99.201706,108.252144,56.527733,40.75679,24.886665,49.927525,28.174374,17.00185,31.900204,37.246033,78.42345,67.18536,109.5177,99.19033,104.23599,54.688866,38.727882,24.900482,49.077255,28.547323,17.49861,32.718002,38.08023,76.413704,67.385765,4.1379395,0.011375427,4.0161514,1.8388672,2.0289078,0.0138168335,0.8502693,0.3729496,0.4967594,0.8177986,0.834198,2.0097427,0.2004013,102.54263,116.49277,91.04756,107.3331,98.3222,110.14979,49.812416,59.565315,35.481594,41.97417,23.26194,26.539024,46.86625,51.28826,26.354992,30.739655,16.402973,18.594246,29.336973,36.09903,36.100674,40.059788,73.41275,79.41466,64.71744,70.05409
Nd9tQGPzZWHmXztXwfqP_CNNVoQ5a-YgEhcOnNMObTQ,2,107.90236,93.86033,114.94191,54.789608,36.08423,23.532368,49.011597,24.37355,15.522859,31.339886,35.261623,79.79933,58.924484,100.53274,89.91229,103.85864,54.07632,34.90129,22.212185,47.535534,24.505077,15.493904,29.163399,33.06626,76.25354,59.710205,7.3696213,3.9480362,11.083267,0.71328735,1.1829376,1.3201828,1.4760628,0.13152695,0.028954506,2.176487,2.195362,3.5457916,0.7857208,93.55767,107.507805,81.76952,98.05506,97.94485,109.77244,49.19987,58.95277,31.655003,38.14758,20.573643,23.850727,45.324528,49.74654,22.312746,26.697409,14.398268,16.58954,25.78237,32.544426,31.086704,35.04582,73.25259,79.25449,57.041878,62.378532
EZf8GCv7WZ5l8j5itthrmnOTBx1GAYks9lIEXm7yFd0,2,117.73627,109.5879,106.84943,52.24202,36.495567,23.536867,50.619953,26.788893,16.86556,31.486124,38.90165,77.659256,67.60328,111.07457,101.85463,105.50557,55.06331,38.955208,24.937702,49.05436,28.587887,17.443531,32.843834,38.157997,76.46628,67.681305,6.6616974,7.7332687,1.3438568,2.821289,2.4596405,1.400835,1.5655937,1.7989941,0.5779705,1.3577099,0.74365234,1.1929779,0.07802582,104.0995,118.04964,93.71186,109.9974,99.591774,111.419365,50.18686,59.93976,35.70892,42.201496,23.29916,26.576244,46.843353,51.265366,26.395555,30.780218,16.347895,18.539167,29.462805,36.22486,36.17844,40.137554,73.465324,79.46723,65.01298,70.34963
Z06eP0fGE6r4C4mNVvfMny0ZwN8WwHX5W10iRv6cmU8,1,108.99378,91.74271,105.22313,57.934704,40.494247,26.366327,56.24334,31.680984,19.906103,35.095367,40.753407,85.574554,73.08472,105.442894,92.28342,104.248276,54.735504,38.325817,25.976398,54.710987,28.431038,18.034899,31.716328,38.603146,86.294334,71.284,3.550888,0.54071045,0.9748535,3.1991997,2.1684303,0.38992882,1.5323524,3.2499466,1.8712044,3.3790398,2.150261,0.71977997,1.8007202,98.46783,112.41796,84.14065,100.426186,98.33448,110.16207,49.859055,59.611954,35.07953,41.572105,24.337856,27.61494,52.49998,56.921993,26.238707,30.62337,16.939262,19.130535,28.335299,35.09736,36.62359,40.582703,83.29338,89.29529,68.61567,73.952324
6QUZA0v5ZRqi_OjovOS4Qi0KJvsOSqlt1I1U6Dy4gAM,2,108.77547,99.044395,109.20675,54.753773,38.30161,25.207033,48.764675,28.508247,17.853819,31.254892,39.218822,76.21255,70.34991,110.259605,99.764404,105.44537,55.758224,39.66501,25.52701,50.224655,29.145649,17.812012,33.239235,38.68762,78.37158,68.9856,1.4841385,0.72000885,3.7613754,1.0044518,1.3633995,0.3199768,1.45998,0.6374016,0.041807175,1.9843426,0.5312042,2.1590347,1.3643036,103.28454,117.23467,91.621635,107.90717,99.53158,111.35917,50.881775,60.634674,36.41872,42.911297,23.888468,27.165552,48.01365,52.43566,26.953318,31.33798,16.716375,18.907648,29.858206,36.620262,36.70806,40.667175,75.37063,81.372536,66.317276,71.65393
EU_UtqmsPy2xW35iJcsFplr9CMI5BDH-Is0qi5fVYlQ,14,113.53131,100.04561,108.86702,59.505375,41.6667,26.455986,50.631195,28.664078,18.03432,32.294445,37.755634,79.78475,67.81419,109.6285,98.74768,106.54283,56.82096,40.477093,26.044142,51.230618,29.299696,17.97725,33.314262,38.831085,80.21598,70.12765,3.9028091,1.2979279,2.3241882,2.684414,1.1896057,0.41184425,0.59942245,0.6356182,0.057071686,1.0198174,1.0754509,0.43122864,2.3134537,102.653435,116.60357,90.60491,106.89045,100.629036,112.45663,51.94451,61.69741,37.230804,43.72338,24.4056,27.682684,49.01961,53.441624,27.107365,31.492027,16.881613,19.072886,29.933233,36.69529,36.85153,40.810642,77.21503,83.216934,67.45932,72.795975
0Up4gP44WpK3WbvwdreR2zu-Y9s2ELCBmK14pX_Xy6Y,2,113.47997,96.87876,103.95304,56.374454,38.442608,24.163736,51.407295,27.64499,15.076399,34.128864,38.979492,81.64118,67.92596,109.1299,99.06766,104.99884,54.564484,38.04727,25.013979,51.455776,28.230244,17.484655,32.084373,38.086266,80.69594,68.876915,4.350075,2.1888962,1.0457993,1.8099709,0.39533615,0.8502426,0.048480988,0.58525276,2.4082565,2.0444908,0.8932266,0.94524384,0.95095825,102.15483,116.104965,90.92489,107.21043,99.085045,110.912636,49.688034,59.440933,34.800983,41.29356,23.375437,26.652521,49.24477,53.666782,26.037912,30.422575,16.389019,18.580292,28.703344,35.4654,36.10671,40.065823,77.694984,83.69689,66.20859,71.54524
csaAIT3E5P3uy8GXAdLV3OsjNls_Y-_K2rYyutGUcFg,4,113.4382,97.90482,109.59746,59.070885,45.492134,28.399317,53.64568,30.312405,18.730772,34.799862,37.863297,88.642914,73.23259,111.47572,100.626335,111.511925,59.15484,41.045177,27.001541,55.36973,29.933949,18.74836,33.902706,39.51088,87.74315,73.231895,1.9624786,2.7215118,1.9144669,0.08395386,4.4469566,1.3977757,1.7240524,0.37845612,0.017587662,0.89715576,1.647583,0.899765,0.0006942749,104.500656,118.45079,92.48357,108.769104,105.59813,117.42572,54.27839,64.03129,37.79889,44.291466,25.362999,28.640083,53.158726,57.580738,27.741617,32.12628,17.652723,19.843996,30.521677,37.283737,37.531322,41.490437,84.742195,90.7441,70.56357,75.90022
x1f2s_UJaYPGwtUbwUWwA_KRu6TkqUbomKd-l04lF2M,6,98.377846,83.66989,105.01278,63.508842,39.300037,23.495367,45.05007,27.955256,15.717702,34.399117,33.738125,73.014244,60.07724,98.2019,85.84073,104.27274,56.49056,37.828403,23.126665,45.924564,25.211576,15.709142,30.199715,33.250175,73.38792,59.86408,0.1759491,2.1708374,0.740036,7.018284,1.4716339,0.36870193,0.87449265,2.743679,0.008560181,4.199402,0.48794937,0.3736725,0.21316147,91.22683,105.17696,77.69796,93.9835,98.35895,110.18654,51.61411,61.36701,34.582115,41.07469,21.488123,24.765207,43.71356,48.13557,23.019245,27.403908,14.613505,16.80478,26.818686,33.58074,31.270618,35.229733,70.38696,76.38887,57.19575,62.532406
m6bnnhstozF5e3qocMoIjdCFW_yH6vh1K68T40-77SE,2,111.1262,107.45433,110.93001,52.804058,37.283745,24.05735,50.86245,27.28543,16.926672,32.2885,37.45807,78.36721,71.005005,112.12278,103.709335,108.402794,55.82485,38.213894,25.055103,51.944725,28.534477,17.733065,32.74337,38.254536,81.74129,69.213974,0.99658203,3.744995,2.527214,3.02079,0.9301491,0.99775314,1.0822754,1.2490463,0.80639267,0.45486832,0.7964668,3.3740768,1.7910309,105.14771,119.09785,95.56657,111.852104,102.489,114.31659,50.9484,60.701298,34.967606,41.460182,23.416561,26.693645,49.73372,54.15573,26.342146,30.726809,16.637428,18.828701,29.36234,36.124397,36.27498,40.234093,78.74033,84.74224,66.54565,71.8823
xoNAmboD80UChuSRkEHzXPFIkh5Fcg2iclcsYL3C01o,2,109.29368,100.86797,108.43836,58.217262,39.70045,26.244215,53.233322,28.46616,19.149857,30.278152,38.38764,82.22414,72.35327,107.35524,95.42366,105.75555,56.08336,39.276085,25.87347,52.86917,28.824512,17.93502,32.605602,38.51599,83.21332,70.319214,1.9384384,5.444313,2.6828156,2.1339035,0.424366,0.3707447,0.364151,0.35835266,1.2148361,2.3274498,0.1283493,0.9891815,2.0340576,100.38017,114.33031,87.28089,103.56643,99.84175,111.66934,51.20691,60.95981,36.029797,42.522373,24.234928,27.512012,50.658165,55.080177,26.632181,31.016844,16.839384,19.030657,29.224573,35.986633,36.536434,40.49555,80.212364,86.21427,67.65089,72.98754
vk6NsCmopCC5j-Vi3Nb78pAEVsYNk6O2NkFueyEZyDs,5,112.12932,108.04296,103.68486,51.510635,36.435722,24.065065,49.3121,25.729818,17.626663,30.439259,38.149857,75.393684,66.37235,110.940796,100.837326,103.841,53.499653,37.273174,23.99921,47.793213,28.250122,17.513481,32.74665,37.488396,74.35371,64.75278,1.1885223,7.205635,0.15614319,1.9890175,0.83745193,0.065855026,1.5188866,2.5203037,0.11318207,2.3073921,0.6614609,1.039978,1.6195755,103.96573,117.91586,92.69456,108.980095,97.92721,109.7548,48.623203,58.376102,34.026886,40.519463,22.360668,25.637753,45.582207,50.00422,26.05779,30.442453,16.417845,18.609118,29.365622,36.127678,35.50884,39.467953,71.35275,77.35466,62.08445,67.421104
3mxoVpAOY5oJwWqK27jdkWeB-2wOJKm4zNTR1Utv3pw,1,109.37326,103.14199,102.42292,56.51638,41.990356,26.937891,50.91426,28.176321,17.87111,32.656044,36.78138,79.95266,68.162766,112.65953,104.154205,107.25913,55.548347,39.1516,25.5362,51.783577,29.008406,17.896833,32.916946,38.90617,81.125084,70.26792,3.2862701,1.0122147,4.836212,0.96803284,2.8387566,1.4016914,0.8693161,0.83208466,0.025722504,0.2609024,2.1247902,1.1724243,2.105156,105.68446,119.6346,96.01144,112.296974,101.34534,113.17293,50.671898,60.424797,35.90531,42.39789,23.897657,27.174742,49.57257,53.994583,26.816074,31.200737,16.801197,18.99247,29.535917,36.297974,36.926613,40.885727,78.12413,84.12604,67.599594,72.93625
QCS_XzowNPVZ6LaRgVS6VUwPbRWnZ8G6G8Jy4ABnbFs,2,104.995766,94.96619,102.67248,51.57923,34.25109,24.013214,44.688766,27.668732,16.871855,33.145763,33.938587,72.22413,58.56499,108.13649,97.461555,103.74939,53.232662,36.199116,22.51086,44.22294,26.003681,16.275389,31.096748,34.44495,69.60797,58.82724,3.1407242,2.495369,1.0769119,1.6534309,1.9480247,1.5023537,0.46582794,1.6650505,0.59646606,2.049015,0.5063629,2.6161575,0.262249,101.16142,115.11156,89.31879,105.604324,97.835594,109.663185,48.356213,58.10911,32.952827,39.445404,20.872318,24.149403,42.011932,46.433945,23.81135,28.196012,15.179752,17.371025,27.71572,34.477776,32.465393,36.424507,66.60702,72.608925,56.158913,61.495567
HfAv5nieC8ev9QiBBg_9Yql7wukmrR4qlsPwCKvkZyc,7,104.22369,100.00593,111.76583,59.16226,40.62533,28.901825,54.615665,28.723326,17.988205,31.561731,37.898594,86.51121,76.321556,108.83262,97.70934,108.629524,56.87136,39.560734,26.641752,55.982212,28.884106,18.18975,32.273384,39.16284,88.78639,73.47388,4.6089325,2.296585,3.1363068,2.2908974,1.0645981,2.2600727,1.3665466,0.16077995,0.20154572,0.71165276,1.2642479,2.2751846,2.8476791,101.85755,115.807686,89.566574,105.85211,102.71573,114.54332,51.99491,61.74781,36.314445,42.807022,25.00321,28.280294,53.771206,58.19322,26.691774,31.076437,17.094114,19.285387,28.892355,35.65441,37.183285,41.1424,85.78544,91.787346,70.80555,76.142204
T7e25wwki0I_vszINgAJrfkfH2MTO1FLgHf0y3eokg4,2,110.86354,96.68256,109.79615,59.92259,40.985115,27.874527,51.744244,30.21527,17.768192,34.880142,39.91807,81.29262,69.74236,109.16643,98.1354,107.80824,57.35459,40.228676,26.247501,52.865242,29.195,18.055096,33.14324,38.85589,83.182755,71.13257,1.697113,1.4528351,1.9879074,2.567997,0.7564392,1.6270256,1.1209984,1.0202694,0.28690338,1.7369003,1.0621834,1.8901367,1.3902054,102.19136,116.141495,89.99263,106.27817,101.89445,113.72204,52.47814,62.23104,36.982388,43.474964,24.60896,27.886044,50.654236,55.07625,27.002668,31.387331,16.95946,19.150732,29.762213,36.52427,36.87633,40.835445,80.1818,86.18371,68.46424,73.800896
5JaS2hAYXC2DN2pVXkPx9B-NfsTXYr5dcLdE7mBHs0Y,1,115.26729,99.67972,108.47039,52.562546,37.58842,26.057915,51.970337,27.330956,17.598356,29.909132,38.90569,83.66138,70.135925,113.56442,105.31872,110.34738,57.427216,40.15986,26.27783,53.563293,29.539799,18.44983,33.444145,39.359367,84.225655,72.334274,1.7028656,5.639,1.8769913,4.86467,2.5714378,0.21991539,1.5929565,2.2088432,0.85147285,3.5350132,0.45367813,0.56427765,2.198349,106.589355,120.53949,97.17595,113.46149,104.433586,116.26118,52.550766,62.303665,36.91357,43.406147,24.639288,27.916372,51.352287,55.7743,27.347467,31.73213,17.354193,19.545465,30.063116,36.825172,37.37981,41.338924,81.2247,87.22661,69.66595,75.0026
IMYB0pKXccbzfVl-qVe3NgiNYe8JtTigArh8EfOW-gk,2,108.25954,92.5994,108.001396,59.984917,42.356052,27.339108,51.289227,31.114923,18.415642,35.284996,39.203453,82.30588,69.36925,107.89621,95.9405,106.89675,57.461197,40.99569,26.65462,52.74261,29.426895,18.154972,33.20044,39.111313,82.87466,71.718765,0.36332703,3.341095,1.1046448,2.5237198,1.360363,0.6844883,1.4533844,1.6880283,0.2606697,2.0845566,0.0921402,0.568779,2.3495178,100.92114,114.87128,87.79773,104.08327,100.982956,112.81055,52.584747,62.337646,37.7494,44.241978,25.016077,28.293161,50.531605,54.953617,27.234564,31.619226,17.059336,19.250608,29.81941,36.581467,37.131756,41.09087,79.8737,85.87561,69.05044,74.38709
CCHsOEZmSYbVoB3ecu47M09hpz0wKo9-Pm2qTUlzAJA,1,93.04376,84.200584,102.21559,57.582153,41.070625,23.043915,45.350925,25.315922,15.628654,32.282715,33.173866,71.10526,59.62885,104.06729,90.24072,103.35399,54.877087,36.780567,22.948303,45.674065,26.572243,16.800066,31.714338,34.346066,72.3222,58.71,11.023529,6.0401382,1.1383972,2.7050667,4.290058,0.09561157,0.3231392,1.256321,1.1714125,0.56837654,1.1721992,1.2169342,0.91884995,97.092224,111.04236,82.09795,98.38349,97.44019,109.267784,50.000637,59.753536,33.53428,40.026855,21.309761,24.586845,43.46306,47.88507,24.379911,28.764574,15.70443,17.895702,28.33331,35.095367,32.36651,36.325623,69.32124,75.32315,56.04167,61.378326
r07mJnfLAzgEyz5m_Y10pk_bmMwES4T4UiAqeD8petY,2,108.29142,102.24444,102.47294,51.02812,37.720284,24.222935,46.853966,27.376085,17.466204,31.093641,36.832664,73.304535,63.440933,108.32196,98.370926,101.82614,52.50685,36.95159,23.646511,46.796604,27.402222,16.828638,31.64931,36.854393,72.737885,64.106094,0.030540466,3.8735123,0.6467972,1.4787331,0.768692,0.57642365,0.057361603,0.026136398,0.6375656,0.5556679,0.021728516,0.5666504,0.66516113,101.34689,115.29703,90.22816,106.513695,95.912346,107.73994,47.6304,57.3833,33.705303,40.19788,22.007969,25.285053,44.585598,49.00761,25.20989,29.594553,15.733002,17.924274,28.26828,35.03034,34.874836,38.83395,69.73693,75.73884,61.437767,66.77442
59bc276b681516389ccf478d,8,103.386604,102.42408,108.49655,53.009354,37.16665,24.419266,49.741375,26.96902,18.168207,28.674313,36.21862,79.98153,64.743256,111.522095,101.4805,106.45882,55.241158,37.97967,24.658298,50.007195,28.69944,17.854101,33.213993,37.927544,78.25591,66.767815,8.13549,0.9435806,2.037735,2.231804,0.8130226,0.23903275,0.26581955,1.7304192,0.314106,4.5396805,1.7089233,1.7256165,2.024559,104.54703,118.49716,93.33773,109.62327,100.54502,112.37261,50.364708,60.117607,34.733383,41.22596,23.019756,26.29684,47.79619,52.2182,26.507109,30.891771,16.758465,18.949738,29.832964,36.595024,35.947987,39.9071,75.25496,81.25687,64.09949,69.43614
76mo2dUguqyOIGL4bac3EyH7z3vFLMknog1q_Q5RMio,2,113.82223,107.43442,111.86265,56.01102,37.35758,25.390263,55.274776,28.134167,17.509048,33.241745,38.399433,87.910286,74.55843,113.60095,105.377594,112.0426,57.727036,39.1516,26.18593,55.49079,29.110493,18.288998,33.053223,39.199806,87.96199,72.976654,0.22127533,2.0568237,0.17995453,1.7160149,1.7940216,0.79566765,0.21601486,0.976326,0.7799492,0.18852234,0.8003731,0.051704407,1.5817795,106.625885,120.57602,97.234825,113.52036,106.12881,117.9564,52.850586,62.603485,35.90531,42.39789,24.547388,27.824472,53.279785,57.701797,26.918161,31.302824,17.193361,19.384634,29.672194,36.43425,37.22025,41.179363,84.96104,90.962944,70.30833,75.64498
___N-yQ2K98VMoiVyAIsDEB-mM-r-eIaMuX0ihKxeyo,1,102.23241,92.627625,103.33675,55.18524,36.29051,24.378937,46.68394,24.675066,15.732963,29.311142,32.61622,77.234146,61.95276,101.9576,90.78894,105.64253,56.10268,37.557636,23.247896,47.00885,25.560429,16.114098,30.381674,33.809742,75.156235,61.17204,0.27480316,1.8386841,2.3057861,0.9174385,1.267128,1.1310406,0.3249092,0.8853626,0.381135,1.0705318,1.1935234,2.0779114,0.78071976,94.98254,108.93267,82.64617,98.93171,99.72874,111.55633,51.22623,60.97913,34.311348,40.803925,21.609354,24.886438,44.797844,49.219856,23.368097,27.75276,15.018461,17.209734,27.000645,33.762703,31.830185,35.7893,72.15528,78.15719,58.50371,63.840366
5IsuENU7QwftIF-Xu6ZQmn_xfRc2LVyd5V2-puckUkg,1,112.07606,97.01001,102.709915,54.6351,38.08449,24.472677,47.720207,28.21146,16.583141,32.279377,38.060177,73.94728,64.315506,107.49154,94.87085,101.17723,53.479595,37.938828,24.269276,47.112614,28.43239,17.511278,32.76774,37.51843,73.07044,64.40256,4.5845184,2.1391602,1.5326843,1.1555061,0.14566422,0.20340157,0.60759354,0.2209301,0.9281368,0.48836136,0.54174805,0.8768387,0.08705139,100.51647,114.466606,86.72808,103.01362,95.263435,107.09103,48.603146,58.356045,34.69254,41.185116,22.630733,25.907818,44.901608,49.32362,26.240059,30.624722,16.415642,18.606915,29.38671,36.148766,35.53887,39.497986,70.06949,76.071396,61.73423,67.070885
ruUChlhWH6x7TjiSLy_KREcgFsU0wQEcCf25PKt10OA,1,111.262794,102.22322,108.04463,53.651268,39.91378,24.98291,52.7676,26.92726,17.67804,32.515297,38.544037,82.05186,72.09821,110.70362,101.47192,109.836365,57.07276,38.59489,25.529766,53.773964,28.425629,17.771986,32.534977,38.1942,85.18909,70.55614,0.5591736,0.7513046,1.7917328,3.4214935,1.3188896,0.5468559,1.0063629,1.4983692,0.09394646,0.019680023,0.34983826,3.13723,1.5420761,103.72855,117.67869,93.32915,109.614685,103.92257,115.75016,52.196312,61.94921,35.348602,41.84118,23.891224,27.168308,51.562958,55.98497,26.233297,30.61796,16.67635,18.867622,29.153948,35.916008,36.21464,40.173756,82.18813,88.19004,67.88781,73.224464
iFpd5co3UXPjUAe6mbPsoFh9aAhq2rYS3p58myDMEPQ,2,103.09992,86.22276,103.08093,56.387623,34.313503,21.259306,42.42624,24.067434,15.131959,26.55659,33.26833,68.92394,58.46864,94.56735,81.361244,96.969894,51.305573,34.823196,21.617596,43.351948,23.981121,15.24164,28.163216,32.17395,68.66166,56.018356,8.53257,4.861519,6.111038,5.0820503,0.50969315,0.35828972,0.9257088,0.08631325,0.10968113,1.6066265,1.0943794,0.26228333,2.450283,87.592285,101.54242,73.218475,89.50401,91.0561,102.88369,46.429123,56.182022,31.576908,38.069485,19.979053,23.256138,41.14094,45.562954,21.78879,26.173452,14.146004,16.337276,24.782187,31.544245,30.194393,34.153507,65.660706,71.66261,53.35003,58.686684
4rLp86ErZXEGFqDlzaE7zpMB5EAFQ5C1CA_-OXzfMMg,4,103.93542,93.64169,105.20242,53.888454,39.8185,24.962528,49.37599,26.942413,17.353197,32.299484,36.645958,76.34102,67.554855,107.15642,96.49285,103.60551,54.58651,38.563675,24.788853,49.11962,28.030888,17.184221,32.067898,37.580944,76.69613,67.12656,3.2210007,2.8511581,1.5969162,0.69805527,1.2548256,0.17367554,0.25637054,1.0884743,0.16897583,0.23158646,0.9349861,0.35511017,0.42829895,100.18135,114.131485,88.35008,104.63562,97.69171,109.5193,49.71006,59.46296,35.317387,41.809963,23.15031,26.427395,46.908615,51.330627,25.838556,30.223219,16.088585,18.279858,28.686869,35.44893,35.601387,39.5605,73.695175,79.69708,64.45823,69.79488
VbArPJgfiazy--dHRifBZpNMtFsJ4sL_Yb5YGRMn70E,1,91.780426,82.37077,105.73388,55.921417,36.726963,23.670454,45.698284,24.588707,16.021252,29.329176,34.291275,69.953316,56.895283,96.68626,84.55383,99.898445,52.92926,35.505165,21.794962,43.322075,24.08118,15.150943,28.70434,32.24501,68.71301,56.697376,4.9058304,2.1830597,5.835434,2.992157,1.221798,1.8754921,2.3762093,0.5075264,0.8703089,0.62483597,2.0462646,1.240303,0.1979065,89.71119,103.66132,76.411064,92.6966,93.98465,105.81224,48.05281,57.80571,32.258877,38.751453,20.15642,23.433504,41.11107,45.53308,21.88885,26.273512,14.055306,16.246578,25.32331,32.08537,30.265453,34.224567,65.71206,71.71397,54.02905,59.365704
0LE2aj67f6O62tt6mzfTs8MDHtjuLkfVeCRgMRPRmfg,2,110.59177,101.063286,111.42026,56.92919,41.16471,27.22578,54.950703,30.384787,19.441227,32.50378,39.305836,89.0163,71.49018,107.67421,95.683716,106.60808,55.81452,38.97879,26.399137,55.693604,28.76637,18.173698,32.059505,39.056343,88.14783,72.78614,2.9175568,5.37957,4.8121796,1.1146698,2.1859207,0.826643,0.74290085,1.6184158,1.2675285,0.4442749,0.24949265,0.86846924,1.2959595,100.69914,114.64928,87.54095,103.826485,100.69428,112.52187,50.938072,60.69097,35.732502,42.22508,24.760595,28.03768,53.482597,57.90461,26.57404,30.958702,17.078062,19.269335,28.678476,35.440536,37.076786,41.0359,85.14687,91.14878,70.11781,75.45447
NT9pVYCYjVJUv93rGE-RcIZ1SXERnAOVnaUgOW501eg,2,104.06861,101.56963,101.99385,54.664795,39.83183,24.933376,48.751167,27.053167,16.813108,29.472649,37.997128,75.80954,68.07764,104.94267,92.53856,101.12747,53.97917,38.867832,25.138504,49.53992,28.26743,17.299406,31.949589,37.93006,77.18701,67.83885,0.8740616,9.031075,0.8663788,0.68562317,0.9639969,0.20512772,0.7887535,1.214262,0.4862976,2.4769402,0.06706619,1.3774719,0.23878479,97.967606,111.91774,84.39579,100.68133,95.21368,107.04127,49.102722,58.85562,35.621544,42.11412,23.499962,26.777046,47.328915,51.750927,26.075098,30.45976,16.20377,18.395042,28.56856,35.33062,35.950504,39.90962,74.18606,80.187965,65.170525,70.50718
59bc2763681516389ccf447a,1,97.71895,83.663086,105.029495,55.331753,37.237625,22.932028,46.33584,25.106127,16.731533,29.647137,32.67204,72.64736,60.98873,96.090485,83.71316,99.85913,53.10116,35.678364,22.206673,45.33133,24.266424,15.342619,28.566074,32.615074,72.19993,58.177532,1.6284637,0.050071716,5.1703644,2.2305946,1.5592613,0.72535515,1.004509,0.8397026,1.3889141,1.0810623,0.056964874,0.44743347,2.8111992,89.11542,103.06555,75.57039,91.85593,93.945335,105.77293,48.22471,57.977608,32.432076,38.924652,20.56813,23.845215,43.120323,47.542336,22.074093,26.458755,14.246983,16.438255,25.185045,31.947104,30.635517,34.59463,69.198975,75.20088,55.509205,60.84586
05QGDWJaVnG3hO2Zc44lxI6oajSeypzBye5n7HiDOyE,3,112.509514,107.33689,104.47759,53.316383,36.326733,23.413912,52.99418,28.20076,17.590448,33.265087,38.182682,82.27184,67.319046,109.28634,99.24375,104.906715,54.222034,37.65072,24.950033,51.879482,28.251204,17.530495,32.095478,38.201797,81.46456,68.85778,3.223175,8.09314,0.42912292,0.9056511,1.323986,1.5361214,1.1146965,0.05044365,0.05995369,1.1696091,0.019115448,0.8072815,1.5387344,102.31127,116.261406,91.10098,107.38652,98.99292,110.82051,49.345585,59.098484,34.40443,40.897007,23.311491,26.588575,49.668476,54.09049,26.058872,30.443535,16.434858,18.626131,28.714449,35.47651,36.22224,40.181355,78.46361,84.465515,66.18945,71.52611
Vf7Yx7KhVWQ4JpCSpF5g5eBpDiVa3guZqMhUyzJfvnA,1,95.301384,84.77787,103.05853,56.491375,38.527485,22.89778,43.128105,24.880852,15.444792,32.829723,34.27199,72.24242,62.05325,99.767654,86.88939,101.986755,54.786476,37.36905,22.929005,44.7339,25.523245,15.950696,30.330322,33.64348,70.94308,59.174072,4.4662704,2.1115189,1.0717773,1.7048988,1.1584358,0.031225204,1.605793,0.6423931,0.5059042,2.499401,0.62851334,1.2993393,2.879177,92.79259,106.74272,78.74662,95.03216,96.07296,107.90055,49.910027,59.662926,34.12276,40.615337,21.290462,24.567547,42.522892,46.944904,23.330914,27.715576,14.85506,17.046333,26.949293,33.71135,31.663921,35.623035,67.94212,73.94403,56.505745,61.8424
nVpOVrjB1lX9c-PX6KRkqdy4OFCNZVUXPMt0NrbfYcE,1,85.48541,70.44599,87.85273,43.425987,35.877598,24.330585,52.060585,23.920977,16.883873,23.753988,35.074932,82.640236,67.33335,91.47611,75.73497,93.6163,48.413986,35.681458,24.607094,51.659374,24.684238,16.301,26.767635,35.61783,81.50899,66.53944,5.9907,5.2889786,5.7635727,4.987999,0.19614029,0.27650833,0.40121078,0.7632618,0.5828724,3.013647,0.5428963,1.1312485,0.7939148,84.501045,98.45118,67.5922,83.87774,87.70251,99.5301,43.537537,53.290436,32.43517,38.927746,22.968552,26.245636,49.448368,53.87038,22.491907,26.87657,15.205364,17.396637,23.386606,30.148664,33.63827,37.597385,78.50803,84.50994,63.87111,69.20776
foAXsyM76uW2KP7tYzPGq3CpbaAb0YYl-0ByjoGVKrA,1,112.719925,88.94255,107.428375,59.382706,39.741337,26.739323,55.456398,32.27192,19.203655,36.36891,38.69582,91.32982,70.77565,110.551865,99.810196,110.54393,58.370647,40.51244,26.899073,55.666878,29.491121,18.483612,33.199444,39.413,88.20652,73.65323,2.1680603,10.867645,3.1155548,1.0120583,0.7711029,0.15974998,0.21047974,2.780798,0.7200432,3.169468,0.71717834,3.1232986,2.8775787,103.5768,117.52693,91.66743,107.952965,104.630135,116.457726,53.494198,63.247097,37.26615,43.758728,25.26053,28.537615,53.45587,57.877884,27.29879,31.683453,17.387976,19.579248,29.818415,36.580475,37.43344,41.392555,85.20557,91.20747,70.9849,76.321556
D0eXN6wb19lyHGlE8OOTBR6Xn7qPtrQIW_vZqXHps2E,3,107.98341,96.58183,107.907135,53.8714,38.51833,24.298351,53.781624,26.57863,16.899178,30.884047,39.012917,83.27845,69.95185,107.57117,96.83133,104.66471,54.49571,38.023685,25.299097,52.606876,28.140778,17.498058,31.768053,38.22638,82.74139,69.89503,0.4122467,0.24949646,3.242424,0.62430954,0.49464417,1.0007458,1.1747475,1.5621471,0.59888077,0.8840065,0.7865372,0.5370636,0.05682373,100.5961,114.546234,88.68856,104.9741,98.750916,110.57851,49.61926,59.372158,34.777397,41.269974,23.660555,26.93764,50.39587,54.817883,25.948446,30.333109,16.402422,18.593695,28.387024,35.149082,36.246822,40.205936,79.74043,85.74234,67.2267,72.563354
me6W9DDi6oFf_-XnSWBG6DodoIp9UmCyc4sX73d9NUk,17,102.241585,87.63987,105.506386,54.53191,36.29743,21.475498,42.06916,23.983955,15.621632,27.493925,33.199085,68.989845,60.496582,99.1653,86.8627,103.27834,55.153893,36.81519,22.46891,44.154594,24.812492,15.561403,29.935999,32.779446,70.21698,57.933567,3.0762863,0.7771683,2.2280426,0.6219826,0.51776123,0.993412,2.085434,0.828537,0.060228348,2.4420738,0.4196396,1.2271347,2.563015,92.19023,106.140366,78.71993,95.00547,97.36455,109.19214,50.277443,60.030342,33.5689,40.061478,20.830368,24.107452,41.94359,46.3656,22.620161,27.004824,14.465767,16.65704,26.55497,33.317028,30.799889,34.759003,67.21603,73.21793,55.26524,60.601894
oHv-WsmLya2pGjXGy7Mwj9Zcw_Wh1D7VjiZDysIuTL4,7,104.72886,98.59309,108.24613,58.210106,40.65252,26.663021,50.39827,26.99121,18.151455,31.82593,35.840496,82.59359,73.082664,108.09413,96.7564,107.17894,56.632267,39.87267,26.4015,54.13467,28.965908,18.14233,32.50741,38.90234,85.42103,72.13399,3.3652725,1.8366852,1.0671921,1.5778389,0.77985,0.2615204,3.7364006,1.9746971,0.009124756,0.6814785,3.0618439,2.8274384,0.94867706,101.119064,115.0692,88.61363,104.89917,101.265144,113.092735,51.755817,61.508717,36.62638,43.118958,24.762959,28.040043,51.923664,56.345676,26.773577,31.15824,17.046694,19.237967,29.126379,35.888435,36.922783,40.881897,82.420074,88.42198,69.46566,74.802315
TW6ZaAGWau_uKoWlAo0V68CkLwuOtK7LynFsYNKLZNo,2,112.18412,104.209045,109.68788,54.159115,38.61452,26.167418,54.14206,28.040785,17.369167,30.582558,38.81147,86.50148,72.831314,112.02442,102.87521,110.47268,57.305954,39.41758,26.355026,55.522232,29.087505,18.248974,32.800068,39.23735,87.93265,73.19159,0.15969849,1.3338318,0.78479767,3.1468391,0.8030586,0.18760872,1.3801727,1.0467205,0.8798065,2.2175102,0.42588043,1.4311676,0.36027527,105.049355,118.99949,94.732445,111.01798,104.55888,116.386475,52.429504,62.182404,36.17129,42.663868,24.716484,27.993568,53.311226,57.73324,26.895174,31.279837,17.153337,19.34461,29.419039,36.1811,37.257793,41.216908,84.931694,90.9336,70.52326,75.85992
dfAi3WWpAhDCTklcMbrId_SBtZBCRCiJz-E2GUW5kbU,2,106.67541,99.81414,106.10041,56.326183,35.89168,23.104618,48.809532,30.823149,17.473024,34.413567,36.677097,77.18961,66.5158,105.53563,93.265564,102.46799,54.593422,38.773888,25.210644,50.43445,28.357346,17.394876,32.168427,37.995087,78.875916,68.24553,1.1397781,6.5485764,3.6324234,1.7327614,2.882206,2.1060257,1.6249161,2.4658031,0.07814789,2.24514,1.3179893,1.6863022,1.7297287,98.56056,112.5107,85.122795,101.40833,96.55419,108.38178,49.716972,59.46987,35.5276,42.020176,23.572102,26.849186,48.223442,52.645454,26.165014,30.549677,16.29924,18.490513,28.787397,35.549454,36.01553,39.974644,75.87496,81.87687,65.5772,70.91386
n4BK7cRJclRIbsDzzYnvMCsuAwJrnvrM8RS8dgUrkyQ,1,107.78979,93.46137,110.765236,58.76112,40.286133,26.543072,54.1899,29.303291,18.526823,31.516472,39.151306,85.54441,73.78053,107.72198,95.77695,108.308205,57.30729,39.833565,26.527798,55.07259,28.91105,18.163418,32.568798,38.841812,87.22842,72.37335,0.06781006,2.3155746,2.4570312,1.4538307,0.45256805,0.015274048,0.8826904,0.39224052,0.36340523,1.0523262,0.30949402,1.6840057,1.4071808,100.74691,114.697044,87.63418,103.919716,102.39441,114.222,52.43084,62.18374,36.587276,43.079853,24.889256,28.16634,52.861584,57.283596,26.71872,31.103382,17.067781,19.259054,29.187769,35.94983,36.862255,40.82137,84.22746,90.22937,69.705025,75.04168
VcmahEYVpQrUE-nues0J-16TIGPVG1bCIpDG8YOLRSI,1,89.758385,78.49636,103.83753,56.39836,37.721203,24.394684,44.165905,25.168592,16.083628,28.935047,32.503433,69.01102,57.751717,91.59976,78.29296,97.861725,52.863968,36.07579,22.15337,44.18678,23.859428,15.196476,27.92349,31.955397,70.341545,57.185875,1.8413773,0.20339966,5.975807,3.5343933,1.6454124,2.241314,0.020874023,1.309164,0.8871517,1.0115566,0.5480366,1.3305283,0.5658417,84.624695,98.57483,70.15019,86.43573,91.94793,103.77552,47.98752,57.740417,32.829502,39.32208,20.514828,23.791912,41.975773,46.397785,21.667097,26.05176,14.10084,16.292112,24.542461,31.30452,29.97584,33.93495,67.34059,73.3425,54.517548,59.854202
3jiT5VXoF7XsjFrpxd7yjRdPORLXRC9yl-frqqzegzU,1,109.07734,92.969185,106.472305,56.26471,39.77256,25.67556,53.282867,28.325567,18.55751,31.910753,39.046284,86.152176,69.81909,109.36034,98.48214,107.64486,56.029392,38.47118,25.843143,54.896503,28.744736,18.133307,32.42655,38.697002,86.81273,71.31819,0.28299713,5.5129547,1.172554,0.23531723,1.3013802,0.16758347,1.613636,0.41916847,0.42420387,0.51579857,0.3492813,0.660553,1.4990997,102.38527,116.3354,90.33937,106.62491,101.731064,113.558655,51.152943,60.90584,35.22489,41.71747,24.204601,27.481686,52.685497,57.10751,26.552404,30.937067,17.03767,19.228943,29.045523,35.80758,36.717445,40.67656,83.811775,89.81368,68.649864,73.98652
THEwqU40js1n9THdzHKyVX6jgnrohfzOOWqALF-UYFA,2,101.782074,81.71567,100.28188,53.05687,37.670544,22.778587,45.405804,26.050995,16.047882,29.324492,33.281273,70.505974,62.35364,97.06142,84.34121,99.151566,52.77169,36.16432,22.444233,44.875397,24.791733,15.603329,28.970425,33.17621,71.09712,58.680687,4.7206573,2.6255417,1.1303177,0.28517914,1.5062218,0.3343544,0.53040695,1.2592621,0.44455338,0.35406685,0.10506439,0.5911484,3.6729546,90.08635,104.03648,76.19844,92.48398,93.23777,105.06536,47.89524,57.64814,32.918034,39.41061,20.80569,24.082775,42.66439,47.086403,22.599401,26.984064,14.507692,16.698965,25.589396,32.351456,31.196651,35.155766,68.09617,74.098076,56.01236,61.349014
3dexwlFNR0_Q_g3P3X6qYvlJDqalSsaRUSW0Gb9ARxM,1,110.75081,105.711784,105.35796,55.198685,38.27287,25.786667,51.324535,26.146296,16.986887,29.803297,39.29878,81.7807,65.8707,110.11347,99.79712,104.62663,54.80713,38.603397,25.06843,50.300613,28.801527,17.741142,32.851295,38.3618,78.51005,68.10875,0.63733673,5.914665,0.7313309,0.3915558,0.33052826,0.7182369,1.023922,2.6552315,0.7542553,3.0479984,0.9369774,3.2706528,2.2380524,103.138405,117.08854,91.65435,107.93989,98.71284,110.54043,49.93068,59.68358,35.35711,41.849686,23.429888,26.706972,48.089607,52.51162,26.609196,30.993858,16.645506,18.836779,29.470266,36.232323,36.382244,40.34136,75.509094,81.511,65.44042,70.77708
M9VAAnHg45vZQEy5PFtkbS_mlS0KKYpuUVM_rbe3jXA,1,109.96044,96.1775,103.99135,53.42824,39.54016,25.988958,51.542072,28.087437,18.344107,31.074608,38.75965,80.861015,71.916954,111.810844,102.00838,109.7086,57.25132,39.28923,25.927692,53.884018,29.253143,18.348484,33.300903,38.865948,85.07171,71.10814,1.8504028,5.830879,5.7172546,3.8230782,0.2509308,0.061265945,2.3419456,1.1657066,0.004377365,2.2262955,0.10629654,4.2106934,0.808815,104.83578,118.78591,93.86561,110.151146,103.79481,115.6224,52.37487,62.12777,36.042942,42.53552,24.28915,27.566235,51.67301,56.095024,27.060812,31.445475,17.252848,19.44412,29.919874,36.68193,36.88639,40.845505,82.070755,88.07266,68.43981,73.77647
qO2JJJ3Ee8e_vihSLCUd_lLPfQfBkBsw3tFVMmy94MI,6,91.28644,84.19041,103.57152,57.369015,37.126026,23.298073,47.791798,25.692978,16.150124,29.110115,33.422047,75.50958,58.986794,90.85974,78.02473,97.04114,51.714718,35.123203,22.104357,46.063442,23.590126,15.154738,27.184088,32.050144,73.6414,58.12624,0.42669678,6.16568,6.5303802,5.654297,2.0028229,1.193716,1.7283554,2.1028519,0.99538517,1.9260273,1.3719025,1.8681793,0.86055374,83.884674,97.83481,69.88196,86.167496,91.12734,102.95493,46.83827,56.591167,31.876915,38.36949,20.465815,23.742899,43.852436,48.27445,21.397795,25.782457,14.059102,16.250374,23.803059,30.565117,30.070587,34.0297,70.64045,76.64236,55.457912,60.794567
bMHM7SdGME-vAeg4QMc9bvY3jgg3t360D0VHzjHE3jI,1,114.3901,86.46251,102.34955,54.731712,38.048573,26.21054,52.594395,30.108883,18.491638,32.620853,39.7996,82.44,67.26575,104.8949,91.48854,102.4078,54.157978,37.493607,24.996288,52.03041,28.305288,17.691204,32.110233,37.873745,81.66548,67.871826,9.495201,5.0260315,0.058250427,0.5737343,0.554966,1.2142525,0.5639839,1.8035946,0.8004341,0.5106201,1.9258537,0.7745209,0.6060791,97.91983,111.869965,83.34577,99.63131,96.494,108.321594,49.28153,59.034428,34.24732,40.739895,23.357746,26.63483,49.819405,54.241417,26.112957,30.49762,16.595568,18.78684,28.729204,35.491264,35.894188,39.853302,78.66453,84.666435,65.2035,70.54015
OAbrCqaAW3pJE5CZ4IQFZbVuacN5J6rhE7eBJqme8HA,1,113.7863,96.16659,112.37951,50.55071,35.36827,23.762625,50.029804,23.651894,15.954693,26.089796,33.339046,81.24213,64.67059,100.998535,90.04446,104.89811,54.92206,35.95749,23.272709,50.3466,25.367748,16.112997,29.615496,34.292435,80.81209,63.267708,12.7877655,6.1221313,7.4813995,4.3713493,0.58921814,0.48991585,0.31679535,1.7158546,0.15830421,3.5256996,0.9533882,0.43003845,1.4028854,94.02347,107.9736,81.90169,98.187225,98.984314,110.811905,50.04561,59.798508,32.7112,39.203777,21.634167,24.911251,48.135593,52.557606,23.175417,27.56008,15.017361,17.208633,26.234467,32.996525,32.312878,36.27199,77.811134,83.81304,60.59938,65.936035
wtG3VS1hbhCZ1uA_tfz0jjFmWwxHJlmT38Kf-6if8kM,1,106.992615,99.496346,103.446304,53.44768,38.213703,26.01489,51.732437,26.559664,16.621517,30.952835,38.078545,78.901886,70.265785,105.723915,94.74328,104.36743,54.773815,38.025425,25.071646,51.882626,27.72657,17.191818,31.435322,37.61765,81.68993,69.06621,1.2686996,4.753067,0.9211273,1.3261337,0.1882782,0.94324493,0.15018845,1.1669064,0.57030106,0.48248672,0.46089554,2.7880478,1.1995773,98.74885,112.69898,86.60051,102.88605,98.453636,110.28123,49.897366,59.650265,34.779137,41.271713,23.433104,26.710188,49.67162,54.09363,25.534239,29.918901,16.096182,18.287455,28.054293,34.816353,35.638092,39.597206,78.68898,84.69089,66.39788,71.734535
bzAAtfEYTvcUwHDx_a0yjF5OQfTSli80mnRsIYujCns,2,98.3266,83.868164,103.3507,53.741573,35.61741,23.375404,49.597153,24.73315,15.934647,28.163506,34.239063,77.0441,59.4763,94.44089,82.52576,99.6632,52.39325,34.29046,21.811504,46.74944,23.65931,15.125974,27.764336,32.155174,74.97162,58.150665,3.8857117,1.3424072,3.6875,1.3483238,1.3269501,1.5639,2.8477135,1.0738411,0.8086729,0.39916992,2.083889,2.0724792,1.325634,87.46582,101.415955,74.38299,90.668526,93.749405,105.576996,47.5168,57.2697,31.04417,37.536747,20.172962,23.450047,44.538433,48.960445,21.466978,25.85164,14.030337,16.221611,24.383307,31.145365,30.175617,34.13473,71.970665,77.97257,55.482338,60.818993
9XOBx08BW9pET4ZXxgXqQtDDuEo5bdVjbEiOOJqJ4_A,2,100.206,83.11993,97.75823,55.49673,35.513012,22.619421,47.94081,25.99169,15.752787,30.534649,34.112904,78.55546,58.778248,98.28667,86.35866,100.39657,53.031868,35.406967,22.32844,46.423996,24.805256,15.520342,29.115156,33.339115,73.992294,59.25956,1.9193344,3.2387314,2.6383362,2.4648628,0.10604477,0.2909813,1.5168152,1.1864338,0.23244476,1.4194927,0.77378845,4.5631638,0.4813118,91.3116,105.261734,78.21589,94.50143,94.48277,106.31036,48.15542,57.908318,32.16068,38.653255,20.689898,23.966982,44.21299,48.635002,22.612925,26.997587,14.4247055,16.615978,25.734127,32.496185,31.359558,35.318672,70.99134,76.99325,56.591232,61.927887
B_HmsIJRHhy2Nz0cI3egjmWuu1BAEsxE__E_yjjxaXg,1,100.13676,91.61695,104.12857,57.952538,41.154827,23.945683,54.622753,25.437603,17.407034,29.31791,34.14016,89.45519,63.75101,100.770905,88.11441,104.89934,55.17124,37.01852,24.63788,53.868294,26.397577,16.973886,29.925348,35.791,86.651344,66.89971,0.63414764,3.5025406,0.7707672,2.7812958,4.136307,0.6921978,0.7544594,0.9599743,0.43314743,0.60743904,1.6508408,2.8038483,3.1487007,93.79584,107.74597,79.97164,96.25718,98.98554,110.81313,50.294792,60.04769,33.772232,40.26481,22.999338,26.276423,51.657288,56.0793,24.205246,28.589909,15.87825,18.069523,26.54432,33.306377,33.811443,37.770557,83.65039,89.6523,64.231384,69.56804
6EfPJh7fgmLut392y-qHjFx3U4_cr7FzqXv9xXBfIn0,2,106.299324,90.49811,103.57019,55.33392,36.298393,25.546827,52.363037,28.581285,17.784935,30.727686,39.798965,81.66397,68.580185,107.08687,96.01247,103.69249,53.98163,37.702324,25.156424,52.491844,28.094692,17.451424,31.660378,38.171406,82.5311,69.52662,0.78754425,5.5143585,0.122299194,1.3522911,1.4039307,0.39040375,0.12880707,0.48659325,0.33351135,0.9326916,1.6275597,0.86712646,0.946434,100.1118,114.061935,87.8697,104.155235,97.778694,109.606285,49.10518,58.858078,34.456036,40.948612,23.517881,26.794966,50.280838,54.70285,25.90236,30.287024,16.355787,18.54706,28.279348,35.041405,36.19185,40.150963,79.53014,85.53205,66.85829,72.19495
kxH9CwuvoCoy93lDhjDtkA6vwDpKxRo1t6KirECKe5k,6,110.7925,87.590225,103.31786,55.979347,39.627674,28.30338,53.649822,28.420143,17.731096,31.210896,39.203545,83.06028,72.333664,106.251526,93.395515,104.88511,55.524033,39.002438,26.113176,54.025513,28.7222,17.938082,32.234653,38.77477,85.164635,71.32064,4.5409775,5.80529,1.5672455,0.45531464,0.6252365,2.1902027,0.37569046,0.30205727,0.20698547,1.0237579,0.4287758,2.1043549,1.0130234,99.27646,113.22659,85.25275,101.538284,98.97131,110.798904,50.647583,60.400482,35.75615,42.248726,24.474634,27.751719,51.814507,56.23652,26.52987,30.914532,16.842445,19.033718,28.853624,35.615685,36.79521,40.754326,82.16368,88.16559,68.65231,73.98897
b8QMVZASbEi0rhVc6keOvzhxxr-kWjjm6k2WH7f9jVI,1,106.79649,95.36064,106.628944,55.55701,38.99236,24.279953,52.897953,26.846563,17.083712,31.46257,37.971817,83.37722,68.318954,107.440956,95.75078,104.045586,54.44568,38.152233,25.43511,52.811787,28.571661,17.825598,32.18683,38.518677,82.856316,69.906425,0.6444626,0.39013672,2.5833588,1.1113319,0.84012604,1.1551571,0.08616638,1.7250977,0.74188614,0.7242584,0.54685974,0.52090454,1.587471,100.46589,114.41602,87.60801,103.89355,98.13179,109.95938,49.56923,59.32213,34.905945,41.39852,23.796568,27.073652,50.60078,55.022793,26.37933,30.763992,16.729961,18.921234,28.8058,35.567856,36.53912,40.498234,79.85536,85.85727,67.2381,72.57475
hiLbPtVcyMMB3zUdzjdhu-M78PXMUByh506hkZpqzgY,10,105.71251,98.85813,101.81892,52.909473,38.35637,24.574085,50.460514,25.307405,16.045486,31.762398,37.171154,81.77748,64.62147,106.756386,95.252426,103.1451,54.116386,38.045338,25.052164,51.19715,28.245728,17.521486,31.984701,38.03156,80.16487,68.45827,1.0438766,3.6057053,1.3261871,1.206913,0.31103134,0.47807884,0.7366371,2.938322,1.4759998,0.22230339,0.86040497,1.6126099,3.8367996,99.78132,113.73145,87.10966,103.395195,97.23131,109.0589,49.239937,58.992836,34.79905,41.291626,23.413622,26.690706,48.986145,53.408157,26.053396,30.438059,16.42585,18.617123,28.603672,35.36573,36.052002,40.011116,77.16392,83.165825,65.78994,71.126595
SBAJJtSt30mW6d7I0tcNAfCArXRNzOABCb1TY4qq9N4,2,103.761536,101.319016,98.47739,49.132202,37.29818,24.920128,47.182995,26.638435,17.535578,28.785824,35.787086,74.32109,66.71407,102.46178,90.27047,97.48828,50.876503,36.157364,23.775286,48.316517,26.98069,16.603203,30.494644,36.848694,75.173355,65.11168,1.2997589,11.048546,0.9891052,1.7443008,1.1408157,1.1448421,1.133522,0.34225464,0.93237495,1.7088203,1.0616074,0.8522644,1.6023941,95.48671,109.436844,82.1277,98.41324,91.574486,103.40208,46.000053,55.752953,32.911076,39.403652,22.136744,25.413828,46.10551,50.527523,24.788359,29.173021,15.507566,17.69884,27.113615,33.87567,34.869137,38.82825,72.1724,78.17431,62.44335,67.78001
jnqncBOcs5waiY4OSoenSOGEQFHVoxdQNVbP4Hu1d3g,2,104.76899,93.45332,104.813675,56.06823,35.833252,26.575453,50.08794,26.152082,17.329304,30.27039,37.160866,79.09844,66.887,103.62187,90.80693,100.83204,52.739376,36.594612,24.414104,51.015564,27.506845,17.264154,31.12696,37.25563,79.90124,66.883835,1.1471176,2.6463928,3.981636,3.3288536,0.76136017,2.1613483,0.92762375,1.354763,0.06514931,0.8565712,0.09476471,0.8027954,0.0031661987,96.646805,110.59694,82.66416,98.9497,94.91824,106.745834,47.862926,57.615826,33.348324,39.8409,22.775562,26.052647,48.804558,53.22657,25.314514,29.699177,16.168518,18.35979,27.745932,34.507988,35.276073,39.235188,76.90028,82.90219,64.21551,69.55216
xKwQ25X_cBlo4v_7JJoYN9jWSY-MyA4C9QMM5xviELs,7,107.286964,95.960686,106.486946,59.75383,38.22562,24.95911,57.131237,28.210548,17.302298,33.23377,37.92688,89.44527,69.98709,108.0042,96.58257,106.36572,55.336773,38.13964,25.90393,55.25182,28.430746,17.892847,31.864542,38.724396,87.44709,71.77808,0.7172394,0.6218872,0.12122345,4.417057,0.08597946,0.9448204,1.8794174,0.22019768,0.59054947,1.3692265,0.79751587,1.9981766,1.7909927,101.02914,114.97927,88.439804,104.72534,100.45193,112.27952,50.460323,60.213223,34.893353,41.38593,24.265388,27.542473,53.040813,57.462826,26.238415,30.623077,16.79721,18.988483,28.483513,35.24557,36.74484,40.703953,84.44614,90.448044,69.10976,74.44641
q68ers8KpX1SPgX0jbGF-cK0SOLGfikQ_tJlyhVGO_Y,8,95.910965,85.18321,96.865974,52.623486,36.5669,21.766254,42.376167,25.13848,15.5204735,29.940554,32.617237,66.64844,58.251026,95.07389,82.71507,97.22172,51.592068,35.412285,21.86848,43.43095,24.123266,15.099903,28.229116,32.568314,68.6476,57.17244,0.8370743,2.4681396,0.3557434,1.0314178,1.1546135,0.10222626,1.0547829,1.015213,0.42057037,1.7114372,0.048923492,1.9991608,1.0785866,88.09882,102.04896,74.5723,90.85784,91.30792,103.13551,46.71562,56.468517,32.165997,38.658573,20.229939,23.507023,41.219944,45.641956,21.930935,26.315598,14.004267,16.19554,24.848087,31.610146,30.588757,34.54787,65.646645,71.64855,54.504112,59.840767
oP_caYV94VClEmcKqdXPcwfMeQYmYdeW5LbFijNGoDE,2,106.15216,90.36793,100.52637,57.544743,39.847103,23.645367,45.24906,29.456669,16.017792,32.841816,36.94604,73.289154,64.87018,102.99168,89.55472,98.92308,53.178276,38.342632,24.517792,47.47815,27.871925,16.98931,31.737465,37.26133,73.6842,65.332,3.1604843,0.81320953,1.6032867,4.3664665,1.5044708,0.8724251,2.2290878,1.5847435,0.97151756,1.104351,0.31528854,0.39504242,0.4618225,96.01661,109.96674,81.41195,97.69749,93.009285,104.836876,48.301826,58.054726,35.096344,41.58892,22.87925,26.156334,45.267143,49.689156,25.679594,30.064257,15.893673,18.084946,28.356436,35.118492,35.281773,39.240887,70.68324,76.68515,62.663673,68.00033
cbi5o8uB6vm_EucKeEnWr7tLbEpxDuXkedWMJRE8bVs,4,107.10484,93.09553,101.937096,53.19881,37.462997,23.93561,44.7739,28.029224,16.54084,33.530632,36.57486,69.97697,63.101517,101.37967,88.22115,97.13941,51.78395,37.11872,23.588327,45.567158,26.908224,16.413107,30.79838,36.21717,70.56773,62.80363,5.725174,4.8743744,4.7976837,1.4148598,0.34427643,0.3472824,0.79325867,1.1210003,0.12773323,2.7322521,0.3576889,0.5907669,0.2978859,94.4046,108.35474,80.078384,96.36392,91.22562,103.05321,46.9075,56.6604,33.872433,40.36501,21.949785,25.22687,43.35615,47.778164,24.715893,29.100555,15.317471,17.508743,27.41735,34.17941,34.237614,38.196728,67.56678,73.56869,60.135303,65.471954
9gXNSs0fKryeE1p3HbJYSkH_gv_ipvySjQrz90dRHN0,6,109.80169,87.103065,103.27432,57.493237,39.729885,25.324015,50.81269,29.130522,17.786974,33.40606,37.54992,80.83627,67.22157,106.7562,94.60685,104.772575,55.638184,38.99709,25.624575,52.180027,28.661917,17.743896,32.499912,38.33923,81.97521,69.595825,3.0454865,7.503784,1.4982529,1.855053,0.7327957,0.30056,1.3673363,0.46860504,0.04307747,0.906147,0.78931046,1.1389389,2.3742523,99.781136,113.73127,86.46408,102.74962,98.85878,110.68637,50.761734,60.514633,35.7508,42.243378,23.986032,27.263117,49.96902,54.391033,26.469585,30.854248,16.64826,18.839533,29.118883,35.880943,36.359673,40.318787,78.97426,84.976166,66.9275,72.26415
QD6ovtOw9zxOZ6WdyfubnDySb43N6CMB70x5nzS257U,1,104.35874,96.1969,103.25986,54.02796,41.493816,25.224974,53.584618,27.471441,17.988728,30.995207,37.299168,84.2841,70.6297,105.24618,93.1568,104.07691,54.403538,38.026585,25.684158,54.176445,28.01052,17.714705,31.264233,38.23308,85.45317,70.85412,0.8874359,3.0401,0.81705475,0.37557602,3.4672318,0.45918465,0.5918274,0.53907967,0.27402306,0.2690258,0.9339142,1.1690674,0.22441864,98.27111,112.221245,85.01403,101.29957,98.16312,109.99071,49.52709,59.279987,34.780296,41.272873,24.045616,27.3227,51.96544,56.38745,25.81819,30.202852,16.619068,18.81034,27.883204,34.645264,36.253525,40.21264,82.45222,88.454124,68.18579,73.522446
yFwn7aVInJZ3B8jS-mJhWYPwTVQHndSgQiahVTBh5fk,1,106.74431,90.058876,99.732155,53.287254,35.794327,23.150335,50.49152,28.933964,18.16654,33.313927,37.21766,78.31526,66.024605,104.435425,92.59417,100.42544,51.81993,35.661354,23.893492,50.62016,27.170837,16.988207,30.860876,37.004898,79.32294,65.98316,2.3088837,2.5352936,0.6932831,1.4673233,0.13297272,0.74315643,0.12863922,1.7631264,1.1783333,2.4530506,0.21276093,1.0076752,0.04144287,97.46036,111.41049,84.4514,100.73694,94.51164,106.33923,46.94348,56.69638,32.415066,38.907642,22.25495,25.532034,48.409153,52.831165,24.978506,29.363169,15.8925705,18.083843,27.479847,34.241905,35.02534,38.984455,76.32198,82.32389,63.314835,68.65149
WN5vfoa5N3L_TefOY_LT6EtCWhKor__7LmepFzJPudQ,8,107.25906,99.63814,106.47548,52.60347,35.781136,24.356134,56.614105,27.94705,17.157114,32.17081,38.9941,89.32093,71.91709,107.782745,96.19115,106.83917,55.630028,38.237514,26.046818,55.654297,28.420135,17.871864,31.844429,38.785664,88.244415,72.130325,0.52368164,3.446991,0.36369324,3.026558,2.456379,1.6906834,0.95980835,0.4730854,0.7147503,0.32638168,0.20843506,1.0765152,0.21323395,100.80768,114.75781,88.04838,104.333916,100.92538,112.75297,50.75358,60.506477,34.991226,41.483803,24.408276,27.68536,53.44329,57.865303,26.227804,30.612467,16.776228,18.9675,28.4634,35.225456,36.806107,40.76522,85.24346,91.24537,69.462,74.79865
1h1YOTgYdWkDBeOowQ-UOSkvmV6JjhMOMvP8xNGMg9k,1,103.03875,89.61148,103.567955,55.688545,38.654205,23.808361,49.97664,28.591728,16.839739,33.735573,37.403847,75.918144,68.81856,101.94742,87.68099,100.44018,54.5786,39.29387,25.392836,49.781498,28.249851,17.322172,31.979927,37.754414,77.75156,67.57628,1.0913315,1.9304886,3.127777,1.1099434,0.6396637,1.5844746,0.19514084,0.34187698,0.48243332,1.7556458,0.35056686,1.8334122,1.242279,94.97235,108.922485,79.53822,95.82376,94.52638,106.35397,49.702152,59.45505,36.04758,42.540157,23.754293,27.031378,47.57049,51.992504,26.05752,30.442183,16.226536,18.417809,28.598898,35.360954,35.774857,39.73397,74.7506,80.75251,64.90795,70.244606
bpyWGHqAZ_F8jjeg0pH3UeLMZ0Hp2Afwy9pnuLsQiN0,1,108.73136,95.61492,104.89856,54.347916,37.282738,25.670713,53.54996,27.538826,18.565512,29.238667,37.16155,85.575516,68.13345,106.4349,95.44656,104.47799,54.373974,37.915245,25.329426,52.95957,27.947645,17.474558,31.425375,38.06548,83.423615,70.0774,2.296463,0.16835785,0.42057037,0.026058197,0.6325073,0.3412876,0.59038925,0.4088192,1.0909538,2.1867085,0.90393066,2.1519012,1.9439468,99.45983,113.409966,87.303795,103.58933,98.56419,110.391785,49.497524,59.250423,34.668957,41.161533,23.690884,26.967968,50.748566,55.170578,25.755314,30.139977,16.378922,18.570194,28.044346,34.806404,36.085922,40.045036,80.42266,86.42457,67.40907,72.74573
BNldbDpAydeJs9HMe4pjl5PF65x7iRBWOhN8P6lTKpg,2,79.63896,64.667816,85.35106,44.15644,31.62736,21.301739,48.165176,21.844492,15.052383,22.596476,32.000343,75.013176,57.652023,83.804214,71.619934,90.324135,46.521793,33.41442,21.827126,46.91059,21.805517,14.536992,23.741722,31.542425,74.927605,58.72465,4.1652527,6.952118,4.973076,2.3653526,1.7870617,0.5253868,1.2545853,0.038974762,0.51539135,1.1452465,0.45791817,0.08557129,1.072628,76.82915,90.77928,63.477165,79.7627,84.41034,96.23793,41.645344,51.398243,30.168133,36.66071,20.188583,23.465668,44.699585,49.121597,19.613186,23.997849,13.441356,15.632628,20.360693,27.122751,29.562868,33.52198,71.92665,77.92856,56.056324,61.39298
UJ-lC5Qr0xris1r9m23uwU-CY5wGgUnWIaa3GuPQXlI,1,106.13642,96.6511,104.82453,55.030357,36.130497,24.367153,51.045742,27.05847,16.596174,30.493769,37.04273,81.40804,69.36985,109.04559,98.59335,104.856346,54.232536,37.535408,25.092323,52.775627,28.359375,17.700016,32.05453,38.36582,82.971245,69.542496,2.909172,1.9422531,0.031814575,0.79782104,1.404911,0.72517014,1.7298851,1.3009052,1.1038418,1.5607624,1.3230934,1.5632019,0.17264557,102.070526,116.02066,90.450584,106.73612,98.94255,110.77014,49.356087,59.108986,34.28912,40.781696,23.453781,26.730865,50.56462,54.986633,26.167044,30.551706,16.60438,18.795652,28.673502,35.435562,36.386265,40.34538,79.97029,85.9722,66.87417,72.21082
59bc2770681516389ccf492e,10,90.764175,80.20658,94.424904,46.970722,34.44735,24.643599,54.166355,24.009333,17.284697,24.060637,36.744682,83.30726,67.8166,95.06026,79.8729,95.10318,49.138615,35.18653,24.512838,52.688526,25.539404,16.485394,28.002771,36.44834,83.00059,67.40372,4.2960815,0.3336792,0.67827606,2.1678925,0.7391815,0.1307602,1.477829,1.5300713,0.79930305,3.9421349,0.29634094,0.30667114,0.41287994,88.08519,102.035324,71.73013,88.01567,89.189384,101.016975,44.262165,54.015064,31.940243,38.43282,22.874296,26.15138,50.47752,54.899532,23.347073,27.731735,15.389757,17.58103,24.621742,31.3838,34.468784,38.4279,79.99963,86.00154,64.73539,70.072044
R2oQsZsj0aVNB5JF8rS1AwZranVfJ3b5YWVVZ1etG7A,2,95.483284,85.88341,106.377106,55.55287,33.450928,21.107466,49.2161,23.560757,14.232791,27.48994,32.16311,76.59189,61.283333,97.38319,86.313675,103.14186,54.475437,35.471146,22.266407,46.98841,24.17583,15.253757,28.770985,32.566807,75.50835,59.337723,1.8999023,0.43026733,3.2352448,1.0774345,2.020218,1.1589413,2.2276878,0.61507416,1.0209665,1.281044,0.40369797,1.0835419,1.94561,90.40812,104.35825,78.170906,94.45644,97.228065,109.05566,49.598988,59.351887,32.224857,38.717434,20.627865,23.90495,44.777405,49.199417,21.9835,26.368162,14.158121,16.349394,25.389956,32.152016,30.58725,34.546364,72.50739,78.5093,56.669395,62.00605
iqh-P4vqGKCTAkySq9mt7oqpEujpSiENp6W7piq4iNg,14,105.17271,91.54563,104.375595,57.8532,44.08519,27.362978,53.995808,29.169827,18.480608,31.528736,39.73536,89.686775,72.0633,107.29342,94.923195,107.10172,56.364952,39.53655,26.726957,56.01141,28.893858,18.268488,32.148533,39.16744,88.77486,73.25789,2.1207123,3.3775635,2.7261276,1.4882469,4.548641,0.63602066,2.015602,0.27596855,0.21212006,0.61979675,0.5679207,0.91191864,1.1945877,100.31835,114.268486,86.780426,103.06596,101.18793,113.01552,51.488503,61.2414,36.29026,42.782837,25.088415,28.3655,53.800404,58.222416,26.701527,31.08619,17.172852,19.364124,28.767504,35.529564,37.18788,41.146996,85.7739,91.77581,70.58956,75.926216
mxHdyqO0muEOOY8F9RPm4GeZqhWO1pjThEJFK1dkjHU,2,99.02821,84.49024,102.06644,54.171562,36.40829,24.921797,48.627502,27.259165,16.79664,30.331732,36.632927,73.49466,66.694,100.27876,86.90329,97.30034,51.86857,37.270634,24.228466,48.173447,27.055058,16.528938,30.571135,36.810143,74.95572,65.46092,1.2505493,2.4130478,4.766098,2.3029938,0.86234283,0.69333076,0.4540558,0.20410728,0.2677021,0.23940277,0.17721558,1.4610596,1.233078,93.303696,107.25383,78.76052,95.04606,91.38654,103.214134,46.99212,56.745018,34.024345,40.516922,22.589924,25.867008,45.96244,50.384453,24.862726,29.247389,15.433302,17.624575,27.190105,33.952164,34.830585,38.7897,71.954765,77.95667,62.792595,68.12925
DNDgaE6BmUFno7fz7Lv2jHwHZ7Za8QFpLVa0hgdtcxk,7,92.20428,84.03578,102.019516,57.23265,37.808357,23.39905,47.13336,24.332876,14.895272,28.708248,32.534847,75.745766,62.83473,92.80012,80.427574,99.75262,53.445488,36.08112,22.736147,47.440525,24.202875,15.307054,28.080656,32.839947,76.08386,60.189457,0.59584045,3.6082077,2.266899,3.7871628,1.7272377,0.66290283,0.30716324,0.13000107,0.4117813,0.6275921,0.3050995,0.33809662,2.6452713,85.82505,99.775185,72.284805,88.57034,93.83882,105.66641,48.56904,58.321938,32.83483,39.327408,21.097605,24.37469,45.22952,49.65153,22.010544,26.395206,14.211417,16.40269,24.699627,31.461685,30.86039,34.819504,73.08291,79.084816,57.52113,62.857784
EZSFs4NfveRhx2gyv5v3qrH1_Rh53qhl24r5JzUSCoA,1,105.875305,93.393135,100.4568,54.41898,42.150444,25.906475,52.788296,28.979933,17.695616,32.59328,38.219505,83.46404,68.13916,103.78908,89.8393,103.0657,55.658947,39.763977,26.097706,52.316547,28.713636,17.843224,32.31216,38.340347,82.264565,69.62798,2.0862274,3.553833,2.6088943,1.2399673,2.386467,0.19123077,0.47174835,0.2662964,0.1476078,0.2811203,0.12084198,1.1994781,1.4888229,96.81401,110.764145,81.69653,97.98207,97.1519,108.97949,50.782497,60.535397,36.51769,43.010265,24.459164,27.736248,50.10554,54.527554,26.521305,30.905968,16.747587,18.93886,28.931131,35.69319,36.36079,40.319904,79.26361,85.26552,66.959656,72.29631
7tXOo2zQVaooe8RHfl4Db8bshORuWkeNqa-z90Ou4lc,1,85.75194,70.17806,88.60323,44.611233,31.905188,21.197975,47.194267,21.091173,14.128148,21.838026,30.437056,75.71396,59.33272,86.54137,73.73306,92.98244,48.6645,33.842773,21.956705,47.364166,22.53838,14.818998,25.046783,31.74891,75.83601,58.636723,0.7894287,3.5550003,4.379204,4.0532684,1.9375858,0.75872993,0.16989899,1.4472065,0.69085026,3.2087574,1.3118553,0.12205505,0.69599915,79.5663,93.51643,65.590294,81.87583,87.06864,98.89623,43.78805,53.54095,30.596485,37.08906,20.318163,23.595247,45.15316,49.575172,20.346048,24.730711,13.723362,15.914635,21.665754,28.427813,29.769354,33.72847,72.83506,78.83697,55.968395,61.30505
RCvBZwL6ySv9VZVZ5BZjlncUxRBCExRk8cLHIXkL2mc,2,90.42782,74.92438,93.08257,45.886616,32.06102,23.072453,52.349846,23.644526,16.145645,24.289238,35.768154,81.74426,65.20998,90.97589,76.27797,92.40753,47.734394,35.110054,24.102821,50.64689,24.587559,15.971075,26.714916,35.53193,79.55279,66.00484,0.5480728,1.3535919,0.6750412,1.8477783,3.049034,1.0303688,1.7029572,0.9430332,0.17457008,2.4256783,0.23622513,2.191475,0.79486084,84.000824,97.95096,68.1352,84.42074,86.49374,98.32133,42.857944,52.610844,31.863766,38.356342,22.46428,25.741364,48.435883,52.857895,22.395227,26.77989,14.875439,17.066711,23.333887,30.095945,33.552372,37.511486,76.551834,82.55374,63.33651,68.673164
s54yIZNewRa3lzGAm5m3geWsbCp6MKlTEJ-t5WEeY8k,1,96.46299,85.455666,101.408005,52.579483,39.167957,23.6096,48.30303,25.021654,15.969331,27.741804,33.26899,77.69363,62.786224,93.965965,81.11919,98.02387,51.374866,34.549484,22.597246,49.179646,24.269129,15.69219,27.559425,33.266712,78.735466,60.96931,2.4970245,4.336479,3.3841324,1.2046165,4.618473,1.0123539,0.87661743,0.7525253,0.27714062,0.18237877,0.0022773743,1.0418396,1.8169136,86.9909,100.94103,72.97642,89.261955,92.11008,103.93767,46.498417,56.251316,31.303196,37.795773,20.958704,24.235788,46.96864,51.39065,22.076797,26.46146,14.596554,16.787827,24.178396,30.940454,31.287155,35.24627,75.73451,81.73642,58.300983,63.637638
MoVC8zaNHbXveUHEwDF-a7ohr17YeOCTHW_iDKwpc5A,2,99.35476,82.58422,98.8374,55.370804,38.547035,25.015644,50.181774,28.548075,17.2899,33.548622,38.257732,77.377106,66.43077,100.437195,86.00129,98.45259,53.270557,38.39734,24.946892,49.073624,27.748878,16.979395,31.337093,37.399097,76.410645,66.78125,1.0824356,3.4170685,0.3848114,2.1002464,0.14969635,0.06875229,1.1081505,0.79919624,0.3105049,2.2115288,0.85863495,0.9664612,0.35047913,93.46213,107.41226,77.85852,94.14406,92.538795,104.36639,48.394108,58.147007,35.15105,41.643627,23.30835,26.585434,46.862617,51.28463,25.556547,29.94121,15.883759,18.075031,27.956064,34.718124,35.41954,39.378654,73.40969,79.4116,64.11292,69.44958
S9zKF4YjHsOv9MC2NLaW4o0k8o84LWICxS8BJ5wsQnk,10,104.76808,92.96907,106.05783,50.349075,38.37118,24.067406,50.728245,28.060654,17.149174,30.86784,37.377773,78.374016,67.97945,104.54464,92.192154,101.82697,53.703835,38.02494,25.034565,50.93401,27.958057,17.398548,31.553894,37.761787,79.714516,68.17995,0.22344208,0.7769165,4.230858,3.3547592,0.346241,0.9671593,0.20576477,0.10259628,0.24937439,0.6860542,0.38401413,1.3404999,0.20050049,97.56957,111.51971,84.049385,100.33492,95.91318,107.74077,48.827385,58.580284,34.778652,41.27123,23.396023,26.673107,48.723003,53.145016,25.765726,30.150389,16.302912,18.494184,28.172865,34.93492,35.78223,39.741344,76.71356,82.71547,65.51162,70.848274
nABobY93RIm5CgL2YfJ3aZnXF6_za1yd1oNPrC3bszI,1,103.32456,96.01816,109.72431,54.075096,36.766975,24.896877,49.716354,25.641033,15.995802,30.616283,36.739788,82.252556,69.298515,103.18418,89.847275,102.54784,53.741104,36.765488,24.996748,53.594734,27.51631,17.356321,31.047634,37.58413,84.55332,68.870804,0.14038086,6.170883,7.1764755,0.333992,0.0014877319,0.09987068,3.8783798,1.8752766,1.3605194,0.4313507,0.8443413,2.300766,0.4277115,96.209114,110.15925,81.704506,97.99004,96.63404,108.46163,48.864655,58.617554,33.5192,40.011776,23.358206,26.63529,51.383728,55.80574,25.323978,29.708641,16.260685,18.451958,27.666605,34.428665,35.604572,39.563686,81.55237,87.554276,66.20248,71.53913
Oy8RHBJN9tp8RgpUs4Pg2x7ALbud1MPkfbF64WxpE2Y,2,105.019966,93.171555,101.75681,51.38156,36.485043,24.022789,50.62062,27.77919,17.141838,30.998737,38.218056,78.83323,68.46717,105.194885,94.237076,100.67726,52.049793,36.513424,24.17706,50.142315,27.302164,16.881605,30.892391,37.302223,78.458694,66.91193,0.17491913,1.0655212,1.0795517,0.66823196,0.028381348,0.15427017,0.47830582,0.477026,0.26023293,0.10634613,0.9158325,0.3745346,1.5552444,98.21982,112.16995,86.09431,102.379845,94.763466,106.59106,47.173344,56.926243,33.267136,39.759712,22.538517,25.815601,47.93131,52.35332,25.109833,29.494495,15.785969,17.977242,27.511362,34.273422,35.322666,39.28178,75.45774,81.45965,64.2436,69.58025
2A-OwfseLIFUUX6GNQFD8YuEVTs-luhhW0d6P352JyE,2,103.50388,91.2875,98.539536,50.9447,34.9747,23.688292,47.523838,25.290958,16.639261,27.95919,36.32252,73.99704,63.389336,99.71146,87.25493,96.508,50.474075,35.33583,23.12429,47.240746,26.139084,16.07444,29.762714,35.830345,73.58272,63.209698,3.792427,4.03257,2.0315323,0.47062302,0.36112976,0.5640011,0.2830925,0.84812546,0.56482124,1.803524,0.49217606,0.4143219,0.17963791,92.73639,106.68652,79.11216,95.3977,90.59421,102.4218,45.597626,55.350525,32.089542,38.58212,21.485748,24.762833,45.02974,49.45175,23.946753,28.331415,14.978804,17.170076,26.381685,33.143745,33.85079,37.809902,70.581764,76.58367,60.54137,65.87802
Uv0m2CsOMq4Ll7gVXkA9zRMJOIu13kj44KrnuOq91jU,1,102.67372,88.57466,96.19048,53.5533,36.247746,24.395866,49.99298,28.205008,17.559332,34.051678,38.06627,76.09228,67.8792,105.74921,91.95795,101.1932,54.523132,39.225826,25.523333,50.190166,29.097647,17.90638,32.918934,38.568287,78.1752,67.97685,3.0754852,3.3832855,5.002716,0.9698334,2.9780807,1.1274662,0.19718552,0.89263916,0.3470478,1.1327438,0.502018,2.082924,0.09764862,98.77414,112.72427,83.81518,100.100716,95.2794,107.106995,49.646683,59.399582,35.979538,42.472115,23.88479,27.161875,47.97916,52.401173,26.905315,31.289978,16.810743,19.002016,29.537905,36.299965,36.58873,40.547844,75.17425,81.176155,65.308525,70.64518
HTxLE7dUgdo28d3l443uipc24MX6AMIc9oqgSSelXcE,4,90.16098,78.81758,91.02038,45.81106,32.357414,22.3807,49.266792,24.324839,15.361691,25.591335,33.29693,77.05383,61.95838,96.29142,83.13581,93.69124,48.30405,34.07203,22.993334,48.82512,25.339184,15.84834,28.343508,35.581165,76.33515,63.72888,6.1304398,4.3182297,2.6708603,2.4929886,1.7146149,0.61263466,0.44167328,1.0143452,0.48664856,2.7521725,2.284237,0.71868134,1.7705002,89.31635,103.26649,74.99304,91.27858,87.77744,99.605034,43.4276,53.1805,30.82574,37.318317,21.354792,24.631876,46.614113,51.036125,23.146852,27.531515,14.752704,16.943977,24.962479,31.724537,33.60161,37.560722,73.3342,79.336105,61.060555,66.39721
kIylnWWgtxbfedUMpfR5Ot3-iuysBKh-wHxw0Qwh46c,1,91.29725,82.66114,100.84612,56.602486,37.963287,23.095634,47.510303,22.035988,14.230476,26.794065,32.40401,74.94766,61.903725,95.10129,83.166885,99.891075,53.213757,36.209557,22.753475,46.983696,24.519276,15.4204645,28.392994,33.179558,75.06821,60.522335,3.804039,0.50574493,0.9550476,3.388729,1.7537308,0.34215927,0.5266075,2.4832878,1.1899881,1.5989285,0.775547,0.12054443,1.3813896,88.12622,102.076355,75.02412,91.309654,93.97728,105.80487,48.337307,58.090206,32.96327,39.455845,21.114933,24.392017,44.77269,49.194702,22.326944,26.711607,14.324828,16.516102,25.011965,31.774023,31.2,35.159115,72.06725,78.06916,57.854008,63.190662
0-XhQ-_PmaT9DVwpTEiOdhAFo0CD2e5T-32D899sQpw,1,105.03558,98.82495,105.4231,50.472446,38.399452,24.348894,51.803204,27.07511,16.861944,30.544798,38.14338,81.87305,70.82355,102.94109,88.38918,103.19829,55.56767,39.3248,26.050838,53.006737,28.579775,17.890959,32.18086,38.2304,83.52631,69.8014,2.09449,10.435768,2.2248154,5.0952225,0.9253464,1.7019444,1.2035332,1.5046654,1.0290146,1.6360607,0.087020874,1.6532669,1.0221481,95.96603,109.91616,80.246414,96.53195,97.28449,109.11208,50.69122,60.44412,36.07851,42.571087,24.412296,27.68938,50.79573,55.217743,26.387444,30.772106,16.795322,18.986595,28.79983,35.56189,36.250843,40.209957,80.52536,86.52727,67.13307,72.46973
4V0D7qiw6J5sTLHjBGkxAjwpIZRx-KPVaQWLWf8xy4o,2,95.95661,91.83299,104.18954,52.453533,34.685295,20.74203,47.095413,23.532934,14.917347,26.885147,33.029617,74.43533,61.15531,97.973335,87.093834,100.65453,52.85431,35.619987,22.317411,46.041958,24.415161,15.3327055,28.51833,33.076317,73.355316,59.643032,2.0167236,4.7391586,3.5350037,0.4007759,0.9346924,1.5753822,1.0534554,0.88222694,0.41535854,1.6331825,0.046699524,1.0800171,1.5122795,90.99827,104.9484,78.951065,95.2366,94.74074,106.56833,47.97786,57.73076,32.3737,38.866276,20.67887,23.955954,43.83095,48.252964,22.22283,26.607492,14.237069,16.42834,25.1373,31.899359,31.09676,35.055874,70.35436,76.35627,56.974705,62.31136
fXAVRAvJxNQVKYTuT_YpnJiF36hIZF5FwwZWhhCjkd4,3,102.547264,87.72942,105.68817,58.29195,42.235077,27.517591,54.10985,29.293617,17.85131,33.485355,39.33932,86.79556,73.31895,107.704185,95.539246,107.38607,56.893757,40.075836,26.759384,55.207798,29.098097,18.2349,32.5058,39.156456,87.378395,72.962814,5.1569214,7.809822,1.6978989,1.3981934,2.1592407,0.7582073,1.0979462,0.1955204,0.3835888,0.97955704,0.18286514,0.58283234,0.3561325,100.72912,114.67925,87.39648,103.682014,101.472275,113.299866,52.017307,61.770206,36.829548,43.322124,25.120842,28.397926,52.99679,57.418804,26.905766,31.290428,17.139263,19.330536,29.12477,35.886826,37.1769,41.136013,84.37744,90.37935,70.29449,75.63114
E8-vjMUBIIvCU3QWccMaqpmmwMclKonOuHHZEaPFWis,1,107.84385,91.99726,99.51868,50.861156,38.36775,23.902536,49.493565,27.40609,16.547052,30.768139,38.18393,74.74332,66.86837,102.57577,89.464554,99.16876,52.837982,37.98406,24.76562,49.20834,27.791473,17.120949,31.315956,37.530495,76.548805,66.97176,5.2680817,2.5327072,0.34991455,1.9768257,0.38368988,0.8630829,0.2852249,0.3853836,0.5738964,0.54781723,0.65343475,1.8054886,0.103393555,95.6007,109.550835,81.321785,97.60732,93.25497,105.08256,47.961533,57.71443,34.73777,41.230347,23.127077,26.404161,46.997334,51.419346,25.599142,29.983805,16.025312,18.216585,27.934927,34.696983,35.550938,39.51005,73.54785,79.54976,64.30344,69.64009
vbZZsZ3TYtTI253SiLaYLGYn-BT6NSlnN-B60PQzdHw,2,99.646034,79.00551,100.276665,53.064594,34.604576,22.582724,45.45928,24.654245,15.768058,29.098202,33.004932,71.58441,60.025227,94.696625,82.15612,100.180984,53.263725,35.21212,22.16302,46.484528,24.075771,15.355104,28.290539,32.367027,74.43855,58.314312,4.9494095,3.1506119,0.09568024,0.19913101,0.60754395,0.41970444,1.0252495,0.57847404,0.41295338,0.80766296,0.6379051,2.8541412,1.7109146,87.72156,101.67169,74.01335,90.29889,94.26719,106.09478,48.387276,58.140175,31.965832,38.45841,20.524477,23.801561,44.27352,48.695534,21.88344,26.268103,14.259468,16.45074,24.90951,31.671568,30.38747,34.346584,71.4376,77.43951,55.645985,60.98264
MjvyiQerHJp4LNFaYjErBuE5gZXzJTTBxjRPbdaIkX8,2,91.810745,81.02201,96.189804,49.28256,32.285316,23.829031,54.21965,23.630594,15.931312,25.869316,37.909824,86.33903,68.348885,98.11525,83.62157,97.76099,50.43943,35.444855,24.831787,54.193737,26.064274,16.667665,28.736172,37.123558,85.65857,68.967285,6.3045044,2.599556,1.5711823,1.1568718,3.1595383,1.0027561,0.025913239,2.4336796,0.7363539,2.8668556,0.7862663,0.68045807,0.6184006,91.14018,105.09032,75.4788,91.764336,91.84719,103.67478,45.56298,55.31588,32.198566,38.691143,23.193245,26.47033,51.98273,56.404743,23.871943,28.256605,15.572029,17.763302,25.355143,32.117203,35.144,39.103115,82.657616,88.65952,66.29896,71.63561
BGjL1f-CjLwYekISOM-ZP9CGKLtlVbXMfak4uh6NEtU,1,103.827515,98.07346,104.00378,55.761986,39.16447,25.391754,55.574234,26.882563,17.721226,29.677294,38.089035,82.60047,71.92138,106.53044,94.40636,106.045456,55.56434,38.071434,25.717241,54.6198,28.248499,17.74408,31.877472,38.32694,86.44594,70.893196,2.7029266,3.6671066,2.0416794,0.1976471,1.0930367,0.32548714,0.95443344,1.3659363,0.022853851,2.2001781,0.2379036,3.8454666,1.028183,99.555374,113.50551,86.26359,102.549126,100.13166,111.95925,50.68789,60.44079,34.825146,41.317722,24.0787,27.355783,52.408794,56.830807,26.056168,30.44083,16.648443,18.839716,28.496443,35.2585,36.34738,40.306496,83.444984,89.44689,68.22487,73.56152
jgZVDpdG6tLTkZXoAq80mPzizScTJEG7n1vuu76jn9o,2,102.10693,89.49951,106.12407,55.991238,38.967716,26.365297,52.199142,28.38982,17.7768,32.090797,38.77405,82.00844,70.298584,105.604126,92.912285,104.1219,55.38811,39.422997,26.151468,53.14509,28.69606,17.822292,32.12864,38.72449,83.58256,71.14966,3.4971924,3.4127731,2.0021667,0.6031265,0.4552803,0.21382904,0.94594574,0.30624008,0.045492172,0.037841797,0.049560547,1.5741196,0.8510742,98.62906,112.57919,84.769516,101.05505,98.20811,110.0357,50.51166,60.26456,36.17671,42.669285,24.512926,27.79001,50.934082,55.356094,26.503729,30.888391,16.726656,18.917929,28.74761,35.509666,36.744934,40.70405,80.581604,86.58351,68.48133,73.817986
yDKNHjVVLnOxD_oBdXqQW1d9SwZDDiKn-VdTJGev_T0,3,99.95495,85.41655,104.382324,51.066322,34.3253,22.193794,48.273098,23.702406,14.985678,29.663883,33.06155,79.65187,63.58669,99.17048,87.262566,103.90627,54.999237,36.391582,23.22676,49.375744,25.338453,16.094942,29.619102,33.901363,79.32773,62.06844,0.7844696,1.8460159,0.47605133,3.9329147,2.0662842,1.0329666,1.1026459,1.6360474,1.1092644,0.04478073,0.83981323,0.32414246,1.5182495,92.19541,106.145546,79.1198,95.405334,97.99248,109.82007,50.122787,59.875687,33.145294,39.63787,21.588219,24.865303,47.164738,51.58675,23.146122,27.530785,14.999306,17.190578,26.238073,33.00013,31.921806,35.88092,76.326775,82.32868,59.400112,64.73677
98ybaqAtTEscPfdBt_pbzyB7uRzO8UymbWubJOh3cd8,1,94.26928,83.76413,103.4725,54.36176,35.557858,23.387436,50.334385,25.213486,16.163635,29.513802,33.811264,79.99442,60.957973,93.44326,81.034134,100.1908,53.239075,35.758778,22.872026,48.837303,24.25155,15.571015,27.873755,32.99855,78.49445,61.120747,0.8260193,2.7299957,3.2817001,1.1226845,0.2009201,0.51540947,1.4970818,0.96193504,0.5926199,1.6400471,0.8127136,1.4999695,0.16277313,86.46819,100.41833,72.891365,89.1769,94.27701,106.1046,48.362625,58.115524,32.51249,39.005066,21.233484,24.510569,46.626297,51.04831,22.05922,26.443882,14.475379,16.666653,24.492725,31.254784,31.018993,34.978107,75.4935,81.49541,58.45242,63.789074
Xh60cQvKbDrqtBGVd8w99ZGaHI-9LOZnuYADjpDVlaA,7,102.035774,84.591736,97.2275,53.053665,38.81139,24.018824,51.817917,28.394312,17.973724,29.911585,37.55562,80.867584,68.38042,101.36883,87.14161,99.10426,52.680138,37.73995,25.177265,51.35471,27.724686,17.285137,31.016336,37.746178,80.37771,68.18621,0.6669464,2.5498734,1.8767624,0.37352753,1.0714417,1.1584415,0.46320724,0.66962624,0.6885872,1.1047516,0.19055939,0.4898758,0.19420624,94.39376,108.343895,78.99884,95.28438,93.19047,105.01806,47.803688,57.556587,34.49366,40.986237,23.538723,26.815807,49.143703,53.565716,25.532354,29.917017,16.1895,18.380774,27.635307,34.397366,35.76662,39.725735,77.376755,83.37866,65.51788,70.85454
59bc276e681516389ccf4844,1,92.05766,79.854256,101.00207,52.812218,39.037395,24.17349,50.93985,24.336174,14.73667,27.328053,33.702606,79.29649,59.798065,91.1445,77.96585,97.463715,51.970505,35.143307,22.362902,47.335865,23.87295,15.380808,27.430113,32.3925,75.90204,58.93959,0.91316223,1.8884048,3.538353,0.84171295,3.8940887,1.8105888,3.6039848,0.4632244,0.64413834,0.10206032,1.3101044,3.394455,0.85847473,84.16943,98.11957,69.82308,86.10862,91.54992,103.37751,47.094055,56.846954,31.897018,38.389595,20.72436,24.001444,45.12486,49.54687,21.680618,26.06528,14.2851715,16.476444,24.049084,30.811142,30.412945,34.37206,72.901085,78.90299,56.271263,61.607918
O4seCrLSEagQp6BGJTsPYovKuLedF1KiXDYJjsxHV0w,1,84.4954,69.135315,86.91593,44.69365,31.804392,22.060488,44.520947,22.134102,14.269537,23.664371,30.48405,74.02907,57.52296,84.09086,71.06385,89.655876,46.798958,33.193283,21.517424,45.47597,22.127327,14.629525,24.370378,31.38689,72.18037,57.449665,0.40454102,1.9285355,2.7399445,2.1053085,1.3888912,0.5430641,0.9550247,0.0067749023,0.3599882,0.706007,0.90283966,1.8487015,0.07329559,77.11579,91.065926,62.92108,79.20662,83.74208,95.56967,41.92251,51.675407,29.946995,36.43957,19.878881,23.155966,43.264965,47.686977,19.934996,24.319658,13.533889,15.725162,20.98935,27.751408,29.407333,33.366447,69.17941,75.18132,54.781338,60.117992
aKCbIlgkgwR0Tv0hD5Y3Reox0bJEgCiqJMVSaIrRKRQ,1,91.93452,78.691956,99.82359,51.294632,36.74583,22.934196,44.489304,22.996927,15.003086,26.866117,31.867128,72.772766,57.32302,94.08399,79.93505,96.00926,51.105694,35.194336,22.100069,44.60498,24.42192,15.615079,28.182116,32.76793,70.556725,57.361736,2.149475,1.2430954,3.814331,0.18893814,1.5514946,0.8341274,0.11567688,1.4249935,0.61199284,1.3159981,0.9008007,2.2160416,0.038715363,87.108925,101.05906,71.79228,88.07782,90.09547,101.92306,46.229244,55.982143,31.948048,38.440624,20.461527,23.738611,42.393974,46.815987,22.22959,26.614252,14.519443,16.710716,24.801086,31.563145,30.788372,34.747486,67.55577,73.55768,54.69341,60.030064
9tplm5gImUViNEcYr2L4gMd5m3cwH61-cy8uJ4SItP0,2,101.54571,91.79136,99.89638,50.784653,40.16326,25.060173,50.248943,25.877367,16.597244,31.430088,36.969566,75.263336,68.55289,101.83475,88.875656,98.93413,52.239677,37.172268,24.583889,50.07697,27.306389,16.81309,30.764614,37.322,78.21264,67.114044,0.2890396,2.9157028,0.96224976,1.4550247,2.9909935,0.47628403,0.17197418,1.4290218,0.21584511,0.66547394,0.35243225,2.9493027,1.4388428,94.85968,108.809814,80.73289,97.018425,93.02033,104.84792,47.363228,57.116127,33.92598,40.418556,22.945347,26.222431,47.865963,52.287975,25.114058,29.49872,15.717453,17.908726,27.383585,34.145645,35.34244,39.301556,75.211685,81.21359,64.44572,69.78237
KNq9LWzRIJfcCQtM9-zFyifnJQUjTpBQI_cl49HX-Ds,12,102.133835,88.291664,100.271736,55.446663,36.139534,24.266386,49.49951,26.803143,17.756685,30.979357,35.39555,78.09519,64.70921,104.90918,92.56568,100.099754,52.298477,36.439293,23.922247,48.981518,27.53731,17.12869,31.43579,36.981293,76.45408,64.834656,2.7753448,4.2740173,0.17198181,3.1481857,0.2997589,0.3441391,0.5179939,0.7341671,0.62799454,0.45643234,1.585743,1.6411133,0.1254425,97.93411,111.88425,84.42291,100.70845,94.18596,106.01355,47.422028,57.174927,33.193005,39.68558,22.283705,25.56079,46.77051,51.192524,25.344978,29.729641,16.033054,18.224327,28.05476,34.81682,35.001736,38.96085,73.453125,79.45503,62.16633,67.50298
p2B4yI1jryEWWbCCxGaBlXZf-6KhftowvESTZC8Sk-c,2,93.11052,78.32154,93.806114,47.120407,33.11642,24.60667,53.91803,26.296917,17.84177,30.294043,36.965176,85.4514,67.82501,97.59676,82.57155,97.485825,50.468746,35.76187,24.998356,54.04281,26.195812,16.87775,28.779442,37.097076,85.34068,68.857376,4.486244,4.2500076,3.6797104,3.348339,2.6454506,0.3916855,0.12477875,0.10110474,0.9640198,1.5146008,0.13190079,0.11071777,1.0323639,90.6217,104.57183,74.42878,90.71432,91.57203,103.39962,45.592297,55.345196,32.515583,39.00816,23.359814,26.636898,51.831802,56.253815,24.00348,28.388144,15.782114,17.973387,25.398413,32.16047,35.11752,39.076633,82.33973,88.34164,66.18905,71.5257
SZmnW-xc6SrqiqDHJsWld1yYThhr489nBwJCqzYIh-A,2,106.300995,90.54426,105.10755,55.11913,37.641014,25.490822,54.108376,28.136578,17.848944,30.407745,38.466766,87.42992,69.39773,107.29061,95.33534,106.4361,55.75456,38.633167,26.15009,55.332,28.498646,17.87627,31.931187,38.765385,87.705246,72.01186,0.9896164,4.7910843,1.3285446,0.6354294,0.99215317,0.6592674,1.2236252,0.36206818,0.027326584,1.5234413,0.29861832,0.2753296,2.6141357,100.315544,114.26568,87.19257,103.47811,100.5223,112.34989,50.87811,60.63101,35.38688,41.879456,24.511547,27.788631,53.120995,57.543007,26.306314,30.690977,16.780634,18.971907,28.550158,35.312218,36.785828,40.74494,84.70429,90.7062,69.34354,74.68019
CpFafJDl0f2NkI4XPdcEpqtEtAyQlfh06eeNnLelmTw,2,100.18814,85.797226,102.11438,54.177452,36.55067,25.443865,50.62341,27.995512,17.372334,31.21282,37.322655,80.7744,67.22563,100.55522,86.177925,98.7511,52.826324,37.587067,24.937702,50.677544,27.585102,17.037273,31.04182,37.510384,79.23368,67.639786,0.3670807,0.38069916,3.3632812,1.3511276,1.036396,0.50616264,0.05413437,0.41040993,0.33506012,0.17099953,0.18772888,1.5407181,0.41415405,93.580154,107.53029,78.03516,94.320694,92.8373,104.664894,47.949875,57.702774,34.34078,40.833355,23.29916,26.576244,48.466537,52.88855,25.39277,29.777433,15.941637,18.13291,27.660791,34.42285,35.530827,39.48994,76.23273,82.234634,64.97146,70.30811
alvViEXcpt6DTJMCIgxAwfPXlieyPGTGoJs62yCtXlc,1,94.7642,82.878105,97.48371,52.143593,34.748077,22.37125,44.735764,24.132048,15.424057,30.305525,31.237926,74.16419,58.34464,93.98283,81.87154,96.82002,50.91914,34.25412,21.633219,45.17411,23.712044,15.014346,27.50571,32.330822,71.87227,57.54248,0.7813721,1.0065689,0.66368866,1.224453,0.49395752,0.7380314,0.43834686,0.4200039,0.40971088,2.7998142,1.0928955,2.2919235,0.80215836,87.00776,100.95789,73.72877,90.014305,90.90623,102.73382,46.04269,55.79559,31.007832,37.50041,19.994677,23.27176,42.963104,47.385117,21.519712,25.904375,13.91871,16.109982,24.124681,30.88674,30.351265,34.31038,68.871315,74.87322,54.874153,60.210808
j3scOr7Agpc6mqX7390w1Nn1DSd35AU-mcbecE0rfZU,3,105.54238,94.588036,103.27698,50.452026,33.363796,23.65226,52.578102,26.529127,16.6803,30.478514,36.5219,80.910126,68.72502,103.670586,91.44138,101.22227,52.227688,35.50259,24.329405,52.97844,26.961142,16.899408,30.395185,37.266357,83.58663,67.878334,1.8717957,3.1466522,2.0547104,1.7756615,2.138794,0.677145,0.40033722,0.43201447,0.21910858,0.08332825,0.74445724,2.676506,0.8466873,96.69552,110.64565,83.298615,99.58415,95.30847,107.13606,47.35124,57.104137,32.2563,38.74888,22.690863,25.967947,50.767433,55.189445,24.76881,29.153473,15.803772,17.995045,27.014156,33.776215,35.2868,39.245914,80.58568,86.587585,65.21001,70.54666
UVMzcuNGL27V5zxla6MePU3qTsKddVZxCu0I4JlEq6Y,2,97.33743,79.41824,96.074135,44.919823,33.245716,25.606062,53.474297,25.515955,16.90972,27.184679,37.682373,80.4544,71.78386,95.430084,80.53366,96.876526,50.215565,36.27547,25.201225,53.6136,25.830858,16.695002,28.135365,36.926125,84.60223,69.44113,1.9073486,1.1154175,0.80239105,5.295742,3.0297546,0.40483665,0.13930511,0.31490326,0.21471786,0.9506855,0.7562485,4.147827,2.3427277,88.45502,102.40515,72.39089,88.67643,90.96273,102.79032,45.339115,55.092014,33.029182,39.52176,23.562683,26.839767,51.402596,55.824608,23.638527,28.02319,15.599365,17.790638,24.754335,31.516394,34.946568,38.90568,81.60127,87.60318,66.772804,72.10946
rhUrMSeO7Nb-lPQHSDizeYFdm1ZkYzFozoaL92zkAZ0,1,81.40649,74.03399,90.703735,44.899006,31.436182,20.923447,46.504696,22.14433,15.124787,23.472345,32.484856,75.203224,58.866817,85.72079,73.05267,91.28722,46.78297,32.89637,21.82253,47.985176,22.12192,14.723527,24.29876,31.88031,76.71141,59.017754,4.3143005,0.9813156,0.58348083,1.8839645,1.4601879,0.8990841,1.4804802,0.02240944,0.40126038,0.8264141,0.6045456,1.5081863,0.15093613,78.74572,92.695854,64.909904,81.19544,85.37342,97.20101,41.90652,51.65942,29.650082,36.14266,20.183989,23.461073,45.77417,50.196182,19.929588,24.31425,13.627891,15.819163,20.91773,27.679789,29.900753,33.859867,73.71046,79.712364,56.349426,61.68608
Kt0GsE-I7kELdwI9W4UddWf2678GShfelphWFdlEfgs,11,96.96344,79.24449,93.32987,51.58092,36.28622,23.344572,43.814377,28.21801,16.689552,32.485924,37.796154,66.74215,62.433563,95.71238,80.96158,92.65367,49.22562,35.215424,22.730959,44.962864,25.778187,16.10839,29.18465,34.983833,69.73957,60.19482,1.2510605,1.7170868,0.67620087,2.355301,1.070797,0.6136131,1.1484871,2.4398232,0.5811615,3.3012733,2.8123207,2.9974213,2.2387428,88.73731,102.68745,72.81881,89.10435,86.739876,98.56747,44.34917,54.10207,31.969135,38.46171,21.092417,24.369501,42.751858,47.17387,23.585855,27.970518,15.012754,17.204027,25.803621,32.56568,33.004276,36.96339,66.73862,72.740524,57.526493,62.863148
JzUFURmryZAOZBJnIl8-sVLCj5Rc9ZuYnP0LZz7podg,11,102.13223,86.468956,100.33536,54.007854,39.023815,25.573088,50.135777,28.71773,18.025545,31.340036,36.060062,79.99427,67.56769,104.340775,91.18256,100.75344,53.11085,37.416573,24.887636,51.227383,28.048687,17.446785,31.659138,37.858932,80.16949,67.677536,2.2085419,4.713608,0.4180832,0.8970032,1.6072426,0.6854515,1.0916061,0.6690426,0.57876015,0.31910133,1.7988701,0.17521667,0.10984802,97.36571,111.31584,83.039795,99.32533,94.839645,106.66724,48.2344,57.9873,34.170284,40.66286,23.249094,26.526178,49.016376,53.43839,25.856356,30.241018,16.351149,18.542421,28.278109,35.04017,35.879375,39.83849,77.16853,83.17044,65.00921,70.34586
59bc2766681516389ccf45b4,3,95.53862,81.449036,104.78086,53.880436,37.80063,24.079395,48.931828,25.795568,17.459435,29.897776,33.83392,77.03049,63.257538,91.464874,77.59513,99.27604,53.265446,36.602238,23.631386,50.09361,24.566153,15.970157,27.778925,33.453083,80.563896,62.441326,4.0737457,3.8539047,5.504822,0.61499023,1.198391,0.4480095,1.1617813,1.2294159,1.4892778,2.1188507,0.3808365,3.533409,0.8162117,84.48981,98.43994,69.45236,85.7379,93.36224,105.189835,48.388996,58.141895,33.35595,39.848526,21.992844,25.269928,47.882603,52.304615,22.373821,26.758484,14.87452,17.065792,24.397896,31.159954,31.473526,35.43264,77.56294,83.56485,59.773,65.10965
pMnXRR4wol-MqJYDEWJNQo91TG9sdN2LJPzQEZjnroc,2,98.170746,90.7143,97.1396,50.04629,32.99956,23.072952,45.83728,26.064318,16.043478,29.88011,35.29485,71.04451,65.56598,98.33409,85.69585,94.72679,49.629253,35.519855,23.141064,46.531693,25.968948,15.950695,29.320066,35.791,72.25372,63.127872,0.16334534,5.0184555,2.4128113,0.41703796,2.5202942,0.06811142,0.69441223,0.09536934,0.092782974,0.56004333,0.49615097,1.2092133,2.4381065,91.359024,105.30916,77.55308,93.838615,88.812996,100.64059,44.752804,54.505703,32.273567,38.766144,21.502522,24.779606,44.320686,48.7427,23.776617,28.16128,14.855059,17.046331,25.939037,32.701096,33.811443,37.770557,69.25277,75.25468,60.459545,65.7962
13pX7gY7asIuwkUe84q-h_Y4ih0x3AWA_elpNZmNBKg,1,87.31368,67.684814,93.661316,47.091267,31.347073,20.825943,50.94427,21.579315,14.785403,25.262388,32.636288,78.33565,60.765606,89.2167,76.29759,95.61617,50.346153,34.322163,22.320627,48.245373,23.284765,15.1435995,26.252375,32.3925,77.3001,59.799355,1.9030151,8.612778,1.9548569,3.2548866,2.97509,1.4946842,2.6988983,1.70545,0.35819626,0.9899864,0.24378586,1.0355453,0.9662514,82.24163,96.191765,68.15482,84.44036,89.70238,101.52997,45.469704,55.222603,31.075874,37.56845,20.682085,23.95917,46.034367,50.45638,21.092434,25.477097,14.047963,16.239235,22.871346,29.633404,30.412945,34.37206,74.29915,80.301056,57.131027,62.46768
tSmlCyLORH6VB-Q3-KA93xMd9htfy-YeQytwIAsApCc,4,106.6331,87.9334,101.92882,53.92462,33.952003,22.531778,48.77054,26.315552,15.688556,29.284626,37.42226,78.21369,64.3017,104.00845,91.31334,101.1816,53.357338,36.96976,24.393126,50.18813,27.611467,17.086294,31.51229,37.224457,78.57102,66.27092,2.624649,3.3799362,0.7472153,0.56728363,3.0177574,1.8613472,1.4175911,1.2959156,1.3977385,2.227663,0.1978035,0.35733032,1.969223,97.03339,110.98352,83.17057,99.45611,95.26781,107.0954,48.48089,58.233788,33.723473,40.21605,22.754583,26.031668,47.977123,52.399136,25.419136,29.803799,15.990658,18.18193,28.13126,34.89332,35.2449,39.204014,75.57007,81.571976,63.602592,68.93925
irp9xnYo9ZcKWpPaJUa56QEJ16_8WXAyFIWaB99KIqU,2,100.7151,89.80782,99.28268,54.84284,36.807785,25.447727,52.421776,28.22678,18.32165,31.830463,37.60351,85.7291,69.66937,105.16538,92.6694,103.43445,54.16873,38.224525,25.941477,54.36039,28.173454,17.62474,31.344555,38.65812,85.71481,71.628395,4.450279,2.86158,4.1517715,0.6741066,1.4167404,0.49374962,1.9386139,0.053325653,0.69690895,0.4859085,1.0546074,0.014289856,1.9590225,98.190315,112.14045,84.526634,100.81217,97.52065,109.34824,49.292282,59.04518,34.978237,41.470814,24.302935,27.580019,52.149384,56.571396,25.981123,30.365786,16.529104,18.720377,27.963526,34.725586,36.678562,40.637676,82.71386,88.71577,68.96007,74.29672
Toz0icy6zg4N3sYsq5kQ4LbEARl-JPPctQSFRY8WgBw,4,103.84755,97.67372,103.5115,53.28488,33.80861,23.367008,50.53303,25.411385,16.60258,30.021456,37.06596,79.31465,69.72053,103.2799,90.69479,100.71887,52.73005,36.968796,24.825584,51.883804,27.430365,17.020199,30.840439,37.633404,81.48178,68.507484,0.56764984,6.9789276,2.7926254,0.55483246,3.1601868,1.4585762,1.3507729,2.01898,0.4176197,0.8189831,0.56744385,2.1671295,1.2130432,96.30483,110.25497,82.552025,98.83756,94.80508,106.63267,47.8536,57.6065,33.722507,40.215084,23.187042,26.464127,49.6728,54.09481,25.238033,29.622696,15.924562,18.115835,27.45941,34.221466,35.653847,39.61296,78.48083,84.482735,65.83916,71.17581
W2fLwg08JPv_ss2ekmFaLRwOy2yWqg1Ktl6tf7Y7tHI,1,104.21069,84.31805,102.15105,56.978027,36.368835,25.382683,52.79551,27.886364,16.571371,34.1557,38.250755,80.855156,71.78725,101.68879,87.38987,101.96403,53.91267,37.80545,25.732864,54.204742,27.66302,17.422783,30.847198,38.003803,85.64879,70.39493,2.521904,3.0718231,0.18701935,3.0653572,1.436615,0.35018158,1.4092331,0.2233448,0.8514118,3.3085022,0.24695206,4.7936325,1.3923187,94.71372,108.66386,79.2471,95.53264,96.05023,107.87782,49.03622,58.78912,34.559162,41.05174,24.094322,27.371407,51.993736,56.41575,25.470688,29.85535,16.327147,18.51842,27.46617,34.228226,36.024246,39.98336,82.647835,88.64974,67.7266,73.063255
BFf4wYsA_fQ-YMPs6O0OdFYmwJu3yHbU7_VTRwuvf-0,2,95.70614,89.25455,97.97539,54.033913,37.705807,25.346346,45.630085,23.729801,16.501783,27.711363,36.551067,70.963905,67.12671,98.480576,85.60385,96.623474,50.95645,35.994217,23.513256,47.82167,26.19391,16.146044,29.684628,35.91723,74.601166,64.14395,2.774437,3.6506958,1.3519135,3.0774612,1.7115898,1.8330898,2.1915855,2.4641094,0.3557396,1.9732647,0.63383865,3.6372604,2.9827576,91.50551,105.45564,77.46108,93.74662,90.70968,102.53727,46.08,55.8329,32.74793,39.240505,21.874714,25.151798,45.610664,50.032677,24.00158,28.386242,15.050407,17.24168,26.303598,33.06566,33.93767,37.896786,71.60021,77.60212,61.475624,66.81228
1D-rS4ceivG5o5yI7oRT4XD61IjRxaI_SeFBoqHYems,1,93.39962,78.13337,100.67453,54.663322,38.561443,23.080414,49.12768,24.29977,16.740795,28.41446,34.207733,77.6395,62.634117,93.623116,80.94909,100.306274,53.625843,36.548992,23.120155,48.20607,24.547672,15.741394,28.215937,33.158104,77.30866,61.33813,0.22349548,2.8157196,0.36825562,1.0374794,2.0124512,0.039741516,0.9216118,0.24790192,0.9994011,0.19852257,1.0496292,0.33084106,1.2959862,86.64805,100.59818,72.80632,89.09186,94.39248,106.22007,48.749393,58.502293,33.302704,39.79528,21.481613,24.758698,45.995064,50.417076,22.355341,26.740004,14.645758,16.83703,24.834908,31.596966,31.178547,35.13766,74.30771,80.309616,58.669804,64.006454
wyzXYq1mCO53i8GE8uTF583tYOYGA7-eQOjJp1xBalI,2,100.942726,91.09764,101.24492,52.292145,37.86064,23.214607,51.23022,26.128643,16.842247,29.890802,37.424534,79.49965,65.05961,100.5099,87.49945,99.55817,52.851643,37.401836,24.638912,50.23134,27.096722,16.75209,30.557613,37.00188,78.645294,67.21174,0.43282318,3.5981903,1.6867523,0.55949783,0.45880508,1.424305,0.9988823,0.9680786,0.090156555,0.666811,0.4226532,0.85435486,2.1521301,93.534836,107.48497,79.35668,95.64222,93.64437,105.47196,47.975193,57.728092,34.15555,40.648125,23.00037,26.277454,48.020332,52.442345,24.90439,29.289053,15.656454,17.847727,27.176584,33.938644,35.022324,38.981438,75.64434,81.64625,64.54341,69.880066
m3-xxrOtkDHwzPWWmH0k2JhHuxoCvZySmVljoy4F8JI,2,92.712036,72.47812,90.04129,47.216522,33.38145,23.293549,50.332413,25.84583,15.552941,27.572094,35.895603,78.89398,60.984848,88.97502,74.48541,89.81311,46.623066,34.077827,23.036526,48.06182,24.060223,15.482888,26.306087,34.52875,75.024185,62.829277,3.7370148,2.0072937,0.22817993,0.59345627,0.6963768,0.25702286,2.2705917,1.7856083,0.0700531,1.2660065,1.3668518,3.8697968,1.844429,81.999954,95.95009,66.34264,82.62818,83.899315,95.726906,41.746616,51.499516,30.83154,37.324116,21.397984,24.675068,45.850815,50.272827,21.867891,26.252554,14.387252,16.578526,22.925058,29.687117,32.549194,36.50831,72.02323,78.02514,60.16095,65.497604
ytf4AiJs29Zl0YhmcryHTenc9awbx5rimRO5Xixg4Po,2,87.93465,74.29235,91.24953,48.10888,35.682743,23.345274,47.850773,23.993881,15.564586,26.22203,35.10812,73.630394,63.09986,89.20545,74.56392,90.10793,47.26801,34.77603,23.163807,47.321716,24.442879,15.6951275,26.791508,34.588753,73.75144,62.72547,1.2708054,0.2715683,1.1415939,0.8408699,0.9067116,0.18146706,0.52905655,0.4489975,0.1305418,0.5694771,0.5193672,0.12104797,0.37438965,82.230385,96.18052,66.42115,82.70669,84.19414,96.02173,42.39156,52.14446,31.529743,38.02232,21.525265,24.80235,45.11071,49.532722,22.250547,26.63521,14.599491,16.790764,23.410479,30.172537,32.609196,36.56831,70.75049,76.752396,60.057144,65.3938
91hkFkRlHkbUc_v76OqSfOTGr0WAGZc4nJqeGTs3GOs,2,106.712265,94.47605,99.2525,50.933964,34.1876,23.270811,48.746788,26.609737,16.364418,29.508884,35.204388,77.01205,65.686714,103.486275,91.16879,99.33644,51.64437,35.588287,23.520666,48.955597,26.934887,16.78432,30.78478,36.45732,76.550026,64.09385,3.2259903,3.3072586,0.0839386,0.71040726,1.4006882,0.24985504,0.2088089,0.32514954,0.4199028,1.2758961,1.2529335,0.46202087,1.592865,96.51121,110.46134,83.026024,99.31156,93.422646,105.25024,46.76792,56.52082,32.342,38.834576,21.882124,25.159208,46.74459,51.166603,24.742556,29.127218,15.688684,17.879957,27.403751,34.16581,34.477764,38.43688,73.54907,79.55098,61.42552,66.76218
BcfLjoZiAgGyAvozpMYCkbXsM37U12f0bmXpYN3dp58,2,97.44533,86.792885,95.08493,48.956593,36.17374,23.666986,49.155033,26.927828,16.726568,28.648071,36.907524,73.9849,64.03848,99.33208,85.90315,94.91106,49.962387,35.663284,23.361622,47.085888,26.457241,16.254183,29.888918,36.200493,73.04109,63.25183,1.8867493,0.88973236,0.1738739,1.0057945,0.5104561,0.3053646,2.0691452,0.47058678,0.4723854,1.2408466,0.70703125,0.9438095,0.7866516,92.35701,106.307144,77.76038,94.04592,88.99726,100.82485,45.085938,54.838837,32.416996,38.909573,21.72308,25.000164,44.87488,49.296894,24.26491,28.649572,15.158546,17.34982,26.507889,33.269947,34.220936,38.18005,70.04014,76.042046,60.583504,65.92016
X9PXsR-6P0aJrApLb5U99rVuj-a7ZEg3cT4_ZsPdjhY,2,105.93087,98.01014,102.84925,49.78101,32.116405,22.782787,55.888603,25.103533,15.584636,28.255617,36.558773,85.87894,69.98948,107.00958,96.16293,103.76613,53.3214,36.368446,24.691412,53.299164,27.587635,17.307852,31.151642,37.803352,84.122955,68.9856,1.0787125,1.8472061,0.91687775,3.54039,4.252041,1.9086246,2.5894394,2.4841022,1.723216,2.8960247,1.2445793,1.7559814,1.0038757,100.034515,113.98465,88.020164,104.3057,97.85233,109.679924,48.44495,58.19785,33.122158,39.614735,23.05287,26.329954,51.088158,55.51017,25.395304,29.779966,16.212215,18.403488,27.770613,34.53267,35.823795,39.78291,81.122,87.12391,66.317276,71.65393
w0478BRgZeaZDHTp1jKrUoDgcAfnjTpVDHhWvxJHWIc,2,100.04826,90.219604,100.9064,54.4089,37.958637,24.622005,49.520947,27.87879,17.47263,31.320913,38.386776,79.25383,68.14341,103.987724,91.29473,102.29448,54.06137,38.412415,25.466354,52.04928,28.022352,17.47823,31.457455,37.993748,81.68993,69.424034,3.9394608,1.0751266,1.3880768,0.34753036,0.4537773,0.8443489,2.5283318,0.14356232,0.0055999756,0.13654137,0.39302826,2.4361038,1.2806244,97.01266,110.96279,83.15196,99.4375,96.380684,108.208275,49.18492,58.93782,35.166126,41.658703,23.827812,27.104897,49.838272,54.260284,25.83002,30.214684,16.382593,18.573866,28.076426,34.838486,36.01419,39.973305,78.68898,84.69089,66.75571,72.09236
rK2atJFxHpSGXjwbvuYsSDsE9FuZYBY1-pTFM4NfxIE,1,98.62847,83.82187,98.53705,54.050655,40.166847,24.946321,53.42181,29.523619,17.754908,31.078215,38.162647,82.522575,69.66739,104.18954,90.85722,102.72795,54.397877,38.68381,25.946072,53.36834,28.298527,17.705156,31.575577,38.506607,83.86865,70.937164,5.5610657,7.0353546,4.1909027,0.34722137,1.483036,0.99975014,0.05347061,1.2250919,0.04975128,0.49736214,0.3439598,1.346077,1.2697754,97.21447,111.164604,82.714455,98.99999,96.814156,108.64175,49.521427,59.274326,35.437523,41.9301,24.30753,27.584614,51.157333,55.579346,26.106195,30.490858,16.60952,18.800793,28.194548,34.956604,36.52705,40.486164,80.8677,86.869606,68.26884,73.60549
V_0sGaklZkDdzIbLXXah4By9WGnaX1cyo3uSLJjvl1I,3,101.50029,87.655365,101.21452,53.284138,37.121056,24.744888,49.754547,26.60078,16.520947,31.54669,34.929077,76.971306,66.823494,102.8798,89.3503,100.11178,53.23108,37.523518,24.823977,50.584362,27.82415,17.105465,31.512579,37.63776,79.10837,67.316154,1.379509,1.6949387,1.102745,0.053058624,0.402462,0.07908821,0.8298149,1.2233696,0.58451843,0.034111023,2.708683,2.137062,0.49266052,95.90473,109.854866,81.207535,97.49307,94.19798,106.02557,48.35463,58.10753,34.27723,40.769806,23.185434,26.462519,48.373356,52.79537,25.631819,30.016481,16.009829,18.201101,28.13155,34.89361,35.658203,39.617317,76.107414,82.10932,64.64783,69.98448
i3SvfU4QENc_5cPFWOb7r5iNEumdNOYuj28e-Qw4J54,6,98.95431,85.77534,95.30017,50.08511,36.94941,24.603981,48.86955,26.863821,16.381243,30.571018,36.768044,74.68316,66.64412,101.43103,88.66154,97.30893,51.152332,36.547318,23.97222,48.48081,26.973818,16.577284,30.436386,36.83696,75.44926,65.40729,2.4767227,2.8862,2.0087585,1.0672226,0.40209198,0.63176155,0.38874054,0.109996796,0.1960411,0.13463211,0.06891632,0.766098,1.2368317,94.45596,108.4061,80.51877,96.804306,91.395134,103.222725,46.275883,56.02878,33.30103,39.793606,22.333677,25.610762,46.269802,50.691814,24.781487,29.16615,15.4816475,17.67292,27.055357,33.817413,34.857403,38.816517,72.4483,78.45021,62.73896,68.075615
wrDOCu7G07S5kJa1UNP7ol5UvBk_emF2JM7U3KQNJjc,7,101.531555,92.00662,103.925514,54.152935,36.524284,25.483688,53.24273,28.183619,16.702215,30.787987,37.857777,85.457184,68.76923,103.30511,89.861404,102.18665,53.565144,37.53384,25.645035,54.288746,27.738739,17.415335,30.897486,38.227337,85.72774,70.62522,1.773552,2.145218,1.7388611,0.58779144,1.0095558,0.16134644,1.0460167,0.44487953,0.7131195,0.10949898,0.36956024,0.2705536,1.8559875,96.33004,110.280174,81.718636,98.00417,96.27286,108.10045,48.688694,58.441593,34.28755,40.78013,24.006493,27.283577,52.07774,56.499752,25.546408,29.93107,16.319698,18.510971,27.516457,34.278515,36.24778,40.206894,82.72678,88.72869,67.956894,73.29355
-QVnfQ26qAbPK2NBge_b9gErXDn4CdOYWdc4fILEjjQ,1,89.473976,77.15233,94.8722,51.796165,35.65148,22.110947,42.741238,23.593948,15.868992,27.424707,31.470802,70.5487,58.753235,86.84487,74.151764,93.53768,50.058327,35.143307,21.90708,44.438328,22.998112,14.802841,26.02558,31.660418,70.60563,57.54248,2.6291046,3.0005646,1.3345184,1.7378387,0.5081749,0.20386696,1.6970901,0.59583664,1.0661507,1.399128,0.18961525,0.056930542,1.2107544,79.869804,93.81994,66.008995,82.29453,87.623886,99.45148,45.181877,54.934776,31.897018,38.389595,20.268538,23.545622,42.22732,46.649334,20.80578,25.190443,13.707205,15.898478,22.64455,29.406609,29.68086,33.639977,67.604675,73.60658,54.874153,60.210808
o9nOvUoHnwP2VDsgiu6eWZT9-w2k3xcdrXzS_3USI6c,2,102.65789,85.886406,101.013054,52.773056,38.407738,24.753172,51.94393,26.934702,16.775236,31.70391,38.53317,78.17111,70.57102,103.041916,90.10487,102.11693,54.310547,38.440636,25.447975,51.899918,27.879362,17.285269,31.319439,37.84559,81.52427,69.34831,0.38402557,4.2184677,1.1038742,1.5374908,0.03289795,0.69480324,0.044013977,0.9446602,0.51003265,0.3844719,0.6875801,3.353157,1.2227097,96.06685,110.01698,81.962105,98.24764,96.20313,108.03072,49.434097,59.186996,35.194347,41.686924,23.809433,27.086517,49.68891,54.110924,25.68703,30.071693,16.189632,18.380905,27.93841,34.70047,35.86603,39.825146,78.523315,84.52522,66.679985,72.01664
FwKn-jm3nCeeL0h6WpYdyUgAQd9jn1r7V1DlVSacAFQ,1,94.01924,80.23254,92.55611,48.83685,37.488953,23.140886,47.6834,24.418983,16.65529,27.363503,32.033848,74.64803,58.941853,96.801476,83.17343,97.957535,51.77862,34.67629,22.127638,46.25892,24.8181,15.77591,28.902288,33.19833,73.53259,58.01144,2.7822342,2.940895,5.401428,2.9417725,2.812664,1.0132484,1.4244804,0.39911652,0.8793802,1.5387859,1.1644821,1.1154404,0.9304123,89.82641,103.77654,75.03066,91.3162,92.04374,103.87133,46.902172,56.65507,31.43,37.922577,20.489096,23.76618,44.047913,48.469925,22.625769,27.010431,14.680274,16.871548,25.52126,32.283318,31.218773,35.177887,70.53164,76.53355,55.343113,60.679768
TLI5z5j7y9XIr6a-acw6-gcpuKN6bHj9IOq0Z4CdvN0,2,97.998474,82.23104,100.763405,49.894756,33.565586,22.793873,47.306778,24.958622,15.973859,25.841995,31.436447,77.67524,61.042263,91.20633,78.8654,96.98218,50.929134,34.353863,22.171291,47.92229,23.43553,15.149841,26.681095,32.380432,76.88136,59.613724,6.792145,3.3656387,3.781227,1.034378,0.7882767,0.6225815,0.61551285,1.5230923,0.8240175,0.8390999,0.943985,0.79387665,1.4285393,84.23126,98.1814,70.72263,87.00817,91.06838,102.89597,46.052685,55.805584,31.107574,37.60015,20.53275,23.809834,45.711285,50.133297,21.243198,25.627861,14.054205,16.245478,23.300066,30.062124,30.400875,34.35999,73.88041,79.88232,56.945396,62.28205
lIMBdxq-hL2x3khzzweWS3Utwae_OMRtc6VCQFBZzok,2,98.98477,79.904236,96.34336,53.87956,38.453583,24.957159,49.82933,27.054688,17.558033,31.765083,36.949406,79.50123,64.30718,95.82492,81.135544,95.41225,50.346153,36.41136,24.570562,50.705055,26.23608,16.529379,29.030605,36.657627,79.34953,67.05908,3.159851,1.231308,0.9311142,3.5334053,2.042221,0.38659668,0.8757248,0.81860733,1.0286541,2.734478,0.29177856,0.15169525,2.7518997,88.84985,102.79999,72.992775,89.27831,89.49845,101.32604,45.469704,55.222603,33.165073,39.65765,22.93202,26.209105,48.49405,52.91606,24.043749,28.428411,15.433743,17.625015,25.649576,32.411636,34.67807,38.637184,76.34858,82.35049,64.390755,69.72741
a-HTa9SAriNkAGXwse-2uoHH41eWrPaygLHxsSLhZRw,3,99.005,88.703064,100.129684,53.75299,36.179367,25.808897,52.441624,27.920645,17.413706,31.907537,36.73626,81.59926,67.99104,102.33374,88.55021,100.330025,52.634106,36.86833,25.174728,53.13251,27.552145,17.200508,30.809479,37.95464,83.568695,69.3357,3.328743,0.15285492,0.20034027,1.118885,0.688961,0.6341686,0.69088745,0.36849976,0.21319771,1.0980587,1.21838,1.9694366,1.3446579,95.35867,109.30881,80.40744,96.69298,94.41623,106.24382,47.757656,57.510555,33.62204,40.114616,23.536186,26.81327,50.921505,55.343517,25.359814,29.744476,16.104872,18.296144,27.42845,34.190506,35.975082,39.934196,80.56774,86.56965,66.66737,72.00403
KzVubtjZ59Pk0KE1g03Exy5v9B9VfsKWtn1oiNfoguQ,2,88.17984,71.047844,89.294044,48.0401,36.549267,23.222704,45.948563,24.610405,15.076686,28.39995,34.83942,71.94011,62.187244,88.78392,74.59663,90.80568,48.078186,35.142532,23.113033,46.921593,24.436796,15.500513,26.936737,34.46305,73.12424,62.581974,0.6040802,3.5487823,1.5116348,0.038085938,1.4067345,0.10967064,0.9730301,0.17360878,0.42382717,1.463213,0.37636948,1.1841278,0.3947296,81.80885,95.75899,66.45386,82.739395,84.891884,96.719475,43.201736,52.954636,31.896244,38.38882,21.474491,24.751575,44.710587,49.1326,22.244465,26.629128,14.404877,16.59615,23.555708,30.317766,32.483494,36.442608,70.12328,76.12519,59.913647,65.250305
YA0piHl32MSDrXwwYSzw0xZkgZhEQ-dT0fbo7jC59FU,1,78.264694,69.072205,86.181885,45.696228,32.350647,22.878912,44.211468,21.20076,13.483371,24.270567,29.64759,70.629845,55.556377,82.65202,70.90684,90.12759,47.22004,33.471638,21.076305,43.696255,21.537792,14.219734,23.765594,30.499273,69.40257,56.12583,4.387329,1.8346329,3.9457016,1.5238113,1.1209908,1.8026066,0.515213,0.33703232,0.7363634,0.50497246,0.85168266,1.227272,0.5694542,75.676956,89.62709,62.76407,79.04961,84.21379,96.04138,42.34359,52.09649,30.22535,36.717926,19.437763,22.714848,41.48525,45.90726,19.34546,23.730124,13.124098,15.315371,20.384565,27.146624,28.519716,32.47883,66.40162,72.40353,53.457504,58.79416
o7s58PUTsT5yQd8DXsSetqhtl2BHn-coxbDQIC4PKL0,1,84.76985,70.40609,87.796135,44.41133,30.80543,21.003836,44.674614,20.349531,13.76465,23.803041,30.582237,71.533424,53.951084,87.45188,75.277016,90.63861,46.777637,31.835535,20.592913,44.494926,22.075947,14.344582,24.855799,31.075823,70.64964,55.30515,2.6820297,4.870926,2.842476,2.3663063,1.0301056,0.410923,0.1796875,1.7264156,0.57993126,1.0527573,0.4935856,0.88378143,1.354065,80.476814,94.42695,67.13425,83.419785,84.724815,96.55241,41.901188,51.654087,28.589247,35.081825,18.95437,22.231455,42.28392,46.705933,19.883615,24.268278,13.248945,15.440218,21.47477,28.236828,29.096266,33.05538,67.64869,73.6506,52.63682,57.973476
USmhBn8O9THhhyAypEL9u68iMWV7Qmy7TR-1EV_jZZQ,2,95.09279,83.70522,97.60537,48.440926,33.130726,21.655945,47.604305,24.189571,16.16528,26.369856,33.31106,76.43897,60.189167,95.905014,83.5267,99.56677,52.76503,35.7379,22.614708,47.138557,24.663956,15.7153225,28.509377,33.188942,75.25282,59.963,0.81222534,0.1785202,1.9614029,4.3241043,2.607174,0.9587631,0.46574783,0.4743843,0.4499569,2.1395206,0.1221199,1.1861496,0.22616577,88.92995,102.88008,75.383934,91.66947,93.65298,105.48057,47.88858,57.64148,32.49161,38.984188,20.976166,24.25325,44.92755,49.349564,22.471624,26.856287,14.619686,16.810959,25.128347,31.890406,31.209385,35.1685,72.25187,78.25378,57.294674,62.63133
TH0MiV9KcajD00Dm4oCUNaMx14p36PTQyxhJcUUN3Cg,3,90.40472,84.04014,98.581505,51.512848,33.64915,21.749308,48.138157,23.982063,15.666235,28.805433,33.49126,76.92793,60.189342,95.1959,83.114555,98.665924,51.57519,34.24381,22.092104,47.75852,24.026644,15.35437,27.757042,32.848377,76.44692,59.426464,4.7911835,0.9255829,0.08441925,0.062343597,0.5946579,0.34279633,0.37963867,0.04458046,0.31186485,1.0483913,0.6428833,0.48101044,0.7628784,88.22083,102.17097,74.97179,91.257324,92.75213,104.57972,46.698742,56.45164,30.99752,37.490097,20.453562,23.730646,45.547512,49.969524,21.834312,26.218975,14.258734,16.450006,24.376013,31.138071,30.86882,34.827934,73.44597,79.447876,56.758137,62.09479
ONExtjPuO-BP4G0Mxy8Hnm5snWhuR8xoomIwRPxkGXc,1,85.57724,73.502144,98.95424,51.171524,32.81677,22.387741,44.997475,23.442034,15.214323,26.398945,31.085949,72.00173,56.4621,92.49341,80.22291,98.08038,52.01848,34.603607,21.473312,44.15219,23.31181,14.855718,27.481838,31.48611,70.41001,56.160027,6.916168,6.720764,0.8738556,0.84695435,1.7868385,0.9144287,0.8452835,0.13022423,0.35860538,1.0828934,0.40016174,1.5917206,0.30207443,85.51834,99.468475,72.08014,88.36568,92.16659,103.99418,47.14203,56.894928,31.357319,37.849895,19.83477,23.111855,41.941185,46.363197,21.119478,25.50414,13.760081,15.951354,24.10081,30.862867,29.506554,33.465668,67.40906,73.410965,53.4917,58.828354
TjUvH8GaZcADOnXQwNaajoaDp6G_sEk-R_cEFXjm-Oc,6,99.3037,81.632034,98.257996,48.00798,33.75533,25.156052,52.41611,25.626293,16.833294,28.152428,35.548347,81.2758,70.78518,99.52375,85.08375,99.23468,51.674683,36.480225,25.302391,54.229374,26.80173,17.049604,29.55026,37.624355,85.589294,69.977264,0.220047,3.4517136,0.9766846,3.6667023,2.7248955,0.14633942,1.8132629,1.175436,0.2163105,1.3978329,2.0760078,4.313492,0.80791473,92.54868,106.49882,76.94098,93.22652,93.320885,105.148476,46.798233,56.551132,33.233936,39.726513,23.663849,26.940933,52.018368,56.44038,24.609398,28.99406,15.953968,18.14524,26.169231,32.93129,35.6448,39.603912,82.58834,88.59025,67.30894,72.64559
U1ohsWBuEi2UBf804eKk5bN06_uDIRHjXA3rLbWQYHA,2,81.1351,70.99903,86.97566,47.40567,31.593536,20.711369,44.85261,24.676687,15.094988,25.751411,30.979977,71.94258,54.633728,85.86691,73.31436,90.25535,47.35862,33.5304,21.326273,44.114456,22.48159,14.545805,25.022911,31.5317,69.72045,56.87812,4.7318115,2.3153305,3.279686,0.047050476,1.936863,0.6149044,0.73815536,2.195097,0.5491829,0.72850037,0.5517235,2.2221298,2.2443924,78.891846,92.84198,65.17159,81.45713,84.34155,96.16914,42.48217,52.23507,30.284111,36.776688,19.68773,22.964815,41.90345,46.325462,20.289259,24.673922,13.450169,15.641441,21.641882,28.40394,29.552143,33.511257,66.7195,72.721405,54.209793,59.546448
GFy9ZiAZQPteKzU20LglQEdnXUvL6Y3Ho1ScbVkm9xg,1,93.755745,75.24402,91.39756,50.098686,33.376644,22.163666,44.233162,23.902485,14.616485,27.082834,31.918638,72.832375,56.1848,93.02735,80.66123,96.16159,50.69794,34.21082,21.500883,44.391163,23.614689,14.979095,27.426134,32.132385,70.48826,56.93674,0.72839355,5.4172134,4.7640305,0.5992546,0.8341751,0.66278267,0.15800095,0.28779602,0.36261082,0.34329987,0.21374702,2.3441162,0.7519417,86.052284,100.00242,72.51846,88.804,90.247795,102.075386,45.82149,55.57439,30.96453,37.457108,19.86234,23.139425,42.180157,46.60217,21.422358,25.80702,13.883459,16.074732,24.045105,30.807163,30.152828,34.111942,67.487305,73.48921,54.268414,59.60507
6XXC8kAL9hpfWmFp9iu2TtzspgLOeQBVEwfEPIRVs0A,2,103.813644,90.166595,99.94906,52.742287,36.000095,24.685688,49.35843,29.88968,18.17371,31.47505,37.572727,77.27845,65.830284,101.92169,88.92523,98.51524,52.215027,37.34327,24.487968,49.328804,27.340193,16.758389,30.844837,37.224457,76.94371,66.53028,1.8919525,1.2413635,1.433815,0.5272598,1.343174,0.19771957,0.029624939,2.549488,1.4153214,0.6302128,0.34827042,0.33473969,0.69999695,94.946625,108.89676,80.78246,97.068,92.60145,104.42904,47.338577,57.091476,34.09698,40.589558,22.849426,26.12651,47.117798,51.53981,25.147861,29.532524,15.662752,17.854025,27.463808,34.22587,35.2449,39.204014,73.94276,79.944664,63.861954,69.19861
Qdp6TYwkdxbX5uoZpl2PtFjq4Vq5PnUV4j5xrz-ZQ6Y,3,94.99752,79.62484,97.323105,51.311577,36.493034,22.95701,47.218834,24.057896,15.715463,26.611301,32.437347,75.4897,58.162083,89.07431,77.0434,95.44092,50.179142,34.029373,21.692034,46.318134,22.888136,14.795498,26.038841,31.68902,74.117004,58.086346,5.92321,2.5814362,1.8821869,1.1324348,2.4636612,1.2649765,0.9006996,1.1697598,0.9199648,0.5724602,0.74832726,1.3726959,0.075737,82.09924,96.04938,68.900635,85.18617,89.52712,101.35471,45.302692,55.05559,30.783085,37.27566,20.053492,23.330576,44.10713,48.52914,20.695805,25.080467,13.699862,15.891134,22.657812,29.41987,29.709463,33.66858,71.11605,77.11796,55.41802,60.754673
I8BI3wv3aghDCeaSa36TdxzoN8tuvQBE0v4X0ts5EX8,7,88.218124,75.05045,101.16886,55.333138,36.07043,22.331944,45.898396,23.793848,15.316087,27.723003,32.39493,74.420044,60.983,89.45195,76.943405,96.69718,51.41519,35.177658,22.2135,46.442192,23.380768,15.091037,26.726711,32.032017,74.30669,58.827934,1.2338257,1.892952,4.4716797,3.9179459,0.8927727,0.11844444,0.54379654,0.41308022,0.22504997,0.9962921,0.36291504,0.113357544,2.1550674,82.47688,96.42702,68.80064,85.086174,90.78339,102.61098,46.538742,56.29164,31.93137,38.423946,20.574957,23.852041,44.231186,48.6532,21.188437,25.5731,13.9954,16.186672,23.345682,30.10774,30.05246,34.011574,71.30573,77.30764,56.159607,61.49626
OkD_s5l3lVIhaNKIZPzRPwKaGobxBEXGVQ0qW86r5A0,2,80.46855,71.44941,87.03439,45.153946,32.578117,20.87356,44.839245,20.808674,13.776617,23.097218,31.20451,69.99267,55.162445,83.96159,72.444244,89.74432,46.70302,32.815956,20.78866,43.521744,21.651371,14.114717,24.050081,30.72453,68.972206,55.769226,3.493042,0.9948349,2.7099304,1.5490723,0.23783875,0.0848999,1.3175011,0.84269714,0.33809948,0.9528637,0.47998047,1.020462,0.606781,76.98653,90.93666,64.301476,80.58701,83.83053,95.65812,41.82657,51.579468,29.569668,36.062244,19.150118,22.427202,41.310738,45.73275,19.45904,23.843702,13.01908,15.210353,20.669052,27.43111,28.744972,32.704086,65.97125,71.97316,53.1009,58.437553
mU1drvS29MI7Z3LXMpudK_NMTUwuBHDFilo491kDmqQ,3,92.14655,77.64407,97.55647,50.871403,36.71086,24.037205,52.397106,25.18282,15.68552,28.686756,36.3862,81.35421,68.48249,95.06008,79.86308,96.775795,51.341553,37.76486,25.675888,52.471146,26.492453,16.883127,28.94307,37.283787,82.56533,69.61822,2.9135284,2.2190094,0.7806778,0.47015,1.053997,1.6386833,0.07403946,1.3096333,1.197607,0.25631332,0.8975868,1.2111206,1.1357269,88.085014,102.03515,71.720314,88.00585,90.862,102.68959,46.465103,56.218002,34.51857,41.011147,24.037346,27.31443,50.26014,54.68215,24.300121,28.684784,15.787491,17.978764,25.56204,32.324097,35.30423,39.263344,79.56438,85.566284,66.94989,72.286545
vK1-RUhICFZPQ66-rt3Ee3pOShmpzuq2ubSV1I_hdio,1,95.45561,80.970604,94.97169,48.059402,34.487377,20.640116,46.751564,23.640148,15.596645,25.476826,32.510033,74.28129,57.628803,92.63954,78.84251,95.267296,50.506058,34.518555,22.011845,45.897316,24.033855,15.468935,27.457966,32.55876,72.87482,57.74765,2.8160706,2.1280975,0.29560852,2.4466553,0.03117752,1.3717289,0.85424805,0.39370728,0.12771034,1.9811401,0.048728943,1.4064713,0.11884689,85.664474,99.61461,70.69974,86.985275,89.3535,101.18109,45.62961,55.382507,31.272266,37.764843,20.373302,23.650387,43.68631,48.108322,21.841524,26.226187,14.373299,16.564571,24.076937,30.838995,30.579205,34.53832,69.87386,75.87577,55.079323,60.415977
i45bbTSs4418BrHmSgp2-1cYp3Yj9BI6em6C9m4yCsQ,1,89.48484,71.07589,88.57456,43.02799,32.30509,22.072367,46.734818,22.25636,14.92128,23.993254,31.066845,74.741646,57.531837,86.81115,73.82465,91.179115,47.481216,33.007713,21.326273,45.49798,22.519451,14.843967,25.05872,31.461977,72.312416,56.824387,2.6736908,2.748764,2.6045532,4.453228,0.70262146,0.74609375,1.2368393,0.26309204,0.07731247,1.0654659,0.39513206,2.4292297,0.70745087,79.83608,93.78622,65.681885,81.96742,85.26532,97.09291,42.604767,52.357666,29.761425,36.254,19.68773,22.964815,43.286972,47.708984,20.32712,24.711782,13.748331,15.939604,21.67769,28.439749,29.48242,33.441536,69.31146,75.31337,54.15606,59.492714
YPz4NM-Qc1eTi_-HSz5bGAq0Fz1uc-s6OPD3FuQ1Osg,1,97.81305,76.071884,94.41196,48.882137,35.789265,23.982815,51.59974,25.9223,16.169735,28.699062,36.154034,79.63792,66.13976,102.04227,88.21745,98.10004,51.401516,36.680435,24.643623,50.957394,27.514282,17.231108,30.763145,37.62435,79.48921,67.386986,4.2292175,12.145569,3.6880798,2.5193787,0.8911705,0.66080856,0.6423454,1.5919819,1.0613728,2.064083,1.4703178,0.14870453,1.2472229,95.0672,109.017334,80.074684,96.36022,92.18624,104.01383,46.525066,56.277966,33.434147,39.926723,23.005081,26.282166,48.746387,53.1684,25.32195,29.706614,16.135471,18.326744,27.382116,34.144173,35.644794,39.60391,76.48826,82.490166,64.71866,70.05531
EJ9WxsKpBR1iAQXdMdj1nrUbRPwihEfi_SGgd1NN4ac,1,78.76677,68.02214,90.74471,48.110672,33.627575,22.25923,47.268394,23.159983,14.478578,24.950935,30.866095,73.017944,56.65071,83.292755,70.48814,89.243126,46.77231,33.165447,21.278484,44.746475,21.95155,14.467959,24.251013,31.065096,71.04578,56.458008,4.5259857,2.4659958,1.5015869,1.3383636,0.4621277,0.9807453,2.5219193,1.2084332,0.01061821,0.69992256,0.19900131,1.972168,0.19270325,76.31769,90.26782,62.345367,78.630905,83.32933,95.15692,41.89586,51.648758,29.919159,36.411736,19.639942,22.917027,42.53547,46.95748,19.759218,24.14388,13.372323,15.563596,20.869984,27.632042,29.085539,33.044655,68.04482,74.04673,53.78968,59.126335
oUuBVZfCJazF-eHB_8vEqHuLJsp_EpzDzEM_ipglDEo,2,84.800255,74.3623,87.42253,46.80153,32.408073,20.764593,43.267887,21.941252,14.003663,24.78277,32.547882,68.79389,58.31083,87.5137,75.99992,93.085625,48.81108,33.49638,21.10204,44.141182,22.372066,14.354862,25.446657,31.211246,70.194824,56.387177,2.7134476,1.6376266,5.6630936,2.009552,1.0883064,0.3374462,0.87329483,0.43081474,0.35119915,0.663887,1.3366356,1.4009323,1.9236526,80.538635,94.48877,67.857155,84.14269,87.17183,98.99942,43.93463,53.68753,30.250092,36.74267,19.463497,22.740582,41.930176,46.35219,20.179735,24.564398,13.259226,15.450499,22.065628,28.827686,29.23169,33.190804,67.19387,73.19578,53.71885,59.055504
PhWGxRdPqcxq4ZCkS_EgGaro9Nq3krfllRS9EsD7ppg,2,101.81149,88.08077,100.968315,53.18774,38.024128,24.229612,50.314903,26.168518,16.044931,29.548903,36.691578,79.20688,70.60165,105.25952,93.4099,104.62648,56.019066,39.85058,25.883121,51.51316,28.418192,17.480434,32.12764,38.168053,80.87506,70.046875,3.4480286,5.3291245,3.658165,2.8313255,1.8264503,1.6535091,1.1982574,2.2496738,1.435503,2.5787373,1.4764748,1.6681824,0.5547714,98.284454,112.23459,85.26713,101.552666,98.712685,110.540276,51.142616,60.895515,36.60429,43.096867,24.24458,27.521664,49.302155,53.724167,26.22586,30.610523,16.384798,18.57607,28.74661,35.508667,36.188496,40.14761,77.87411,83.876015,67.37855,72.7152
_FfeVbuKdnPu_iK2drIo6jQFc3BRA1yPCiK0-V51NaI,1,97.541794,85.31779,101.33446,52.784554,38.090443,23.966017,51.51582,27.271948,16.465763,31.795904,37.08487,83.28992,72.71694,107.37351,95.14562,105.99141,56.683662,40.306767,26.435898,53.17968,29.204466,18.101728,32.861244,38.941032,83.780624,71.396355,9.831718,9.827835,4.656952,3.899109,2.2163239,2.469881,1.6638603,1.932518,1.6359653,1.06534,1.856163,0.4907074,1.3205872,100.398445,114.34858,87.00285,103.28839,100.077614,111.905205,51.807213,61.560112,37.06048,43.553055,24.797356,28.07444,50.968674,55.390686,27.012135,31.396797,17.006092,19.197365,29.480215,36.24227,36.961475,40.92059,80.77967,86.78158,68.72803,74.06468
lf1daDsTtl1HzV9Oozra0F_D4_8v6DaFaGXiFHp7pGQ,2,96.818565,83.78177,94.95766,46.72325,35.905926,24.59445,50.902557,25.835806,16.319715,28.487661,36.735943,80.98688,65.55485,100.88472,87.3684,97.95877,51.674683,37.0048,24.668222,50.442795,27.233627,16.809933,30.492336,37.390717,78.81004,67.336914,4.0661545,3.5866318,3.001114,4.9514313,1.0988731,0.07377243,0.45976257,1.3978214,0.4902172,2.004675,0.6547737,2.176834,1.7820663,93.90965,107.85979,79.22563,95.51117,92.044975,103.87257,46.798233,56.551132,33.75851,40.251087,23.02968,26.306765,48.23179,52.6538,25.041296,29.425959,15.714296,17.90557,27.111307,33.873367,35.41116,39.370274,75.80909,81.811,64.66859,70.00524
d2xqnAOrGaPfe9I4-9-7pWpEua2KD7e84_fzJ30lB4E,2,93.60049,84.33421,92.650085,49.05518,34.221638,24.231659,48.85408,24.297266,16.4248,26.18327,34.193867,77.223885,66.00999,94.179535,80.74301,93.441864,48.540573,34.875,23.515783,49.27437,25.185207,15.824747,27.85585,35.666767,77.04152,65.08526,0.57904816,3.5912018,0.79177856,0.5146065,0.6533623,0.7158756,0.4202881,0.88794136,0.6000538,1.6725807,1.4729004,0.18236542,0.9247284,87.20447,101.1546,72.60024,88.88578,87.52807,99.35566,43.664124,53.417023,31.628712,38.12129,21.877241,25.154325,47.063362,51.485374,22.992876,27.377539,14.729111,16.920383,24.474821,31.23688,33.68721,37.646324,74.040565,80.04247,62.41693,67.753586
59bc2767681516389ccf45ec,3,85.85062,72.02368,92.64947,49.448414,34.292152,21.963127,45.1164,22.281086,14.536464,25.43262,30.443775,73.14523,57.861145,89.38906,77.23749,97.14514,51.923645,35.6763,22.366577,46.28355,23.413671,14.961471,26.824667,32.13149,74.0412,59.203384,3.5384445,5.213806,4.495674,2.4752312,1.3841476,0.40345,1.1671486,1.1325855,0.42500687,1.3920479,1.6877136,0.8959656,1.3422394,82.413994,96.36413,69.09472,85.38026,91.231346,103.05894,47.047195,56.800095,32.43001,38.92259,20.728035,24.00512,44.072544,48.494556,21.22134,25.606003,13.865834,16.057106,23.443638,30.205696,30.151932,34.111046,71.040245,77.04215,56.535057,61.87171
-fxrku1rAPX8f7w4HIrk9oRUecKAfNNFJd1xriLbB2A,2,97.81636,90.39958,97.56271,50.936096,34.993958,22.063173,51.94348,24.351513,15.613967,29.011816,34.313942,80.80277,62.23643,98.8993,86.52466,96.817566,50.37547,34.93918,23.128887,48.437576,25.822914,16.047451,29.290226,35.636642,75.79322,63.732086,1.0829391,3.8749237,0.7451477,0.560627,0.054779053,1.0657139,3.5059052,1.4714012,0.43348408,0.27840996,1.3227005,5.009552,1.4956551,91.92423,105.87437,78.38189,94.66743,90.90377,102.73136,45.49902,55.25192,31.69289,38.185467,21.490345,24.76743,46.22657,50.648582,23.630583,28.015245,14.951815,17.143087,25.909197,32.671257,33.657085,37.6162,72.79227,78.794174,61.06376,66.40041
3QXMgxLgcifTE3JD5gChuT-j8lWjnEzRmQDINN_h3tM,2,99.0267,80.51778,95.4387,49.014004,35.020664,25.077698,51.782703,27.302652,16.994265,29.454111,37.919926,78.95356,70.94774,99.18875,84.05826,97.37281,50.959114,36.213516,25.024319,53.141945,26.911394,16.949766,29.802937,37.60491,83.58256,68.76944,0.16204834,3.5404816,1.9341125,1.9451103,1.192852,0.05337906,1.3592415,0.39125824,0.044498444,0.34882545,0.3150139,4.628998,2.178299,92.213684,106.16382,75.91549,92.20103,91.459015,103.286606,46.082664,55.835564,32.967228,39.459805,23.385777,26.66286,50.93094,55.35295,24.719063,29.103725,15.85413,18.045403,26.421907,33.183968,35.625355,39.58447,80.581604,86.58351,66.10111,71.43777
UbixyJ3QdnK9uOm6YjoaGHrNwsTpwNaeuWEuEOs9nsc,1,88.49869,80.41668,97.381195,52.658203,33.815487,21.531729,48.470177,22.838789,15.017593,26.68234,32.134243,75.95285,59.618793,86.12546,73.90315,93.67526,49.200176,34.36701,21.971409,46.42557,22.58165,14.839561,25.16615,31.628239,74.15613,58.78327,2.37323,6.513527,3.7059326,3.458027,0.5515213,0.4396801,2.0446053,0.2571392,0.17803192,1.5161915,0.50600433,1.7967224,0.8355217,79.15039,93.100525,65.76038,82.04592,87.76147,99.58906,44.323727,54.076626,31.12072,37.613297,20.332867,23.609951,44.214565,48.636578,20.389318,24.773981,13.743925,15.935198,21.78512,28.547178,29.648682,33.607796,71.155174,77.15708,56.114944,61.4516
FYyN-I3eUVTrNJplKYfglP48b18n5SFmNaF-3XPqTWE,2,80.91333,67.820915,86.9816,47.529533,33.795254,20.650572,45.23767,22.274696,14.070781,24.04203,31.992266,70.63936,55.04692,85.872536,73.137726,91.42972,48.260742,33.34638,21.120419,44.103455,22.297699,14.497335,25.176094,31.031576,70.06034,55.651985,4.9592056,5.3168106,4.44812,0.7312088,0.44887543,0.46984673,1.1342163,0.023002625,0.42655468,1.1340637,0.96068954,0.57901764,0.6050644,78.89747,92.8476,64.99496,81.280495,85.51592,97.34351,43.384293,53.13719,30.10009,36.592667,19.481876,22.75896,41.89245,46.31446,20.105368,24.49003,13.401699,15.592972,21.795065,28.557123,29.05202,33.01113,67.05939,73.061295,52.983658,58.320312
ZNGNCePYeJ8WkZFu-d5LHrMkuzGvEKDkF2--LrkNSLY,1,103.00704,81.813736,101.88447,52.95394,37.99116,26.603338,53.445843,28.14296,17.756887,30.43511,38.42769,85.420296,72.741646,102.34568,88.565,102.980934,53.96064,38.074913,26.151009,55.478214,27.664371,17.733065,30.467964,38.26392,87.84462,71.85066,0.6613617,6.7512665,1.0964661,1.0066986,0.08375168,0.45232964,2.0323715,0.4785881,0.023822784,0.03285408,0.16376877,2.424324,0.8909836,95.37061,109.32075,80.42223,96.70777,97.06714,108.89473,49.08419,58.83709,34.828625,41.3212,24.512466,27.78955,53.26721,57.68922,25.47204,29.856703,16.637428,18.828701,27.086935,33.84899,36.284363,40.243477,84.843666,90.84557,69.182335,74.51899
KRhhODp3IdNvOwJrGTgxyFFSajMFzlvI6-oXD7zUB1M,3,86.35266,76.72072,94.66975,49.53753,34.720284,22.341955,50.763943,23.13227,15.017077,26.323837,31.020594,79.05863,60.461933,88.07013,75.45365,94.55808,49.454243,34.91856,22.82393,48.76898,23.266737,15.212143,25.703957,32.860447,77.98478,61.627975,1.7174683,1.267067,0.11166382,0.083286285,0.19827652,0.48197556,1.9949646,0.13446617,0.1950655,0.6198807,1.8398533,1.0738525,1.1660423,81.09506,95.0452,67.31088,83.59642,88.64429,100.47188,44.577793,54.330692,31.672272,38.16485,21.185389,24.462473,46.557972,50.979984,21.074406,25.459068,14.116507,16.30778,22.322927,29.084986,30.88089,34.840004,74.983826,80.98573,58.95965,64.2963
m5iE5ONAl9oOehQUPESjjt3iAA68qXS_JJKffnRNnjE,6,97.19215,87.01091,99.39551,53.537346,35.96737,24.354418,51.41682,26.707104,16.280115,30.897873,37.16095,80.238365,65.529945,100.40622,86.69694,97.888756,51.609726,36.511135,24.449951,50.599262,27.060686,16.734179,30.41369,37.170822,79.16318,66.90195,3.2140732,0.31397247,1.506752,1.9276199,0.543766,0.09553337,0.8175583,0.35358238,0.45406342,0.48418236,0.0098724365,1.0751877,1.3720016,93.43115,107.38129,78.55417,94.83971,91.97496,103.80255,46.733276,56.486176,33.264847,39.757423,22.811409,26.088493,48.388256,52.81027,24.868355,29.253017,15.638542,17.829815,27.032661,33.79472,35.191265,39.15038,76.162224,82.16413,64.23362,69.570274
_r5m-6Cs1ruZ6VecGYZlSbNSMDLCVT3wYpjoXQ46NQQ,2,93.91475,78.197495,99.8994,52.03629,36.99745,23.429932,50.135864,24.959898,15.853481,27.893951,34.194668,80.63821,62.15955,91.30469,78.59717,98.83217,52.23235,35.90723,23.435371,50.53212,24.047377,15.617649,26.980503,33.437668,81.40752,63.056427,2.6100616,0.39967346,1.0672302,0.19606018,1.0902214,0.0054397583,0.3962555,0.91252136,0.23583221,0.91344833,0.75699997,0.76931,0.8968773,84.32962,98.279755,70.4544,86.73994,92.91837,104.745964,47.3559,57.1088,32.660942,39.15352,21.79683,25.073914,48.321114,52.743126,21.855045,26.239708,14.522013,16.713285,23.599474,30.361532,31.45811,35.417225,78.40656,84.40847,60.3881,65.724754
9HxPwgDHs897rkdxq6WDeGiyOKMKHtlOitUDZNRk6xY,1,96.521965,80.90094,101.03822,52.467,35.880245,26.07739,49.574936,25.322218,17.358656,27.614864,37.232277,75.84317,66.1156,101.93916,87.71861,98.72653,52.824657,37.60113,24.603188,49.187508,27.891531,17.29757,31.573587,37.32535,76.58671,65.80974,5.417198,6.8176727,2.3116913,0.3576584,1.7208862,1.4742031,0.38742828,2.569313,0.061086655,3.958723,0.0930748,0.7435379,0.30586243,94.964096,108.91423,79.57584,95.86138,92.81274,104.64033,47.948208,57.701107,34.354843,40.84742,22.964645,26.24173,46.9765,51.398514,25.6992,30.083862,16.201933,18.393206,28.192558,34.954617,35.345795,39.30491,73.585754,79.58766,63.14141,68.478065
8PEXA0Sfr-ccgI-cjmAYWSeB_SOb61Ow4AvERq7vKGU,8,89.07317,69.03462,92.85268,51.794518,37.867886,24.849777,49.100327,25.015219,15.472335,26.530403,33.388554,76.41837,57.877922,88.73756,75.103645,93.854614,50.026344,34.852192,22.137747,45.87334,23.48725,15.178666,26.551037,32.208138,72.985466,58.11769,0.33561707,6.069023,1.0019379,1.7681732,3.0156937,2.7120304,3.226986,1.5279694,0.29366875,0.020633698,1.1804161,3.432907,0.23976898,81.76249,95.71262,66.96088,83.246414,87.94082,99.76841,45.149895,54.902794,31.605904,38.09848,20.499205,23.776289,43.662334,48.084347,21.294918,25.67958,14.08303,16.274303,23.170008,29.932066,30.22858,34.187695,69.98451,75.98642,55.449364,60.78602
AYTfYEz3WD-XDPEqz4dwBmf_kEM8aL1V3rC8IaXKhFY,7,85.43072,73.99421,92.270584,48.979324,35.26788,21.293219,47.630497,23.858278,14.434747,27.050121,32.939976,76.82989,60.479717,87.923996,74.41438,94.078186,49.61136,34.716938,22.598953,48.26076,23.3686,15.338213,25.995169,32.56489,77.202866,60.168873,2.4932785,0.42017365,1.8076019,0.6320343,0.55094147,1.3057346,0.6302643,0.48967743,0.9034662,1.0549526,0.37508392,0.3729782,0.31084442,80.94893,94.89906,66.271614,82.55715,88.16439,99.99198,44.73491,54.48781,31.47065,37.963226,20.960411,24.237495,46.049755,50.471767,21.17627,25.560932,14.242577,16.43385,22.61414,29.376198,30.585335,34.54445,74.20191,80.20382,57.500546,62.8372
TvPLietnYNztbsCXuzZoZQlAFfGmiZkfW_EM4Qzd8Hc,1,87.49178,76.14011,89.26465,48.832134,35.875587,23.338884,50.25973,23.791933,15.77764,24.782612,32.2946,80.37954,59.361725,86.87859,74.42653,92.780975,47.838333,33.32937,22.06147,48.59833,22.378826,14.82928,24.67675,32.09484,77.916306,59.8482,0.6131897,1.7135773,3.516327,0.9938011,2.5462189,1.2774143,1.6613998,1.4131069,0.94836044,0.105861664,0.19976044,2.463234,0.4864769,79.90353,93.85366,66.28376,82.5693,86.86718,98.69477,42.961884,52.714783,30.08308,36.575657,20.422928,23.700012,46.387325,50.809338,20.186495,24.571157,13.733644,15.924916,21.295721,28.05778,30.115284,34.074398,74.91535,80.91726,57.179874,62.51653
82t2wzhvpYRd2rudDmLHb-gjlDhOB-gpZa4XCmeD-5k,1,90.94263,80.51427,90.51259,46.69622,35.3083,22.724491,49.396233,24.976154,16.584812,29.20907,36.139004,75.65241,64.7102,99.24496,86.30386,95.98961,49.81847,35.194336,23.459724,48.926132,26.230757,16.46679,29.457336,36.117783,76.33118,64.40958,8.30233,5.7895966,5.4770203,3.1222496,0.11396408,0.7352333,0.4701004,1.2546024,0.11802292,0.24826622,0.02122116,0.67876434,0.30062103,92.26989,106.220024,78.161095,94.44663,90.07581,101.903404,44.94202,54.69492,31.948048,38.440624,21.821182,25.098267,46.715126,51.13714,24.038425,28.423088,15.371153,17.562426,26.076307,32.838364,34.138226,38.09734,73.33022,79.33213,61.74125,67.0779
TFIecvIbX-tK0pUO3SJc4RL3hHQ8ybyG6IIvoTX5Wl0,10,98.340965,82.69966,99.317055,48.96988,36.86866,24.23091,54.534054,27.495007,17.339094,30.681393,35.570305,86.24702,68.79982,101.25658,87.04047,100.72901,52.48766,36.911148,25.542725,54.82544,27.264332,17.421902,30.099728,37.929924,86.60439,70.49458,2.9156113,4.340805,1.4119568,3.5177803,0.0424881,1.3118153,0.29138565,0.23067474,0.08280754,0.58166504,2.3596191,0.3573761,1.6947632,94.28151,108.23164,78.8977,95.183235,94.815216,106.64281,47.61121,57.36411,33.66486,40.157436,23.904182,27.181267,52.614433,57.036446,25.072,29.456663,16.326265,18.517538,26.718699,33.48076,35.950367,39.90948,83.60344,89.60535,67.826256,73.16291
rBm27O5ZrP9rBC42jUthUitX75oq8ro6WrJdzyjKx_g,2,98.33466,82.13711,99.84396,52.73033,36.339336,25.70757,53.79583,26.693407,17.381666,27.914331,35.353916,82.18662,70.59804,98.28175,83.82601,98.53244,51.883224,37.296196,25.459003,53.13566,26.819822,16.902605,29.550095,37.539883,83.73172,69.71713,0.05290985,1.6889038,1.3115234,0.84710693,0.9568596,0.24856567,0.6601715,0.12641525,0.47906113,1.6357632,2.1859665,1.5450974,0.88090515,91.30669,105.25682,75.68324,91.96878,92.618645,104.446236,47.006775,56.759674,34.049908,40.542484,23.820461,27.097546,50.924652,55.346664,24.627491,29.012154,15.806969,17.998241,26.169065,32.93112,35.560326,39.51944,80.73077,86.73267,67.048805,72.38546
u-19n5ZqWqhr06xLR-DOLpXuTZ45cUnyQKTNCI5HuYk,2,87.24679,76.186,95.41038,52.197426,37.99746,22.227825,45.96138,22.793404,14.497762,26.976955,31.207916,73.26387,57.596813,88.45794,75.2901,94.19612,50.230225,34.67165,21.846426,45.084496,23.257723,14.930626,26.513985,31.87629,71.71088,57.46432,1.2111511,0.8958969,1.2142563,1.9672012,3.3258095,0.38139915,0.87688446,0.46431923,0.4328642,0.46297073,0.6683731,1.5529938,0.13249207,81.48287,95.43301,67.14733,83.43287,88.282326,100.10992,45.353775,55.106674,31.425362,37.91794,20.207884,23.484968,42.87349,47.2955,21.065392,25.450054,13.83499,16.026262,23.132956,29.895014,29.896732,33.855846,68.70992,74.71183,54.795994,60.13265
1nSApcOD6a09iy7U6DOEzyGvDHe9c6-z2lrg56PkEww,1,96.72266,81.01722,94.35323,50.416435,34.41454,25.077934,49.53959,25.29379,16.961765,28.833126,36.30325,77.63107,65.43776,95.71392,80.62198,95.29187,50.18092,35.361347,24.029043,50.683834,26.04247,16.483498,29.057463,36.175774,79.513054,65.380165,1.0087357,0.39524078,0.9386368,0.2355156,0.94680786,1.0488911,1.1442451,0.7486801,0.47826767,0.22433662,0.12747574,1.8819809,0.0575943,88.73885,102.68899,72.47921,88.76475,89.378075,101.205666,45.30447,55.05737,32.11506,38.607635,22.390501,25.667585,48.472828,52.89484,23.85014,28.234802,15.387861,17.579134,25.676434,32.43849,34.196217,38.15533,76.5121,82.51401,62.711838,68.04849
Q8EWvJHo7ZjvwLJNpaJxCxZAky0rrnvcmYsTvGSOPFg,2,85.87802,74.47523,92.97988,48.85883,35.00172,22.45031,43.380978,22.900175,15.781859,24.439318,31.46621,69.02707,57.5518,86.074875,74.4985,92.31418,48.62053,33.77628,21.177395,43.903786,22.238205,14.314471,25.09055,31.075823,69.7987,56.479992,0.19685364,0.023269653,0.6657028,0.23830032,1.225441,1.2729149,0.5228081,0.66197014,1.4673882,0.65123177,0.39038658,0.77162933,1.0718079,79.09981,93.04994,66.35573,82.641266,86.40038,98.227974,43.74408,53.49698,30.529991,37.022568,19.538853,22.815937,41.69278,46.11479,20.045874,24.430536,13.218835,15.410108,21.70952,28.471579,29.096266,33.05538,66.797745,72.79965,53.811665,59.14832
ROnYLg06pCSJ47L9kbpeqFAMv8uY2SC0csYHqPwlvUI,1,91.87929,84.790085,96.77247,46.5274,34.0171,23.193935,46.472416,24.949512,16.839237,26.796846,36.049522,74.117805,65.13007,94.90457,81.034134,92.59425,47.7797,34.06855,23.096262,48.840446,25.258902,15.956938,28.054792,35.52045,76.29205,63.623093,3.0252838,3.755951,4.178215,1.2523003,0.051448822,0.097673416,2.3680305,0.3093891,0.8822994,1.257946,0.5290718,2.1742477,1.5069809,87.929504,101.87964,72.891365,89.1769,86.68046,98.50805,42.90325,52.65615,30.822262,37.31484,21.45772,24.734804,46.62944,51.051453,23.06657,27.451233,14.861301,17.052574,24.673763,31.435822,33.540894,37.500008,73.2911,79.29301,60.954765,66.29142
lboDkkqmFWE6Hd7B441lqe_tT2edIVK71nk-nuYJ_CA,1,107.89975,89.41615,92.352394,48.471943,33.71404,24.127441,50.803802,25.77814,16.30127,30.90623,37.626564,79.51478,66.19008,104.588585,92.08552,100.835724,52.77935,36.82116,24.408245,50.517967,27.692766,17.228905,31.43582,37.41787,79.03806,66.812996,3.3111649,2.669365,8.48333,4.3074074,3.1071205,0.28080368,0.28583527,1.9146271,0.9276352,0.5295887,0.20869446,0.4767151,0.6229172,97.61352,111.56365,83.94275,100.22829,94.92193,106.74952,47.9029,57.6558,33.57487,40.067448,22.769703,26.046787,48.30696,52.728973,25.500435,29.885098,16.133268,18.324541,28.05479,34.81685,35.438313,39.397427,76.03711,82.03902,64.14467,69.48132
gvFN9-oZ1kTVAlIyBYj0VsEMgoW6NojEmFUY1cB83lQ,1,89.78159,74.879654,95.83639,50.499474,32.735233,20.787949,43.24904,24.3784,15.041416,29.198261,31.976229,71.29793,56.59193,91.37494,78.5481,97.27699,51.881226,35.140213,21.706738,43.891205,23.398346,15.015815,27.40624,31.577286,69.90629,56.296806,1.5933456,3.6684494,1.4406052,1.381752,2.4049797,0.9187889,0.64216614,0.98005486,0.025601387,1.7920208,0.39894295,1.3916397,0.29512405,84.39987,98.350006,70.405334,86.69087,91.3632,103.19079,47.004776,56.757675,31.893925,38.3865,20.068195,23.34528,41.6802,46.10221,21.206015,25.590677,13.920178,16.11145,24.025211,30.78727,29.597729,33.556843,66.905334,72.90724,53.62848,58.965134
d1WLDI3NCUrqzgXr5gPLsIQAsnllGwuegVQZHJENrTA,2,95.67895,83.48386,98.78522,52.66922,36.122448,24.073652,49.940357,25.92731,16.377531,30.016617,36.979607,78.84964,67.07783,103.85196,91.2105,99.64047,52.03647,36.668934,24.544514,50.95268,27.594059,17.1047,31.048939,37.64916,79.68208,67.502396,8.173012,7.7266464,0.8552551,0.63275146,0.5464859,0.47086143,1.0123215,1.666748,0.72716904,1.0323219,0.66955185,0.83244324,0.42456818,96.87689,110.82703,83.06773,99.35327,93.72668,105.55427,47.16002,56.912918,33.422646,39.915222,22.905972,26.183056,48.741673,53.163685,25.401728,29.78639,16.009064,18.200336,27.66791,34.42997,35.6696,39.628716,76.68113,82.68304,64.83407,70.17072
MOqbYtj3KR1NJkIQUzq-XXifDNs8yYgBo684NtXOzzo,2,96.706024,82.65169,95.22127,51.156548,33.912132,23.707598,55.41536,25.465963,16.215094,28.107409,37.345333,85.97185,67.839554,99.61977,85.676636,98.333435,50.783222,35.5763,24.77366,53.762962,26.482763,16.811483,29.279533,37.337082,84.810074,68.94775,2.913742,3.0249481,3.1121674,0.37332535,1.6641693,1.0660629,1.6523972,1.0167999,0.5963898,1.1721249,0.00825119,1.1617737,1.1081924,92.6447,106.59483,77.53387,93.819405,92.41964,104.24723,45.906773,55.65967,32.330013,38.82259,23.135118,26.412203,51.551956,55.97397,24.290432,28.675095,15.715847,17.90712,25.898504,32.66056,35.357525,39.31664,81.80912,87.81103,66.27942,71.61607
cW9CuaPVbwpK3I1tAfdxvXBqVxfqOng7igmvP1zVy-M,1,97.67375,82.440056,93.17116,48.48308,34.66122,25.12697,51.07715,26.629826,17.675564,27.447048,36.50542,78.72005,67.033646,103.135704,89.99958,99.23509,51.605392,35.908005,24.386993,51.65466,27.335798,17.017584,30.757053,37.53586,80.99059,67.38821,5.461952,7.5595245,6.0639343,3.1223106,1.2467842,0.7399769,0.57751083,0.7059727,0.65797997,3.3100052,1.0304375,2.270546,0.35456085,96.16064,110.11077,81.85681,98.14235,93.3213,105.14889,46.728943,56.481842,32.661716,39.154293,22.748451,26.025536,49.443653,53.865665,25.143467,29.52813,15.9219475,18.11322,27.376024,34.138084,35.5563,39.515415,77.98964,83.99155,64.71988,70.05653
VZOdwErQEssn2GRi01V-Co76MIZb7JUCjyshSGFvTyI,1,94.07234,79.091705,93.79835,49.049328,36.522736,22.45987,47.684315,25.555168,17.737156,28.954647,32.14941,79.14978,59.8578,90.85224,77.625656,97.159065,51.997158,35.664444,22.63033,47.351585,24.027094,15.445435,27.44006,32.628483,75.823784,59.574642,3.2201004,1.4660492,3.3607178,2.9478302,0.8582916,0.17045975,0.33272934,1.5280743,2.2917213,1.5145874,0.47907257,3.3259964,0.28315735,83.877174,97.82731,69.48289,85.768425,91.24527,103.07286,47.12071,56.873608,32.418156,38.910732,20.991787,24.268871,45.14058,49.56259,21.834763,26.219425,14.349798,16.54107,24.05903,30.821089,30.648926,34.60804,72.82283,78.82474,56.906315,62.24297
G2--3a1ZbnW54xZrzDhQDiV0ykwTVJPyaXDJqjk77og,1,91.65687,77.885216,99.963875,51.254337,36.383667,23.424137,49.82386,23.622871,15.058697,26.668068,32.664722,79.72158,62.405434,91.21195,78.58082,96.15668,50.124954,34.204636,22.581623,49.522972,23.66607,15.337479,26.524925,33.11654,79.36512,61.3479,0.44491577,0.6956024,3.8071976,1.1293831,2.1790314,0.84251404,0.30088806,0.04319954,0.2787819,0.1431427,0.45181656,0.35646057,1.0575333,84.236885,98.18702,70.43805,86.72359,90.24288,102.07047,45.248505,55.001404,30.958347,37.450924,20.94308,24.220165,47.311966,51.73398,21.47374,25.858402,14.241842,16.433115,23.143896,29.905954,31.136982,35.096096,76.36417,82.36607,58.679573,64.01623
WONQcdsVSwAdOGdbQ6TwU4Mu2vHCr3To_k1lFiQn7Sk,4,94.32351,77.25738,94.68054,48.825882,34.713104,23.492285,49.98845,26.815536,16.156286,31.922815,35.262466,77.99407,64.98773,99.046135,85.68175,96.123505,49.994366,35.178486,23.760525,50.114853,26.247322,16.339718,29.46082,36.489796,78.43373,65.43707,4.7226257,8.42437,1.4429626,1.1684837,0.46538162,0.26823997,0.12640381,0.5682144,0.18343163,2.461996,1.2273293,0.43965912,0.44934082,92.07107,106.0212,77.53898,93.82452,90.20971,102.0373,45.117916,54.870815,31.932198,38.424774,22.121983,25.399067,47.903847,52.32586,24.05499,28.439653,15.2440815,17.435354,26.07979,32.84185,34.51024,38.469353,75.43278,81.434685,62.768745,68.1054
o-_gWQyCnze7uTFo_sg8XmTniRktMdxB4P0EGtKaMY8,1,94.107544,79.25935,94.97872,48.405407,34.142487,23.764376,48.211914,23.442934,15.837467,26.207123,32.26273,78.99269,58.041386,89.37407,76.32376,94.397575,49.703873,33.97886,21.848263,46.62681,23.21716,15.096599,26.244417,32.02512,74.44711,58.11891,4.7334747,2.9355927,0.58114624,1.2984657,0.16362762,1.9161129,1.5851059,0.22577477,0.74086857,0.037294388,0.23760986,4.545578,0.07752609,82.399,96.34914,68.18099,84.46653,88.48378,100.31137,44.827423,54.580322,30.73257,37.225147,20.20972,23.486805,44.415802,48.837814,21.024828,25.40949,14.000962,16.192234,22.863388,29.625446,30.045563,34.004677,71.44616,77.44807,55.450584,60.78724
33kQep-kt5ANgw-ZuhiXxYHHKj9EgooiTmgbFXAxp5M,1,90.9768,79.01926,95.49356,50.7135,33.912937,22.540655,47.141663,23.047138,14.995241,26.231049,34.106037,76.51858,58.209896,86.912315,74.4527,91.21843,46.996174,32.4974,21.34649,46.784027,22.238205,14.566368,24.700623,31.6631,74.66229,57.72811,4.0644836,4.566559,4.275131,3.717327,1.4155388,1.1941643,0.3576355,0.80893326,0.42887306,1.530426,2.4429379,1.8562851,0.48178482,79.93725,93.88738,66.30993,82.59547,85.304634,97.132225,42.119724,51.872623,29.25111,35.743687,19.707949,22.985033,44.57302,48.995033,20.045874,24.430536,13.470732,15.662004,21.319593,28.081652,29.683542,33.642654,71.66134,77.663246,55.059784,60.39644
qdsEw-Dvb_xmFa6q7s-GuqdxNzWLX7xR7e3PQfehp4o,1,85.17129,73.851265,90.24596,50.113964,34.941307,22.034857,47.27989,24.072968,15.9713955,26.44261,31.322157,76.29316,60.91612,86.631294,74.7013,93.483635,48.845726,34.16752,22.039415,47.11576,22.643848,14.729403,25.186043,31.976849,75.31029,59.50137,1.4600067,0.8500366,3.2376785,1.2682381,0.77378845,0.004558563,0.16412735,1.4291191,1.241993,1.256567,0.6546917,0.982872,1.4147491,79.65623,93.60636,66.55853,82.84407,87.56984,99.39743,43.969276,53.722176,30.92123,37.413807,20.400873,23.677958,44.904755,49.326767,20.451517,24.83618,13.633766,15.825039,21.805014,28.567072,29.997292,33.956406,72.30933,78.31124,56.833042,62.169697
hlYBLwY-wUvLCWi6fGccF18xQgfPH6O55mBqbjlNjL0,1,95.592606,73.4273,93.87702,50.29709,35.068405,22.110672,46.157055,24.126318,15.474375,26.82889,32.688892,72.25409,58.281826,87.19334,74.55737,91.73927,47.886303,33.3572,21.386927,45.098644,22.65196,14.68387,25.4009,31.671143,71.58373,57.2103,8.399269,1.1300735,2.1377487,2.4107857,1.7112045,0.72374535,1.0584106,1.4743576,0.79050446,1.42799,1.0177498,0.67035675,1.0715256,80.21827,94.1684,66.414604,82.70014,85.82548,97.65307,43.009853,52.762753,30.110912,36.60349,19.748384,23.025469,42.887638,47.30965,20.45963,24.844292,13.588234,15.779507,22.01987,28.781929,29.691586,33.6507,68.58278,74.58469,54.541973,59.878628
g9j8ZQyw5DBZuJAB5unfmqJDFczHNCsOvSMI1LdWaOU,1,84.92213,76.23272,94.692314,49.79606,35.516926,21.8389,50.71266,24.207176,15.055287,25.778227,34.79509,79.72144,61.17317,86.15918,71.613396,92.65322,48.504597,35.24073,23.361393,49.373417,23.141438,15.537233,25.150234,32.939552,78.94545,61.82663,1.2370529,4.6193237,2.039093,1.291462,0.27619553,1.5224934,1.3392448,1.0657387,0.481946,0.62799263,1.8555374,0.77599335,0.65346146,79.18411,93.13425,63.470627,79.756165,86.739426,98.56702,43.628147,53.381046,31.994442,38.48702,21.72285,24.999935,47.16241,51.584423,20.949106,25.333769,14.441597,16.63287,21.769205,28.531263,30.959995,34.91911,75.944496,81.9464,59.158302,64.49496
5rSctrSuzwYcwlosuroM6rtJGcvbPcxme9ZOuJwx2Ps,1,85.8051,71.61744,89.186905,46.515823,32.819458,21.556246,42.25266,22.820662,15.2158165,25.715729,30.995495,68.52736,58.147198,87.10341,75.19851,92.309265,48.350025,33.474728,21.140636,44.092445,22.389645,14.46649,25.241747,31.217949,69.99921,56.570366,1.2983093,3.58107,3.1223602,1.8342018,0.6552696,0.41560936,1.8397865,0.43101692,0.7493267,0.47398186,0.22245407,1.4718475,1.5768318,80.12834,94.078476,67.05574,83.34128,86.39547,98.22306,43.473576,53.226475,30.22844,36.721016,19.502094,22.779179,41.88144,46.30345,20.197313,24.581976,13.370853,15.562126,21.860718,28.622776,29.238392,33.197506,66.99825,73.00016,53.90204,59.238693
okmi0_4jJE4x4oUzQGWqaUr7qAXVZmr0M0sWv-wRfCw,4,83.526245,72.32203,90.22814,47.742073,34.278744,20.947136,43.5317,20.783304,13.738899,23.245825,30.938828,68.51009,57.703327,85.35545,73.3667,91.29213,48.1095,33.8969,21.359818,44.042137,22.337585,14.416552,24.990084,31.313147,69.82559,56.859802,1.8292084,1.0446701,1.0639877,0.36742783,0.38184357,0.41268158,0.510437,1.5542812,0.67765236,1.7442589,0.37431908,1.3154984,0.84352493,78.38039,92.33052,65.22393,81.50947,85.378334,97.205925,43.23305,52.98595,30.650612,37.14319,19.721275,22.99836,41.83113,46.253143,20.145254,24.529917,13.320915,15.512188,21.609055,28.371113,29.33359,33.2927,66.82464,72.826546,54.191475,59.52813
99rCWDsiu7BmmWXnf7NmjfD2FXdXJBHckHavK5uW9hM,2,91.532745,73.95665,98.44048,48.551308,34.161686,21.855242,45.85974,21.908648,14.15198,24.977327,32.427147,73.30189,57.785545,89.14644,76.55274,95.30415,50.79055,34.721138,21.7775,45.15367,23.152256,14.788889,26.60848,31.74757,72.055664,57.146797,2.3863068,2.5960922,3.1363297,2.2392426,0.55945206,0.07774162,0.70606995,1.2436085,0.63690853,1.6311531,0.6795769,1.2462234,0.63874817,82.17137,96.121506,68.40997,84.69551,89.39036,101.21795,45.9141,55.667,31.47485,37.967426,20.138958,23.416042,42.942665,47.364677,20.959925,25.344587,13.693253,15.884525,23.227451,29.98951,29.768013,33.727127,69.05471,75.05662,54.47847,59.815125
9Jcfu5TiBNhAQuyvzg-vEbQrKnq90fAEKiS4iY8sS4I,10,93.644455,77.27459,94.81,50.069454,38.2024,24.683693,51.174072,24.928139,16.523481,28.45027,36.02736,77.84518,64.71673,96.45497,81.63896,95.23339,50.46235,36.496395,24.39556,49.832344,26.502293,16.712181,29.425375,36.587177,77.76119,66.13649,2.8105164,4.3643723,0.42339325,0.39289474,1.7060051,0.28813362,1.3417282,1.5741539,0.18869972,0.9751053,0.55981827,0.083984375,1.4197617,89.479904,103.43004,73.49619,89.78173,89.319595,101.14719,45.5859,55.3388,33.250107,39.742683,22.757017,26.034101,47.621338,52.04335,24.309961,28.694624,15.616545,17.807817,26.044346,32.806404,34.60762,38.566734,74.76024,80.762146,63.468163,68.80482
4ETJJKC9HNKcvTvC-u5DrkNO9ia7tsMZdnpvVuU2kmc,10,89.699036,74.92788,95.60245,50.785294,33.599373,21.92442,48.170086,22.742361,15.140247,25.903461,29.861204,79.16602,60.18283,90.56897,78.82549,96.8382,50.631714,34.422676,22.368876,48.650764,23.299099,15.012878,26.299524,32.604347,78.121544,60.677185,0.8699341,3.8976135,1.2357559,0.15357971,0.8233032,0.4444561,0.48067856,0.5567379,0.12736893,0.39606285,2.743143,1.0444794,0.49435425,83.5939,97.54404,70.682724,86.96826,90.92441,102.752,45.755264,55.508163,31.176388,37.668964,20.730333,24.007418,46.43976,50.86177,21.106768,25.49143,13.917242,16.108515,22.918495,29.680553,30.62479,34.583904,75.12059,81.1225,58.008858,63.345512
t_z08NlVzfrSwudfkajr6oQ6Ba2O4h6Xy31nB_12220,2,89.27679,76.69353,93.24428,51.647144,36.990875,22.747635,49.84697,26.353685,16.624813,30.716505,35.66337,80.35108,63.684555,96.684845,82.13649,94.87666,49.777164,35.475395,23.86937,49.671967,26.18639,16.518242,29.221218,36.24805,77.594604,65.05901,7.408058,5.4429626,1.6323853,1.8699799,1.51548,1.1217346,0.17500305,0.16729546,0.1065712,1.495287,0.58468246,2.7564774,1.3744583,89.70978,103.65991,73.99372,90.27926,88.96287,100.79046,44.900715,54.653614,32.229107,38.721684,22.230827,25.507912,47.46096,51.882973,23.994059,28.378721,15.4226055,17.613878,25.840189,32.60225,34.268494,38.227608,74.59365,80.59556,62.390686,67.72734
lUxLaupdCSzNw8q4fe14GroR2HfT3VHUrsgXRzrxlTo,1,88.06959,74.4806,94.03025,50.915398,32.551163,19.515347,47.83469,23.612051,15.603229,26.204914,31.317984,76.8712,56.396584,96.669395,85.351974,99.28915,51.763966,34.084015,21.541319,45.340763,23.755314,15.029035,27.99312,32.317417,72.27818,57.435013,8.599808,10.871376,5.258896,0.84856796,1.5328522,2.0259724,2.493927,0.14326286,0.57419395,1.7882061,0.9994335,4.5930176,1.0384293,89.69433,103.64446,77.209206,93.49474,93.37535,105.20294,46.887516,56.640415,30.837727,37.330303,19.902777,23.179861,43.129757,47.55177,21.562983,25.947645,13.933398,16.124672,24.612091,31.37415,30.33786,34.296974,69.27723,75.27914,54.766685,60.10334
ZBxQIUTRT9IZJ2O5m306CNiiM4hbKU3YtdHVfzOyfko,1,95.601105,82.18189,95.78246,48.752014,39.86166,25.3758,52.570347,26.753819,16.693163,32.235893,37.1131,82.01603,69.802666,101.4285,87.62375,99.70681,52.402245,37.566917,25.504034,53.17339,27.53524,17.379087,30.474617,38.007828,83.44318,69.96505,5.8273926,5.4418564,3.924347,3.6502304,2.2947426,0.12823486,0.6030426,0.78142166,0.68592453,1.7612762,0.8947296,1.4271469,0.16238403,94.45343,108.403564,79.48098,95.76652,93.793015,105.620605,47.525795,57.278694,34.32063,40.813206,23.865492,27.142576,50.962383,55.384396,25.342909,29.727571,16.283451,18.474724,27.093588,33.855644,36.02827,39.987385,80.44222,86.44413,67.29672,72.63338
bPt8_7wDTzCAdQrWWxgdyMntD60mmdc0K5qKNu8RR7o,1,90.451775,77.26161,94.48254,50.458614,34.386185,21.64163,46.55489,23.271988,15.528369,26.581284,32.188034,74.93475,59.358574,93.41516,80.86404,99.03855,52.652763,35.259285,22.083527,45.957058,23.89729,15.279462,27.885693,32.17797,73.554596,58.13845,2.9633865,3.6024246,4.556015,2.194149,0.8731003,0.44189644,0.5978317,0.62530136,0.24890709,1.304409,0.010063171,1.3801575,1.2201233,86.440094,100.39023,72.72127,89.006805,93.124756,104.95235,47.776314,57.529213,32.012997,38.505573,20.444984,23.722069,43.74605,48.168064,21.704958,26.08962,14.1838255,16.3751,24.504663,31.266722,30.198414,34.157528,70.55364,76.55555,55.470123,60.806778
blo8SH72yux-Yb9SmnP4WcN_94yo9OwgUZLxhb6lyOg,1,101.166336,87.63759,97.024086,48.84144,31.397001,23.442225,50.387394,26.770208,17.70233,30.748983,37.870663,77.354095,68.8226,103.67526,90.777084,99.35303,51.80394,36.486362,24.531965,51.205013,27.59068,17.195856,31.017544,37.656532,80.13598,67.40286,2.5089264,3.1394958,2.3289413,2.9625015,5.089361,1.0897408,0.8176193,0.8204708,0.50647354,0.2685604,0.2141304,2.7818832,1.4197388,96.700195,110.65033,82.634315,98.91985,93.43923,105.26682,46.92749,56.68039,33.240074,39.73265,22.893423,26.170507,48.994007,53.41602,25.398348,29.78301,16.10022,18.291492,27.636515,34.398575,35.676975,39.63609,77.135025,83.13693,64.734535,70.07119
IR9AoadLFZ8kAWZ6HWZAC_RTvMzMnqb8NnRZDUHIA6Y,1,97.98524,87.01386,99.56047,52.548355,36.48245,24.519936,51.421734,27.79556,17.757723,32.1024,38.19017,78.89829,70.803215,104.91176,92.028275,101.75028,53.470936,37.735283,25.192493,52.121597,28.189003,17.651546,31.677534,38.09364,81.69727,68.829285,6.9265213,5.014412,2.1898117,0.9225807,1.2528343,0.67255783,0.69986343,0.39344215,0.10617638,0.42486763,0.096530914,2.7989807,1.9739304,97.93669,111.886826,83.885506,100.17104,95.83649,107.66408,48.594486,58.347385,34.488995,40.98157,23.553951,26.831036,49.91059,54.332603,25.996672,30.381334,16.55591,18.747183,28.296505,35.058563,36.114082,40.073196,78.69632,84.69823,66.16096,71.49761
taY0el3_XhjW7ijwqSr1qz5BLr32IGP4RnWVV54M6mw,1,87.17257,73.37388,90.10992,50.535347,34.11184,22.46019,46.17232,23.329515,15.43974,25.1065,31.84693,74.490654,57.888275,88.49728,75.44711,94.0094,49.746513,34.01288,21.693872,45.92247,23.11169,14.914469,26.272268,31.78109,73.28073,57.23961,1.324707,2.0732346,3.8994827,0.7888336,0.09896088,0.76631737,0.24985123,0.21782494,0.5252714,1.1657677,0.06583977,1.2099228,0.6486664,81.52221,95.47234,67.304344,83.58988,88.095604,99.923195,44.870064,54.622963,30.76659,37.259167,20.05533,23.332415,43.711464,48.133476,20.91936,25.304022,13.818832,16.010105,22.89124,29.653297,29.801533,33.760647,70.27978,76.281685,54.57128,59.907936
wTawr8HsdMVLaNEu2ZOTHUIRFivR018bEUH54zGumB8,2,98.954155,86.58818,101.48761,51.166687,37.746906,25.172535,52.345272,27.057718,17.197693,27.460585,38.450653,85.56703,69.67972,100.246445,85.79521,99.999176,52.473534,37.386253,25.76457,54.365105,27.214443,17.196224,30.006046,38.04403,85.859085,70.86389,1.2922897,0.79296875,1.4884338,1.3068466,0.36065292,0.5920353,2.0198326,0.15672493,0.0014686584,2.5454617,0.40662384,0.29205322,1.1841736,93.27138,107.22151,77.65244,93.93798,94.08538,105.91297,47.597084,57.349983,34.139965,40.63254,24.126028,27.403112,52.1541,56.57611,25.022112,29.406775,16.100588,18.29186,26.625017,33.387077,36.064472,40.023586,82.85813,88.86004,68.195564,73.53222
96LtCRgHuVdWN4VIvc2STyiKSLUPLDAQx5GcgbOQXgA,2,84.90122,76.09116,94.34488,52.315556,38.328594,24.032915,50.183678,24.844425,15.617159,27.989344,32.25009,82.138664,61.46404,89.31786,76.37938,96.702095,51.094368,35.544212,23.206081,49.719498,23.719482,15.418997,26.49011,33.16682,79.93058,62.230255,4.416641,0.28821564,2.357216,1.2211876,2.7843819,0.8268337,0.46418,1.1249428,0.19816208,1.4992332,0.916729,2.208084,0.7662163,82.3428,96.29293,68.23661,84.52215,90.7883,102.61589,46.21792,55.970818,32.297924,38.7905,21.56754,24.844624,47.50849,51.930504,21.527151,25.911814,14.32336,16.514633,23.109081,29.87114,31.187263,35.146378,76.92963,82.93153,59.561928,64.89858
-gMnbkDTbXza9PMNAhyVL5xBmz4VZQU_7eNooMMvalk,2,93.89011,81.50312,98.17753,53.05927,37.100914,25.12609,53.443638,25.061728,16.282515,27.757809,33.030476,84.92782,64.01352,97.453445,84.60453,101.4702,52.81666,36.209557,24.580328,54.250336,25.49857,16.486206,28.330826,35.659435,87.228424,67.48713,3.5633392,3.10141,3.2926712,0.24260712,0.8913574,0.5457611,0.80669785,0.43684196,0.20369148,0.5730171,2.6289597,2.3006058,3.47361,90.47838,104.42851,76.46176,92.7473,95.556404,107.383995,47.940212,57.69311,32.96327,39.455845,22.941786,26.21887,52.03933,56.46134,23.306238,27.6909,15.39057,17.581842,24.949797,31.711855,33.67988,37.638992,84.22747,90.22938,64.8188,70.15546
9PN2Hyak2W4F0gdWq0Lzcrm-GnEn99_8fKZCbiel4VI,2,90.52547,79.49871,96.413666,49.210434,34.87232,23.96008,50.22434,26.686472,16.250252,31.08516,36.039658,79.45528,66.54543,98.245926,84.064804,96.22055,50.463417,35.503616,24.02575,50.588715,26.387648,16.416437,29.62246,36.620087,79.287476,65.90073,7.720459,4.5660934,0.19311523,1.2529831,0.63129807,0.06567001,0.36437607,0.2988243,0.16618538,1.4626999,0.5804291,0.1678009,0.6447067,91.27086,105.22099,75.922035,92.20757,90.306755,102.134346,45.586967,55.339867,32.257328,38.749905,22.387207,25.664291,48.37771,52.79972,24.195316,28.579979,15.320801,17.512074,26.24143,33.003487,34.64053,38.599644,76.28652,82.28843,63.2324,68.56905
-JvTra6b-sTRKwQQZ6DHxXMuRtvz2X0fkXKyrXyrcrk,1,95.779236,82.21374,96.92014,50.872368,35.234577,24.740044,50.972893,27.32401,17.287666,30.681303,35.66278,81.30386,65.10942,99.87726,86.01928,97.68483,50.83386,35.027325,23.889357,51.3811,26.539639,16.69375,29.88407,36.606007,80.71673,65.756615,4.0980225,3.805542,0.7646866,0.03850937,0.2072525,0.850687,0.40820694,0.7843723,0.59391594,0.7972336,0.94322586,0.5871353,0.6471939,92.90219,106.852325,77.87651,94.16205,91.771034,103.598625,45.95741,55.710308,31.781036,38.273613,22.250814,25.527899,49.170094,53.592106,24.347307,28.73197,15.598114,17.789387,26.50304,33.2651,34.62645,38.585564,77.715775,83.71768,63.088287,68.42494
vhwKWKR4nWlKpBiQxP1iKM7y7_URvtNrJMGwH2pLZpk,2,93.14689,83.0925,94.743866,50.140873,35.25493,24.11956,47.137146,24.881275,16.479551,26.233673,36.59645,75.70716,66.402756,96.16496,81.506805,94.27719,49.757175,35.727074,23.933008,49.241352,26.197798,16.4208,29.20269,36.2791,76.80434,65.066895,3.018074,1.5856934,0.4666748,0.3836975,0.47214508,0.18655205,2.104206,1.3165226,0.05875206,2.969017,0.3173523,1.0971756,1.3358612,89.189896,103.14003,73.36404,89.649574,88.363396,100.19099,44.880726,54.633625,32.480785,38.973362,22.294466,25.57155,47.030346,51.45236,24.005466,28.39013,15.325163,17.516436,25.821661,32.583717,34.29954,38.258656,73.80338,79.80529,62.398567,67.73522
bv5BM24TYdQTIAiXow05WgedRo2huSkBOGlxlVIt2rc,1,98.25739,85.599785,100.41097,53.40651,38.781292,25.955107,56.72141,26.488415,16.905533,28.72951,36.85676,88.270966,69.60207,102.18826,88.821785,102.21217,53.241074,37.302288,25.733784,55.192078,27.309433,17.374681,30.183477,38.056095,87.30667,71.31331,3.93087,3.2220001,1.8012009,0.16543579,1.4790039,0.22132301,1.5293312,0.8210182,0.46914864,1.453968,1.199337,0.96429443,1.711235,95.213196,109.16333,80.679016,96.964554,96.29838,108.12597,48.364624,58.117523,34.056,40.548576,24.095242,27.372326,52.98107,57.403084,25.117102,29.501764,16.279045,18.470318,26.802448,33.564507,36.076538,40.035652,84.30572,90.307625,68.64498,73.981636
wBNl8HpFrh4wxxJm-3LU1sbkM34RPMlF1qlBFb9FWhg,6,91.73606,82.4375,92.671104,49.800095,37.73182,23.192217,46.510803,24.820967,15.519743,26.609612,33.81284,76.099815,61.218933,95.22681,82.09179,93.87345,49.249924,34.94846,22.951212,47.046585,25.36927,15.754369,28.52297,35.185135,73.2844,62.788975,3.4907455,0.34571075,1.2023468,0.5501709,2.7833595,0.24100494,0.53578186,0.5483036,0.23462582,1.9133587,1.3722954,2.8154144,1.5700417,88.25174,102.20187,73.94902,90.23456,87.959656,99.78725,44.373474,54.126373,31.702171,38.194748,21.31267,24.589754,44.83558,49.25759,23.176939,27.561602,14.658732,16.850006,25.141941,31.904,33.205578,37.164692,70.28345,76.285355,60.120647,65.457306
nba34fQdYxD3Bxj1y5BEd1fPxufvWVy9DhQtUfaIH9M,4,96.39272,88.77317,100.85144,54.310345,35.711075,24.506847,54.194637,25.096695,15.837167,30.160238,36.16322,86.56263,65.981705,104.97279,92.49957,103.03836,53.58728,36.954826,25.212023,53.994072,27.727076,17.425905,31.113035,38.05073,85.20131,69.910095,8.5800705,3.7264023,2.1869202,0.7230644,1.2437515,0.7051754,0.20056534,2.6303806,1.5887384,0.95279694,1.8875122,1.3613205,3.9283905,97.99773,111.94786,84.356804,100.64234,97.124565,108.952156,48.71083,58.46373,33.708538,40.201115,23.57348,26.850565,51.783066,56.20508,25.534744,29.919407,16.330269,18.521542,27.732006,34.494064,36.071175,40.03029,82.200356,88.20226,67.24177,72.57842
4a31Z0HZ45WeaaALMQbtUVsSY3lsBcdn31D-NtXsLI8,1,92.174484,78.61751,91.05143,50.023373,32.957863,23.491163,47.640526,26.470808,16.391098,29.046122,36.558273,74.65615,63.50025,95.685814,80.87058,93.876724,49.589275,34.71959,22.956573,47.36731,25.90827,16.249226,29.315094,35.28765,73.91405,61.789993,3.5113297,2.2530746,2.8252945,0.4340973,1.7617264,0.53458977,0.27321625,0.56253815,0.1418724,0.2689724,1.2706223,0.7421036,1.7102585,88.71075,102.66088,72.72781,89.01335,87.96293,99.79052,44.712826,54.465725,31.4733,37.965878,21.318031,24.595116,45.156303,49.578316,23.715939,28.100601,15.153589,17.344862,25.934065,32.69612,33.308094,37.26721,70.91309,76.915,59.121666,64.45832
3DHVh6yH4O8Yxk5pCf44wqCFmoSfAeKW5YIorkkBRXU,2,88.39102,75.13499,96.786545,49.04425,34.84154,23.249147,48.276413,24.016186,15.332595,25.43551,33.036575,76.92207,58.621674,84.68662,72.56856,92.72447,48.660503,34.431957,22.03666,46.474304,22.36125,14.699292,24.720516,31.606785,74.19037,59.012867,3.704399,2.5664291,4.0620728,0.3837471,0.40958405,1.2124882,1.8021088,1.6549358,0.6333027,0.71499443,1.4297905,2.7317047,0.3911934,77.711555,91.66169,64.42579,80.71133,86.81068,98.63827,43.784054,53.536953,31.185669,37.678246,20.398117,23.675201,44.263298,48.68531,20.168919,24.553581,13.603656,15.794929,21.339487,28.101545,29.627228,33.58634,71.189415,77.19132,56.34454,61.681194
d8kAWxZMRdnHRXcIU8akC0q2BCpzHElm3KyDjAgV_3c,1,86.82466,74.107475,93.02391,54.123234,36.265472,24.10853,47.883152,26.184294,16.369226,28.293991,34.81405,74.882454,63.026165,93.077934,78.48268,91.71962,48.419315,35.096912,23.102695,46.760445,25.354904,15.995127,28.196041,35.098263,72.64986,62.27361,6.253273,4.375206,1.3042908,5.7039185,1.16856,1.0058346,1.1227074,0.8293896,0.37409973,0.09794998,0.28421402,2.2325974,0.75255585,86.10287,100.053,70.33991,86.62545,85.805824,97.633415,43.542866,53.295765,31.850624,38.3432,21.464153,24.741238,44.54944,48.97145,23.162573,27.547235,14.89949,17.090763,24.815012,31.57707,33.118706,37.07782,69.6489,75.65081,59.60528,64.94194
FWIpJsIE9XnkEDUdFDJm07EZ2PhHuNzs2f-MJWog-zM,4,100.21136,81.480385,97.94135,50.26642,35.56578,25.181128,49.66877,26.731419,17.150919,28.091425,38.43588,79.80711,70.05581,99.39003,85.0355,98.27324,51.488297,36.84648,25.214895,52.928127,26.983078,17.01981,29.801632,37.639103,83.15831,69.43564,0.8213272,3.5551147,0.3318863,1.221878,1.2807007,0.0337677,3.2593575,0.2516594,0.13110924,1.710207,0.7967758,3.3511963,0.6201706,92.41496,106.3651,76.89273,93.17827,92.35944,104.187035,46.611847,56.364746,33.600193,40.09277,23.576353,26.853437,50.71712,55.139133,24.790747,29.17541,15.924173,18.115446,26.420603,33.182663,35.659546,39.61866,80.15736,86.15926,66.76731,72.103966
-brqqjqyO72GBQPYhr5Qop65-BnuAvtFdWj2dLeVrak,15,98.269966,79.046814,95.800446,52.334892,37.575466,26.184065,50.90554,26.475168,16.406305,28.226011,36.729366,79.85947,66.34008,99.14925,84.0407,97.83519,52.108356,37.47017,25.247833,51.802025,27.346806,17.081709,30.42472,37.6147,81.21433,68.43897,0.8792801,4.993889,2.0347443,0.2265358,0.10529709,0.9362316,0.8964844,0.87163734,0.6754036,2.1987095,0.885334,1.354866,2.0988922,92.17418,106.12431,75.897934,92.18347,91.921394,103.748985,47.231907,56.984806,34.22388,40.716457,23.609291,26.886375,49.59102,54.01303,25.154474,29.539137,15.986073,18.177345,27.043692,33.805748,35.635143,39.594257,78.21338,84.21529,65.770645,71.1073
6GY7MGgcD8y0dG5ul2mm8JrMe4nkDDvvXu1ZejVL6L4,2,84.44433,73.49688,92.06872,50.79026,34.937332,22.676859,44.392273,22.308184,14.355133,24.188204,31.17903,69.8672,60.22172,83.911,72.064804,90.388016,47.092117,33.236584,21.243563,44.875397,21.835264,14.314471,24.137615,31.02219,71.37344,57.002686,0.5333252,1.4320755,1.6807022,3.698143,1.7007484,1.4332962,0.48312378,0.47291946,0.04066181,0.050588608,0.15683937,1.5062408,3.219036,76.935936,90.88607,63.922035,80.20757,84.47422,96.30181,42.215668,51.968567,29.990295,36.482872,19.60502,22.882105,42.66439,47.086403,19.642933,24.027596,13.218835,15.410108,20.756586,27.518644,29.042633,33.001747,68.37249,74.3744,54.33436,59.671013
ciLRduStcoRnAQ-__Qs6QLQWSGY8dxjjK1d0PyYwF-Q,1,88.86256,78.52277,88.576164,47.711586,32.8188,20.949629,47.732086,22.22723,15.047673,24.957859,31.415102,73.31542,59.290775,86.56385,73.71998,91.30687,47.74772,33.224213,21.36487,45.381638,22.535677,14.726465,25.154213,31.491474,72.18037,56.980705,2.298706,4.8027954,2.7307053,0.036132812,0.40541077,0.41524124,2.3504486,0.30844688,0.321208,0.19635391,0.07637215,1.1350555,2.31007,79.58878,93.53892,65.57721,81.86275,85.393074,97.220665,42.87127,52.62417,29.977924,36.4705,19.726328,23.003412,43.17063,47.592644,20.343346,24.728008,13.630829,15.822102,21.773184,28.535242,29.511917,33.47103,69.17941,75.18132,54.312378,59.649033
RZGVhoCaP47IHpVlPgcaB8_FpevNIj4qwzBE3mqIJ-s,3,91.62933,73.94306,97.457054,51.86271,36.296608,23.959475,50.85404,23.902994,15.20345,26.467104,32.374626,81.869934,61.518105,93.65403,80.54783,100.18917,52.881958,35.922108,23.430162,50.603912,24.560968,16.062965,27.766989,33.59432,81.37613,62.818287,2.0246964,6.604767,2.7321167,1.019249,0.37450027,0.52931213,0.25012589,0.65797424,0.8595152,1.2998848,1.2196922,0.49380493,1.3001823,86.67896,100.6291,72.40506,88.6906,94.275375,106.10297,48.00551,57.758408,32.67582,39.168396,21.79162,25.068705,48.392906,52.81492,22.368637,26.7533,14.967329,17.158602,24.38596,31.148018,31.614761,35.573875,78.375175,84.37708,60.14996,65.48662
ysjUTkYsWk2w5-l05KpGpo41quzoU-YWRTZCrndNlLI,4,98.22166,86.48991,98.70777,47.295322,31.808147,21.337719,50.210323,23.766415,14.98583,26.304558,34.43921,78.36856,62.825344,97.019264,84.08607,94.20595,48.525917,33.47473,22.581852,48.46263,25.219181,15.749748,28.456905,35.248978,75.878494,62.57831,1.2023926,2.403839,4.5018234,1.2305946,1.666584,1.244133,1.7476921,1.4527664,0.7639179,2.1523476,0.8097687,2.4900665,0.24703598,90.0442,103.99433,75.9433,92.228836,88.29215,100.11974,43.649467,53.402367,30.228443,36.72102,20.94331,24.220394,46.251625,50.673637,23.02685,27.411512,14.654112,16.845385,25.075876,31.837934,33.26942,37.228535,72.87754,78.87945,59.90998,65.246635
xmH69ldFvRNLGcaQLwW_bCUUU5H_GIuskbslCoMFw4Q,9,104.47482,83.753174,101.41166,55.441982,37.621876,25.60552,56.289192,28.792389,17.390049,32.000984,38.038227,90.0806,70.73317,104.57711,91.336624,104.89931,54.87233,38.37023,26.345835,56.14971,28.095707,17.916498,31.087685,38.661846,89.0667,72.60729,0.10228729,7.5834503,3.487648,0.56965256,0.74835587,0.7403145,0.13948059,0.696682,0.5264492,0.91329956,0.6236191,1.0138931,1.8741226,97.60204,111.55218,83.193855,99.47939,98.98551,110.8131,49.99588,59.74878,35.123943,41.61652,24.707293,27.984377,53.938705,58.360718,25.903376,30.288038,16.820862,19.012135,27.706656,34.46871,36.68229,40.641403,86.06575,92.06766,69.938965,75.27562
imuiUv8YPQ3dlNu6BmbAghuxOMm1hG-rabvRQfDMkPM,2,95.09461,82.552895,100.448105,50.44223,36.471455,24.631319,51.085697,26.504604,16.60686,28.364557,37.465546,79.896706,67.1041,96.677826,82.05798,96.95392,50.966446,36.51072,24.85637,52.033554,26.38657,16.71441,29.141018,36.933502,81.713165,68.24553,1.5832138,0.4949112,3.4941864,0.5242157,0.03926468,0.22505188,0.9478569,0.11803436,0.107551575,0.77646065,0.53204346,1.8164597,1.1414261,89.70276,103.65289,73.915215,90.20075,91.04012,102.867714,46.089996,55.842896,33.26443,39.757008,23.217829,26.494913,49.822548,54.24456,24.194239,28.578901,15.618774,17.810047,25.759989,32.52205,34.953945,38.91306,78.71221,84.71412,65.5772,70.91386
XY5IBUxnQ981n3UvFegHkU9lz5ho3m7QETaeJ6BJlwo,2,103.896706,82.12385,95.5044,50.299553,37.18254,25.148508,53.59524,28.923681,17.885923,32.430435,36.93588,85.87157,66.94031,102.272964,88.56909,101.53224,53.240406,36.91433,25.107487,53.424942,27.4258,17.367245,30.748474,37.55832,84.27334,68.8647,1.6237411,6.445244,6.0278397,2.940853,0.26821136,0.041021347,0.17029953,1.4978809,0.51867867,1.681961,0.62244034,1.5982285,1.9243927,95.2979,109.24803,80.42632,96.71186,95.61845,107.44604,48.363956,58.116856,33.66804,40.160618,23.468945,26.746029,51.213936,55.63595,25.233469,29.618132,16.271608,18.462881,27.367445,34.1295,35.578762,39.537876,81.272385,87.27429,66.19637,71.53303
fFrDCPtjMVOQo6lhZX1j8YB4DI96KbJWvHj9Cfql690,2,92.98049,75.07634,90.14705,48.720722,34.850693,22.73085,48.88708,23.976149,15.149046,27.072645,32.080723,76.51633,58.435307,90.69206,78.849045,95.08795,49.863777,34.0786,21.767391,46.1017,23.23744,14.791826,26.419487,32.254395,73.41644,58.578102,2.2884293,3.772705,4.9409027,1.143055,0.7720909,0.963459,2.7853813,0.7387085,0.3572197,0.6531582,0.17367172,3.099884,0.14279556,83.716995,97.66713,70.706276,86.99181,89.17416,101.00175,44.987328,54.740227,30.832314,37.32489,20.128849,23.405933,43.890694,48.312706,21.045109,25.429771,13.69619,15.887463,23.038458,29.800516,30.274837,34.23395,70.41549,76.4174,55.909775,61.24643
zrydWW1YldsSPK0Dey0YMyjPCF0jOvwBTfofxzTnNQI,1,87.90978,78.58945,92.65615,47.03644,34.001297,22.504633,50.35205,23.449825,15.806385,25.394594,35.27274,76.770035,58.37508,90.19465,78.22754,94.687485,49.114895,33.731434,21.894213,47.36888,23.052197,14.923282,25.88632,32.34155,75.57437,59.364586,2.2848663,0.36190796,2.031334,2.078453,0.26986313,0.6104202,2.9831696,0.39762878,0.8831034,0.49172592,2.9311905,1.1956635,0.98950577,83.21958,97.169716,70.08477,86.37031,88.77369,100.60128,44.238445,53.991344,30.485146,36.977722,20.25567,23.532755,45.157875,49.579887,20.859865,25.244528,13.827645,16.018917,22.505291,29.26735,30.361992,34.321106,72.57342,78.575325,56.69626,62.032913
c_RN0nF9LW71ZYJQnSp8mUN88GQlyQ_zc3QrUUqerRM,2,88.0613,73.35225,92.80914,51.15559,35.07546,23.590187,45.831997,22.532183,14.523639,27.062014,31.251076,76.588066,56.42749,90.70892,78.28642,95.39505,50.542038,34.631443,21.792206,45.14267,23.40308,14.926954,26.816376,32.06266,71.79402,57.77208,2.6476212,4.9341736,2.585907,0.6135521,0.4440155,1.7979813,0.68932724,0.8708973,0.40331554,0.2456379,0.8115845,4.7940445,1.3445892,83.73386,97.68399,70.143654,86.42919,89.481255,101.308846,45.66559,55.418488,31.385155,37.87773,20.153664,23.430748,42.931664,47.353676,21.210749,25.595411,13.831318,16.02259,23.435347,30.197405,30.083103,34.042217,68.79307,74.794975,55.103752,60.440407
5D0ey117hSU15IhFwv_AMoW12dWLH-hA78F27-tMvGk,6,88.81797,77.46622,94.7457,49.874508,31.180643,20.956255,45.791862,22.66315,14.863141,25.176716,32.230362,73.1367,58.49322,86.81303,74.605354,91.61152,47.624237,32.934002,21.354149,46.030426,22.364405,14.490235,25.015615,31.645668,73.35083,57.537598,2.0049438,2.8608627,3.1341782,2.2502708,1.7533588,0.3978939,0.23856354,0.2987461,0.37290573,0.16110039,0.5846939,0.21412659,0.9556236,79.83796,93.78809,66.462585,82.74812,85.69772,97.525314,42.747787,52.500687,29.687714,36.18029,19.715607,22.992691,43.81942,48.241432,20.172073,24.556736,13.394599,15.585872,21.634586,28.396645,29.666111,33.625225,70.34988,76.35178,54.86927,60.205925
t8e5FBXCLjG2YndD7s8U4bOme2PDNMrXqjETMJPc154,10,137.54697,140.94803,141.4084,70.54765,50.355556,29.487091,49.942814,33.680267,20.61986,40.711075,43.23426,75.34242,77.49086,142.69176,140.61772,142.02982,72.69054,46.764576,28.811687,51.58092,34.032173,20.650066,43.624825,41.832897,80.174736,74.65416,5.1447906,0.330307,0.6214142,2.1428833,3.5909805,0.6754036,1.6381073,0.35190582,0.03020668,2.9137497,1.4013634,4.8323135,2.8367004,135.71669,149.66682,132.47495,148.7605,136.11603,147.9436,67.81409,77.566986,43.518288,50.010864,27.173145,30.45023,49.369915,53.791927,31.839842,36.224503,19.55443,21.745703,40.243797,47.00585,39.85334,43.812454,77.17378,83.17569,71.98583,77.32249
59bc275a681516389ccf40d8,5,139.5377,123.22822,149.45007,70.451035,41.680626,24.929155,45.72422,31.900314,19.21737,46.473225,37.489784,66.37553,63.992996,141.13602,131.1394,144.15251,74.62751,44.19135,26.732916,45.757076,31.780308,19.23372,44.582928,37.509647,71.31573,63.75517,1.5983124,7.911186,5.2975616,4.1764755,2.510723,1.8037605,0.032855988,0.12000656,0.0163517,1.8902969,0.019863129,4.940201,0.2378273,134.16095,148.11108,122.996635,139.28217,138.23871,150.06631,69.75106,79.50396,40.94506,47.437637,25.094374,28.371458,43.54607,47.968082,29.587976,33.97264,18.138084,20.329357,41.201897,47.96396,35.53009,39.489204,68.31477,74.31668,61.08684,66.42349
59bc275e681516389ccf422d,8,126.50959,114.71344,147.04784,76.8824,49.518063,27.605246,44.34827,32.43102,18.86369,45.713074,36.13393,69.74966,63.63776,134.4387,123.84782,137.8075,71.83053,43.31067,25.966404,45.1973,30.583656,18.632694,42.309017,36.58745,70.907616,62.369095,7.9291153,9.134377,9.240341,5.0518723,6.2073936,1.6388416,0.84902954,1.8473625,0.23099518,3.4040565,0.4535179,1.157959,1.2686653,127.46364,141.41377,115.70505,131.99059,131.8937,143.72128,66.95408,76.70698,40.06438,46.556957,24.327862,27.604946,42.986294,47.408306,28.391325,32.775986,17.537058,19.72833,38.927986,45.69005,34.60789,38.567005,67.90666,73.90857,59.700768,65.03742
UueDSYaaKwwE0UEq27l9nzA6p5xEn76jwy0yla549PI,11,130.23146,133.44576,122.503654,66.07466,49.76577,29.283945,49.71087,31.920673,19.627106,39.307446,39.301384,78.03408,71.334145,131.36894,125.87902,127.71457,65.77273,43.42208,27.002333,50.436752,32.30998,19.808989,40.003635,40.32548,78.708046,70.57234,1.1374817,7.5667343,5.2109146,0.3019333,6.343689,2.2816124,0.7258835,0.3893051,0.18188286,0.6961899,1.0240974,0.67396545,0.7618027,124.393875,138.34401,117.73625,134.02179,121.80077,133.62836,60.89628,70.64918,40.175793,46.66837,25.36379,28.640875,48.225746,52.64776,30.117647,34.50231,18.713352,20.904625,36.622604,43.384666,38.345924,42.30504,75.70709,81.709,67.904015,73.24067
JIDeRFzpDbcfojQQ6lmOZQMRkTWTOk7Pat0FtOpYyB4,1,135.68686,117.192665,130.32764,75.68178,45.55042,24.73301,52.061577,32.084255,18.141756,41.59943,37.45889,83.63441,67.34608,123.20908,115.39368,129.32893,68.18872,43.099583,26.448763,51.95809,30.251028,18.905153,38.161068,37.48759,83.45785,68.44337,12.477776,1.7989883,0.998703,7.4930573,2.4508362,1.7157536,0.10348511,1.8332272,0.7633972,3.4383621,0.028701782,0.17655945,1.09729,116.23402,130.18414,107.25091,123.536446,123.41514,135.24274,63.31227,73.06517,39.853294,46.34587,24.81022,28.087305,49.747086,54.169098,28.058697,32.44336,17.809517,20.00079,34.780037,41.5421,35.508034,39.467148,80.456894,86.4588,65.77504,71.111694
R6lI4XrZv80ND_JSygPq0gmxy-AJ3FqmuLPssZXEWrA,1,130.44778,131.125,127.89464,63.566704,43.3914,27.258924,51.484802,34.051586,20.665545,41.554443,41.178055,79.3552,73.77787,133.82047,130.62387,130.50821,67.176,45.063522,27.952244,51.703396,33.01752,20.168306,40.429012,41.483215,80.551674,74.00006,3.3726807,0.50112915,2.6135712,3.6092987,1.672123,0.6933193,0.2185936,1.0340652,0.49723816,1.1254311,0.30516052,1.1964722,0.22219086,126.8454,140.79553,122.4811,138.76663,124.59441,136.422,62.299553,72.05245,41.817234,48.30981,26.313702,29.590786,49.49239,53.914402,30.82519,35.209854,19.07267,21.263943,37.04798,43.810043,39.50366,43.462772,77.55072,83.55263,71.33173,76.66839
BzT7pQ7_8gIZuqadGE7M2TJT_LmR--lXZRnZ6QKQl0k,2,136.21945,120.63963,127.31318,67.65677,43.423904,26.542322,52.531925,30.542543,18.673302,40.299854,38.477917,82.728355,64.98003,128.33493,122.34148,126.370895,64.84674,42.020187,25.977777,49.816578,30.758083,18.99989,38.53508,38.522697,78.65806,67.5311,7.8845215,1.7018433,0.94228363,2.810028,1.403717,0.5645447,2.7153473,0.21553993,0.32658768,1.7647743,0.04478073,4.0702972,2.5510712,121.35986,135.31,114.19871,130.48425,120.4571,132.2847,59.97029,69.72319,38.7739,45.266476,24.339235,27.61632,47.60557,52.027584,28.565752,32.950417,17.904253,20.095526,35.154053,41.916107,36.54314,40.502254,75.657104,81.65901,64.86277,70.199425
G0ilgccW_OJkq0lraQtSuT_anU-idRoxUedr96glmYI,2,126.13592,118.67533,135.08965,72.90735,43.265713,26.242397,48.283936,28.033125,17.097229,36.37495,35.829903,77.764,67.785065,121.43303,113.09083,124.95084,65.76086,42.29236,25.738838,49.27496,29.54453,18.323513,37.283733,36.936558,78.618706,66.08055,4.7028885,5.584503,10.138802,7.146492,0.97335434,0.5035591,0.991024,1.511406,1.226284,0.90878296,1.1066551,0.8547058,1.7045135,114.45796,128.4081,104.94806,121.2336,119.03705,130.86464,60.884407,70.63731,39.04607,45.538647,24.100296,27.37738,47.063953,51.485966,27.3522,31.736862,17.227877,19.41915,33.902702,40.664764,34.957,38.916115,75.61775,81.61966,63.412224,68.74888
qMSCpa4ImZX2Xq_Lxv5Dk_6kC9ky4gHUuXH-B2vJ0nw,4,132.77196,116.44525,118.06831,60.954643,43.938828,26.591656,50.766785,32.206,19.865957,37.897823,42.54948,78.05843,75.27804,127.64923,122.97607,122.03949,62.765327,43.0269,27.097576,51.74781,32.083187,19.725836,38.122276,40.95426,80.65773,72.6921,5.1227264,6.530815,3.9711761,1.8106842,0.91192627,0.5059204,0.9810257,0.12281418,0.14012146,0.22445297,1.5952187,2.5992966,2.5859375,120.674164,134.6243,114.8333,131.11884,116.125694,127.953285,57.888878,67.64178,39.780613,46.27319,25.459034,28.736118,49.536804,53.958817,29.890856,34.27552,18.6302,20.821472,34.74125,41.503304,38.974705,42.93382,77.65678,83.65868,70.02377,75.36043
BN5HI-Z_2P6YYrmnCnCxuMkNIK4gXS98XmLvD4GMLwM,1,119.41284,107.16597,118.077705,65.13004,44.778587,24.714897,43.815308,33.66049,19.883759,43.092064,35.770718,67.122375,62.184914,117.59989,105.68508,116.99559,61.483437,39.859856,24.04168,44.10188,28.078127,17.364033,35.91302,35.258152,69.46126,59.750504,1.8129501,1.4808884,1.0821152,3.6466064,4.9187317,0.6732178,0.2865715,5.582361,2.5197258,7.179043,0.5125656,2.3388824,2.43441,110.624825,124.57496,97.54231,113.82785,111.081795,122.909386,56.606987,66.359886,36.613567,43.106144,22.403137,25.680222,41.890873,46.312885,25.885796,30.270458,16.268396,18.45967,32.53199,39.294052,33.278595,37.23771,66.460304,72.46221,57.082176,62.41883
KiK6AcGmaLEwt7mZeZwVpBhirsxCI-QYMA4jBbg-MeE,6,122.78568,107.78699,121.23474,64.918396,44.162987,26.16628,49.181755,32.934174,18.596678,44.00138,39.938988,78.637505,69.939896,120.17031,112.02445,115.5698,60.874912,42.33566,26.60775,50.50002,31.164177,19.074308,36.663696,39.981056,78.743385,70.61353,2.6153717,4.237465,5.66494,4.0434837,1.8273277,0.4414692,1.318264,1.7699966,0.47763062,7.3376846,0.04206848,0.10588074,0.6736374,113.195244,127.14538,103.88168,120.16722,109.656006,121.4836,55.998463,65.75136,39.08937,45.581947,24.969208,28.246292,48.289013,52.711025,28.971846,33.356506,17.978672,20.169945,33.28267,40.044724,38.0015,41.960613,75.74243,81.74434,67.945206,73.28186
4SDP5mkpDsFjc0zFTzxpH2XBbhJ4giz1XYhc-weoWaM,2,122.10173,115.29982,120.17953,64.33489,45.865715,27.460623,54.00905,35.184513,19.679134,43.26756,41.036983,86.35944,75.1405,119.578285,112.75064,118.238754,62.530804,43.814026,27.879642,54.198456,31.481483,19.442726,36.167667,40.749786,85.367584,75.11873,2.5234451,2.549179,1.940773,1.8040886,2.0516891,0.4190197,0.18940735,3.7030296,0.23640823,7.0998917,0.2871971,0.99185944,0.021774292,112.60322,126.55335,104.60787,120.89341,112.32496,124.15255,57.654354,67.40726,40.567738,47.060314,26.2411,29.518185,51.98745,56.409462,29.289152,33.673813,18.34709,20.538363,32.786636,39.5487,38.77023,42.729343,82.36663,88.36854,72.4504,77.787056
jBEj27AHI5lyQmg5G-Ecna-VHLx6BnjoQJihBJIcpes,1,124.43502,125.06216,122.73294,61.322872,40.929768,24.694061,47.589138,29.655415,17.902304,36.468246,39.530792,71.522484,68.718094,120.19653,110.97116,114.23411,58.879673,39.191807,24.69394,47.351585,29.856201,18.357296,36.454144,38.13386,73.654854,64.55735,4.2384872,14.090996,8.498833,2.4431992,1.7379608,0.00012207031,0.23755264,0.20078659,0.4549923,0.014102936,1.3969307,2.13237,4.1607437,113.221466,127.1716,102.82839,119.11393,108.32031,120.1479,54.003223,63.756123,35.94552,42.438095,23.055397,26.332481,45.14058,49.56259,27.66387,32.04853,17.26166,19.452932,33.073112,39.835175,36.154305,40.11342,70.6539,76.65581,61.889023,67.22568
59bc2758681516389ccf4064,11,118.88298,109.017075,124.65128,70.171585,44.01591,25.004953,51.972393,29.3311,17.435911,36.728565,36.192966,83.72429,69.42646,116.36135,108.73968,121.79581,64.49786,42.382328,26.43857,53.36505,29.352343,18.428667,35.2245,37.54427,85.88931,70.166885,2.5216293,0.27739716,2.8554764,5.6737213,1.6335831,1.4336166,1.3926582,0.021242142,0.9927559,1.5040665,1.3513031,2.1650238,0.7404251,109.386284,123.33642,100.59691,116.88245,115.88201,127.7096,59.621414,69.37431,39.13604,45.628616,24.800028,28.077112,51.154045,55.576057,27.160011,31.544674,17.33303,19.524303,31.84347,38.60553,35.564713,39.523827,82.88836,88.89027,67.49856,72.83521
JQmPkyFc0qT8MKjYXgb_CIdyM9RqtEbhHzmhbv1npY8,2,120.69695,122.790504,116.37186,59.077385,40.71419,26.348356,55.20245,30.868044,19.808092,33.901035,40.801308,82.117966,73.96977,120.944046,115.11891,117.16266,60.75321,41.846992,26.772251,52.981583,30.890594,19.059376,35.893127,40.201393,83.20599,72.90338,0.2470932,7.6715927,0.790802,1.6758232,1.132801,0.42389488,2.2208672,0.022550583,0.74871635,1.9920921,0.59991455,1.088028,1.066391,113.96898,127.91911,106.97614,123.26168,111.24886,123.076454,55.87676,65.629654,38.600704,45.09328,25.133709,28.410793,50.770576,55.19259,28.698263,33.082924,17.96374,20.155012,32.5121,39.274155,38.221836,42.18095,80.20504,86.20695,70.235054,75.57171
0wqJ7taytlPRIH9JbcedVeXCM-qNjXS0lJNhCa6uAG8,4,122.55809,114.96934,116.69393,63.713768,45.141285,27.699705,52.027164,32.83236,19.382187,38.40901,40.268833,80.00448,73.177734,119.68788,113.24784,116.172554,60.945095,42.893913,27.12055,52.267418,30.949411,19.047625,35.7658,40.277153,81.87517,73.252655,2.8702087,1.7214966,0.52137756,2.768673,2.2473717,0.57915497,0.24025345,1.8829479,0.3345623,2.6432114,0.008319855,1.8706894,0.074920654,112.712814,126.66295,105.10507,121.39061,110.25876,122.08635,56.068645,65.82155,39.647625,46.1402,25.482008,28.759092,50.05641,54.478424,28.75708,33.141743,17.951988,20.143261,32.384773,39.146828,38.297596,42.25671,78.874214,84.87612,70.58433,75.92098
